{"type": "FeatureCollection", "features": [{"type": "Feature", "geometry": {"type": "Point", "coordinates": [-120.03679, 37.82412]}, "properties": {"dep_id": "10141759", "site_name": "Gravel Range", "dev_stat": "Prospect", "fips_code": "f06109", "huc_code": "h18040009", "quad_code": "q38122NEH2", "url": "https://mrdata.usgs.gov/mrds/show-mrds.php?dep_id=10141759", "code_list": "AU", "_layer": "mrds"}}, {"type": "Feature", "geometry": {"type": "Point", "coordinates": [-120.05429, 38.00272]}, "properties": {"dep_id": "10165596", "site_name": "North Fork No. 1", "dev_stat": "Unknown", "fips_code": "f06109", "huc_code": "h18040009", "quad_code": "q39122SEH4", "url": "https://mrdata.usgs.gov/mrds/show-mrds.php?dep_id=10165596", "code_list": "AU", "_layer": "mrds"}}, {"type": "Feature", "geometry": {"type": "Point", "coordinates": [-119.99179, 37.86462]}, "properties": {"dep_id": "10214645", "site_name": "Quarry", "dev_stat": "Unknown", "fips_code": "f06109", "huc_code": "h18040009", "quad_code": "q38120NWA2", "url": "https://mrdata.usgs.gov/mrds/show-mrds.php?dep_id=10214645", "code_list": "STN", "_layer": "mrds"}}, {"type": "Feature", "geometry": {"type": "Point", "coordinates": [-120.09789, 38.05072]}, "properties": {"dep_id": "10238395", "site_name": "Unidentified", "dev_stat": "Occurrence", "fips_code": "f06109", "huc_code": "h18040009", "quad_code": "q39122SEH4", "url": "https://mrdata.usgs.gov/mrds/show-mrds.php?dep_id=10238395", "code_list": "SDG", "_layer": "mrds"}}, {"type": "Feature", "geometry": {"type": "Point", "coordinates": [-120.03429, 37.82822]}, "properties": {"dep_id": "10262967", "site_name": "Ora S. Causby", "dev_stat": "Past Producer", "fips_code": "f06109", "huc_code": "h18040009", "quad_code": "q38122NEH2", "url": "https://mrdata.usgs.gov/mrds/show-mrds.php?dep_id=10262967", "code_list": "AU", "_layer": "mrds"}}, {"type": "Feature", "geometry": {"type": "Point", "coordinates": [-120.53387, 37.92433]}, "properties": {"dep_id": "10028950", "site_name": "Central & Alpha Stanislaus River Properties", "dev_stat": "Occurrence", "fips_code": "f06109", "huc_code": "h18040010", "quad_code": "q38122NED1", "url": "https://mrdata.usgs.gov/mrds/show-mrds.php?dep_id=10028950", "code_list": "AU", "_layer": "mrds"}}, {"type": "Feature", "geometry": {"type": "Point", "coordinates": [-120.57005, 37.89516]}, "properties": {"dep_id": "10028954", "site_name": "Calief & Camou George and Frank Gorham", "dev_stat": "Occurrence", "fips_code": "f06109", "huc_code": "h18040010", "quad_code": "q38122NED1", "url": "https://mrdata.usgs.gov/mrds/show-mrds.php?dep_id=10028954", "code_list": "AU", "_layer": "mrds"}}, {"type": "Feature", "geometry": {"type": "Point", "coordinates": [-120.53387, 37.92433]}, "properties": {"dep_id": "10029293", "site_name": "Jefferson Lake Vorhees", "dev_stat": "Producer", "fips_code": "f06109", "huc_code": "h18040010", "quad_code": "q38122NED1", "url": "https://mrdata.usgs.gov/mrds/show-mrds.php?dep_id=10029293", "code_list": "ASB", "_layer": "mrds"}}, {"type": "Feature", "geometry": {"type": "Point", "coordinates": [-120.34683, 37.87686]}, "properties": {"dep_id": "10033740", "site_name": "Hog Mountain Prospect", "dev_stat": "Occurrence", "fips_code": "f06109", "huc_code": "h18040009", "quad_code": "q38122NEF1", "url": "https://mrdata.usgs.gov/mrds/show-mrds.php?dep_id=10033740", "code_list": "MN", "_layer": "mrds"}}, {"type": "Feature", "geometry": {"type": "Point", "coordinates": [-120.441, 37.86742]}, "properties": {"dep_id": "10033952", "site_name": "Chinese Camp", "dev_stat": "Past Producer", "fips_code": "f06109", "huc_code": "h18040009", "quad_code": "q38122NEE2", "url": "https://mrdata.usgs.gov/mrds/show-mrds.php?dep_id=10033952", "code_list": "CU", "_layer": "mrds"}}, {"type": "Feature", "geometry": {"type": "Point", "coordinates": [-120.44933, 37.86936]}, "properties": {"dep_id": "10033954", "site_name": "Mariano Ranch", "dev_stat": "Occurrence", "fips_code": "f06109", "huc_code": "h18040009", "quad_code": "q38122NEE2", "url": "https://mrdata.usgs.gov/mrds/show-mrds.php?dep_id=10033954", "code_list": "CU", "_layer": "mrds"}}, {"type": "Feature", "geometry": {"type": "Point", "coordinates": [-120.32767, 37.82714]}, "properties": {"dep_id": "10033956", "site_name": "Moccasin Creek", "dev_stat": "Occurrence", "fips_code": "f06109", "huc_code": "h18040009", "quad_code": "q38122NEF2", "url": "https://mrdata.usgs.gov/mrds/show-mrds.php?dep_id=10033956", "code_list": "CU", "_layer": "mrds"}}, {"type": "Feature", "geometry": {"type": "Point", "coordinates": [-120.40517, 37.88298]}, "properties": {"dep_id": "10034505", "site_name": "Albion Consolidated", "dev_stat": "Past Producer", "fips_code": "f06109", "huc_code": "h18040009", "quad_code": "q38122NEE1", "url": "https://mrdata.usgs.gov/mrds/show-mrds.php?dep_id=10034505", "code_list": "AU", "_layer": "mrds"}}, {"type": "Feature", "geometry": {"type": "Point", "coordinates": [-120.38294, 37.9888]}, "properties": {"dep_id": "10034510", "site_name": "Bald Mountain", "dev_stat": "Producer", "fips_code": "f06109", "huc_code": "h18040009", "quad_code": "q38122NEE1", "url": "https://mrdata.usgs.gov/mrds/show-mrds.php?dep_id=10034510", "code_list": "AU", "_layer": "mrds"}}, {"type": "Feature", "geometry": {"type": "Point", "coordinates": [-120.49017, 37.98963]}, "properties": {"dep_id": "10034511", "site_name": "Beckwith & Saunders", "dev_stat": "Past Producer", "fips_code": "f06109", "huc_code": "h18040010", "quad_code": "q38122NEE1", "url": "https://mrdata.usgs.gov/mrds/show-mrds.php?dep_id=10034511", "code_list": "AU", "_layer": "mrds"}}, {"type": "Feature", "geometry": {"type": "Point", "coordinates": [-120.36044, 37.85659]}, "properties": {"dep_id": "10034512", "site_name": "Big Chunk", "dev_stat": "Producer", "fips_code": "f06109", "huc_code": "h18040009", "quad_code": "q38122NEF2", "url": "https://mrdata.usgs.gov/mrds/show-mrds.php?dep_id=10034512", "code_list": "AU", "_layer": "mrds"}}, {"type": "Feature", "geometry": {"type": "Point", "coordinates": [-120.37544, 37.85381]}, "properties": {"dep_id": "10034514", "site_name": "Blackfoot & Slide Hill", "dev_stat": "Past Producer", "fips_code": "f06109", "huc_code": "h18040009", "quad_code": "q38122NEE2", "url": "https://mrdata.usgs.gov/mrds/show-mrds.php?dep_id=10034514", "code_list": "AU", "_layer": "mrds"}}, {"type": "Feature", "geometry": {"type": "Point", "coordinates": [-120.34128, 37.85464]}, "properties": {"dep_id": "10034518", "site_name": "Buck Horn & Back Bone", "dev_stat": "Producer", "fips_code": "f06109", "huc_code": "h18040009", "quad_code": "q38122NEF2", "url": "https://mrdata.usgs.gov/mrds/show-mrds.php?dep_id=10034518", "code_list": "AU", "_layer": "mrds"}}, {"type": "Feature", "geometry": {"type": "Point", "coordinates": [-120.32627, 37.73242]}, "properties": {"dep_id": "10034519", "site_name": "Buzzard Roost", "dev_stat": "Past Producer", "fips_code": "f06109", "huc_code": "h18040009", "quad_code": "q38122NEF3", "url": "https://mrdata.usgs.gov/mrds/show-mrds.php?dep_id=10034519", "code_list": "AU", "_layer": "mrds"}}, {"type": "Feature", "geometry": {"type": "Point", "coordinates": [-120.32544, 37.88298]}, "properties": {"dep_id": "10034523", "site_name": "Chance", "dev_stat": "Producer", "fips_code": "f06109", "huc_code": "h18040009", "quad_code": "q38122NEF1", "url": "https://mrdata.usgs.gov/mrds/show-mrds.php?dep_id=10034523", "code_list": "AU", "_layer": "mrds"}}, {"type": "Feature", "geometry": {"type": "Point", "coordinates": [-120.45989, 37.97241]}, "properties": {"dep_id": "10034530", "site_name": "Darrow", "dev_stat": "Past Producer", "fips_code": "f06109", "huc_code": "h18040010", "quad_code": "q38122NEE1", "url": "https://mrdata.usgs.gov/mrds/show-mrds.php?dep_id=10034530", "code_list": "AU", "_layer": "mrds"}}, {"type": "Feature", "geometry": {"type": "Point", "coordinates": [-120.38072, 37.99213]}, "properties": {"dep_id": "10034541", "site_name": "Fairview", "dev_stat": "Past Producer", "fips_code": "f06109", "huc_code": "h18040009", "quad_code": "q38122NEE1", "url": "https://mrdata.usgs.gov/mrds/show-mrds.php?dep_id=10034541", "code_list": "AU", "_layer": "mrds"}}, {"type": "Feature", "geometry": {"type": "Point", "coordinates": [-120.34433, 37.86353]}, "properties": {"dep_id": "10034543", "site_name": "Fraction", "dev_stat": "Producer", "fips_code": "f06109", "huc_code": "h18040009", "quad_code": "q38122NEF2", "url": "https://mrdata.usgs.gov/mrds/show-mrds.php?dep_id=10034543", "code_list": "AU", "_layer": "mrds"}}, {"type": "Feature", "geometry": {"type": "Point", "coordinates": [-120.36656, 37.84742]}, "properties": {"dep_id": "10034548", "site_name": "Gladstone", "dev_stat": "Past Producer", "fips_code": "f06109", "huc_code": "h18040009", "quad_code": "q38122NEF2", "url": "https://mrdata.usgs.gov/mrds/show-mrds.php?dep_id=10034548", "code_list": "AU", "_layer": "mrds"}}, {"type": "Feature", "geometry": {"type": "Point", "coordinates": [-120.39072, 37.97131]}, "properties": {"dep_id": "10034550", "site_name": "Golden Gate", "dev_stat": "Past Producer", "fips_code": "f06109", "huc_code": "h18040009", "quad_code": "q38122NEE1", "url": "https://mrdata.usgs.gov/mrds/show-mrds.php?dep_id=10034550", "code_list": "AU", "_layer": "mrds"}}, {"type": "Feature", "geometry": {"type": "Point", "coordinates": [-120.40517, 37.88298]}, "properties": {"dep_id": "10034551", "site_name": "Golden Nugget", "dev_stat": "Producer", "fips_code": "f06109", "huc_code": "h18040009", "quad_code": "q38122NEE1", "url": "https://mrdata.usgs.gov/mrds/show-mrds.php?dep_id=10034551", "code_list": "AU", "_layer": "mrds"}}, {"type": "Feature", "geometry": {"type": "Point", "coordinates": [-120.38906, 37.85798]}, "properties": {"dep_id": "10034559", "site_name": "Hector", "dev_stat": "Producer", "fips_code": "f06109", "huc_code": "h18040009", "quad_code": "q38122NEE2", "url": "https://mrdata.usgs.gov/mrds/show-mrds.php?dep_id=10034559", "code_list": "AU", "_layer": "mrds"}}, {"type": "Feature", "geometry": {"type": "Point", "coordinates": [-120.4085, 37.8802]}, "properties": {"dep_id": "10034560", "site_name": "Homestake", "dev_stat": "Past Producer", "fips_code": "f06109", "huc_code": "h18040009", "quad_code": "q38122NEE1", "url": "https://mrdata.usgs.gov/mrds/show-mrds.php?dep_id=10034560", "code_list": "AU", "_layer": "mrds"}}, {"type": "Feature", "geometry": {"type": "Point", "coordinates": [-120.37322, 37.98519]}, "properties": {"dep_id": "10034561", "site_name": "Hope", "dev_stat": "Past Producer", "fips_code": "f06109", "huc_code": "h18040009", "quad_code": "q38122NEF1", "url": "https://mrdata.usgs.gov/mrds/show-mrds.php?dep_id=10034561", "code_list": "AU", "_layer": "mrds"}}, {"type": "Feature", "geometry": {"type": "Point", "coordinates": [-120.32211, 37.91075]}, "properties": {"dep_id": "10034562", "site_name": "Hughes Cons. & Dyneta", "dev_stat": "Producer", "fips_code": "f06109", "huc_code": "h18040009", "quad_code": "q38122NEF1", "url": "https://mrdata.usgs.gov/mrds/show-mrds.php?dep_id=10034562", "code_list": "AU", "_layer": "mrds"}}, {"type": "Feature", "geometry": {"type": "Point", "coordinates": [-120.36656, 37.84964]}, "properties": {"dep_id": "10034564", "site_name": "Imperial Group", "dev_stat": "Past Producer", "fips_code": "f06109", "huc_code": "h18040009", "quad_code": "q38122NEF2", "url": "https://mrdata.usgs.gov/mrds/show-mrds.php?dep_id=10034564", "code_list": "AU", "_layer": "mrds"}}, {"type": "Feature", "geometry": {"type": "Point", "coordinates": [-120.35017, 37.96909]}, "properties": {"dep_id": "10034568", "site_name": "Julia", "dev_stat": "Producer", "fips_code": "f06109", "huc_code": "h18040009", "quad_code": "q38122NEF1", "url": "https://mrdata.usgs.gov/mrds/show-mrds.php?dep_id=10034568", "code_list": "AU", "_layer": "mrds"}}, {"type": "Feature", "geometry": {"type": "Point", "coordinates": [-120.33767, 37.86325]}, "properties": {"dep_id": "10034571", "site_name": "Last Chance", "dev_stat": "Past Producer", "fips_code": "f06109", "huc_code": "h18040009", "quad_code": "q38122NEF2", "url": "https://mrdata.usgs.gov/mrds/show-mrds.php?dep_id=10034571", "code_list": "AU CU", "_layer": "mrds"}}, {"type": "Feature", "geometry": {"type": "Point", "coordinates": [-120.40517, 37.88298]}, "properties": {"dep_id": "10034575", "site_name": "Lone Star", "dev_stat": "Producer", "fips_code": "f06109", "huc_code": "h18040009", "quad_code": "q38122NEE1", "url": "https://mrdata.usgs.gov/mrds/show-mrds.php?dep_id=10034575", "code_list": "AU", "_layer": "mrds"}}, {"type": "Feature", "geometry": {"type": "Point", "coordinates": [-120.28767, 37.82714]}, "properties": {"dep_id": "10034593", "site_name": "National Group", "dev_stat": "Past Producer", "fips_code": "f06109", "huc_code": "h18040009", "quad_code": "q38122NEF2", "url": "https://mrdata.usgs.gov/mrds/show-mrds.php?dep_id=10034593", "code_list": "AU", "_layer": "mrds"}}, {"type": "Feature", "geometry": {"type": "Point", "coordinates": [-120.46294, 37.98935]}, "properties": {"dep_id": "10034596", "site_name": "North Ext. Maryatt", "dev_stat": "Producer", "fips_code": "f06109", "huc_code": "h18040010", "quad_code": "q38122NEE1", "url": "https://mrdata.usgs.gov/mrds/show-mrds.php?dep_id=10034596", "code_list": "AU", "_layer": "mrds"}}, {"type": "Feature", "geometry": {"type": "Point", "coordinates": [-120.32517, 37.83325]}, "properties": {"dep_id": "10034597", "site_name": "North Star", "dev_stat": "Past Producer", "fips_code": "f06109", "huc_code": "h18040009", "quad_code": "q38122NEF2", "url": "https://mrdata.usgs.gov/mrds/show-mrds.php?dep_id=10034597", "code_list": "AU", "_layer": "mrds"}}, {"type": "Feature", "geometry": {"type": "Point", "coordinates": [-120.45989, 37.97241]}, "properties": {"dep_id": "10034612", "site_name": "Rappahannock", "dev_stat": "Past Producer", "fips_code": "f06109", "huc_code": "h18040010", "quad_code": "q38122NEE1", "url": "https://mrdata.usgs.gov/mrds/show-mrds.php?dep_id=10034612", "code_list": "AU", "_layer": "mrds"}}, {"type": "Feature", "geometry": {"type": "Point", "coordinates": [-120.44572, 37.9613]}, "properties": {"dep_id": "10034614", "site_name": "Rawhide", "dev_stat": "Past Producer", "fips_code": "f06109", "huc_code": "h18040010", "quad_code": "q38122NEE1", "url": "https://mrdata.usgs.gov/mrds/show-mrds.php?dep_id=10034614", "code_list": "AU", "_layer": "mrds"}}, {"type": "Feature", "geometry": {"type": "Point", "coordinates": [-120.38683, 37.85548]}, "properties": {"dep_id": "10034617", "site_name": "Republican Group", "dev_stat": "Past Producer", "fips_code": "f06109", "huc_code": "h18040009", "quad_code": "q38122NEE2", "url": "https://mrdata.usgs.gov/mrds/show-mrds.php?dep_id=10034617", "code_list": "AU", "_layer": "mrds"}}, {"type": "Feature", "geometry": {"type": "Point", "coordinates": [-120.47517, 37.99519]}, "properties": {"dep_id": "10034621", "site_name": "Ritchie", "dev_stat": "Past Producer", "fips_code": "f06109", "huc_code": "h18040010", "quad_code": "q38122NEE1", "url": "https://mrdata.usgs.gov/mrds/show-mrds.php?dep_id=10034621", "code_list": "AU", "_layer": "mrds"}}, {"type": "Feature", "geometry": {"type": "Point", "coordinates": [-120.36878, 37.99658]}, "properties": {"dep_id": "10034625", "site_name": "Sell", "dev_stat": "Past Producer", "fips_code": "f06109", "huc_code": "h18040009", "quad_code": "q38122NEF1", "url": "https://mrdata.usgs.gov/mrds/show-mrds.php?dep_id=10034625", "code_list": "AU", "_layer": "mrds"}}, {"type": "Feature", "geometry": {"type": "Point", "coordinates": [-120.33822, 37.84714]}, "properties": {"dep_id": "10034632", "site_name": "Stanley", "dev_stat": "Past Producer", "fips_code": "f06109", "huc_code": "h18040009", "quad_code": "q38122NEF2", "url": "https://mrdata.usgs.gov/mrds/show-mrds.php?dep_id=10034632", "code_list": "AU", "_layer": "mrds"}}, {"type": "Feature", "geometry": {"type": "Point", "coordinates": [-120.41433, 37.94075]}, "properties": {"dep_id": "10034634", "site_name": "Sweeney", "dev_stat": "Past Producer", "fips_code": "f06109", "huc_code": "h18040009", "quad_code": "q38122NEE1", "url": "https://mrdata.usgs.gov/mrds/show-mrds.php?dep_id=10034634", "code_list": "AU", "_layer": "mrds"}}, {"type": "Feature", "geometry": {"type": "Point", "coordinates": [-120.33794, 37.85159]}, "properties": {"dep_id": "10034642", "site_name": "Victoria", "dev_stat": "Producer", "fips_code": "f06109", "huc_code": "h18040009", "quad_code": "q38122NEF2", "url": "https://mrdata.usgs.gov/mrds/show-mrds.php?dep_id=10034642", "code_list": "AU", "_layer": "mrds"}}, {"type": "Feature", "geometry": {"type": "Point", "coordinates": [-120.36433, 37.84464]}, "properties": {"dep_id": "10034648", "site_name": "Willieta", "dev_stat": "Producer", "fips_code": "f06109", "huc_code": "h18040009", "quad_code": "q38122NEF2", "url": "https://mrdata.usgs.gov/mrds/show-mrds.php?dep_id=10034648", "code_list": "AU", "_layer": "mrds"}}, {"type": "Feature", "geometry": {"type": "Point", "coordinates": [-120.35989, 37.80992]}, "properties": {"dep_id": "10043436", "site_name": "Alice June Claim, Marsh Flats Chrome Assoc. Properties", "dev_stat": "Past Producer", "fips_code": "f06109", "huc_code": "h18040009", "quad_code": "q38122NEF2", "url": "https://mrdata.usgs.gov/mrds/show-mrds.php?dep_id=10043436", "code_list": "CR", "_layer": "mrds"}}, {"type": "Feature", "geometry": {"type": "Point", "coordinates": [-120.36433, 37.80603]}, "properties": {"dep_id": "10043696", "site_name": "Bluepoint Claim, Marsh Flats Chrome Assoc. Properties", "dev_stat": "Occurrence", "fips_code": "f06109", "huc_code": "h18040009", "quad_code": "q38122NEF2", "url": "https://mrdata.usgs.gov/mrds/show-mrds.php?dep_id=10043696", "code_list": "CR", "_layer": "mrds"}}, {"type": "Feature", "geometry": {"type": "Point", "coordinates": [-120.50322, 37.8727]}, "properties": {"dep_id": "10043697", "site_name": "Booker Lease Occurrence", "dev_stat": "Past Producer", "fips_code": "f06109", "huc_code": "h18040010", "quad_code": "q38122NED2", "url": "https://mrdata.usgs.gov/mrds/show-mrds.php?dep_id=10043697", "code_list": "CR", "_layer": "mrds"}}, {"type": "Feature", "geometry": {"type": "Point", "coordinates": [-120.45517, 37.8677]}, "properties": {"dep_id": "10043698", "site_name": "Burns and Turzich Mine", "dev_stat": "Past Producer", "fips_code": "f06109", "huc_code": "h18040009", "quad_code": "q38122NEE2", "url": "https://mrdata.usgs.gov/mrds/show-mrds.php?dep_id=10043698", "code_list": "CR", "_layer": "mrds"}}, {"type": "Feature", "geometry": {"type": "Point", "coordinates": [-120.42072, 37.77909]}, "properties": {"dep_id": "10043699", "site_name": "Don Pedro Mine", "dev_stat": "Past Producer", "fips_code": "f06109", "huc_code": "h18040009", "quad_code": "q38122NEE2", "url": "https://mrdata.usgs.gov/mrds/show-mrds.php?dep_id=10043699", "code_list": "CR", "_layer": "mrds"}}, {"type": "Feature", "geometry": {"type": "Point", "coordinates": [-120.45017, 37.87492]}, "properties": {"dep_id": "10043700", "site_name": "Eggling and Williams Mines", "dev_stat": "Past Producer", "fips_code": "f06109", "huc_code": "h18040009", "quad_code": "q38122NEE2", "url": "https://mrdata.usgs.gov/mrds/show-mrds.php?dep_id=10043700", "code_list": "CR", "_layer": "mrds"}}, {"type": "Feature", "geometry": {"type": "Point", "coordinates": [-120.35683, 37.80242]}, "properties": {"dep_id": "10043701", "site_name": "Forked Pine Claim, Marsh Flats Chrome Assoc. Properties", "dev_stat": "Occurrence", "fips_code": "f06109", "huc_code": "h18040009", "quad_code": "q38122NEF2", "url": "https://mrdata.usgs.gov/mrds/show-mrds.php?dep_id=10043701", "code_list": "CR", "_layer": "mrds"}}, {"type": "Feature", "geometry": {"type": "Point", "coordinates": [-120.49544, 37.90186]}, "properties": {"dep_id": "10043708", "site_name": "Shafer Lease Occurrence", "dev_stat": "Past Producer", "fips_code": "f06109", "huc_code": "h18040010", "quad_code": "q38122NEE1", "url": "https://mrdata.usgs.gov/mrds/show-mrds.php?dep_id=10043708", "code_list": "CR", "_layer": "mrds"}}, {"type": "Feature", "geometry": {"type": "Point", "coordinates": [-120.49544, 37.90186]}, "properties": {"dep_id": "10048023", "site_name": "Shafer Lease Occurrence", "dev_stat": "Past Producer", "fips_code": "f06109", "huc_code": "h18040010", "quad_code": "q38122NEE1", "url": "https://mrdata.usgs.gov/mrds/show-mrds.php?dep_id=10048023", "code_list": "CR", "_layer": "mrds"}}, {"type": "Feature", "geometry": {"type": "Point", "coordinates": [-120.48322, 37.8752]}, "properties": {"dep_id": "10077863", "site_name": "Rose A Occurrence, Beckwith Ranch Mines", "dev_stat": "Producer", "fips_code": "f06109", "huc_code": "h18040010", "quad_code": "q38122NEE1", "url": "https://mrdata.usgs.gov/mrds/show-mrds.php?dep_id=10077863", "code_list": "CR", "_layer": "mrds"}}, {"type": "Feature", "geometry": {"type": "Point", "coordinates": [-120.48822, 37.90825]}, "properties": {"dep_id": "10077866", "site_name": "Blackbird No 1 & No 2  Claims", "dev_stat": "Occurrence", "fips_code": "f06109", "huc_code": "h18040010", "quad_code": "q38122NEE1", "url": "https://mrdata.usgs.gov/mrds/show-mrds.php?dep_id=10077866", "code_list": "CR", "_layer": "mrds"}}, {"type": "Feature", "geometry": {"type": "Point", "coordinates": [-120.49433, 37.91381]}, "properties": {"dep_id": "10077868", "site_name": "May Faction Claim of Grassely Group", "dev_stat": "Producer", "fips_code": "f06109", "huc_code": "h18040010", "quad_code": "q38122NEE1", "url": "https://mrdata.usgs.gov/mrds/show-mrds.php?dep_id=10077868", "code_list": "CR", "_layer": "mrds"}}, {"type": "Feature", "geometry": {"type": "Point", "coordinates": [-120.50294, 37.90853]}, "properties": {"dep_id": "10077869", "site_name": "North End", "dev_stat": "Producer", "fips_code": "f06109", "huc_code": "h18040010", "quad_code": "q38122NED1", "url": "https://mrdata.usgs.gov/mrds/show-mrds.php?dep_id=10077869", "code_list": "CR", "_layer": "mrds"}}, {"type": "Feature", "geometry": {"type": "Point", "coordinates": [-120.45628, 37.88659]}, "properties": {"dep_id": "10077879", "site_name": "Sims Property", "dev_stat": "Past Producer", "fips_code": "f06109", "huc_code": "h18040009", "quad_code": "q38122NEE1", "url": "https://mrdata.usgs.gov/mrds/show-mrds.php?dep_id=10077879", "code_list": "CR", "_layer": "mrds"}}, {"type": "Feature", "geometry": {"type": "Point", "coordinates": [-120.45517, 37.86798]}, "properties": {"dep_id": "10077881", "site_name": "Leonard Lapappe  Prospect", "dev_stat": "Producer", "fips_code": "f06109", "huc_code": "h18040009", "quad_code": "q38122NEE2", "url": "https://mrdata.usgs.gov/mrds/show-mrds.php?dep_id=10077881", "code_list": "CR", "_layer": "mrds"}}, {"type": "Feature", "geometry": {"type": "Point", "coordinates": [-120.43294, 37.84659]}, "properties": {"dep_id": "10077883", "site_name": "Gray Eagle", "dev_stat": "Producer", "fips_code": "f06109", "huc_code": "h18040009", "quad_code": "q38122NEE2", "url": "https://mrdata.usgs.gov/mrds/show-mrds.php?dep_id=10077883", "code_list": "MG", "_layer": "mrds"}}, {"type": "Feature", "geometry": {"type": "Point", "coordinates": [-120.40183, 37.74936]}, "properties": {"dep_id": "10077886", "site_name": "Donahue Ranch", "dev_stat": "Past Producer", "fips_code": "f06109", "huc_code": "h18040009", "quad_code": "q38122NEE3", "url": "https://mrdata.usgs.gov/mrds/show-mrds.php?dep_id=10077886", "code_list": "CU", "_layer": "mrds"}}, {"type": "Feature", "geometry": {"type": "Point", "coordinates": [-120.46683, 37.96491]}, "properties": {"dep_id": "10077890", "site_name": "Rowe and Swerer  Occurrence", "dev_stat": "Producer", "fips_code": "f06109", "huc_code": "h18040010", "quad_code": "q38122NEE1", "url": "https://mrdata.usgs.gov/mrds/show-mrds.php?dep_id=10077890", "code_list": "CR", "_layer": "mrds"}}, {"type": "Feature", "geometry": {"type": "Point", "coordinates": [-120.44294, 37.95297]}, "properties": {"dep_id": "10077894", "site_name": "Crystalline", "dev_stat": "Past Producer", "fips_code": "f06109", "huc_code": "h18040009", "quad_code": "q38122NEE1", "url": "https://mrdata.usgs.gov/mrds/show-mrds.php?dep_id=10077894", "code_list": "AU", "_layer": "mrds"}}, {"type": "Feature", "geometry": {"type": "Point", "coordinates": [-120.41433, 37.90992]}, "properties": {"dep_id": "10077901", "site_name": "Jumper & Golden Rule Group", "dev_stat": "Past Producer", "fips_code": "f06109", "huc_code": "h18040009", "quad_code": "q38122NEE1", "url": "https://mrdata.usgs.gov/mrds/show-mrds.php?dep_id=10077901", "code_list": "AU AG", "_layer": "mrds"}}, {"type": "Feature", "geometry": {"type": "Point", "coordinates": [-120.411, 37.89881]}, "properties": {"dep_id": "10077904", "site_name": "Mazeppa", "dev_stat": "Past Producer", "fips_code": "f06109", "huc_code": "h18040009", "quad_code": "q38122NEE1", "url": "https://mrdata.usgs.gov/mrds/show-mrds.php?dep_id=10077904", "code_list": "AU", "_layer": "mrds"}}, {"type": "Feature", "geometry": {"type": "Point", "coordinates": [-120.38489, 37.98547]}, "properties": {"dep_id": "10077925", "site_name": "Bonanza", "dev_stat": "Past Producer", "fips_code": "f06109", "huc_code": "h18040009", "quad_code": "q38122NEE1", "url": "https://mrdata.usgs.gov/mrds/show-mrds.php?dep_id=10077925", "code_list": "AU", "_layer": "mrds"}}, {"type": "Feature", "geometry": {"type": "Point", "coordinates": [-120.36739, 37.84659]}, "properties": {"dep_id": "10077928", "site_name": "Clio", "dev_stat": "Past Producer", "fips_code": "f06109", "huc_code": "h18040009", "quad_code": "q38122NEF2", "url": "https://mrdata.usgs.gov/mrds/show-mrds.php?dep_id=10077928", "code_list": "AU", "_layer": "mrds"}}, {"type": "Feature", "geometry": {"type": "Point", "coordinates": [-120.35933, 37.82964]}, "properties": {"dep_id": "10077930", "site_name": "Harriman", "dev_stat": "Past Producer", "fips_code": "f06109", "huc_code": "h18040009", "quad_code": "q38122NEF2", "url": "https://mrdata.usgs.gov/mrds/show-mrds.php?dep_id=10077930", "code_list": "AU", "_layer": "mrds"}}, {"type": "Feature", "geometry": {"type": "Point", "coordinates": [-120.36461, 37.80214]}, "properties": {"dep_id": "10077934", "site_name": "Forked Pine Claim", "dev_stat": "Producer", "fips_code": "f06109", "huc_code": "h18040009", "quad_code": "q38122NEF2", "url": "https://mrdata.usgs.gov/mrds/show-mrds.php?dep_id=10077934", "code_list": "CR", "_layer": "mrds"}}, {"type": "Feature", "geometry": {"type": "Point", "coordinates": [-120.46767, 37.89992]}, "properties": {"dep_id": "10090636", "site_name": "Golden Rule & Jumper", "dev_stat": "Occurrence", "fips_code": "f06109", "huc_code": "h18040010", "quad_code": "q38122NEE1", "url": "https://mrdata.usgs.gov/mrds/show-mrds.php?dep_id=10090636", "code_list": "AU BI", "_layer": "mrds"}}, {"type": "Feature", "geometry": {"type": "Point", "coordinates": [-120.3785, 37.8152]}, "properties": {"dep_id": "10095694", "site_name": "Buckhorn Claim, Marsh Flats Chrome Assoc. Proporties", "dev_stat": "Occurrence", "fips_code": "f06109", "huc_code": "h18040009", "quad_code": "q38122NEE2", "url": "https://mrdata.usgs.gov/mrds/show-mrds.php?dep_id=10095694", "code_list": "CR", "_layer": "mrds"}}, {"type": "Feature", "geometry": {"type": "Point", "coordinates": [-120.46156, 37.98963]}, "properties": {"dep_id": "10103056", "site_name": "Swerer", "dev_stat": "Past Producer", "fips_code": "f06109", "huc_code": "h18040010", "quad_code": "q38122NEE1", "url": "https://mrdata.usgs.gov/mrds/show-mrds.php?dep_id=10103056", "code_list": "AU", "_layer": "mrds"}}, {"type": "Feature", "geometry": {"type": "Point", "coordinates": [-120.47878, 37.9538]}, "properties": {"dep_id": "10109430", "site_name": "Chantreau", "dev_stat": "Producer", "fips_code": "f06109", "huc_code": "h18040010", "quad_code": "q38122NEE1", "url": "https://mrdata.usgs.gov/mrds/show-mrds.php?dep_id=10109430", "code_list": "AU", "_layer": "mrds"}}, {"type": "Feature", "geometry": {"type": "Point", "coordinates": [-120.386, 37.96992]}, "properties": {"dep_id": "10109436", "site_name": "Gerrymander Consolidated", "dev_stat": "Producer", "fips_code": "f06109", "huc_code": "h18040009", "quad_code": "q38122NEE1", "url": "https://mrdata.usgs.gov/mrds/show-mrds.php?dep_id=10109436", "code_list": "AU", "_layer": "mrds"}}, {"type": "Feature", "geometry": {"type": "Point", "coordinates": [-120.33933, 37.84714]}, "properties": {"dep_id": "10109437", "site_name": "Golden Poppy Mining Company", "dev_stat": "Producer", "fips_code": "f06109", "huc_code": "h18040009", "quad_code": "q38122NEF2", "url": "https://mrdata.usgs.gov/mrds/show-mrds.php?dep_id=10109437", "code_list": "AU", "_layer": "mrds"}}, {"type": "Feature", "geometry": {"type": "Point", "coordinates": [-120.39406, 37.8827]}, "properties": {"dep_id": "10109438", "site_name": "Gold Ridge Mining Company", "dev_stat": "Producer", "fips_code": "f06109", "huc_code": "h18040009", "quad_code": "q38122NEE1", "url": "https://mrdata.usgs.gov/mrds/show-mrds.php?dep_id=10109438", "code_list": "AU", "_layer": "mrds"}}, {"type": "Feature", "geometry": {"type": "Point", "coordinates": [-120.46128, 37.97824]}, "properties": {"dep_id": "10109459", "site_name": "Olsen", "dev_stat": "Producer", "fips_code": "f06109", "huc_code": "h18040010", "quad_code": "q38122NEE1", "url": "https://mrdata.usgs.gov/mrds/show-mrds.php?dep_id=10109459", "code_list": "AU", "_layer": "mrds"}}, {"type": "Feature", "geometry": {"type": "Point", "coordinates": [-120.45517, 37.8677]}, "properties": {"dep_id": "10111225", "site_name": "Burns and Tursich", "dev_stat": "Producer", "fips_code": "f06109", "huc_code": "h18040009", "quad_code": "q38122NEE2", "url": "https://mrdata.usgs.gov/mrds/show-mrds.php?dep_id=10111225", "code_list": "CR", "_layer": "mrds"}}, {"type": "Feature", "geometry": {"type": "Point", "coordinates": [-120.44822, 37.83964]}, "properties": {"dep_id": "10111226", "site_name": "Unidentified Placer Area", "dev_stat": "Producer", "fips_code": "f06109", "huc_code": "h18040009", "quad_code": "q38122NEE2", "url": "https://mrdata.usgs.gov/mrds/show-mrds.php?dep_id=10111226", "code_list": "AU", "_layer": "mrds"}}, {"type": "Feature", "geometry": {"type": "Point", "coordinates": [-120.3785, 37.8152]}, "properties": {"dep_id": "10111227", "site_name": "Buckhorn", "dev_stat": "Producer", "fips_code": "f06109", "huc_code": "h18040009", "quad_code": "q38122NEE2", "url": "https://mrdata.usgs.gov/mrds/show-mrds.php?dep_id=10111227", "code_list": "CR", "_layer": "mrds"}}, {"type": "Feature", "geometry": {"type": "Point", "coordinates": [-120.41822, 37.77881]}, "properties": {"dep_id": "10111228", "site_name": "Don Pedro", "dev_stat": "Producer", "fips_code": "f06109", "huc_code": "h18040009", "quad_code": "q38122NEE2", "url": "https://mrdata.usgs.gov/mrds/show-mrds.php?dep_id=10111228", "code_list": "CR", "_layer": "mrds"}}, {"type": "Feature", "geometry": {"type": "Point", "coordinates": [-120.46378, 37.9663]}, "properties": {"dep_id": "10111229", "site_name": "Sunday Claim", "dev_stat": "Producer", "fips_code": "f06109", "huc_code": "h18040010", "quad_code": "q38122NEE1", "url": "https://mrdata.usgs.gov/mrds/show-mrds.php?dep_id=10111229", "code_list": "CR", "_layer": "mrds"}}, {"type": "Feature", "geometry": {"type": "Point", "coordinates": [-120.3913, 37.86322]}, "properties": {"dep_id": "10117363", "site_name": "Homestake", "dev_stat": "Unknown", "fips_code": "f06109", "huc_code": "h18040009", "quad_code": "q38122NEE2", "url": "https://mrdata.usgs.gov/mrds/show-mrds.php?dep_id=10117363", "code_list": "AU", "_layer": "mrds"}}, {"type": "Feature", "geometry": {"type": "Point", "coordinates": [-120.4641, 37.99351]}, "properties": {"dep_id": "10117486", "site_name": "Patterson", "dev_stat": "Occurrence", "fips_code": "f06109", "huc_code": "h18040010", "quad_code": "q38122NEE1", "url": "https://mrdata.usgs.gov/mrds/show-mrds.php?dep_id=10117486", "code_list": "AU CU AG", "_layer": "mrds"}}, {"type": "Feature", "geometry": {"type": "Point", "coordinates": [-120.4552, 37.91302]}, "properties": {"dep_id": "10117510", "site_name": "Red Hill", "dev_stat": "Unknown", "fips_code": "f06109", "huc_code": "h18040009", "quad_code": "q38122NEE1", "url": "https://mrdata.usgs.gov/mrds/show-mrds.php?dep_id=10117510", "code_list": "AU", "_layer": "mrds"}}, {"type": "Feature", "geometry": {"type": "Point", "coordinates": [-120.4652, 37.86992]}, "properties": {"dep_id": "10117560", "site_name": "Unknown", "dev_stat": "Occurrence", "fips_code": "f06109", "huc_code": "h18040009", "quad_code": "q38122NEE2", "url": "https://mrdata.usgs.gov/mrds/show-mrds.php?dep_id=10117560", "code_list": "CR", "_layer": "mrds"}}, {"type": "Feature", "geometry": {"type": "Point", "coordinates": [-120.4293, 37.94882]}, "properties": {"dep_id": "10117687", "site_name": "Mascott", "dev_stat": "Unknown", "fips_code": "f06109", "huc_code": "h18040009", "quad_code": "q38122NEE1", "url": "https://mrdata.usgs.gov/mrds/show-mrds.php?dep_id=10117687", "code_list": "AU", "_layer": "mrds"}}, {"type": "Feature", "geometry": {"type": "Point", "coordinates": [-120.4257, 37.86822]}, "properties": {"dep_id": "10141240", "site_name": "Humfield and Myers", "dev_stat": "Unknown", "fips_code": "f06109", "huc_code": "h18040009", "quad_code": "q38122NEE2", "url": "https://mrdata.usgs.gov/mrds/show-mrds.php?dep_id=10141240", "code_list": "AU", "_layer": "mrds"}}, {"type": "Feature", "geometry": {"type": "Point", "coordinates": [-120.4024, 37.88132]}, "properties": {"dep_id": "10141364", "site_name": "Anderson", "dev_stat": "Prospect", "fips_code": "f06109", "huc_code": "h18040009", "quad_code": "q38122NEE1", "url": "https://mrdata.usgs.gov/mrds/show-mrds.php?dep_id=10141364", "code_list": "AU", "_layer": "mrds"}}, {"type": "Feature", "geometry": {"type": "Point", "coordinates": [-120.4379, 37.95242]}, "properties": {"dep_id": "10141412", "site_name": "Mexican Flat", "dev_stat": "Unknown", "fips_code": "f06109", "huc_code": "h18040009", "quad_code": "q38122NEE1", "url": "https://mrdata.usgs.gov/mrds/show-mrds.php?dep_id=10141412", "code_list": "AU", "_layer": "mrds"}}, {"type": "Feature", "geometry": {"type": "Point", "coordinates": [-120.3977, 37.97022]}, "properties": {"dep_id": "10141417", "site_name": "Manzanita", "dev_stat": "Unknown", "fips_code": "f06109", "huc_code": "h18040009", "quad_code": "q38122NEE1", "url": "https://mrdata.usgs.gov/mrds/show-mrds.php?dep_id=10141417", "code_list": "AU", "_layer": "mrds"}}, {"type": "Feature", "geometry": {"type": "Point", "coordinates": [-120.4793, 37.87162]}, "properties": {"dep_id": "10141488", "site_name": "White Rock", "dev_stat": "Past Producer", "fips_code": "f06109", "huc_code": "h18040010", "quad_code": "q38122NEE2", "url": "https://mrdata.usgs.gov/mrds/show-mrds.php?dep_id=10141488", "code_list": "MG", "_layer": "mrds"}}, {"type": "Feature", "geometry": {"type": "Point", "coordinates": [-120.5052, 37.90432]}, "properties": {"dep_id": "10141637", "site_name": "Horseshoe Claim", "dev_stat": "Past Producer", "fips_code": "f06109", "huc_code": "h18040010", "quad_code": "q38122NED1", "url": "https://mrdata.usgs.gov/mrds/show-mrds.php?dep_id=10141637", "code_list": "CR FE", "_layer": "mrds"}}, {"type": "Feature", "geometry": {"type": "Point", "coordinates": [-120.3443, 37.87882]}, "properties": {"dep_id": "10141708", "site_name": "Hog Mountain Prospect", "dev_stat": "Occurrence", "fips_code": "f06109", "huc_code": "h18040009", "quad_code": "q38122NEF1", "url": "https://mrdata.usgs.gov/mrds/show-mrds.php?dep_id=10141708", "code_list": "MN", "_layer": "mrds"}}, {"type": "Feature", "geometry": {"type": "Point", "coordinates": [-120.5207, 37.89572]}, "properties": {"dep_id": "10141778", "site_name": "Table Mountain Quarry", "dev_stat": "Producer", "fips_code": "f06109", "huc_code": "h18040010", "quad_code": "q38122NED1", "url": "https://mrdata.usgs.gov/mrds/show-mrds.php?dep_id=10141778", "code_list": "STN", "_layer": "mrds"}}, {"type": "Feature", "geometry": {"type": "Point", "coordinates": [-120.3863, 37.86522]}, "properties": {"dep_id": "10141846", "site_name": "Good Luck Mining&Milling Co", "dev_stat": "Unknown", "fips_code": "f06109", "huc_code": "h18040009", "quad_code": "q38122NEE2", "url": "https://mrdata.usgs.gov/mrds/show-mrds.php?dep_id=10141846", "code_list": "AU", "_layer": "mrds"}}, {"type": "Feature", "geometry": {"type": "Point", "coordinates": [-120.4293, 37.98961]}, "properties": {"dep_id": "10141883", "site_name": "Unnamed Mines", "dev_stat": "Occurrence", "fips_code": "f06109", "huc_code": "h18040009", "quad_code": "q38122NEE1", "url": "https://mrdata.usgs.gov/mrds/show-mrds.php?dep_id=10141883", "code_list": "AU", "_layer": "mrds"}}, {"type": "Feature", "geometry": {"type": "Point", "coordinates": [-120.3377, 37.85882]}, "properties": {"dep_id": "10141894", "site_name": "Fraction", "dev_stat": "Unknown", "fips_code": "f06109", "huc_code": "h18040009", "quad_code": "q38122NEF2", "url": "https://mrdata.usgs.gov/mrds/show-mrds.php?dep_id=10141894", "code_list": "AU", "_layer": "mrds"}}, {"type": "Feature", "geometry": {"type": "Point", "coordinates": [-120.5032, 37.87272]}, "properties": {"dep_id": "10141981", "site_name": "Booker Lease", "dev_stat": "Prospect", "fips_code": "f06109", "huc_code": "h18040010", "quad_code": "q38122NED2", "url": "https://mrdata.usgs.gov/mrds/show-mrds.php?dep_id=10141981", "code_list": "CR", "_layer": "mrds"}}, {"type": "Feature", "geometry": {"type": "Point", "coordinates": [-120.356, 37.80712]}, "properties": {"dep_id": "10165549", "site_name": "Hughes Group", "dev_stat": "Past Producer", "fips_code": "f06109", "huc_code": "h18040009", "quad_code": "q38122NEF2", "url": "https://mrdata.usgs.gov/mrds/show-mrds.php?dep_id=10165549", "code_list": "CR", "_layer": "mrds"}}, {"type": "Feature", "geometry": {"type": "Point", "coordinates": [-120.3063, 37.89882]}, "properties": {"dep_id": "10165560", "site_name": "Ajax", "dev_stat": "Unknown", "fips_code": "f06109", "huc_code": "h18040009", "quad_code": "q38122NEF1", "url": "https://mrdata.usgs.gov/mrds/show-mrds.php?dep_id=10165560", "code_list": "AU", "_layer": "mrds"}}, {"type": "Feature", "geometry": {"type": "Point", "coordinates": [-120.4624, 37.96491]}, "properties": {"dep_id": "10165655", "site_name": "Darrow", "dev_stat": "Unknown", "fips_code": "f06109", "huc_code": "h18040010", "quad_code": "q38122NEE1", "url": "https://mrdata.usgs.gov/mrds/show-mrds.php?dep_id=10165655", "code_list": "AU", "_layer": "mrds"}}, {"type": "Feature", "geometry": {"type": "Point", "coordinates": [-120.4691, 37.94431]}, "properties": {"dep_id": "10165704", "site_name": "Best Twenty", "dev_stat": "Unknown", "fips_code": "f06109", "huc_code": "h18040010", "quad_code": "q38122NEE1", "url": "https://mrdata.usgs.gov/mrds/show-mrds.php?dep_id=10165704", "code_list": "AU", "_layer": "mrds"}}, {"type": "Feature", "geometry": {"type": "Point", "coordinates": [-120.4949, 37.91272]}, "properties": {"dep_id": "10165773", "site_name": "Unidentified Prospect", "dev_stat": "Occurrence", "fips_code": "f06109", "huc_code": "h18040010", "quad_code": "q38122NEE1", "url": "https://mrdata.usgs.gov/mrds/show-mrds.php?dep_id=10165773", "code_list": "AU CR", "_layer": "mrds"}}, {"type": "Feature", "geometry": {"type": "Point", "coordinates": [-120.4791, 37.97851]}, "properties": {"dep_id": "10165785", "site_name": "Utopia", "dev_stat": "Unknown", "fips_code": "f06109", "huc_code": "h18040010", "quad_code": "q38122NEE1", "url": "https://mrdata.usgs.gov/mrds/show-mrds.php?dep_id=10165785", "code_list": "AU", "_layer": "mrds"}}, {"type": "Feature", "geometry": {"type": "Point", "coordinates": [-120.3749, 37.98431]}, "properties": {"dep_id": "10165805", "site_name": "Etna", "dev_stat": "Prospect", "fips_code": "f06109", "huc_code": "h18040009", "quad_code": "q38122NEF1", "url": "https://mrdata.usgs.gov/mrds/show-mrds.php?dep_id=10165805", "code_list": "AU", "_layer": "mrds"}}, {"type": "Feature", "geometry": {"type": "Point", "coordinates": [-120.4021, 37.87162]}, "properties": {"dep_id": "10165899", "site_name": "Jones-Tarantula", "dev_stat": "Occurrence", "fips_code": "f06109", "huc_code": "h18040009", "quad_code": "q38122NEE2", "url": "https://mrdata.usgs.gov/mrds/show-mrds.php?dep_id=10165899", "code_list": "AU", "_layer": "mrds"}}, {"type": "Feature", "geometry": {"type": "Point", "coordinates": [-120.3927, 37.98181]}, "properties": {"dep_id": "10165926", "site_name": "Eureka", "dev_stat": "Unknown", "fips_code": "f06109", "huc_code": "h18040009", "quad_code": "q38122NEE1", "url": "https://mrdata.usgs.gov/mrds/show-mrds.php?dep_id=10165926", "code_list": "AU", "_layer": "mrds"}}, {"type": "Feature", "geometry": {"type": "Point", "coordinates": [-120.3149, 37.81932]}, "properties": {"dep_id": "10165973", "site_name": "Union and Rough and Ready", "dev_stat": "Prospect", "fips_code": "f06109", "huc_code": "h18040009", "quad_code": "q38122NEF2", "url": "https://mrdata.usgs.gov/mrds/show-mrds.php?dep_id=10165973", "code_list": "AU", "_layer": "mrds"}}, {"type": "Feature", "geometry": {"type": "Point", "coordinates": [-120.4735, 37.96181]}, "properties": {"dep_id": "10166012", "site_name": "Quigg Mine", "dev_stat": "Past Producer", "fips_code": "f06109", "huc_code": "h18040010", "quad_code": "q38122NEE1", "url": "https://mrdata.usgs.gov/mrds/show-mrds.php?dep_id=10166012", "code_list": "CR FE", "_layer": "mrds"}}, {"type": "Feature", "geometry": {"type": "Point", "coordinates": [-120.4796, 37.97381]}, "properties": {"dep_id": "10166045", "site_name": "Prospect", "dev_stat": "Unknown", "fips_code": "f06109", "huc_code": "h18040010", "quad_code": "q38122NEE1", "url": "https://mrdata.usgs.gov/mrds/show-mrds.php?dep_id=10166045", "code_list": "AU", "_layer": "mrds"}}, {"type": "Feature", "geometry": {"type": "Point", "coordinates": [-120.4341, 37.94552]}, "properties": {"dep_id": "10166098", "site_name": "Little Gem", "dev_stat": "Occurrence", "fips_code": "f06109", "huc_code": "h18040009", "quad_code": "q38122NEE1", "url": "https://mrdata.usgs.gov/mrds/show-mrds.php?dep_id=10166098", "code_list": "AU", "_layer": "mrds"}}, {"type": "Feature", "geometry": {"type": "Point", "coordinates": [-120.411, 37.89882]}, "properties": {"dep_id": "10166119", "site_name": "Mazeppa", "dev_stat": "Past Producer", "fips_code": "f06109", "huc_code": "h18040009", "quad_code": "q38122NEE1", "url": "https://mrdata.usgs.gov/mrds/show-mrds.php?dep_id=10166119", "code_list": "AU", "_layer": "mrds"}}, {"type": "Feature", "geometry": {"type": "Point", "coordinates": [-120.4227, 37.96071]}, "properties": {"dep_id": "10166154", "site_name": "Reported Occurence", "dev_stat": "Occurrence", "fips_code": "f06109", "huc_code": "h18040009", "quad_code": "q38122NEE1", "url": "https://mrdata.usgs.gov/mrds/show-mrds.php?dep_id=10166154", "code_list": "SLA", "_layer": "mrds"}}, {"type": "Feature", "geometry": {"type": "Point", "coordinates": [-120.4124, 37.92632]}, "properties": {"dep_id": "10166193", "site_name": "Wood Creek Rock Pit", "dev_stat": "Producer", "fips_code": "f06109", "huc_code": "h18040009", "quad_code": "q38122NEE1", "url": "https://mrdata.usgs.gov/mrds/show-mrds.php?dep_id=10166193", "code_list": "STN AG", "_layer": "mrds"}}, {"type": "Feature", "geometry": {"type": "Point", "coordinates": [-120.451, 37.91302]}, "properties": {"dep_id": "10166197", "site_name": "Jamestown S & G Pit", "dev_stat": "Producer", "fips_code": "f06109", "huc_code": "h18040009", "quad_code": "q38122NEE1", "url": "https://mrdata.usgs.gov/mrds/show-mrds.php?dep_id=10166197", "code_list": "SDG", "_layer": "mrds"}}, {"type": "Feature", "geometry": {"type": "Point", "coordinates": [-120.3004, 37.98022]}, "properties": {"dep_id": "10166262", "site_name": "Black Hawk", "dev_stat": "Occurrence", "fips_code": "f06109", "huc_code": "h18040009", "quad_code": "q38122NEF1", "url": "https://mrdata.usgs.gov/mrds/show-mrds.php?dep_id=10166262", "code_list": "AU", "_layer": "mrds"}}, {"type": "Feature", "geometry": {"type": "Point", "coordinates": [-120.4329, 37.84662]}, "properties": {"dep_id": "10166325", "site_name": "Gray Eagle", "dev_stat": "Past Producer", "fips_code": "f06109", "huc_code": "h18040009", "quad_code": "q38122NEE2", "url": "https://mrdata.usgs.gov/mrds/show-mrds.php?dep_id=10166325", "code_list": "MG", "_layer": "mrds"}}, {"type": "Feature", "geometry": {"type": "Point", "coordinates": [-120.4068, 37.88772]}, "properties": {"dep_id": "10166329", "site_name": "Brown Bird", "dev_stat": "Unknown", "fips_code": "f06109", "huc_code": "h18040009", "quad_code": "q38122NEE1", "url": "https://mrdata.usgs.gov/mrds/show-mrds.php?dep_id=10166329", "code_list": "AU", "_layer": "mrds"}}, {"type": "Feature", "geometry": {"type": "Point", "coordinates": [-120.3746, 37.94882]}, "properties": {"dep_id": "10190115", "site_name": "Mcpherson Ranch Property", "dev_stat": "Occurrence", "fips_code": "f06109", "huc_code": "h18040009", "quad_code": "q38122NEF1", "url": "https://mrdata.usgs.gov/mrds/show-mrds.php?dep_id=10190115", "code_list": "LST_D", "_layer": "mrds"}}, {"type": "Feature", "geometry": {"type": "Point", "coordinates": [-120.4735, 37.99491]}, "properties": {"dep_id": "10190191", "site_name": "Wilson and Means", "dev_stat": "Unknown", "fips_code": "f06109", "huc_code": "h18040010", "quad_code": "q38122NEE1", "url": "https://mrdata.usgs.gov/mrds/show-mrds.php?dep_id=10190191", "code_list": "AU", "_layer": "mrds"}}, {"type": "Feature", "geometry": {"type": "Point", "coordinates": [-120.5632, 37.89052]}, "properties": {"dep_id": "10190366", "site_name": "Green Spring", "dev_stat": "Occurrence", "fips_code": "f06109", "huc_code": "h18040010", "quad_code": "q38122NED1", "url": "https://mrdata.usgs.gov/mrds/show-mrds.php?dep_id=10190366", "code_list": "AU", "_layer": "mrds"}}, {"type": "Feature", "geometry": {"type": "Point", "coordinates": [-120.4982, 37.91242]}, "properties": {"dep_id": "10190408", "site_name": "Last Chance Claim", "dev_stat": "Prospect", "fips_code": "f06109", "huc_code": "h18040010", "quad_code": "q38122NEE1", "url": "https://mrdata.usgs.gov/mrds/show-mrds.php?dep_id=10190408", "code_list": "CR", "_layer": "mrds"}}, {"type": "Feature", "geometry": {"type": "Point", "coordinates": [-120.3454, 37.84662]}, "properties": {"dep_id": "10190443", "site_name": "Victoria", "dev_stat": "Unknown", "fips_code": "f06109", "huc_code": "h18040009", "quad_code": "q38122NEF2", "url": "https://mrdata.usgs.gov/mrds/show-mrds.php?dep_id=10190443", "code_list": "AU", "_layer": "mrds"}}, {"type": "Feature", "geometry": {"type": "Point", "coordinates": [-120.436, 37.91662]}, "properties": {"dep_id": "10190452", "site_name": "Montzuma", "dev_stat": "Unknown", "fips_code": "f06109", "huc_code": "h18040009", "quad_code": "q38122NEE1", "url": "https://mrdata.usgs.gov/mrds/show-mrds.php?dep_id=10190452", "code_list": "AU", "_layer": "mrds"}}, {"type": "Feature", "geometry": {"type": "Point", "coordinates": [-120.4532, 37.96161]}, "properties": {"dep_id": "10190574", "site_name": "Premier Asbestos", "dev_stat": "Prospect", "fips_code": "f06109", "huc_code": "h18040010", "quad_code": "q38122NEE1", "url": "https://mrdata.usgs.gov/mrds/show-mrds.php?dep_id=10190574", "code_list": "ASB", "_layer": "mrds"}}, {"type": "Feature", "geometry": {"type": "Point", "coordinates": [-120.4574, 37.98271]}, "properties": {"dep_id": "10190749", "site_name": "Altamont", "dev_stat": "Unknown", "fips_code": "f06109", "huc_code": "h18040010", "quad_code": "q38122NEE1", "url": "https://mrdata.usgs.gov/mrds/show-mrds.php?dep_id=10190749", "code_list": "AU", "_layer": "mrds"}}, {"type": "Feature", "geometry": {"type": "Point", "coordinates": [-120.4038, 37.93382]}, "properties": {"dep_id": "10190776", "site_name": "Smith", "dev_stat": "Unknown", "fips_code": "f06109", "huc_code": "h18040009", "quad_code": "q38122NEE1", "url": "https://mrdata.usgs.gov/mrds/show-mrds.php?dep_id=10190776", "code_list": "AU", "_layer": "mrds"}}, {"type": "Feature", "geometry": {"type": "Point", "coordinates": [-120.5271, 37.91911]}, "properties": {"dep_id": "10190785", "site_name": "Currie", "dev_stat": "Unknown", "fips_code": "f06109", "huc_code": "h18040010", "quad_code": "q38122NED1", "url": "https://mrdata.usgs.gov/mrds/show-mrds.php?dep_id=10190785", "code_list": "STN_C", "_layer": "mrds"}}, {"type": "Feature", "geometry": {"type": "Point", "coordinates": [-120.5341, 37.93321]}, "properties": {"dep_id": "10211280", "site_name": "Jefferson Lake", "dev_stat": "Occurrence", "fips_code": "f06109", "huc_code": "h18040010", "quad_code": "q38122NED1", "url": "https://mrdata.usgs.gov/mrds/show-mrds.php?dep_id=10211280", "code_list": "ASB", "_layer": "mrds"}}, {"type": "Feature", "geometry": {"type": "Point", "coordinates": [-120.531, 37.93461]}, "properties": {"dep_id": "10211624", "site_name": "Central and Alpha", "dev_stat": "Occurrence", "fips_code": "f06109", "huc_code": "h18040010", "quad_code": "q38122NED1", "url": "https://mrdata.usgs.gov/mrds/show-mrds.php?dep_id=10211624", "code_list": "AU", "_layer": "mrds"}}, {"type": "Feature", "geometry": {"type": "Point", "coordinates": [-120.4207, 37.77912]}, "properties": {"dep_id": "10214146", "site_name": "Don Pedro Mine", "dev_stat": "Past Producer", "fips_code": "f06109", "huc_code": "h18040009", "quad_code": "q38122NEE2", "url": "https://mrdata.usgs.gov/mrds/show-mrds.php?dep_id=10214146", "code_list": "CR FE", "_layer": "mrds"}}, {"type": "Feature", "geometry": {"type": "Point", "coordinates": [-120.3054, 37.82272]}, "properties": {"dep_id": "10214208", "site_name": "Moccasin", "dev_stat": "Past Producer", "fips_code": "f06109", "huc_code": "h18040009", "quad_code": "q38122NEF2", "url": "https://mrdata.usgs.gov/mrds/show-mrds.php?dep_id=10214208", "code_list": "AU AG", "_layer": "mrds"}}, {"type": "Feature", "geometry": {"type": "Point", "coordinates": [-120.3479, 37.92052]}, "properties": {"dep_id": "10214226", "site_name": "Childress Ranch Deposit", "dev_stat": "Prospect", "fips_code": "f06109", "huc_code": "h18040009", "quad_code": "q38122NEF1", "url": "https://mrdata.usgs.gov/mrds/show-mrds.php?dep_id=10214226", "code_list": "LST_D STN_C", "_layer": "mrds"}}, {"type": "Feature", "geometry": {"type": "Point", "coordinates": [-120.3666, 37.84742]}, "properties": {"dep_id": "10214254", "site_name": "Gladstone", "dev_stat": "Unknown", "fips_code": "f06109", "huc_code": "h18040009", "quad_code": "q38122NEF2", "url": "https://mrdata.usgs.gov/mrds/show-mrds.php?dep_id=10214254", "code_list": "AU", "_layer": "mrds"}}, {"type": "Feature", "geometry": {"type": "Point", "coordinates": [-120.3813, 37.95052]}, "properties": {"dep_id": "10214257", "site_name": "Punter", "dev_stat": "Unknown", "fips_code": "f06109", "huc_code": "h18040009", "quad_code": "q38122NEE1", "url": "https://mrdata.usgs.gov/mrds/show-mrds.php?dep_id=10214257", "code_list": "AU", "_layer": "mrds"}}, {"type": "Feature", "geometry": {"type": "Point", "coordinates": [-120.3041, 37.83182]}, "properties": {"dep_id": "10214320", "site_name": "Buena Speranza and Josephine", "dev_stat": "Past Producer", "fips_code": "f06109", "huc_code": "h18040009", "quad_code": "q38122NEF2", "url": "https://mrdata.usgs.gov/mrds/show-mrds.php?dep_id=10214320", "code_list": "AU", "_layer": "mrds"}}, {"type": "Feature", "geometry": {"type": "Point", "coordinates": [-120.4943, 37.91382]}, "properties": {"dep_id": "10214359", "site_name": "May Faction Claim", "dev_stat": "Prospect", "fips_code": "f06109", "huc_code": "h18040010", "quad_code": "q38122NEE1", "url": "https://mrdata.usgs.gov/mrds/show-mrds.php?dep_id=10214359", "code_list": "CR", "_layer": "mrds"}}, {"type": "Feature", "geometry": {"type": "Point", "coordinates": [-120.3932, 37.90302]}, "properties": {"dep_id": "10214532", "site_name": "Sonora Wonder", "dev_stat": "Unknown", "fips_code": "f06109", "huc_code": "h18040009", "quad_code": "q38122NEE1", "url": "https://mrdata.usgs.gov/mrds/show-mrds.php?dep_id=10214532", "code_list": "AU", "_layer": "mrds"}}, {"type": "Feature", "geometry": {"type": "Point", "coordinates": [-120.4502, 37.87212]}, "properties": {"dep_id": "10214582", "site_name": "Eggling and Williams Mine", "dev_stat": "Past Producer", "fips_code": "f06109", "huc_code": "h18040009", "quad_code": "q38122NEE2", "url": "https://mrdata.usgs.gov/mrds/show-mrds.php?dep_id=10214582", "code_list": "CR FE", "_layer": "mrds"}}, {"type": "Feature", "geometry": {"type": "Point", "coordinates": [-120.4841, 37.99211]}, "properties": {"dep_id": "10214691", "site_name": "Relief and Surplus", "dev_stat": "Unknown", "fips_code": "f06109", "huc_code": "h18040010", "quad_code": "q38122NEE1", "url": "https://mrdata.usgs.gov/mrds/show-mrds.php?dep_id=10214691", "code_list": "AU", "_layer": "mrds"}}, {"type": "Feature", "geometry": {"type": "Point", "coordinates": [-120.5285, 37.91551]}, "properties": {"dep_id": "10214692", "site_name": "Oliver", "dev_stat": "Unknown", "fips_code": "f06109", "huc_code": "h18040010", "quad_code": "q38122NED1", "url": "https://mrdata.usgs.gov/mrds/show-mrds.php?dep_id=10214692", "code_list": "AU", "_layer": "mrds"}}, {"type": "Feature", "geometry": {"type": "Point", "coordinates": [-120.471, 37.96131]}, "properties": {"dep_id": "10214708", "site_name": "Kohl Ranch", "dev_stat": "Unknown", "fips_code": "f06109", "huc_code": "h18040010", "quad_code": "q38122NEE1", "url": "https://mrdata.usgs.gov/mrds/show-mrds.php?dep_id=10214708", "code_list": "CU CR", "_layer": "mrds"}}, {"type": "Feature", "geometry": {"type": "Point", "coordinates": [-120.4563, 37.88662]}, "properties": {"dep_id": "10214719", "site_name": "Sims Property", "dev_stat": "Past Producer", "fips_code": "f06109", "huc_code": "h18040009", "quad_code": "q38122NEE1", "url": "https://mrdata.usgs.gov/mrds/show-mrds.php?dep_id=10214719", "code_list": "CR", "_layer": "mrds"}}, {"type": "Feature", "geometry": {"type": "Point", "coordinates": [-120.4524, 37.97681]}, "properties": {"dep_id": "10214722", "site_name": "Wickham", "dev_stat": "Occurrence", "fips_code": "f06109", "huc_code": "h18040010", "quad_code": "q38122NEE1", "url": "https://mrdata.usgs.gov/mrds/show-mrds.php?dep_id=10214722", "code_list": "AU", "_layer": "mrds"}}, {"type": "Feature", "geometry": {"type": "Point", "coordinates": [-120.4741, 37.78352]}, "properties": {"dep_id": "10214757", "site_name": "Reported Occurence", "dev_stat": "Occurrence", "fips_code": "f06109", "huc_code": "h18040009", "quad_code": "q38122NEE2", "url": "https://mrdata.usgs.gov/mrds/show-mrds.php?dep_id=10214757", "code_list": "CR", "_layer": "mrds"}}, {"type": "Feature", "geometry": {"type": "Point", "coordinates": [-120.3207, 37.91182]}, "properties": {"dep_id": "10214775", "site_name": "Musante Ranch", "dev_stat": "Prospect", "fips_code": "f06109", "huc_code": "h18040009", "quad_code": "q38122NEF1", "url": "https://mrdata.usgs.gov/mrds/show-mrds.php?dep_id=10214775", "code_list": "LST_D", "_layer": "mrds"}}, {"type": "Feature", "geometry": {"type": "Point", "coordinates": [-120.4218, 37.87162]}, "properties": {"dep_id": "10214782", "site_name": "Salvador", "dev_stat": "Unknown", "fips_code": "f06109", "huc_code": "h18040009", "quad_code": "q38122NEE2", "url": "https://mrdata.usgs.gov/mrds/show-mrds.php?dep_id=10214782", "code_list": "AU", "_layer": "mrds"}}, {"type": "Feature", "geometry": {"type": "Point", "coordinates": [-120.4024, 37.86992]}, "properties": {"dep_id": "10214818", "site_name": "Hector", "dev_stat": "Unknown", "fips_code": "f06109", "huc_code": "h18040009", "quad_code": "q38122NEE2", "url": "https://mrdata.usgs.gov/mrds/show-mrds.php?dep_id=10214818", "code_list": "AU", "_layer": "mrds"}}, {"type": "Feature", "geometry": {"type": "Point", "coordinates": [-120.3452, 37.91912]}, "properties": {"dep_id": "10214827", "site_name": "Murphy Bros Ranch", "dev_stat": "Prospect", "fips_code": "f06109", "huc_code": "h18040009", "quad_code": "q38122NEF1", "url": "https://mrdata.usgs.gov/mrds/show-mrds.php?dep_id=10214827", "code_list": "LST_D", "_layer": "mrds"}}, {"type": "Feature", "geometry": {"type": "Point", "coordinates": [-120.4516, 37.98381]}, "properties": {"dep_id": "10238294", "site_name": "Swerer", "dev_stat": "Unknown", "fips_code": "f06109", "huc_code": "h18040010", "quad_code": "q38122NEE1", "url": "https://mrdata.usgs.gov/mrds/show-mrds.php?dep_id=10238294", "code_list": "AU", "_layer": "mrds"}}, {"type": "Feature", "geometry": {"type": "Point", "coordinates": [-120.4543, 37.92822]}, "properties": {"dep_id": "10238411", "site_name": "Montezuma Tunnel", "dev_stat": "Unknown", "fips_code": "f06109", "huc_code": "h18040009", "quad_code": "q38122NEE1", "url": "https://mrdata.usgs.gov/mrds/show-mrds.php?dep_id=10238411", "code_list": "AU", "_layer": "mrds"}}, {"type": "Feature", "geometry": {"type": "Point", "coordinates": [-120.3788, 37.84212]}, "properties": {"dep_id": "10238537", "site_name": "Jh Huston", "dev_stat": "Unknown", "fips_code": "f06109", "huc_code": "h18040009", "quad_code": "q38122NEE2", "url": "https://mrdata.usgs.gov/mrds/show-mrds.php?dep_id=10238537", "code_list": "AU", "_layer": "mrds"}}, {"type": "Feature", "geometry": {"type": "Point", "coordinates": [-120.4738, 37.72882]}, "properties": {"dep_id": "10238612", "site_name": "Mitchell", "dev_stat": "Prospect", "fips_code": "f06109", "huc_code": "h18040009", "quad_code": "q38122NEE3", "url": "https://mrdata.usgs.gov/mrds/show-mrds.php?dep_id=10238612", "code_list": "AU CU AG ZN", "_layer": "mrds"}}, {"type": "Feature", "geometry": {"type": "Point", "coordinates": [-120.3974, 37.73552]}, "properties": {"dep_id": "10238637", "site_name": "Don Pedro", "dev_stat": "Unknown", "fips_code": "f06109", "huc_code": "h18040009", "quad_code": "q38122NEE3", "url": "https://mrdata.usgs.gov/mrds/show-mrds.php?dep_id=10238637", "code_list": "AU", "_layer": "mrds"}}, {"type": "Feature", "geometry": {"type": "Point", "coordinates": [-120.4124, 37.91382]}, "properties": {"dep_id": "10238710", "site_name": "No One", "dev_stat": "Unknown", "fips_code": "f06109", "huc_code": "h18040009", "quad_code": "q38122NEE1", "url": "https://mrdata.usgs.gov/mrds/show-mrds.php?dep_id=10238710", "code_list": "AU", "_layer": "mrds"}}, {"type": "Feature", "geometry": {"type": "Point", "coordinates": [-120.4388, 37.96131]}, "properties": {"dep_id": "10238901", "site_name": "Table Mountain", "dev_stat": "Occurrence", "fips_code": "f06109", "huc_code": "h18040009", "quad_code": "q38122NEE1", "url": "https://mrdata.usgs.gov/mrds/show-mrds.php?dep_id=10238901", "code_list": "AU", "_layer": "mrds"}}, {"type": "Feature", "geometry": {"type": "Point", "coordinates": [-120.5038, 37.90932]}, "properties": {"dep_id": "10257093", "site_name": "Reported Occurrences", "dev_stat": "Unknown", "fips_code": "f06109", "huc_code": "h18040010", "quad_code": "q38122NED1", "url": "https://mrdata.usgs.gov/mrds/show-mrds.php?dep_id=10257093", "code_list": "CR", "_layer": "mrds"}}, {"type": "Feature", "geometry": {"type": "Point", "coordinates": [-120.4593, 37.99601]}, "properties": {"dep_id": "10262900", "site_name": "Jackson Flat and Parallel", "dev_stat": "Unknown", "fips_code": "f06109", "huc_code": "h18040010", "quad_code": "q38122NEE1", "url": "https://mrdata.usgs.gov/mrds/show-mrds.php?dep_id=10262900", "code_list": "AU", "_layer": "mrds"}}, {"type": "Feature", "geometry": {"type": "Point", "coordinates": [-120.4713, 37.97681]}, "properties": {"dep_id": "10262919", "site_name": "Fischer", "dev_stat": "Unknown", "fips_code": "f06109", "huc_code": "h18040010", "quad_code": "q38122NEE1", "url": "https://mrdata.usgs.gov/mrds/show-mrds.php?dep_id=10262919", "code_list": "AU", "_layer": "mrds"}}, {"type": "Feature", "geometry": {"type": "Point", "coordinates": [-120.4018, 37.87962]}, "properties": {"dep_id": "10263073", "site_name": "Lula", "dev_stat": "Unknown", "fips_code": "f06109", "huc_code": "h18040009", "quad_code": "q38122NEE1", "url": "https://mrdata.usgs.gov/mrds/show-mrds.php?dep_id=10263073", "code_list": "AU", "_layer": "mrds"}}, {"type": "Feature", "geometry": {"type": "Point", "coordinates": [-120.3974, 37.86852]}, "properties": {"dep_id": "10263105", "site_name": "Raymon", "dev_stat": "Unknown", "fips_code": "f06109", "huc_code": "h18040009", "quad_code": "q38122NEE2", "url": "https://mrdata.usgs.gov/mrds/show-mrds.php?dep_id=10263105", "code_list": "AU", "_layer": "mrds"}}, {"type": "Feature", "geometry": {"type": "Point", "coordinates": [-120.4627, 37.98491]}, "properties": {"dep_id": "10263132", "site_name": "Nut Pine", "dev_stat": "Unknown", "fips_code": "f06109", "huc_code": "h18040010", "quad_code": "q38122NEE1", "url": "https://mrdata.usgs.gov/mrds/show-mrds.php?dep_id=10263132", "code_list": "AU", "_layer": "mrds"}}, {"type": "Feature", "geometry": {"type": "Point", "coordinates": [-120.536, 37.93131]}, "properties": {"dep_id": "10263290", "site_name": "Central", "dev_stat": "Unknown", "fips_code": "f06109", "huc_code": "h18040010", "quad_code": "q38122NED1", "url": "https://mrdata.usgs.gov/mrds/show-mrds.php?dep_id=10263290", "code_list": "AU", "_layer": "mrds"}}, {"type": "Feature", "geometry": {"type": "Point", "coordinates": [-120.471, 37.99051]}, "properties": {"dep_id": "10263342", "site_name": "Wise", "dev_stat": "Prospect", "fips_code": "f06109", "huc_code": "h18040010", "quad_code": "q38122NEE1", "url": "https://mrdata.usgs.gov/mrds/show-mrds.php?dep_id=10263342", "code_list": "AU", "_layer": "mrds"}}, {"type": "Feature", "geometry": {"type": "Point", "coordinates": [-120.401, 37.86802]}, "properties": {"dep_id": "10263347", "site_name": "Eagle-Shawmut Mine", "dev_stat": "Past Producer", "fips_code": "f06109", "huc_code": "h18040009", "quad_code": "q38122NEE2", "url": "https://mrdata.usgs.gov/mrds/show-mrds.php?dep_id=10263347", "code_list": "AU AG", "_layer": "mrds"}}, {"type": "Feature", "geometry": {"type": "Point", "coordinates": [-120.4188, 37.92242]}, "properties": {"dep_id": "10263469", "site_name": "Grey Eagle", "dev_stat": "Unknown", "fips_code": "f06109", "huc_code": "h18040009", "quad_code": "q38122NEE1", "url": "https://mrdata.usgs.gov/mrds/show-mrds.php?dep_id=10263469", "code_list": "AU", "_layer": "mrds"}}, {"type": "Feature", "geometry": {"type": "Point", "coordinates": [-120.3813, 37.93682]}, "properties": {"dep_id": "10263477", "site_name": "Last Chance", "dev_stat": "Unknown", "fips_code": "f06109", "huc_code": "h18040009", "quad_code": "q38122NEE1", "url": "https://mrdata.usgs.gov/mrds/show-mrds.php?dep_id=10263477", "code_list": "AU", "_layer": "mrds"}}, {"type": "Feature", "geometry": {"type": "Point", "coordinates": [-120.401, 37.87912]}, "properties": {"dep_id": "10263520", "site_name": "Belchar", "dev_stat": "Unknown", "fips_code": "f06109", "huc_code": "h18040009", "quad_code": "q38122NEE1", "url": "https://mrdata.usgs.gov/mrds/show-mrds.php?dep_id=10263520", "code_list": "AU", "_layer": "mrds"}}, {"type": "Feature", "geometry": {"type": "Point", "coordinates": [-120.3041, 37.90432]}, "properties": {"dep_id": "10280718", "site_name": "Mayhall Ranch", "dev_stat": "Prospect", "fips_code": "f06109", "huc_code": "h18040009", "quad_code": "q38122NEF1", "url": "https://mrdata.usgs.gov/mrds/show-mrds.php?dep_id=10280718", "code_list": "LST_D", "_layer": "mrds"}}, {"type": "Feature", "geometry": {"type": "Point", "coordinates": [-120.4891, 37.90412]}, "properties": {"dep_id": "10281497", "site_name": "Moyle and Seco Lease", "dev_stat": "Past Producer", "fips_code": "f06109", "huc_code": "h18040010", "quad_code": "q38122NEE1", "url": "https://mrdata.usgs.gov/mrds/show-mrds.php?dep_id=10281497", "code_list": "CR", "_layer": "mrds"}}, {"type": "Feature", "geometry": {"type": "Point", "coordinates": [-120.2877, 37.90212]}, "properties": {"dep_id": "10287179", "site_name": "Woodham Ranch Deposits", "dev_stat": "Prospect", "fips_code": "f06109", "huc_code": "h18040009", "quad_code": "q38122NEF1", "url": "https://mrdata.usgs.gov/mrds/show-mrds.php?dep_id=10287179", "code_list": "LST_D", "_layer": "mrds"}}, {"type": "Feature", "geometry": {"type": "Point", "coordinates": [-120.416, 37.89132]}, "properties": {"dep_id": "10287214", "site_name": "Malone", "dev_stat": "Unknown", "fips_code": "f06109", "huc_code": "h18040009", "quad_code": "q38122NEE1", "url": "https://mrdata.usgs.gov/mrds/show-mrds.php?dep_id=10287214", "code_list": "AU", "_layer": "mrds"}}, {"type": "Feature", "geometry": {"type": "Point", "coordinates": [-120.3854, 37.85382]}, "properties": {"dep_id": "10287247", "site_name": "Mammoth", "dev_stat": "Past Producer", "fips_code": "f06109", "huc_code": "h18040009", "quad_code": "q38122NEE2", "url": "https://mrdata.usgs.gov/mrds/show-mrds.php?dep_id=10287247", "code_list": "AU", "_layer": "mrds"}}, {"type": "Feature", "geometry": {"type": "Point", "coordinates": [-120.3182, 37.82772]}, "properties": {"dep_id": "10287284", "site_name": "Black Hawk", "dev_stat": "Unknown", "fips_code": "f06109", "huc_code": "h18040009", "quad_code": "q38122NEF2", "url": "https://mrdata.usgs.gov/mrds/show-mrds.php?dep_id=10287284", "code_list": "AU", "_layer": "mrds"}}, {"type": "Feature", "geometry": {"type": "Point", "coordinates": [-120.3993, 37.79992]}, "properties": {"dep_id": "10287446", "site_name": "De Stratton", "dev_stat": "Unknown", "fips_code": "f06109", "huc_code": "h18040009", "quad_code": "q38122NEE2", "url": "https://mrdata.usgs.gov/mrds/show-mrds.php?dep_id=10287446", "code_list": "AU", "_layer": "mrds"}}, {"type": "Feature", "geometry": {"type": "Point", "coordinates": [-120.3907, 37.89212]}, "properties": {"dep_id": "10287476", "site_name": "Dredge Tailings", "dev_stat": "Unknown", "fips_code": "f06109", "huc_code": "h18040009", "quad_code": "q38122NEE1", "url": "https://mrdata.usgs.gov/mrds/show-mrds.php?dep_id=10287476", "code_list": "AU", "_layer": "mrds"}}, {"type": "Feature", "geometry": {"type": "Point", "coordinates": [-120.3766, 37.98551]}, "properties": {"dep_id": "10287521", "site_name": "Baer", "dev_stat": "Unknown", "fips_code": "f06109", "huc_code": "h18040009", "quad_code": "q38122NEE1", "url": "https://mrdata.usgs.gov/mrds/show-mrds.php?dep_id=10287521", "code_list": "AU", "_layer": "mrds"}}, {"type": "Feature", "geometry": {"type": "Point", "coordinates": [-120.3568, 37.84632]}, "properties": {"dep_id": "10287558", "site_name": "Kelly and Mother Lode", "dev_stat": "Past Producer", "fips_code": "f06109", "huc_code": "h18040009", "quad_code": "q38122NEF2", "url": "https://mrdata.usgs.gov/mrds/show-mrds.php?dep_id=10287558", "code_list": "AU", "_layer": "mrds"}}, {"type": "Feature", "geometry": {"type": "Point", "coordinates": [-120.4802, 37.99271]}, "properties": {"dep_id": "10287603", "site_name": "Montreal Cons", "dev_stat": "Unknown", "fips_code": "f06109", "huc_code": "h18040010", "quad_code": "q38122NEE1", "url": "https://mrdata.usgs.gov/mrds/show-mrds.php?dep_id=10287603", "code_list": "AU", "_layer": "mrds"}}, {"type": "Feature", "geometry": {"type": "Point", "coordinates": [-120.331, 37.82912]}, "properties": {"dep_id": "10287698", "site_name": "Chance", "dev_stat": "Unknown", "fips_code": "f06109", "huc_code": "h18040009", "quad_code": "q38122NEF2", "url": "https://mrdata.usgs.gov/mrds/show-mrds.php?dep_id=10287698", "code_list": "AU", "_layer": "mrds"}}, {"type": "Feature", "geometry": {"type": "Point", "coordinates": [-120.4777, 37.99521]}, "properties": {"dep_id": "10304792", "site_name": "Atlas", "dev_stat": "Occurrence", "fips_code": "f06109", "huc_code": "h18040010", "quad_code": "q38122NEE1", "url": "https://mrdata.usgs.gov/mrds/show-mrds.php?dep_id=10304792", "code_list": "AU AG", "_layer": "mrds"}}, {"type": "Feature", "geometry": {"type": "Point", "coordinates": [-120.39564, 37.86689]}, "properties": {"dep_id": "10310611", "site_name": "Eagle-Shawmut Mine", "dev_stat": "Past Producer", "fips_code": "f06109", "huc_code": "h18040009", "quad_code": "q38122NEE2", "url": "https://mrdata.usgs.gov/mrds/show-mrds.php?dep_id=10310611", "code_list": "AU AG CU", "_layer": "mrds"}}, {"type": "Feature", "geometry": {"type": "Point", "coordinates": [-119.62178, 38.17102]}, "properties": {"dep_id": "10166326", "site_name": "Snow Lake", "dev_stat": "Prospect", "fips_code": "f06109", "huc_code": "h18040009", "quad_code": "q39120SWD3", "url": "https://mrdata.usgs.gov/mrds/show-mrds.php?dep_id=10166326", "code_list": "W", "_layer": "mrds"}}, {"type": "Feature", "geometry": {"type": "Point", "coordinates": [-120.38433, 37.98324]}, "properties": {"dep_id": "10072447", "site_name": "Sonora", "dev_stat": "Producer", "fips_code": "f06109", "huc_code": "h18040009", "quad_code": "q38122NEE1", "url": "https://mrdata.usgs.gov/mrds/show-mrds.php?dep_id=10072447", "code_list": "AU AG", "_layer": "mrds"}}, {"type": "Feature", "geometry": {"type": "Point", "coordinates": [-120.45933, 37.97241]}, "properties": {"dep_id": "10077889", "site_name": "Alameda", "dev_stat": "Past Producer", "fips_code": "f06109", "huc_code": "h18040010", "quad_code": "q38122NEE1", "url": "https://mrdata.usgs.gov/mrds/show-mrds.php?dep_id=10077889", "code_list": "AU", "_layer": "mrds"}}, {"type": "Feature", "geometry": {"type": "Point", "coordinates": [-120.44406, 37.9563]}, "properties": {"dep_id": "10077893", "site_name": "Alabama", "dev_stat": "Producer", "fips_code": "f06109", "huc_code": "h18040009", "quad_code": "q38122NEE1", "url": "https://mrdata.usgs.gov/mrds/show-mrds.php?dep_id=10077893", "code_list": "AU", "_layer": "mrds"}}, {"type": "Feature", "geometry": {"type": "Point", "coordinates": [-120.43406, 37.94548]}, "properties": {"dep_id": "10077896", "site_name": "Little Gem", "dev_stat": "Past Producer", "fips_code": "f06109", "huc_code": "h18040009", "quad_code": "q38122NEE1", "url": "https://mrdata.usgs.gov/mrds/show-mrds.php?dep_id=10077896", "code_list": "AU", "_layer": "mrds"}}, {"type": "Feature", "geometry": {"type": "Point", "coordinates": [-120.38961, 38.06297]}, "properties": {"dep_id": "10077907", "site_name": "Experimental", "dev_stat": "Past Producer", "fips_code": "f06109", "huc_code": "h18040010", "quad_code": "q39122SEE4", "url": "https://mrdata.usgs.gov/mrds/show-mrds.php?dep_id=10077907", "code_list": "AU AG CU PB", "_layer": "mrds"}}, {"type": "Feature", "geometry": {"type": "Point", "coordinates": [-120.43739, 38.05352]}, "properties": {"dep_id": "10077908", "site_name": "Densmore & Young America", "dev_stat": "Past Producer", "fips_code": "f06109", "huc_code": "h18040010", "quad_code": "q39122SEE4", "url": "https://mrdata.usgs.gov/mrds/show-mrds.php?dep_id=10077908", "code_list": "AU PB", "_layer": "mrds"}}, {"type": "Feature", "geometry": {"type": "Point", "coordinates": [-120.42461, 38.03574]}, "properties": {"dep_id": "10077909", "site_name": "Springfield Drift Mine", "dev_stat": "Producer", "fips_code": "f06109", "huc_code": "h18040010", "quad_code": "q39122SEE4", "url": "https://mrdata.usgs.gov/mrds/show-mrds.php?dep_id=10077909", "code_list": "AU", "_layer": "mrds"}}, {"type": "Feature", "geometry": {"type": "Point", "coordinates": [-120.46294, 38.00408]}, "properties": {"dep_id": "10077917", "site_name": "Grand Turk", "dev_stat": "Past Producer", "fips_code": "f06109", "huc_code": "h18040010", "quad_code": "q39122SEE4", "url": "https://mrdata.usgs.gov/mrds/show-mrds.php?dep_id=10077917", "code_list": "AU", "_layer": "mrds"}}, {"type": "Feature", "geometry": {"type": "Point", "coordinates": [-120.47433, 37.9963]}, "properties": {"dep_id": "10077918", "site_name": "Patterson and Lennon Mines", "dev_stat": "Past Producer", "fips_code": "f06109", "huc_code": "h18040010", "quad_code": "q38122NEE1", "url": "https://mrdata.usgs.gov/mrds/show-mrds.php?dep_id=10077918", "code_list": "AU", "_layer": "mrds"}}, {"type": "Feature", "geometry": {"type": "Point", "coordinates": [-120.47878, 37.98991]}, "properties": {"dep_id": "10077922", "site_name": "Bell", "dev_stat": "Past Producer", "fips_code": "f06109", "huc_code": "h18040010", "quad_code": "q38122NEE1", "url": "https://mrdata.usgs.gov/mrds/show-mrds.php?dep_id=10077922", "code_list": "AU", "_layer": "mrds"}}, {"type": "Feature", "geometry": {"type": "Point", "coordinates": [-120.36628, 38.04991]}, "properties": {"dep_id": "10077941", "site_name": "Shanghai", "dev_stat": "Past Producer", "fips_code": "f06109", "huc_code": "h18040009", "quad_code": "q39122SEF4", "url": "https://mrdata.usgs.gov/mrds/show-mrds.php?dep_id=10077941", "code_list": "AU", "_layer": "mrds"}}, {"type": "Feature", "geometry": {"type": "Point", "coordinates": [-120.36961, 38.12769]}, "properties": {"dep_id": "10077945", "site_name": "Snell", "dev_stat": "Producer", "fips_code": "f06109", "huc_code": "h18040010", "quad_code": "q39122SEF3", "url": "https://mrdata.usgs.gov/mrds/show-mrds.php?dep_id=10077945", "code_list": "AU", "_layer": "mrds"}}, {"type": "Feature", "geometry": {"type": "Point", "coordinates": [-120.43767, 37.94631]}, "properties": {"dep_id": "10077946", "site_name": "Harvard Mine Group", "dev_stat": "Past Producer", "fips_code": "f06109", "huc_code": "h18040009", "quad_code": "q38122NEE1", "url": "https://mrdata.usgs.gov/mrds/show-mrds.php?dep_id=10077946", "code_list": "AU", "_layer": "mrds"}}, {"type": "Feature", "geometry": {"type": "Point", "coordinates": [-120.38267, 38.13297]}, "properties": {"dep_id": "10103063", "site_name": "Deer Lodge", "dev_stat": "Past Producer", "fips_code": "f06009", "huc_code": "h18040010", "quad_code": "q39122SEE3", "url": "https://mrdata.usgs.gov/mrds/show-mrds.php?dep_id=10103063", "code_list": "AU", "_layer": "mrds"}}, {"type": "Feature", "geometry": {"type": "Point", "coordinates": [-120.43711, 37.94714]}, "properties": {"dep_id": "10105955", "site_name": "Gem", "dev_stat": "Past Producer", "fips_code": "f06109", "huc_code": "h18040009", "quad_code": "q38122NEE1", "url": "https://mrdata.usgs.gov/mrds/show-mrds.php?dep_id=10105955", "code_list": "AU", "_layer": "mrds"}}, {"type": "Feature", "geometry": {"type": "Point", "coordinates": [-120.46183, 37.98463]}, "properties": {"dep_id": "10109425", "site_name": "Altamont", "dev_stat": "Producer", "fips_code": "f06109", "huc_code": "h18040010", "quad_code": "q38122NEE1", "url": "https://mrdata.usgs.gov/mrds/show-mrds.php?dep_id=10109425", "code_list": "AU", "_layer": "mrds"}}, {"type": "Feature", "geometry": {"type": "Point", "coordinates": [-120.36906, 37.98435]}, "properties": {"dep_id": "10109427", "site_name": "Baer", "dev_stat": "Producer", "fips_code": "f06109", "huc_code": "h18040009", "quad_code": "q38122NEF1", "url": "https://mrdata.usgs.gov/mrds/show-mrds.php?dep_id=10109427", "code_list": "AU", "_layer": "mrds"}}, {"type": "Feature", "geometry": {"type": "Point", "coordinates": [-120.42406, 38.0563]}, "properties": {"dep_id": "10109435", "site_name": "Gem", "dev_stat": "Producer", "fips_code": "f06109", "huc_code": "h18040010", "quad_code": "q39122SEE4", "url": "https://mrdata.usgs.gov/mrds/show-mrds.php?dep_id=10109435", "code_list": "AU", "_layer": "mrds"}}, {"type": "Feature", "geometry": {"type": "Point", "coordinates": [-120.45989, 37.97241]}, "properties": {"dep_id": "10109444", "site_name": "Isabella & Gem", "dev_stat": "Producer", "fips_code": "f06109", "huc_code": "h18040010", "quad_code": "q38122NEE1", "url": "https://mrdata.usgs.gov/mrds/show-mrds.php?dep_id=10109444", "code_list": "AU", "_layer": "mrds"}}, {"type": "Feature", "geometry": {"type": "Point", "coordinates": [-120.38656, 38.05685]}, "properties": {"dep_id": "10109446", "site_name": "John Royal", "dev_stat": "Producer", "fips_code": "f06109", "huc_code": "h18040010", "quad_code": "q39122SEE4", "url": "https://mrdata.usgs.gov/mrds/show-mrds.php?dep_id=10109446", "code_list": "AU", "_layer": "mrds"}}, {"type": "Feature", "geometry": {"type": "Point", "coordinates": [-120.45322, 37.96158]}, "properties": {"dep_id": "10111230", "site_name": "Premier Asbestos", "dev_stat": "Producer", "fips_code": "f06109", "huc_code": "h18040010", "quad_code": "q38122NEE1", "url": "https://mrdata.usgs.gov/mrds/show-mrds.php?dep_id=10111230", "code_list": "ASB", "_layer": "mrds"}}, {"type": "Feature", "geometry": {"type": "Point", "coordinates": [-120.43517, 38.04158]}, "properties": {"dep_id": "10111233", "site_name": "Morgan", "dev_stat": "Producer", "fips_code": "f06109", "huc_code": "h18040010", "quad_code": "q39122SEE4", "url": "https://mrdata.usgs.gov/mrds/show-mrds.php?dep_id=10111233", "code_list": "GRF", "_layer": "mrds"}}, {"type": "Feature", "geometry": {"type": "Point", "coordinates": [-120.40461, 38.03463]}, "properties": {"dep_id": "10111234", "site_name": "Bell Columbia Marble Quarry", "dev_stat": "Producer", "fips_code": "f06109", "huc_code": "h18040010", "quad_code": "q39122SEE4", "url": "https://mrdata.usgs.gov/mrds/show-mrds.php?dep_id=10111234", "code_list": "MBL", "_layer": "mrds"}}, {"type": "Feature", "geometry": {"type": "Point", "coordinates": [-120.37989, 38.01769]}, "properties": {"dep_id": "10111236", "site_name": "Eureka Plumbago", "dev_stat": "Producer", "fips_code": "f06109", "huc_code": "h18040009", "quad_code": "q39122SEE4", "url": "https://mrdata.usgs.gov/mrds/show-mrds.php?dep_id=10111236", "code_list": "GRF", "_layer": "mrds"}}, {"type": "Feature", "geometry": {"type": "Point", "coordinates": [-120.43128, 38.0038]}, "properties": {"dep_id": "10111237", "site_name": "Bedrock Blue Gravel", "dev_stat": "Producer", "fips_code": "f06109", "huc_code": "h18040010", "quad_code": "q39122SEE4", "url": "https://mrdata.usgs.gov/mrds/show-mrds.php?dep_id=10111237", "code_list": "AU", "_layer": "mrds"}}, {"type": "Feature", "geometry": {"type": "Point", "coordinates": [-120.3854, 38.02851]}, "properties": {"dep_id": "10117211", "site_name": "George Mullins Company", "dev_stat": "Past Producer", "fips_code": "f06109", "huc_code": "h18040009", "quad_code": "q39122SEE4", "url": "https://mrdata.usgs.gov/mrds/show-mrds.php?dep_id=10117211", "code_list": "AU", "_layer": "mrds"}}, {"type": "Feature", "geometry": {"type": "Point", "coordinates": [-120.4477, 37.95681]}, "properties": {"dep_id": "10117288", "site_name": "Ophir", "dev_stat": "Unknown", "fips_code": "f06109", "huc_code": "h18040009", "quad_code": "q38122NEE1", "url": "https://mrdata.usgs.gov/mrds/show-mrds.php?dep_id=10117288", "code_list": "AU", "_layer": "mrds"}}, {"type": "Feature", "geometry": {"type": "Point", "coordinates": [-120.3974, 37.97301]}, "properties": {"dep_id": "10117356", "site_name": "Rainbow", "dev_stat": "Unknown", "fips_code": "f06109", "huc_code": "h18040009", "quad_code": "q38122NEE1", "url": "https://mrdata.usgs.gov/mrds/show-mrds.php?dep_id=10117356", "code_list": "AU", "_layer": "mrds"}}, {"type": "Feature", "geometry": {"type": "Point", "coordinates": [-120.4063, 38.05101]}, "properties": {"dep_id": "10117418", "site_name": "Port Stockton Cement Company", "dev_stat": "Occurrence", "fips_code": "f06109", "huc_code": "h18040010", "quad_code": "q39122SEE4", "url": "https://mrdata.usgs.gov/mrds/show-mrds.php?dep_id=10117418", "code_list": "LST_D", "_layer": "mrds"}}, {"type": "Feature", "geometry": {"type": "Point", "coordinates": [-120.3882, 38.03681]}, "properties": {"dep_id": "10117423", "site_name": "Ingolotti and Company", "dev_stat": "Unknown", "fips_code": "f06109", "huc_code": "h18040009", "quad_code": "q39122SEE4", "url": "https://mrdata.usgs.gov/mrds/show-mrds.php?dep_id=10117423", "code_list": "AU", "_layer": "mrds"}}, {"type": "Feature", "geometry": {"type": "Point", "coordinates": [-120.466, 37.99601]}, "properties": {"dep_id": "10117713", "site_name": "Lisonjera", "dev_stat": "Unknown", "fips_code": "f06109", "huc_code": "h18040010", "quad_code": "q38122NEE1", "url": "https://mrdata.usgs.gov/mrds/show-mrds.php?dep_id=10117713", "code_list": "AU", "_layer": "mrds"}}, {"type": "Feature", "geometry": {"type": "Point", "coordinates": [-120.3449, 38.08711]}, "properties": {"dep_id": "10117823", "site_name": "Windeler", "dev_stat": "Occurrence", "fips_code": "f06109", "huc_code": "h18040010", "quad_code": "q39122SEF4", "url": "https://mrdata.usgs.gov/mrds/show-mrds.php?dep_id=10117823", "code_list": "MN", "_layer": "mrds"}}, {"type": "Feature", "geometry": {"type": "Point", "coordinates": [-120.3716, 38.03301]}, "properties": {"dep_id": "10117877", "site_name": "Hard Gravel", "dev_stat": "Occurrence", "fips_code": "f06109", "huc_code": "h18040009", "quad_code": "q39122SEF4", "url": "https://mrdata.usgs.gov/mrds/show-mrds.php?dep_id=10117877", "code_list": "AU", "_layer": "mrds"}}, {"type": "Feature", "geometry": {"type": "Point", "coordinates": [-120.4163, 37.99351]}, "properties": {"dep_id": "10135134", "site_name": "Peppermint Falls", "dev_stat": "Unknown", "fips_code": "f06109", "huc_code": "h18040009", "quad_code": "q38122NEE1", "url": "https://mrdata.usgs.gov/mrds/show-mrds.php?dep_id=10135134", "code_list": "AU", "_layer": "mrds"}}, {"type": "Feature", "geometry": {"type": "Point", "coordinates": [-120.4099, 38.09601]}, "properties": {"dep_id": "10138493", "site_name": "Ozark", "dev_stat": "Unknown", "fips_code": "f06109", "huc_code": "h18040010", "quad_code": "q39122SEE4", "url": "https://mrdata.usgs.gov/mrds/show-mrds.php?dep_id=10138493", "code_list": "AU", "_layer": "mrds"}}, {"type": "Feature", "geometry": {"type": "Point", "coordinates": [-120.4804, 37.99711]}, "properties": {"dep_id": "10141208", "site_name": "Carrington Group", "dev_stat": "Unknown", "fips_code": "f06109", "huc_code": "h18040010", "quad_code": "q38122NEE1", "url": "https://mrdata.usgs.gov/mrds/show-mrds.php?dep_id=10141208", "code_list": "AU", "_layer": "mrds"}}, {"type": "Feature", "geometry": {"type": "Point", "coordinates": [-120.4532, 37.94572]}, "properties": {"dep_id": "10141387", "site_name": "Tiger", "dev_stat": "Unknown", "fips_code": "f06109", "huc_code": "h18040009", "quad_code": "q38122NEE1", "url": "https://mrdata.usgs.gov/mrds/show-mrds.php?dep_id=10141387", "code_list": "AU", "_layer": "mrds"}}, {"type": "Feature", "geometry": {"type": "Point", "coordinates": [-120.3935, 37.95662]}, "properties": {"dep_id": "10141396", "site_name": "Behlow Fischer Behlow Ext", "dev_stat": "Unknown", "fips_code": "f06109", "huc_code": "h18040009", "quad_code": "q38122NEE1", "url": "https://mrdata.usgs.gov/mrds/show-mrds.php?dep_id=10141396", "code_list": "AU", "_layer": "mrds"}}, {"type": "Feature", "geometry": {"type": "Point", "coordinates": [-120.3782, 38.02021]}, "properties": {"dep_id": "10141398", "site_name": "National", "dev_stat": "Unknown", "fips_code": "f06109", "huc_code": "h18040009", "quad_code": "q39122SEE4", "url": "https://mrdata.usgs.gov/mrds/show-mrds.php?dep_id=10141398", "code_list": "AU", "_layer": "mrds"}}, {"type": "Feature", "geometry": {"type": "Point", "coordinates": [-120.4068, 38.01071]}, "properties": {"dep_id": "10141481", "site_name": "White Quarry", "dev_stat": "Producer", "fips_code": "f06109", "huc_code": "h18040010", "quad_code": "q39122SEE4", "url": "https://mrdata.usgs.gov/mrds/show-mrds.php?dep_id=10141481", "code_list": "PUM LST", "_layer": "mrds"}}, {"type": "Feature", "geometry": {"type": "Point", "coordinates": [-120.3516, 38.08821]}, "properties": {"dep_id": "10141482", "site_name": "Bailey Ranch", "dev_stat": "Prospect", "fips_code": "f06109", "huc_code": "h18040010", "quad_code": "q39122SEF4", "url": "https://mrdata.usgs.gov/mrds/show-mrds.php?dep_id=10141482", "code_list": "AU", "_layer": "mrds"}}, {"type": "Feature", "geometry": {"type": "Point", "coordinates": [-120.3971, 37.98681]}, "properties": {"dep_id": "10141821", "site_name": "San Guiseppe", "dev_stat": "Occurrence", "fips_code": "f06109", "huc_code": "h18040009", "quad_code": "q38122NEE1", "url": "https://mrdata.usgs.gov/mrds/show-mrds.php?dep_id=10141821", "code_list": "AU", "_layer": "mrds"}}, {"type": "Feature", "geometry": {"type": "Point", "coordinates": [-120.4824, 37.96381]}, "properties": {"dep_id": "10141847", "site_name": "Pino Blanco", "dev_stat": "Unknown", "fips_code": "f06109", "huc_code": "h18040010", "quad_code": "q38122NEE1", "url": "https://mrdata.usgs.gov/mrds/show-mrds.php?dep_id=10141847", "code_list": "AU AG", "_layer": "mrds"}}, {"type": "Feature", "geometry": {"type": "Point", "coordinates": [-120.361, 38.01381]}, "properties": {"dep_id": "10165567", "site_name": "Sevart Cons", "dev_stat": "Occurrence", "fips_code": "f06109", "huc_code": "h18040009", "quad_code": "q39122SEF4", "url": "https://mrdata.usgs.gov/mrds/show-mrds.php?dep_id=10165567", "code_list": "AU", "_layer": "mrds"}}, {"type": "Feature", "geometry": {"type": "Point", "coordinates": [-120.461, 37.99661]}, "properties": {"dep_id": "10165577", "site_name": "Independence", "dev_stat": "Unknown", "fips_code": "f06109", "huc_code": "h18040010", "quad_code": "q38122NEE1", "url": "https://mrdata.usgs.gov/mrds/show-mrds.php?dep_id=10165577", "code_list": "AU", "_layer": "mrds"}}, {"type": "Feature", "geometry": {"type": "Point", "coordinates": [-120.4382, 37.94552]}, "properties": {"dep_id": "10165658", "site_name": "Harvard Mine", "dev_stat": "Occurrence", "fips_code": "f06109", "huc_code": "h18040009", "quad_code": "q38122NEE1", "url": "https://mrdata.usgs.gov/mrds/show-mrds.php?dep_id=10165658", "code_list": "AU AG", "_layer": "mrds"}}, {"type": "Feature", "geometry": {"type": "Point", "coordinates": [-120.3285, 38.03961]}, "properties": {"dep_id": "10165730", "site_name": "Hard Rock", "dev_stat": "Unknown", "fips_code": "f06109", "huc_code": "h18040009", "quad_code": "q39122SEF4", "url": "https://mrdata.usgs.gov/mrds/show-mrds.php?dep_id=10165730", "code_list": "AU", "_layer": "mrds"}}, {"type": "Feature", "geometry": {"type": "Point", "coordinates": [-120.3802, 37.99601]}, "properties": {"dep_id": "10165823", "site_name": "Stonewall", "dev_stat": "Past Producer", "fips_code": "f06109", "huc_code": "h18040009", "quad_code": "q38122NEE1", "url": "https://mrdata.usgs.gov/mrds/show-mrds.php?dep_id=10165823", "code_list": "AU", "_layer": "mrds"}}, {"type": "Feature", "geometry": {"type": "Point", "coordinates": [-120.4046, 38.02851]}, "properties": {"dep_id": "10166044", "site_name": "Peery", "dev_stat": "Past Producer", "fips_code": "f06109", "huc_code": "h18040010", "quad_code": "q39122SEE4", "url": "https://mrdata.usgs.gov/mrds/show-mrds.php?dep_id=10166044", "code_list": "AU AG", "_layer": "mrds"}}, {"type": "Feature", "geometry": {"type": "Point", "coordinates": [-120.336, 38.07351]}, "properties": {"dep_id": "10166075", "site_name": "Gold Placer", "dev_stat": "Unknown", "fips_code": "f06109", "huc_code": "h18040010", "quad_code": "q39122SEF4", "url": "https://mrdata.usgs.gov/mrds/show-mrds.php?dep_id=10166075", "code_list": "AU", "_layer": "mrds"}}, {"type": "Feature", "geometry": {"type": "Point", "coordinates": [-120.3877, 38.05381]}, "properties": {"dep_id": "10166286", "site_name": "Schoettgen Prospect", "dev_stat": "Occurrence", "fips_code": "f06109", "huc_code": "h18040010", "quad_code": "q39122SEE4", "url": "https://mrdata.usgs.gov/mrds/show-mrds.php?dep_id=10166286", "code_list": "MN", "_layer": "mrds"}}, {"type": "Feature", "geometry": {"type": "Point", "coordinates": [-120.3849, 37.97851]}, "properties": {"dep_id": "10190287", "site_name": "Cowen", "dev_stat": "Unknown", "fips_code": "f06109", "huc_code": "h18040009", "quad_code": "q38122NEE1", "url": "https://mrdata.usgs.gov/mrds/show-mrds.php?dep_id=10190287", "code_list": "AU", "_layer": "mrds"}}, {"type": "Feature", "geometry": {"type": "Point", "coordinates": [-120.4629, 37.97801]}, "properties": {"dep_id": "10190325", "site_name": "Tarantula", "dev_stat": "Past Producer", "fips_code": "f06109", "huc_code": "h18040010", "quad_code": "q38122NEE1", "url": "https://mrdata.usgs.gov/mrds/show-mrds.php?dep_id=10190325", "code_list": "AU", "_layer": "mrds"}}, {"type": "Feature", "geometry": {"type": "Point", "coordinates": [-120.3646, 38.05911]}, "properties": {"dep_id": "10190372", "site_name": "Hidden Treasure", "dev_stat": "Occurrence", "fips_code": "f06109", "huc_code": "h18040010", "quad_code": "q39122SEF4", "url": "https://mrdata.usgs.gov/mrds/show-mrds.php?dep_id=10190372", "code_list": "AU", "_layer": "mrds"}}, {"type": "Feature", "geometry": {"type": "Point", "coordinates": [-120.4588, 37.98881]}, "properties": {"dep_id": "10190393", "site_name": "Worcester", "dev_stat": "Unknown", "fips_code": "f06109", "huc_code": "h18040010", "quad_code": "q38122NEE1", "url": "https://mrdata.usgs.gov/mrds/show-mrds.php?dep_id=10190393", "code_list": "AU", "_layer": "mrds"}}, {"type": "Feature", "geometry": {"type": "Point", "coordinates": [-120.3799, 38.01771]}, "properties": {"dep_id": "10190453", "site_name": "Eureka Plumbago", "dev_stat": "Prospect", "fips_code": "f06109", "huc_code": "h18040009", "quad_code": "q39122SEE4", "url": "https://mrdata.usgs.gov/mrds/show-mrds.php?dep_id=10190453", "code_list": "GRF", "_layer": "mrds"}}, {"type": "Feature", "geometry": {"type": "Point", "coordinates": [-120.3732, 37.96432]}, "properties": {"dep_id": "10190471", "site_name": "Arroyo Gravel Mine", "dev_stat": "Occurrence", "fips_code": "f06109", "huc_code": "h18040009", "quad_code": "q38122NEF1", "url": "https://mrdata.usgs.gov/mrds/show-mrds.php?dep_id=10190471", "code_list": "AU", "_layer": "mrds"}}, {"type": "Feature", "geometry": {"type": "Point", "coordinates": [-120.4846, 37.98551]}, "properties": {"dep_id": "10190540", "site_name": "Boss", "dev_stat": "Unknown", "fips_code": "f06109", "huc_code": "h18040010", "quad_code": "q38122NEE1", "url": "https://mrdata.usgs.gov/mrds/show-mrds.php?dep_id=10190540", "code_list": "AU", "_layer": "mrds"}}, {"type": "Feature", "geometry": {"type": "Point", "coordinates": [-120.4841, 37.97711]}, "properties": {"dep_id": "10190750", "site_name": "Alhambra", "dev_stat": "Unknown", "fips_code": "f06109", "huc_code": "h18040010", "quad_code": "q38122NEE1", "url": "https://mrdata.usgs.gov/mrds/show-mrds.php?dep_id=10190750", "code_list": "AU", "_layer": "mrds"}}, {"type": "Feature", "geometry": {"type": "Point", "coordinates": [-120.446, 38.05911]}, "properties": {"dep_id": "10211661", "site_name": "Grasshopper", "dev_stat": "Unknown", "fips_code": "f06009", "huc_code": "h18040010", "quad_code": "q39122SEE4", "url": "https://mrdata.usgs.gov/mrds/show-mrds.php?dep_id=10211661", "code_list": "AU", "_layer": "mrds"}}, {"type": "Feature", "geometry": {"type": "Point", "coordinates": [-120.3616, 38.05801]}, "properties": {"dep_id": "10214136", "site_name": "Ridgeway", "dev_stat": "Occurrence", "fips_code": "f06109", "huc_code": "h18040010", "quad_code": "q39122SEF4", "url": "https://mrdata.usgs.gov/mrds/show-mrds.php?dep_id=10214136", "code_list": "AU", "_layer": "mrds"}}, {"type": "Feature", "geometry": {"type": "Point", "coordinates": [-120.3816, 38.00821]}, "properties": {"dep_id": "10214182", "site_name": "Little Leo", "dev_stat": "Unknown", "fips_code": "f06109", "huc_code": "h18040009", "quad_code": "q39122SEE4", "url": "https://mrdata.usgs.gov/mrds/show-mrds.php?dep_id=10214182", "code_list": "AU", "_layer": "mrds"}}, {"type": "Feature", "geometry": {"type": "Point", "coordinates": [-120.3874, 37.97132]}, "properties": {"dep_id": "10214259", "site_name": "Golden Sulphurst", "dev_stat": "Occurrence", "fips_code": "f06109", "huc_code": "h18040009", "quad_code": "q38122NEE1", "url": "https://mrdata.usgs.gov/mrds/show-mrds.php?dep_id=10214259", "code_list": "AU", "_layer": "mrds"}}, {"type": "Feature", "geometry": {"type": "Point", "coordinates": [-120.401, 38.05271]}, "properties": {"dep_id": "10214384", "site_name": "No Name", "dev_stat": "Occurrence", "fips_code": "f06109", "huc_code": "h18040010", "quad_code": "q39122SEE4", "url": "https://mrdata.usgs.gov/mrds/show-mrds.php?dep_id=10214384", "code_list": "LST_D", "_layer": "mrds"}}, {"type": "Feature", "geometry": {"type": "Point", "coordinates": [-120.4113, 38.00881]}, "properties": {"dep_id": "10214386", "site_name": "Mclean Limestone Deposit", "dev_stat": "Occurrence", "fips_code": "f06109", "huc_code": "h18040010", "quad_code": "q39122SEE4", "url": "https://mrdata.usgs.gov/mrds/show-mrds.php?dep_id=10214386", "code_list": "STN_C", "_layer": "mrds"}}, {"type": "Feature", "geometry": {"type": "Point", "coordinates": [-120.4771, 37.98131]}, "properties": {"dep_id": "10214416", "site_name": "Bell", "dev_stat": "Past Producer", "fips_code": "f06109", "huc_code": "h18040010", "quad_code": "q38122NEE1", "url": "https://mrdata.usgs.gov/mrds/show-mrds.php?dep_id=10214416", "code_list": "AU", "_layer": "mrds"}}, {"type": "Feature", "geometry": {"type": "Point", "coordinates": [-120.3882, 38.07051]}, "properties": {"dep_id": "10214562", "site_name": "Pine Log", "dev_stat": "Occurrence", "fips_code": "f06109", "huc_code": "h18040010", "quad_code": "q39122SEE4", "url": "https://mrdata.usgs.gov/mrds/show-mrds.php?dep_id=10214562", "code_list": "AU", "_layer": "mrds"}}, {"type": "Feature", "geometry": {"type": "Point", "coordinates": [-120.3413, 38.12021]}, "properties": {"dep_id": "10214672", "site_name": "Contention", "dev_stat": "Occurrence", "fips_code": "f06109", "huc_code": "h18040010", "quad_code": "q39122SEF4", "url": "https://mrdata.usgs.gov/mrds/show-mrds.php?dep_id=10214672", "code_list": "AU CU MO", "_layer": "mrds"}}, {"type": "Feature", "geometry": {"type": "Point", "coordinates": [-120.3479, 38.11271]}, "properties": {"dep_id": "10214821", "site_name": "Glad Acres", "dev_stat": "Unknown", "fips_code": "f06109", "huc_code": "h18040010", "quad_code": "q39122SEF4", "url": "https://mrdata.usgs.gov/mrds/show-mrds.php?dep_id=10214821", "code_list": "AU", "_layer": "mrds"}}, {"type": "Feature", "geometry": {"type": "Point", "coordinates": [-120.4941, 38.00271]}, "properties": {"dep_id": "10238512", "site_name": "Jones", "dev_stat": "Occurrence", "fips_code": "f06109", "huc_code": "h18040010", "quad_code": "q39122SEE4", "url": "https://mrdata.usgs.gov/mrds/show-mrds.php?dep_id=10238512", "code_list": "AU", "_layer": "mrds"}}, {"type": "Feature", "geometry": {"type": "Point", "coordinates": [-120.5129, 37.95631]}, "properties": {"dep_id": "10238546", "site_name": "Monday", "dev_stat": "Prospect", "fips_code": "f06109", "huc_code": "h18040010", "quad_code": "q38122NED1", "url": "https://mrdata.usgs.gov/mrds/show-mrds.php?dep_id=10238546", "code_list": "AU", "_layer": "mrds"}}, {"type": "Feature", "geometry": {"type": "Point", "coordinates": [-120.3785, 38.06161]}, "properties": {"dep_id": "10238554", "site_name": "Old Tuolomne Cons", "dev_stat": "Unknown", "fips_code": "f06109", "huc_code": "h18040010", "quad_code": "q39122SEE4", "url": "https://mrdata.usgs.gov/mrds/show-mrds.php?dep_id=10238554", "code_list": "AU", "_layer": "mrds"}}, {"type": "Feature", "geometry": {"type": "Point", "coordinates": [-120.3893, 37.98961]}, "properties": {"dep_id": "10238604", "site_name": "Dorsey", "dev_stat": "Unknown", "fips_code": "f06109", "huc_code": "h18040009", "quad_code": "q38122NEE1", "url": "https://mrdata.usgs.gov/mrds/show-mrds.php?dep_id=10238604", "code_list": "AU", "_layer": "mrds"}}, {"type": "Feature", "geometry": {"type": "Point", "coordinates": [-120.4038, 38.05631]}, "properties": {"dep_id": "10238662", "site_name": "Old Dominion", "dev_stat": "Unknown", "fips_code": "f06109", "huc_code": "h18040010", "quad_code": "q39122SEE4", "url": "https://mrdata.usgs.gov/mrds/show-mrds.php?dep_id=10238662", "code_list": "AU", "_layer": "mrds"}}, {"type": "Feature", "geometry": {"type": "Point", "coordinates": [-120.3738, 38.12851]}, "properties": {"dep_id": "10238727", "site_name": "Sailor Boy", "dev_stat": "Occurrence", "fips_code": "f06109", "huc_code": "h18040010", "quad_code": "q39122SEF3", "url": "https://mrdata.usgs.gov/mrds/show-mrds.php?dep_id=10238727", "code_list": "AU", "_layer": "mrds"}}, {"type": "Feature", "geometry": {"type": "Point", "coordinates": [-120.3841, 37.99431]}, "properties": {"dep_id": "10238734", "site_name": "Hathway", "dev_stat": "Unknown", "fips_code": "f06109", "huc_code": "h18040009", "quad_code": "q38122NEE1", "url": "https://mrdata.usgs.gov/mrds/show-mrds.php?dep_id=10238734", "code_list": "AU", "_layer": "mrds"}}, {"type": "Feature", "geometry": {"type": "Point", "coordinates": [-120.4602, 37.97821]}, "properties": {"dep_id": "10238791", "site_name": "Olsen", "dev_stat": "Unknown", "fips_code": "f06109", "huc_code": "h18040010", "quad_code": "q38122NEE1", "url": "https://mrdata.usgs.gov/mrds/show-mrds.php?dep_id=10238791", "code_list": "AU", "_layer": "mrds"}}, {"type": "Feature", "geometry": {"type": "Point", "coordinates": [-120.3557, 38.14101]}, "properties": {"dep_id": "10238805", "site_name": "Ton", "dev_stat": "Prospect", "fips_code": "f06109", "huc_code": "h18040010", "quad_code": "q39122SEF3", "url": "https://mrdata.usgs.gov/mrds/show-mrds.php?dep_id=10238805", "code_list": "AU CU AG", "_layer": "mrds"}}, {"type": "Feature", "geometry": {"type": "Point", "coordinates": [-120.3896, 37.97212]}, "properties": {"dep_id": "10238815", "site_name": "Gerrymander Cons", "dev_stat": "Unknown", "fips_code": "f06109", "huc_code": "h18040009", "quad_code": "q38122NEE1", "url": "https://mrdata.usgs.gov/mrds/show-mrds.php?dep_id=10238815", "code_list": "AU", "_layer": "mrds"}}, {"type": "Feature", "geometry": {"type": "Point", "coordinates": [-120.3943, 38.06881]}, "properties": {"dep_id": "10238839", "site_name": "United", "dev_stat": "Unknown", "fips_code": "f06109", "huc_code": "h18040010", "quad_code": "q39122SEE4", "url": "https://mrdata.usgs.gov/mrds/show-mrds.php?dep_id=10238839", "code_list": "AU", "_layer": "mrds"}}, {"type": "Feature", "geometry": {"type": "Point", "coordinates": [-120.4863, 38.00801]}, "properties": {"dep_id": "10238884", "site_name": "Justice", "dev_stat": "Unknown", "fips_code": "f06109", "huc_code": "h18040010", "quad_code": "q39122SEE4", "url": "https://mrdata.usgs.gov/mrds/show-mrds.php?dep_id=10238884", "code_list": "AU", "_layer": "mrds"}}, {"type": "Feature", "geometry": {"type": "Point", "coordinates": [-120.4502, 37.96131]}, "properties": {"dep_id": "10262808", "site_name": "Omega Mine", "dev_stat": "Occurrence", "fips_code": "f06109", "huc_code": "h18040010", "quad_code": "q38122NEE1", "url": "https://mrdata.usgs.gov/mrds/show-mrds.php?dep_id=10262808", "code_list": "AU", "_layer": "mrds"}}, {"type": "Feature", "geometry": {"type": "Point", "coordinates": [-120.4627, 37.95491]}, "properties": {"dep_id": "10262930", "site_name": "Woods Creek", "dev_stat": "Past Producer", "fips_code": "f06109", "huc_code": "h18040010", "quad_code": "q38122NEE1", "url": "https://mrdata.usgs.gov/mrds/show-mrds.php?dep_id=10262930", "code_list": "AU", "_layer": "mrds"}}, {"type": "Feature", "geometry": {"type": "Point", "coordinates": [-120.4035, 38.00071]}, "properties": {"dep_id": "10263141", "site_name": "Harrington", "dev_stat": "Unknown", "fips_code": "f06109", "huc_code": "h18040009", "quad_code": "q39122SEE4", "url": "https://mrdata.usgs.gov/mrds/show-mrds.php?dep_id=10263141", "code_list": "AU", "_layer": "mrds"}}, {"type": "Feature", "geometry": {"type": "Point", "coordinates": [-120.4316, 38.01051]}, "properties": {"dep_id": "10263143", "site_name": "Red Mill", "dev_stat": "Unknown", "fips_code": "f06109", "huc_code": "h18040010", "quad_code": "q39122SEE4", "url": "https://mrdata.usgs.gov/mrds/show-mrds.php?dep_id=10263143", "code_list": "AU", "_layer": "mrds"}}, {"type": "Feature", "geometry": {"type": "Point", "coordinates": [-120.4246, 37.94882]}, "properties": {"dep_id": "10263175", "site_name": "Reported Occurence", "dev_stat": "Occurrence", "fips_code": "f06109", "huc_code": "h18040009", "quad_code": "q38122NEE1", "url": "https://mrdata.usgs.gov/mrds/show-mrds.php?dep_id=10263175", "code_list": "BE", "_layer": "mrds"}}, {"type": "Feature", "geometry": {"type": "Point", "coordinates": [-120.361, 38.04821]}, "properties": {"dep_id": "10263257", "site_name": "Specimen Gulch", "dev_stat": "Occurrence", "fips_code": "f06109", "huc_code": "h18040009", "quad_code": "q39122SEF4", "url": "https://mrdata.usgs.gov/mrds/show-mrds.php?dep_id=10263257", "code_list": "AU", "_layer": "mrds"}}, {"type": "Feature", "geometry": {"type": "Point", "coordinates": [-120.4104, 38.02711]}, "properties": {"dep_id": "10263482", "site_name": "Alves", "dev_stat": "Unknown", "fips_code": "f06109", "huc_code": "h18040010", "quad_code": "q39122SEE4", "url": "https://mrdata.usgs.gov/mrds/show-mrds.php?dep_id=10263482", "code_list": "AU", "_layer": "mrds"}}, {"type": "Feature", "geometry": {"type": "Point", "coordinates": [-120.4691, 38.03101]}, "properties": {"dep_id": "10284506", "site_name": "Bishop Marble Place", "dev_stat": "Occurrence", "fips_code": "f06009", "huc_code": "h18040010", "quad_code": "q39122SEE4", "url": "https://mrdata.usgs.gov/mrds/show-mrds.php?dep_id=10284506", "code_list": "MBL", "_layer": "mrds"}}, {"type": "Feature", "geometry": {"type": "Point", "coordinates": [-120.3296, 37.99572]}, "properties": {"dep_id": "10287258", "site_name": "Sullivan", "dev_stat": "Occurrence", "fips_code": "f06109", "huc_code": "h18040009", "quad_code": "q38122NEF1", "url": "https://mrdata.usgs.gov/mrds/show-mrds.php?dep_id=10287258", "code_list": "AU", "_layer": "mrds"}}, {"type": "Feature", "geometry": {"type": "Point", "coordinates": [-120.366, 38.04601]}, "properties": {"dep_id": "10287358", "site_name": "Hunter Fluming Mine", "dev_stat": "Occurrence", "fips_code": "f06109", "huc_code": "h18040009", "quad_code": "q39122SEF4", "url": "https://mrdata.usgs.gov/mrds/show-mrds.php?dep_id=10287358", "code_list": "AU", "_layer": "mrds"}}, {"type": "Feature", "geometry": {"type": "Point", "coordinates": [-120.3646, 37.95632]}, "properties": {"dep_id": "10287405", "site_name": "Sullivan Big Bar", "dev_stat": "Past Producer", "fips_code": "f06109", "huc_code": "h18040009", "quad_code": "q38122NEF1", "url": "https://mrdata.usgs.gov/mrds/show-mrds.php?dep_id=10287405", "code_list": "AU AG", "_layer": "mrds"}}, {"type": "Feature", "geometry": {"type": "Point", "coordinates": [-120.4749, 37.99631]}, "properties": {"dep_id": "10287537", "site_name": "Unidentified Workings", "dev_stat": "Occurrence", "fips_code": "f06109", "huc_code": "h18040010", "quad_code": "q38122NEE1", "url": "https://mrdata.usgs.gov/mrds/show-mrds.php?dep_id=10287537", "code_list": "AU", "_layer": "mrds"}}, {"type": "Feature", "geometry": {"type": "Point", "coordinates": [-120.3813, 38.00051]}, "properties": {"dep_id": "10287631", "site_name": "G Bardoli and Bros Quarry", "dev_stat": "Occurrence", "fips_code": "f06109", "huc_code": "h18040009", "quad_code": "q39122SEE4", "url": "https://mrdata.usgs.gov/mrds/show-mrds.php?dep_id=10287631", "code_list": "STN_C", "_layer": "mrds"}}, {"type": "Feature", "geometry": {"type": "Point", "coordinates": [-120.3282, 38.04271]}, "properties": {"dep_id": "10287715", "site_name": "Altadena and Kearsage", "dev_stat": "Unknown", "fips_code": "f06109", "huc_code": "h18040009", "quad_code": "q39122SEF4", "url": "https://mrdata.usgs.gov/mrds/show-mrds.php?dep_id=10287715", "code_list": "AU", "_layer": "mrds"}}, {"type": "Feature", "geometry": {"type": "Point", "coordinates": [-120.4516, 37.96461]}, "properties": {"dep_id": "10287799", "site_name": "Rawhide Asbestos", "dev_stat": "Occurrence", "fips_code": "f06109", "huc_code": "h18040010", "quad_code": "q38122NEE1", "url": "https://mrdata.usgs.gov/mrds/show-mrds.php?dep_id=10287799", "code_list": "ASB", "_layer": "mrds"}}, {"type": "Feature", "geometry": {"type": "Point", "coordinates": [-120.3869, 37.98841]}, "properties": {"dep_id": "10310593", "site_name": "Bonanza Mine", "dev_stat": "Past Producer", "fips_code": "f06109", "huc_code": "h18040009", "quad_code": "q38122NEE1", "url": "https://mrdata.usgs.gov/mrds/show-mrds.php?dep_id=10310593", "code_list": "AU AG", "_layer": "mrds"}}, {"type": "Feature", "geometry": {"type": "Point", "coordinates": [-120.40068, 38.0348]}, "properties": {"dep_id": "10310604", "site_name": "Columbia District", "dev_stat": "Past Producer", "fips_code": "f06109", "huc_code": "h18040010", "quad_code": "q39122SEE4", "url": "https://mrdata.usgs.gov/mrds/show-mrds.php?dep_id=10310604", "code_list": "AU", "_layer": "mrds"}}, {"type": "Feature", "geometry": {"type": "Point", "coordinates": [-120.4036, 38.00611]}, "properties": {"dep_id": "10310675", "site_name": "Shaws Flat District", "dev_stat": "Past Producer", "fips_code": "f06109", "huc_code": "h18040009", "quad_code": "q39122SEE4", "url": "https://mrdata.usgs.gov/mrds/show-mrds.php?dep_id=10310675", "code_list": "AU", "_layer": "mrds"}}, {"type": "Feature", "geometry": {"type": "Point", "coordinates": [-120.23099, 37.76353]}, "properties": {"dep_id": "10030833", "site_name": "Isola Mine and Mill  Site.", "dev_stat": "Past Producer", "fips_code": "f06043", "huc_code": "h18040008", "quad_code": "q38122NEG2", "url": "https://mrdata.usgs.gov/mrds/show-mrds.php?dep_id=10030833", "code_list": "AU", "_layer": "mrds"}}, {"type": "Feature", "geometry": {"type": "Point", "coordinates": [-120.23238, 37.76103]}, "properties": {"dep_id": "10030834", "site_name": "Monroe", "dev_stat": "Occurrence", "fips_code": "f06043", "huc_code": "h18040008", "quad_code": "q38122NEG2", "url": "https://mrdata.usgs.gov/mrds/show-mrds.php?dep_id=10030834", "code_list": "AU", "_layer": "mrds"}}, {"type": "Feature", "geometry": {"type": "Point", "coordinates": [-120.26266, 37.82742]}, "properties": {"dep_id": "10034513", "site_name": "Big Oak Flat No. 1", "dev_stat": "Past Producer", "fips_code": "f06109", "huc_code": "h18040009", "quad_code": "q38122NEF2", "url": "https://mrdata.usgs.gov/mrds/show-mrds.php?dep_id=10034513", "code_list": "AU AG ZN PB CU", "_layer": "mrds"}}, {"type": "Feature", "geometry": {"type": "Point", "coordinates": [-120.25349, 37.8002]}, "properties": {"dep_id": "10034527", "site_name": "Contact", "dev_stat": "Past Producer", "fips_code": "f06109", "huc_code": "h18040009", "quad_code": "q38122NEF2", "url": "https://mrdata.usgs.gov/mrds/show-mrds.php?dep_id=10034527", "code_list": "AU", "_layer": "mrds"}}, {"type": "Feature", "geometry": {"type": "Point", "coordinates": [-120.28266, 37.82325]}, "properties": {"dep_id": "10034529", "site_name": "Criss Cross & Relief", "dev_stat": "Past Producer", "fips_code": "f06109", "huc_code": "h18040009", "quad_code": "q38122NEF2", "url": "https://mrdata.usgs.gov/mrds/show-mrds.php?dep_id=10034529", "code_list": "AU", "_layer": "mrds"}}, {"type": "Feature", "geometry": {"type": "Point", "coordinates": [-120.22821, 37.8402]}, "properties": {"dep_id": "10034532", "site_name": "Del Monte", "dev_stat": "Past Producer", "fips_code": "f06109", "huc_code": "h18040009", "quad_code": "q38122NEG2", "url": "https://mrdata.usgs.gov/mrds/show-mrds.php?dep_id=10034532", "code_list": "AU", "_layer": "mrds"}}, {"type": "Feature", "geometry": {"type": "Point", "coordinates": [-120.25655, 37.82186]}, "properties": {"dep_id": "10034538", "site_name": "Eureka", "dev_stat": "Past Producer", "fips_code": "f06109", "huc_code": "h18040009", "quad_code": "q38122NEF2", "url": "https://mrdata.usgs.gov/mrds/show-mrds.php?dep_id=10034538", "code_list": "AU", "_layer": "mrds"}}, {"type": "Feature", "geometry": {"type": "Point", "coordinates": [-120.26377, 37.81353]}, "properties": {"dep_id": "10034554", "site_name": "Grant Group", "dev_stat": "Past Producer", "fips_code": "f06109", "huc_code": "h18040009", "quad_code": "q38122NEF2", "url": "https://mrdata.usgs.gov/mrds/show-mrds.php?dep_id=10034554", "code_list": "AU", "_layer": "mrds"}}, {"type": "Feature", "geometry": {"type": "Point", "coordinates": [-120.27432, 37.83492]}, "properties": {"dep_id": "10034574", "site_name": "Little Wonder", "dev_stat": "Past Producer", "fips_code": "f06109", "huc_code": "h18040009", "quad_code": "q38122NEF2", "url": "https://mrdata.usgs.gov/mrds/show-mrds.php?dep_id=10034574", "code_list": "AU PB", "_layer": "mrds"}}, {"type": "Feature", "geometry": {"type": "Point", "coordinates": [-120.23793, 37.8402]}, "properties": {"dep_id": "10034584", "site_name": "Miracle", "dev_stat": "Past Producer", "fips_code": "f06109", "huc_code": "h18040009", "quad_code": "q38122NEG2", "url": "https://mrdata.usgs.gov/mrds/show-mrds.php?dep_id=10034584", "code_list": "AU", "_layer": "mrds"}}, {"type": "Feature", "geometry": {"type": "Point", "coordinates": [-120.24738, 37.78186]}, "properties": {"dep_id": "10034585", "site_name": "Moccasin & Golden Key", "dev_stat": "Past Producer", "fips_code": "f06109", "huc_code": "h18040009", "quad_code": "q38122NEG2", "url": "https://mrdata.usgs.gov/mrds/show-mrds.php?dep_id=10034585", "code_list": "AU", "_layer": "mrds"}}, {"type": "Feature", "geometry": {"type": "Point", "coordinates": [-120.16043, 37.82714]}, "properties": {"dep_id": "10034588", "site_name": "Moody", "dev_stat": "Past Producer", "fips_code": "f06109", "huc_code": "h18040009", "quad_code": "q38122NEG2", "url": "https://mrdata.usgs.gov/mrds/show-mrds.php?dep_id=10034588", "code_list": "AU", "_layer": "mrds"}}, {"type": "Feature", "geometry": {"type": "Point", "coordinates": [-120.23405, 37.83853]}, "properties": {"dep_id": "10034590", "site_name": "Mount Jefferson", "dev_stat": "Past Producer", "fips_code": "f06109", "huc_code": "h18040009", "quad_code": "q38122NEG2", "url": "https://mrdata.usgs.gov/mrds/show-mrds.php?dep_id=10034590", "code_list": "AU", "_layer": "mrds"}}, {"type": "Feature", "geometry": {"type": "Point", "coordinates": [-120.21571, 37.83992]}, "properties": {"dep_id": "10034592", "site_name": "Mount Zion", "dev_stat": "Past Producer", "fips_code": "f06109", "huc_code": "h18040009", "quad_code": "q38122NEG2", "url": "https://mrdata.usgs.gov/mrds/show-mrds.php?dep_id=10034592", "code_list": "AU", "_layer": "mrds"}}, {"type": "Feature", "geometry": {"type": "Point", "coordinates": [-120.26238, 37.83548]}, "properties": {"dep_id": "10034611", "site_name": "Raggio Claim", "dev_stat": "Past Producer", "fips_code": "f06109", "huc_code": "h18040009", "quad_code": "q38122NEF2", "url": "https://mrdata.usgs.gov/mrds/show-mrds.php?dep_id=10034611", "code_list": "AU", "_layer": "mrds"}}, {"type": "Feature", "geometry": {"type": "Point", "coordinates": [-120.25099, 37.8177]}, "properties": {"dep_id": "10034615", "site_name": "Red Jacket", "dev_stat": "Past Producer", "fips_code": "f06109", "huc_code": "h18040009", "quad_code": "q38122NEF2", "url": "https://mrdata.usgs.gov/mrds/show-mrds.php?dep_id=10034615", "code_list": "AU", "_layer": "mrds"}}, {"type": "Feature", "geometry": {"type": "Point", "coordinates": [-120.27377, 37.83631]}, "properties": {"dep_id": "10034622", "site_name": "Robinson", "dev_stat": "Producer", "fips_code": "f06109", "huc_code": "h18040009", "quad_code": "q38122NEF2", "url": "https://mrdata.usgs.gov/mrds/show-mrds.php?dep_id=10034622", "code_list": "AU", "_layer": "mrds"}}, {"type": "Feature", "geometry": {"type": "Point", "coordinates": [-120.24905, 37.83325]}, "properties": {"dep_id": "10034627", "site_name": "Silken", "dev_stat": "Producer", "fips_code": "f06109", "huc_code": "h18040009", "quad_code": "q38122NEG2", "url": "https://mrdata.usgs.gov/mrds/show-mrds.php?dep_id=10034627", "code_list": "AU", "_layer": "mrds"}}, {"type": "Feature", "geometry": {"type": "Point", "coordinates": [-120.20599, 37.82714]}, "properties": {"dep_id": "10034628", "site_name": "Slap Jack", "dev_stat": "Past Producer", "fips_code": "f06109", "huc_code": "h18040009", "quad_code": "q38122NEG2", "url": "https://mrdata.usgs.gov/mrds/show-mrds.php?dep_id=10034628", "code_list": "AU", "_layer": "mrds"}}, {"type": "Feature", "geometry": {"type": "Point", "coordinates": [-120.17599, 37.77659]}, "properties": {"dep_id": "10034692", "site_name": "Fair", "dev_stat": "Producer", "fips_code": "f06043", "huc_code": "h18040008", "quad_code": "q38122NEG2", "url": "https://mrdata.usgs.gov/mrds/show-mrds.php?dep_id=10034692", "code_list": "AU", "_layer": "mrds"}}, {"type": "Feature", "geometry": {"type": "Point", "coordinates": [-120.17405, 37.77659]}, "properties": {"dep_id": "10034735", "site_name": "Ohio", "dev_stat": "Past Producer", "fips_code": "f06043", "huc_code": "h18040008", "quad_code": "q38122NEG2", "url": "https://mrdata.usgs.gov/mrds/show-mrds.php?dep_id=10034735", "code_list": "AU", "_layer": "mrds"}}, {"type": "Feature", "geometry": {"type": "Point", "coordinates": [-120.26071, 37.83881]}, "properties": {"dep_id": "10077953", "site_name": "Group", "dev_stat": "Past Producer", "fips_code": "f06109", "huc_code": "h18040009", "quad_code": "q38122NEF2", "url": "https://mrdata.usgs.gov/mrds/show-mrds.php?dep_id=10077953", "code_list": "AU", "_layer": "mrds"}}, {"type": "Feature", "geometry": {"type": "Point", "coordinates": [-120.24543, 37.83186]}, "properties": {"dep_id": "10077955", "site_name": "Cosmopolite & Violet", "dev_stat": "Past Producer", "fips_code": "f06109", "huc_code": "h18040009", "quad_code": "q38122NEG2", "url": "https://mrdata.usgs.gov/mrds/show-mrds.php?dep_id=10077955", "code_list": "AU", "_layer": "mrds"}}, {"type": "Feature", "geometry": {"type": "Point", "coordinates": [-120.24321, 37.82048]}, "properties": {"dep_id": "10077959", "site_name": "Cleo", "dev_stat": "Producer", "fips_code": "f06109", "huc_code": "h18040009", "quad_code": "q38122NEG2", "url": "https://mrdata.usgs.gov/mrds/show-mrds.php?dep_id=10077959", "code_list": "AU", "_layer": "mrds"}}, {"type": "Feature", "geometry": {"type": "Point", "coordinates": [-120.25155, 37.82048]}, "properties": {"dep_id": "10103057", "site_name": "Two Brothers", "dev_stat": "Past Producer", "fips_code": "f06109", "huc_code": "h18040009", "quad_code": "q38122NEF2", "url": "https://mrdata.usgs.gov/mrds/show-mrds.php?dep_id=10103057", "code_list": "AU", "_layer": "mrds"}}, {"type": "Feature", "geometry": {"type": "Point", "coordinates": [-120.25793, 37.8227]}, "properties": {"dep_id": "10105952", "site_name": "Mormon", "dev_stat": "Past Producer", "fips_code": "f06109", "huc_code": "h18040009", "quad_code": "q38122NEF2", "url": "https://mrdata.usgs.gov/mrds/show-mrds.php?dep_id=10105952", "code_list": "AU", "_layer": "mrds"}}, {"type": "Feature", "geometry": {"type": "Point", "coordinates": [-120.25099, 37.83325]}, "properties": {"dep_id": "10110483", "site_name": "Groveland-Moccasin-Jacksonville", "dev_stat": "Producer", "fips_code": "f06109", "huc_code": "h18040009", "quad_code": "q38122NEF2", "url": "https://mrdata.usgs.gov/mrds/show-mrds.php?dep_id=10110483", "code_list": "AU AG", "_layer": "mrds"}}, {"type": "Feature", "geometry": {"type": "Point", "coordinates": [-120.23099, 37.76353]}, "properties": {"dep_id": "10115511", "site_name": "Isola Mine and Mill Site", "dev_stat": "Unknown", "fips_code": "f06043", "huc_code": "h18040008", "quad_code": "q38122NEG2", "url": "https://mrdata.usgs.gov/mrds/show-mrds.php?dep_id=10115511", "code_list": "AU", "_layer": "mrds"}}, {"type": "Feature", "geometry": {"type": "Point", "coordinates": [-120.24319, 37.82052]}, "properties": {"dep_id": "10117109", "site_name": "Cleo", "dev_stat": "Occurrence", "fips_code": "f06109", "huc_code": "h18040009", "quad_code": "q38122NEG2", "url": "https://mrdata.usgs.gov/mrds/show-mrds.php?dep_id=10117109", "code_list": "AU", "_layer": "mrds"}}, {"type": "Feature", "geometry": {"type": "Point", "coordinates": [-120.20879, 37.79432]}, "properties": {"dep_id": "10117335", "site_name": "Widewest", "dev_stat": "Occurrence", "fips_code": "f06109", "huc_code": "h18040009", "quad_code": "q38122NEG2", "url": "https://mrdata.usgs.gov/mrds/show-mrds.php?dep_id=10117335", "code_list": "AU", "_layer": "mrds"}}, {"type": "Feature", "geometry": {"type": "Point", "coordinates": [-120.26459, 37.78632]}, "properties": {"dep_id": "10117845", "site_name": "Golden Kay Cons", "dev_stat": "Prospect", "fips_code": "f06109", "huc_code": "h18040009", "quad_code": "q38122NEF2", "url": "https://mrdata.usgs.gov/mrds/show-mrds.php?dep_id=10117845", "code_list": "AU", "_layer": "mrds"}}, {"type": "Feature", "geometry": {"type": "Point", "coordinates": [-120.24069, 37.83932]}, "properties": {"dep_id": "10134765", "site_name": "Good Luck", "dev_stat": "Occurrence", "fips_code": "f06109", "huc_code": "h18040009", "quad_code": "q38122NEG2", "url": "https://mrdata.usgs.gov/mrds/show-mrds.php?dep_id=10134765", "code_list": "AU", "_layer": "mrds"}}, {"type": "Feature", "geometry": {"type": "Point", "coordinates": [-120.27629, 37.79682]}, "properties": {"dep_id": "10165628", "site_name": "Ashley Property", "dev_stat": "Prospect", "fips_code": "f06109", "huc_code": "h18040009", "quad_code": "q38122NEF2", "url": "https://mrdata.usgs.gov/mrds/show-mrds.php?dep_id=10165628", "code_list": "ASB", "_layer": "mrds"}}, {"type": "Feature", "geometry": {"type": "Point", "coordinates": [-120.25099, 37.83322]}, "properties": {"dep_id": "10165896", "site_name": "Robinson", "dev_stat": "Occurrence", "fips_code": "f06109", "huc_code": "h18040009", "quad_code": "q38122NEF2", "url": "https://mrdata.usgs.gov/mrds/show-mrds.php?dep_id=10165896", "code_list": "AU", "_layer": "mrds"}}, {"type": "Feature", "geometry": {"type": "Point", "coordinates": [-120.23849, 37.82992]}, "properties": {"dep_id": "10214649", "site_name": "Violet", "dev_stat": "Occurrence", "fips_code": "f06109", "huc_code": "h18040009", "quad_code": "q38122NEG2", "url": "https://mrdata.usgs.gov/mrds/show-mrds.php?dep_id=10214649", "code_list": "AU", "_layer": "mrds"}}, {"type": "Feature", "geometry": {"type": "Point", "coordinates": [-120.20429, 37.82712]}, "properties": {"dep_id": "10238398", "site_name": "Slap Jack", "dev_stat": "Occurrence", "fips_code": "f06109", "huc_code": "h18040009", "quad_code": "q38122NEG2", "url": "https://mrdata.usgs.gov/mrds/show-mrds.php?dep_id=10238398", "code_list": "AU", "_layer": "mrds"}}, {"type": "Feature", "geometry": {"type": "Point", "coordinates": [-120.21989, 37.83932]}, "properties": {"dep_id": "10238482", "site_name": "La Guria", "dev_stat": "Prospect", "fips_code": "f06109", "huc_code": "h18040009", "quad_code": "q38122NEG2", "url": "https://mrdata.usgs.gov/mrds/show-mrds.php?dep_id=10238482", "code_list": "AU CU PB AG", "_layer": "mrds"}}, {"type": "Feature", "geometry": {"type": "Point", "coordinates": [-120.25459, 37.76822]}, "properties": {"dep_id": "10238834", "site_name": "Unidentified", "dev_stat": "Occurrence", "fips_code": "f06109", "huc_code": "h18040009", "quad_code": "q38122NEF2", "url": "https://mrdata.usgs.gov/mrds/show-mrds.php?dep_id=10238834", "code_list": "AU", "_layer": "mrds"}}, {"type": "Feature", "geometry": {"type": "Point", "coordinates": [-120.25519, 37.81992]}, "properties": {"dep_id": "10238973", "site_name": "Mormon", "dev_stat": "Occurrence", "fips_code": "f06109", "huc_code": "h18040009", "quad_code": "q38122NEF2", "url": "https://mrdata.usgs.gov/mrds/show-mrds.php?dep_id=10238973", "code_list": "AU", "_layer": "mrds"}}, {"type": "Feature", "geometry": {"type": "Point", "coordinates": [-120.22459, 37.83852]}, "properties": {"dep_id": "10263044", "site_name": "Sampson Lode", "dev_stat": "Prospect", "fips_code": "f06109", "huc_code": "h18040009", "quad_code": "q38122NEG2", "url": "https://mrdata.usgs.gov/mrds/show-mrds.php?dep_id=10263044", "code_list": "DIT", "_layer": "mrds"}}, {"type": "Feature", "geometry": {"type": "Point", "coordinates": [-120.25539, 37.83772]}, "properties": {"dep_id": "10263113", "site_name": "Nonperiel", "dev_stat": "Occurrence", "fips_code": "f06109", "huc_code": "h18040009", "quad_code": "q38122NEF2", "url": "https://mrdata.usgs.gov/mrds/show-mrds.php?dep_id=10263113", "code_list": "AU", "_layer": "mrds"}}, {"type": "Feature", "geometry": {"type": "Point", "coordinates": [-120.24099, 37.83522]}, "properties": {"dep_id": "10263222", "site_name": "Miracle", "dev_stat": "Occurrence", "fips_code": "f06109", "huc_code": "h18040009", "quad_code": "q38122NEG2", "url": "https://mrdata.usgs.gov/mrds/show-mrds.php?dep_id=10263222", "code_list": "AU", "_layer": "mrds"}}, {"type": "Feature", "geometry": {"type": "Point", "coordinates": [-120.24519, 37.75552]}, "properties": {"dep_id": "10287395", "site_name": "Bower", "dev_stat": "Occurrence", "fips_code": "f06109", "huc_code": "h18040008", "quad_code": "q38122NEG2", "url": "https://mrdata.usgs.gov/mrds/show-mrds.php?dep_id=10287395", "code_list": "AU", "_layer": "mrds"}}, {"type": "Feature", "geometry": {"type": "Point", "coordinates": [-120.26319, 37.82912]}, "properties": {"dep_id": "10287834", "site_name": "Eureka", "dev_stat": "Occurrence", "fips_code": "f06109", "huc_code": "h18040009", "quad_code": "q38122NEF2", "url": "https://mrdata.usgs.gov/mrds/show-mrds.php?dep_id=10287834", "code_list": "AU", "_layer": "mrds"}}, {"type": "Feature", "geometry": {"type": "Point", "coordinates": [-119.20403, 37.86076]}, "properties": {"dep_id": "10031469", "site_name": "Ella Bloss No. 2", "dev_stat": "Occurrence", "fips_code": "f06051", "huc_code": "h18090101", "quad_code": "q38120NWG2", "url": "https://mrdata.usgs.gov/mrds/show-mrds.php?dep_id=10031469", "code_list": "AU", "_layer": "mrds"}}, {"type": "Feature", "geometry": {"type": "Point", "coordinates": [-119.21537, 37.85053]}, "properties": {"dep_id": "10212729", "site_name": "Ella Bloss", "dev_stat": "Unknown", "fips_code": "f06051", "huc_code": "h18090101", "quad_code": "q38120NWG2", "url": "https://mrdata.usgs.gov/mrds/show-mrds.php?dep_id=10212729", "code_list": "AU", "_layer": "mrds"}}, {"type": "Feature", "geometry": {"type": "Point", "coordinates": [-120.25377, 37.76603]}, "properties": {"dep_id": "10077964", "site_name": "Mc Alpine", "dev_stat": "Past Producer", "fips_code": "f06109", "huc_code": "h18040009", "quad_code": "q38122NEF2", "url": "https://mrdata.usgs.gov/mrds/show-mrds.php?dep_id=10077964", "code_list": "AU", "_layer": "mrds"}}, {"type": "Feature", "geometry": {"type": "Point", "coordinates": [-120.19099, 37.78882]}, "properties": {"dep_id": "10141299", "site_name": "Wonder Mine", "dev_stat": "Past Producer", "fips_code": "f06109", "huc_code": "h18040009", "quad_code": "q38122NEG2", "url": "https://mrdata.usgs.gov/mrds/show-mrds.php?dep_id=10141299", "code_list": "MN", "_layer": "mrds"}}, {"type": "Feature", "geometry": {"type": "Point", "coordinates": [-119.88018, 37.79822]}, "properties": {"dep_id": "10141433", "site_name": "Anita No 1", "dev_stat": "Occurrence", "fips_code": "f06109", "huc_code": "h18040009", "quad_code": "q38120NWA2", "url": "https://mrdata.usgs.gov/mrds/show-mrds.php?dep_id=10141433", "code_list": "W", "_layer": "mrds"}}, {"type": "Feature", "geometry": {"type": "Point", "coordinates": [-120.50517, 37.91659]}, "properties": {"dep_id": "10077867", "site_name": "Horseshoe of Grassely Group", "dev_stat": "Producer", "fips_code": "f06109", "huc_code": "h18040010", "quad_code": "q38122NED1", "url": "https://mrdata.usgs.gov/mrds/show-mrds.php?dep_id=10077867", "code_list": "CR", "_layer": "mrds"}}, {"type": "Feature", "geometry": {"type": "Point", "coordinates": [-120.50544, 37.90686]}, "properties": {"dep_id": "10077870", "site_name": "Spotted Fawn Claim, Ziehlke Claims Group 1948", "dev_stat": "Past Producer", "fips_code": "f06109", "huc_code": "h18040010", "quad_code": "q38122NED1", "url": "https://mrdata.usgs.gov/mrds/show-mrds.php?dep_id=10077870", "code_list": "CR", "_layer": "mrds"}}, {"type": "Feature", "geometry": {"type": "Point", "coordinates": [-120.46211, 37.97602]}, "properties": {"dep_id": "10077891", "site_name": "Tarantula", "dev_stat": "Occurrence", "fips_code": "f06109", "huc_code": "h18040010", "quad_code": "q38122NEE1", "url": "https://mrdata.usgs.gov/mrds/show-mrds.php?dep_id=10077891", "code_list": "AU", "_layer": "mrds"}}, {"type": "Feature", "geometry": {"type": "Point", "coordinates": [-120.43489, 37.92659]}, "properties": {"dep_id": "10077897", "site_name": "Mackey", "dev_stat": "Producer", "fips_code": "f06109", "huc_code": "h18040009", "quad_code": "q38122NEE1", "url": "https://mrdata.usgs.gov/mrds/show-mrds.php?dep_id=10077897", "code_list": "CR", "_layer": "mrds"}}, {"type": "Feature", "geometry": {"type": "Point", "coordinates": [-120.44544, 38.02241]}, "properties": {"dep_id": "10077905", "site_name": "Hard To Find", "dev_stat": "Past Producer", "fips_code": "f06109", "huc_code": "h18040010", "quad_code": "q39122SEE4", "url": "https://mrdata.usgs.gov/mrds/show-mrds.php?dep_id=10077905", "code_list": "AU AG CU", "_layer": "mrds"}}, {"type": "Feature", "geometry": {"type": "Point", "coordinates": [-120.42322, 38.00824]}, "properties": {"dep_id": "10077912", "site_name": "Crystal Springs", "dev_stat": "Producer", "fips_code": "f06109", "huc_code": "h18040010", "quad_code": "q39122SEE4", "url": "https://mrdata.usgs.gov/mrds/show-mrds.php?dep_id=10077912", "code_list": "AU", "_layer": "mrds"}}, {"type": "Feature", "geometry": {"type": "Point", "coordinates": [-120.47767, 37.99713]}, "properties": {"dep_id": "10077921", "site_name": "Chileno", "dev_stat": "Past Producer", "fips_code": "f06109", "huc_code": "h18040010", "quad_code": "q38122NEE1", "url": "https://mrdata.usgs.gov/mrds/show-mrds.php?dep_id=10077921", "code_list": "AU AG", "_layer": "mrds"}}, {"type": "Feature", "geometry": {"type": "Point", "coordinates": [-120.46156, 37.98963]}, "properties": {"dep_id": "10077923", "site_name": "Arbona", "dev_stat": "Past Producer", "fips_code": "f06109", "huc_code": "h18040010", "quad_code": "q38122NEE1", "url": "https://mrdata.usgs.gov/mrds/show-mrds.php?dep_id=10077923", "code_list": "AU", "_layer": "mrds"}}, {"type": "Feature", "geometry": {"type": "Point", "coordinates": [-120.38017, 37.97409]}, "properties": {"dep_id": "10077938", "site_name": "Stockton", "dev_stat": "Past Producer", "fips_code": "f06109", "huc_code": "h18040009", "quad_code": "q38122NEE1", "url": "https://mrdata.usgs.gov/mrds/show-mrds.php?dep_id=10077938", "code_list": "AU", "_layer": "mrds"}}, {"type": "Feature", "geometry": {"type": "Point", "coordinates": [-120.34794, 38.06547]}, "properties": {"dep_id": "10077950", "site_name": "Mountain Lily", "dev_stat": "Producer", "fips_code": "f06109", "huc_code": "h18040010", "quad_code": "q39122SEF4", "url": "https://mrdata.usgs.gov/mrds/show-mrds.php?dep_id=10077950", "code_list": "AU", "_layer": "mrds"}}, {"type": "Feature", "geometry": {"type": "Point", "coordinates": [-120.47433, 38.01685]}, "properties": {"dep_id": "10102809", "site_name": "Rising Sun", "dev_stat": "Past Producer", "fips_code": "f06009", "huc_code": "h18040010", "quad_code": "q39122SEE4", "url": "https://mrdata.usgs.gov/mrds/show-mrds.php?dep_id=10102809", "code_list": "AU", "_layer": "mrds"}}, {"type": "Feature", "geometry": {"type": "Point", "coordinates": [-120.381, 38.13102]}, "properties": {"dep_id": "10102817", "site_name": "Louise", "dev_stat": "Past Producer", "fips_code": "f06009", "huc_code": "h18040010", "quad_code": "q39122SEE3", "url": "https://mrdata.usgs.gov/mrds/show-mrds.php?dep_id=10102817", "code_list": "AU", "_layer": "mrds"}}, {"type": "Feature", "geometry": {"type": "Point", "coordinates": [-120.50961, 37.87992]}, "properties": {"dep_id": "10103914", "site_name": "Mccormick Mine", "dev_stat": "Past Producer", "fips_code": "f06109", "huc_code": "h18040010", "quad_code": "q38122NED1", "url": "https://mrdata.usgs.gov/mrds/show-mrds.php?dep_id=10103914", "code_list": "CR", "_layer": "mrds"}}, {"type": "Feature", "geometry": {"type": "Point", "coordinates": [-120.40517, 37.88298]}, "properties": {"dep_id": "10109428", "site_name": "Brown Bird", "dev_stat": "Producer", "fips_code": "f06109", "huc_code": "h18040009", "quad_code": "q38122NEE1", "url": "https://mrdata.usgs.gov/mrds/show-mrds.php?dep_id=10109428", "code_list": "AU", "_layer": "mrds"}}, {"type": "Feature", "geometry": {"type": "Point", "coordinates": [-120.36767, 38.02658]}, "properties": {"dep_id": "10109442", "site_name": "Hudson & Calhoun", "dev_stat": "Producer", "fips_code": "f06109", "huc_code": "h18040009", "quad_code": "q39122SEF4", "url": "https://mrdata.usgs.gov/mrds/show-mrds.php?dep_id=10109442", "code_list": "AU", "_layer": "mrds"}}, {"type": "Feature", "geometry": {"type": "Point", "coordinates": [-120.47294, 37.99685]}, "properties": {"dep_id": "10109470", "site_name": "Wilson & Means Group", "dev_stat": "Producer", "fips_code": "f06109", "huc_code": "h18040010", "quad_code": "q38122NEE1", "url": "https://mrdata.usgs.gov/mrds/show-mrds.php?dep_id=10109470", "code_list": "AU", "_layer": "mrds"}}, {"type": "Feature", "geometry": {"type": "Point", "coordinates": [-120.561, 37.90908]}, "properties": {"dep_id": "10111223", "site_name": "If I Can Mine", "dev_stat": "Producer", "fips_code": "f06109", "huc_code": "h18040010", "quad_code": "q38122NED1", "url": "https://mrdata.usgs.gov/mrds/show-mrds.php?dep_id=10111223", "code_list": "AU", "_layer": "mrds"}}, {"type": "Feature", "geometry": {"type": "Point", "coordinates": [-120.4535, 37.86798]}, "properties": {"dep_id": "10111224", "site_name": "Eggling and Williams", "dev_stat": "Producer", "fips_code": "f06109", "huc_code": "h18040009", "quad_code": "q38122NEE2", "url": "https://mrdata.usgs.gov/mrds/show-mrds.php?dep_id=10111224", "code_list": "CR CU", "_layer": "mrds"}}, {"type": "Feature", "geometry": {"type": "Point", "coordinates": [-120.41906, 37.94881]}, "properties": {"dep_id": "10111231", "site_name": "Farmington", "dev_stat": "Producer", "fips_code": "f06109", "huc_code": "h18040009", "quad_code": "q38122NEE1", "url": "https://mrdata.usgs.gov/mrds/show-mrds.php?dep_id=10111231", "code_list": "AU", "_layer": "mrds"}}, {"type": "Feature", "geometry": {"type": "Point", "coordinates": [-120.42322, 37.92548]}, "properties": {"dep_id": "10111232", "site_name": "Heslep", "dev_stat": "Producer", "fips_code": "f06109", "huc_code": "h18040009", "quad_code": "q38122NEE1", "url": "https://mrdata.usgs.gov/mrds/show-mrds.php?dep_id=10111232", "code_list": "AU AG", "_layer": "mrds"}}, {"type": "Feature", "geometry": {"type": "Point", "coordinates": [-120.37156, 38.03297]}, "properties": {"dep_id": "10111240", "site_name": "Hard Gravel", "dev_stat": "Producer", "fips_code": "f06109", "huc_code": "h18040009", "quad_code": "q39122SEF4", "url": "https://mrdata.usgs.gov/mrds/show-mrds.php?dep_id=10111240", "code_list": "AU", "_layer": "mrds"}}, {"type": "Feature", "geometry": {"type": "Point", "coordinates": [-120.4268, 37.95462]}, "properties": {"dep_id": "10117277", "site_name": "Allen", "dev_stat": "Unknown", "fips_code": "f06109", "huc_code": "h18040009", "quad_code": "q38122NEE1", "url": "https://mrdata.usgs.gov/mrds/show-mrds.php?dep_id=10117277", "code_list": "AU", "_layer": "mrds"}}, {"type": "Feature", "geometry": {"type": "Point", "coordinates": [-120.4552, 37.86802]}, "properties": {"dep_id": "10117515", "site_name": "Leonard Lapappe", "dev_stat": "Past Producer", "fips_code": "f06109", "huc_code": "h18040009", "quad_code": "q38122NEE2", "url": "https://mrdata.usgs.gov/mrds/show-mrds.php?dep_id=10117515", "code_list": "CR", "_layer": "mrds"}}, {"type": "Feature", "geometry": {"type": "Point", "coordinates": [-120.4535, 37.98711]}, "properties": {"dep_id": "10117602", "site_name": "Gagnere", "dev_stat": "Unknown", "fips_code": "f06109", "huc_code": "h18040010", "quad_code": "q38122NEE1", "url": "https://mrdata.usgs.gov/mrds/show-mrds.php?dep_id=10117602", "code_list": "AU", "_layer": "mrds"}}, {"type": "Feature", "geometry": {"type": "Point", "coordinates": [-120.466, 37.99241]}, "properties": {"dep_id": "10117644", "site_name": "Gross and Street", "dev_stat": "Occurrence", "fips_code": "f06109", "huc_code": "h18040010", "quad_code": "q38122NEE1", "url": "https://mrdata.usgs.gov/mrds/show-mrds.php?dep_id=10117644", "code_list": "AU", "_layer": "mrds"}}, {"type": "Feature", "geometry": {"type": "Point", "coordinates": [-120.3671, 38.04521]}, "properties": {"dep_id": "10117655", "site_name": "Gold Nugget", "dev_stat": "Occurrence", "fips_code": "f06109", "huc_code": "h18040009", "quad_code": "q39122SEF4", "url": "https://mrdata.usgs.gov/mrds/show-mrds.php?dep_id=10117655", "code_list": "AU", "_layer": "mrds"}}, {"type": "Feature", "geometry": {"type": "Point", "coordinates": [-120.4907, 38.00631]}, "properties": {"dep_id": "10117890", "site_name": "Mcardle", "dev_stat": "Occurrence", "fips_code": "f06109", "huc_code": "h18040010", "quad_code": "q39122SEE4", "url": "https://mrdata.usgs.gov/mrds/show-mrds.php?dep_id=10117890", "code_list": "AU", "_layer": "mrds"}}, {"type": "Feature", "geometry": {"type": "Point", "coordinates": [-120.4488, 37.94851]}, "properties": {"dep_id": "10141330", "site_name": "Blue Jacket", "dev_stat": "Unknown", "fips_code": "f06109", "huc_code": "h18040009", "quad_code": "q38122NEE1", "url": "https://mrdata.usgs.gov/mrds/show-mrds.php?dep_id=10141330", "code_list": "AU", "_layer": "mrds"}}, {"type": "Feature", "geometry": {"type": "Point", "coordinates": [-120.4868, 38.00881]}, "properties": {"dep_id": "10141462", "site_name": "Feretti", "dev_stat": "Unknown", "fips_code": "f06109", "huc_code": "h18040010", "quad_code": "q39122SEE4", "url": "https://mrdata.usgs.gov/mrds/show-mrds.php?dep_id=10141462", "code_list": "AU", "_layer": "mrds"}}, {"type": "Feature", "geometry": {"type": "Point", "coordinates": [-120.3863, 38.06211]}, "properties": {"dep_id": "10141561", "site_name": "Schoettgen", "dev_stat": "Occurrence", "fips_code": "f06109", "huc_code": "h18040010", "quad_code": "q39122SEE4", "url": "https://mrdata.usgs.gov/mrds/show-mrds.php?dep_id=10141561", "code_list": "MN", "_layer": "mrds"}}, {"type": "Feature", "geometry": {"type": "Point", "coordinates": [-120.3932, 38.02681]}, "properties": {"dep_id": "10141781", "site_name": "Santiago", "dev_stat": "Unknown", "fips_code": "f06109", "huc_code": "h18040009", "quad_code": "q39122SEE4", "url": "https://mrdata.usgs.gov/mrds/show-mrds.php?dep_id=10141781", "code_list": "AU", "_layer": "mrds"}}, {"type": "Feature", "geometry": {"type": "Point", "coordinates": [-120.3918, 38.00461]}, "properties": {"dep_id": "10141862", "site_name": "Madrid", "dev_stat": "Occurrence", "fips_code": "f06109", "huc_code": "h18040009", "quad_code": "q39122SEE4", "url": "https://mrdata.usgs.gov/mrds/show-mrds.php?dep_id=10141862", "code_list": "MN", "_layer": "mrds"}}, {"type": "Feature", "geometry": {"type": "Point", "coordinates": [-120.3952, 37.98991]}, "properties": {"dep_id": "10141869", "site_name": "Last Chance", "dev_stat": "Unknown", "fips_code": "f06109", "huc_code": "h18040009", "quad_code": "q38122NEE1", "url": "https://mrdata.usgs.gov/mrds/show-mrds.php?dep_id=10141869", "code_list": "AU", "_layer": "mrds"}}, {"type": "Feature", "geometry": {"type": "Point", "coordinates": [-120.3963, 37.87132]}, "properties": {"dep_id": "10141900", "site_name": "Bella Union", "dev_stat": "Unknown", "fips_code": "f06109", "huc_code": "h18040009", "quad_code": "q38122NEE2", "url": "https://mrdata.usgs.gov/mrds/show-mrds.php?dep_id=10141900", "code_list": "AU", "_layer": "mrds"}}, {"type": "Feature", "geometry": {"type": "Point", "coordinates": [-120.4502, 37.96131]}, "properties": {"dep_id": "10141938", "site_name": "Rawhide Deposit", "dev_stat": "Occurrence", "fips_code": "f06109", "huc_code": "h18040010", "quad_code": "q38122NEE1", "url": "https://mrdata.usgs.gov/mrds/show-mrds.php?dep_id=10141938", "code_list": "AU AG", "_layer": "mrds"}}, {"type": "Feature", "geometry": {"type": "Point", "coordinates": [-120.4374, 38.05351]}, "properties": {"dep_id": "10165659", "site_name": "Densmore", "dev_stat": "Occurrence", "fips_code": "f06109", "huc_code": "h18040010", "quad_code": "q39122SEE4", "url": "https://mrdata.usgs.gov/mrds/show-mrds.php?dep_id=10165659", "code_list": "AU CU AG", "_layer": "mrds"}}, {"type": "Feature", "geometry": {"type": "Point", "coordinates": [-120.4054, 37.97571]}, "properties": {"dep_id": "10165670", "site_name": "Unidentified Workings", "dev_stat": "Unknown", "fips_code": "f06109", "huc_code": "h18040009", "quad_code": "q38122NEE1", "url": "https://mrdata.usgs.gov/mrds/show-mrds.php?dep_id=10165670", "code_list": "AU", "_layer": "mrds"}}, {"type": "Feature", "geometry": {"type": "Point", "coordinates": [-120.4079, 37.88132]}, "properties": {"dep_id": "10165862", "site_name": "Golden Nugget", "dev_stat": "Unknown", "fips_code": "f06109", "huc_code": "h18040009", "quad_code": "q38122NEE1", "url": "https://mrdata.usgs.gov/mrds/show-mrds.php?dep_id=10165862", "code_list": "AU", "_layer": "mrds"}}, {"type": "Feature", "geometry": {"type": "Point", "coordinates": [-120.576, 37.88632]}, "properties": {"dep_id": "10165931", "site_name": "Scorpion", "dev_stat": "Unknown", "fips_code": "f06109", "huc_code": "h18040010", "quad_code": "q38122NED1", "url": "https://mrdata.usgs.gov/mrds/show-mrds.php?dep_id=10165931", "code_list": "AU", "_layer": "mrds"}}, {"type": "Feature", "geometry": {"type": "Point", "coordinates": [-120.4546, 37.96571]}, "properties": {"dep_id": "10165968", "site_name": "Rappahennock", "dev_stat": "Prospect", "fips_code": "f06109", "huc_code": "h18040010", "quad_code": "q38122NEE1", "url": "https://mrdata.usgs.gov/mrds/show-mrds.php?dep_id=10165968", "code_list": "AU", "_layer": "mrds"}}, {"type": "Feature", "geometry": {"type": "Point", "coordinates": [-120.3507, 38.04241]}, "properties": {"dep_id": "10166010", "site_name": "Redemption and Ice House", "dev_stat": "Occurrence", "fips_code": "f06109", "huc_code": "h18040009", "quad_code": "q39122SEF4", "url": "https://mrdata.usgs.gov/mrds/show-mrds.php?dep_id=10166010", "code_list": "AU", "_layer": "mrds"}}, {"type": "Feature", "geometry": {"type": "Point", "coordinates": [-120.4899, 37.97321]}, "properties": {"dep_id": "10166209", "site_name": "Unidentified Workings", "dev_stat": "Occurrence", "fips_code": "f06109", "huc_code": "h18040010", "quad_code": "q38122NEE1", "url": "https://mrdata.usgs.gov/mrds/show-mrds.php?dep_id=10166209", "code_list": "AU", "_layer": "mrds"}}, {"type": "Feature", "geometry": {"type": "Point", "coordinates": [-120.3724, 37.95162]}, "properties": {"dep_id": "10190037", "site_name": "Kincaid Flat", "dev_stat": "Unknown", "fips_code": "f06109", "huc_code": "h18040009", "quad_code": "q38122NEF1", "url": "https://mrdata.usgs.gov/mrds/show-mrds.php?dep_id=10190037", "code_list": "AU", "_layer": "mrds"}}, {"type": "Feature", "geometry": {"type": "Point", "coordinates": [-120.3496, 37.92572]}, "properties": {"dep_id": "10190176", "site_name": "Dunning Ranch", "dev_stat": "Occurrence", "fips_code": "f06109", "huc_code": "h18040009", "quad_code": "q38122NEF1", "url": "https://mrdata.usgs.gov/mrds/show-mrds.php?dep_id=10190176", "code_list": "LST_D", "_layer": "mrds"}}, {"type": "Feature", "geometry": {"type": "Point", "coordinates": [-120.4616, 38.00801]}, "properties": {"dep_id": "10190468", "site_name": "Eustis", "dev_stat": "Unknown", "fips_code": "f06109", "huc_code": "h18040010", "quad_code": "q39122SEE4", "url": "https://mrdata.usgs.gov/mrds/show-mrds.php?dep_id=10190468", "code_list": "AU", "_layer": "mrds"}}, {"type": "Feature", "geometry": {"type": "Point", "coordinates": [-120.5096, 37.87992]}, "properties": {"dep_id": "10190541", "site_name": "Mccormick Mine", "dev_stat": "Past Producer", "fips_code": "f06109", "huc_code": "h18040010", "quad_code": "q38122NED1", "url": "https://mrdata.usgs.gov/mrds/show-mrds.php?dep_id=10190541", "code_list": "CR FE", "_layer": "mrds"}}, {"type": "Feature", "geometry": {"type": "Point", "coordinates": [-120.3877, 37.92352]}, "properties": {"dep_id": "10190573", "site_name": "Hess", "dev_stat": "Unknown", "fips_code": "f06109", "huc_code": "h18040009", "quad_code": "q38122NEE1", "url": "https://mrdata.usgs.gov/mrds/show-mrds.php?dep_id=10190573", "code_list": "AU", "_layer": "mrds"}}, {"type": "Feature", "geometry": {"type": "Point", "coordinates": [-120.4213, 38.02681]}, "properties": {"dep_id": "10207487", "site_name": "Clark", "dev_stat": "Unknown", "fips_code": "f06109", "huc_code": "h18040010", "quad_code": "q39122SEE4", "url": "https://mrdata.usgs.gov/mrds/show-mrds.php?dep_id=10207487", "code_list": "AU", "_layer": "mrds"}}, {"type": "Feature", "geometry": {"type": "Point", "coordinates": [-120.4027, 38.08131]}, "properties": {"dep_id": "10214221", "site_name": "Consolidated River Placer", "dev_stat": "Unknown", "fips_code": "f06109", "huc_code": "h18040010", "quad_code": "q39122SEE4", "url": "https://mrdata.usgs.gov/mrds/show-mrds.php?dep_id=10214221", "code_list": "AU", "_layer": "mrds"}}, {"type": "Feature", "geometry": {"type": "Point", "coordinates": [-120.4682, 38.00741]}, "properties": {"dep_id": "10214499", "site_name": "Tin Can", "dev_stat": "Occurrence", "fips_code": "f06109", "huc_code": "h18040010", "quad_code": "q39122SEE4", "url": "https://mrdata.usgs.gov/mrds/show-mrds.php?dep_id=10214499", "code_list": "AU", "_layer": "mrds"}}, {"type": "Feature", "geometry": {"type": "Point", "coordinates": [-120.4746, 37.91302]}, "properties": {"dep_id": "10214847", "site_name": "Sonora Black Quarry", "dev_stat": "Producer", "fips_code": "f06109", "huc_code": "h18040010", "quad_code": "q38122NEE1", "url": "https://mrdata.usgs.gov/mrds/show-mrds.php?dep_id=10214847", "code_list": "STN_C", "_layer": "mrds"}}, {"type": "Feature", "geometry": {"type": "Point", "coordinates": [-120.441, 37.94992]}, "properties": {"dep_id": "10238335", "site_name": "Junietta", "dev_stat": "Unknown", "fips_code": "f06109", "huc_code": "h18040009", "quad_code": "q38122NEE1", "url": "https://mrdata.usgs.gov/mrds/show-mrds.php?dep_id=10238335", "code_list": "AU", "_layer": "mrds"}}, {"type": "Feature", "geometry": {"type": "Point", "coordinates": [-120.4379, 37.94572]}, "properties": {"dep_id": "10238351", "site_name": "Jamestown Mine", "dev_stat": "Plant", "fips_code": "f06109", "huc_code": "h18040009", "quad_code": "q38122NEE1", "url": "https://mrdata.usgs.gov/mrds/show-mrds.php?dep_id=10238351", "code_list": "AU AG", "_layer": "mrds"}}, {"type": "Feature", "geometry": {"type": "Point", "coordinates": [-120.3591, 38.05741]}, "properties": {"dep_id": "10238442", "site_name": "Wind Wheel Lode", "dev_stat": "Unknown", "fips_code": "f06109", "huc_code": "h18040010", "quad_code": "q39122SEF4", "url": "https://mrdata.usgs.gov/mrds/show-mrds.php?dep_id=10238442", "code_list": "AU", "_layer": "mrds"}}, {"type": "Feature", "geometry": {"type": "Point", "coordinates": [-120.4238, 38.00521]}, "properties": {"dep_id": "10238508", "site_name": "Haslam", "dev_stat": "Unknown", "fips_code": "f06109", "huc_code": "h18040010", "quad_code": "q39122SEE4", "url": "https://mrdata.usgs.gov/mrds/show-mrds.php?dep_id=10238508", "code_list": "AU", "_layer": "mrds"}}, {"type": "Feature", "geometry": {"type": "Point", "coordinates": [-120.4416, 38.02271]}, "properties": {"dep_id": "10238516", "site_name": "Gopher", "dev_stat": "Unknown", "fips_code": "f06109", "huc_code": "h18040010", "quad_code": "q39122SEE4", "url": "https://mrdata.usgs.gov/mrds/show-mrds.php?dep_id=10238516", "code_list": "AU", "_layer": "mrds"}}, {"type": "Feature", "geometry": {"type": "Point", "coordinates": [-120.4752, 37.97681]}, "properties": {"dep_id": "10238661", "site_name": "Hope", "dev_stat": "Occurrence", "fips_code": "f06109", "huc_code": "h18040010", "quad_code": "q38122NEE1", "url": "https://mrdata.usgs.gov/mrds/show-mrds.php?dep_id=10238661", "code_list": "AU", "_layer": "mrds"}}, {"type": "Feature", "geometry": {"type": "Point", "coordinates": [-120.4054, 37.89052]}, "properties": {"dep_id": "10238688", "site_name": "Nugget", "dev_stat": "Occurrence", "fips_code": "f06109", "huc_code": "h18040009", "quad_code": "q38122NEE1", "url": "https://mrdata.usgs.gov/mrds/show-mrds.php?dep_id=10238688", "code_list": "AU", "_layer": "mrds"}}, {"type": "Feature", "geometry": {"type": "Point", "coordinates": [-120.3602, 37.85822]}, "properties": {"dep_id": "10238736", "site_name": "Big Chunk", "dev_stat": "Unknown", "fips_code": "f06109", "huc_code": "h18040009", "quad_code": "q38122NEF2", "url": "https://mrdata.usgs.gov/mrds/show-mrds.php?dep_id=10238736", "code_list": "AU", "_layer": "mrds"}}, {"type": "Feature", "geometry": {"type": "Point", "coordinates": [-120.4563, 37.97881]}, "properties": {"dep_id": "10238846", "site_name": "Golden Star", "dev_stat": "Past Producer", "fips_code": "f06109", "huc_code": "h18040010", "quad_code": "q38122NEE1", "url": "https://mrdata.usgs.gov/mrds/show-mrds.php?dep_id=10238846", "code_list": "AU CU PB AG", "_layer": "mrds"}}, {"type": "Feature", "geometry": {"type": "Point", "coordinates": [-120.4291, 37.99351]}, "properties": {"dep_id": "10239039", "site_name": "Buckeye", "dev_stat": "Unknown", "fips_code": "f06109", "huc_code": "h18040010", "quad_code": "q38122NEE1", "url": "https://mrdata.usgs.gov/mrds/show-mrds.php?dep_id=10239039", "code_list": "AU", "_layer": "mrds"}}, {"type": "Feature", "geometry": {"type": "Point", "coordinates": [-120.3743, 37.90212]}, "properties": {"dep_id": "10239050", "site_name": "Anderson Gold Mining Company", "dev_stat": "Occurrence", "fips_code": "f06109", "huc_code": "h18040009", "quad_code": "q38122NEF1", "url": "https://mrdata.usgs.gov/mrds/show-mrds.php?dep_id=10239050", "code_list": "AU", "_layer": "mrds"}}, {"type": "Feature", "geometry": {"type": "Point", "coordinates": [-120.3896, 38.06301]}, "properties": {"dep_id": "10262801", "site_name": "Experimental", "dev_stat": "Occurrence", "fips_code": "f06109", "huc_code": "h18040010", "quad_code": "q39122SEE4", "url": "https://mrdata.usgs.gov/mrds/show-mrds.php?dep_id=10262801", "code_list": "AU PB AG", "_layer": "mrds"}}, {"type": "Feature", "geometry": {"type": "Point", "coordinates": [-120.4366, 37.92102]}, "properties": {"dep_id": "10263196", "site_name": "Ft Lillard Claims", "dev_stat": "Prospect", "fips_code": "f06109", "huc_code": "h18040009", "quad_code": "q38122NEE1", "url": "https://mrdata.usgs.gov/mrds/show-mrds.php?dep_id=10263196", "code_list": "CU FE", "_layer": "mrds"}}, {"type": "Feature", "geometry": {"type": "Point", "coordinates": [-120.4299, 37.94072]}, "properties": {"dep_id": "10263197", "site_name": "Mangante", "dev_stat": "Unknown", "fips_code": "f06109", "huc_code": "h18040009", "quad_code": "q38122NEE1", "url": "https://mrdata.usgs.gov/mrds/show-mrds.php?dep_id=10263197", "code_list": "AU", "_layer": "mrds"}}, {"type": "Feature", "geometry": {"type": "Point", "coordinates": [-120.3691, 38.07131]}, "properties": {"dep_id": "10263234", "site_name": "Yankee Hill Mining Corporation", "dev_stat": "Past Producer", "fips_code": "f06109", "huc_code": "h18040010", "quad_code": "q39122SEF4", "url": "https://mrdata.usgs.gov/mrds/show-mrds.php?dep_id=10263234", "code_list": "AU AG", "_layer": "mrds"}}, {"type": "Feature", "geometry": {"type": "Point", "coordinates": [-120.4241, 38.06851]}, "properties": {"dep_id": "10263349", "site_name": "Good Return", "dev_stat": "Unknown", "fips_code": "f06109", "huc_code": "h18040010", "quad_code": "q39122SEE4", "url": "https://mrdata.usgs.gov/mrds/show-mrds.php?dep_id=10263349", "code_list": "AU", "_layer": "mrds"}}, {"type": "Feature", "geometry": {"type": "Point", "coordinates": [-120.4157, 37.87412]}, "properties": {"dep_id": "10263367", "site_name": "Dredged Areas", "dev_stat": "Occurrence", "fips_code": "f06109", "huc_code": "h18040009", "quad_code": "q38122NEE2", "url": "https://mrdata.usgs.gov/mrds/show-mrds.php?dep_id=10263367", "code_list": "AU", "_layer": "mrds"}}, {"type": "Feature", "geometry": {"type": "Point", "coordinates": [-120.3791, 38.01411]}, "properties": {"dep_id": "10263457", "site_name": "Page", "dev_stat": "Past Producer", "fips_code": "f06109", "huc_code": "h18040009", "quad_code": "q39122SEE4", "url": "https://mrdata.usgs.gov/mrds/show-mrds.php?dep_id=10263457", "code_list": "AU", "_layer": "mrds"}}, {"type": "Feature", "geometry": {"type": "Point", "coordinates": [-120.4624, 37.97991]}, "properties": {"dep_id": "10287094", "site_name": "Ok and North Extension", "dev_stat": "Unknown", "fips_code": "f06109", "huc_code": "h18040010", "quad_code": "q38122NEE1", "url": "https://mrdata.usgs.gov/mrds/show-mrds.php?dep_id=10287094", "code_list": "AU", "_layer": "mrds"}}, {"type": "Feature", "geometry": {"type": "Point", "coordinates": [-120.4713, 37.98741]}, "properties": {"dep_id": "10287241", "site_name": "Pride of Tuolomne", "dev_stat": "Unknown", "fips_code": "f06109", "huc_code": "h18040010", "quad_code": "q38122NEE1", "url": "https://mrdata.usgs.gov/mrds/show-mrds.php?dep_id=10287241", "code_list": "AU", "_layer": "mrds"}}, {"type": "Feature", "geometry": {"type": "Point", "coordinates": [-120.4052, 38.04301]}, "properties": {"dep_id": "10287342", "site_name": "Yukon Mine Number One", "dev_stat": "Past Producer", "fips_code": "f06109", "huc_code": "h18040010", "quad_code": "q39122SEE4", "url": "https://mrdata.usgs.gov/mrds/show-mrds.php?dep_id=10287342", "code_list": "AU AG", "_layer": "mrds"}}, {"type": "Feature", "geometry": {"type": "Point", "coordinates": [-120.3727, 38.08991]}, "properties": {"dep_id": "10287365", "site_name": "Hot Spot", "dev_stat": "Occurrence", "fips_code": "f06109", "huc_code": "h18040010", "quad_code": "q39122SEF4", "url": "https://mrdata.usgs.gov/mrds/show-mrds.php?dep_id=10287365", "code_list": "AU AG", "_layer": "mrds"}}, {"type": "Feature", "geometry": {"type": "Point", "coordinates": [-120.4043, 37.87072]}, "properties": {"dep_id": "10287455", "site_name": "Bird", "dev_stat": "Unknown", "fips_code": "f06109", "huc_code": "h18040009", "quad_code": "q38122NEE2", "url": "https://mrdata.usgs.gov/mrds/show-mrds.php?dep_id=10287455", "code_list": "AU", "_layer": "mrds"}}, {"type": "Feature", "geometry": {"type": "Point", "coordinates": [-120.5096, 37.87992]}, "properties": {"dep_id": "10287548", "site_name": "Unnamed Adit", "dev_stat": "Prospect", "fips_code": "f06109", "huc_code": "h18040010", "quad_code": "q38122NED1", "url": "https://mrdata.usgs.gov/mrds/show-mrds.php?dep_id=10287548", "code_list": "CR", "_layer": "mrds"}}, {"type": "Feature", "geometry": {"type": "Point", "coordinates": [-120.3999, 38.02491]}, "properties": {"dep_id": "10287709", "site_name": "Williamson", "dev_stat": "Unknown", "fips_code": "f06109", "huc_code": "h18040010", "quad_code": "q39122SEE4", "url": "https://mrdata.usgs.gov/mrds/show-mrds.php?dep_id=10287709", "code_list": "AU", "_layer": "mrds"}}, {"type": "Feature", "geometry": {"type": "Point", "coordinates": [-120.4627, 38.00411]}, "properties": {"dep_id": "10287786", "site_name": "Valperaiso", "dev_stat": "Unknown", "fips_code": "f06109", "huc_code": "h18040010", "quad_code": "q39122SEE4", "url": "https://mrdata.usgs.gov/mrds/show-mrds.php?dep_id=10287786", "code_list": "AU", "_layer": "mrds"}}, {"type": "Feature", "geometry": {"type": "Point", "coordinates": [-120.3893, 37.96912]}, "properties": {"dep_id": "10287819", "site_name": "Fisher Behlow & Ex Placer", "dev_stat": "Unknown", "fips_code": "f06109", "huc_code": "h18040009", "quad_code": "q38122NEE1", "url": "https://mrdata.usgs.gov/mrds/show-mrds.php?dep_id=10287819", "code_list": "AU", "_layer": "mrds"}}, {"type": "Feature", "geometry": {"type": "Point", "coordinates": [-120.4143, 37.90992]}, "properties": {"dep_id": "10287852", "site_name": "Jumper Deposit", "dev_stat": "Occurrence", "fips_code": "f06109", "huc_code": "h18040009", "quad_code": "q38122NEE1", "url": "https://mrdata.usgs.gov/mrds/show-mrds.php?dep_id=10287852", "code_list": "AU AG", "_layer": "mrds"}}, {"type": "Feature", "geometry": {"type": "Point", "coordinates": [-120.382, 37.98286]}, "properties": {"dep_id": "10310682", "site_name": "Sonora District", "dev_stat": "Past Producer", "fips_code": "f06109", "huc_code": "h18040009", "quad_code": "q38122NEE1", "url": "https://mrdata.usgs.gov/mrds/show-mrds.php?dep_id=10310682", "code_list": "AU", "_layer": "mrds"}}, {"type": "Feature", "geometry": {"type": "Point", "coordinates": [-119.62237, 38.16381]}, "properties": {"dep_id": "10037061", "site_name": "Tower Peak", "dev_stat": "Occurrence", "fips_code": "f06109", "huc_code": "h18040009", "quad_code": "q39120SWD3", "url": "https://mrdata.usgs.gov/mrds/show-mrds.php?dep_id=10037061", "code_list": "MO", "_layer": "mrds"}}, {"type": "Feature", "geometry": {"type": "Point", "coordinates": [-119.60098, 38.14992]}, "properties": {"dep_id": "10090544", "site_name": "Tower Peak", "dev_stat": "Occurrence", "fips_code": "f06109", "huc_code": "h18040009", "quad_code": "q39120SWD3", "url": "https://mrdata.usgs.gov/mrds/show-mrds.php?dep_id=10090544", "code_list": "MO", "_layer": "mrds"}}, {"type": "Feature", "geometry": {"type": "Point", "coordinates": [-119.61765, 38.16659]}, "properties": {"dep_id": "10101391", "site_name": "Dorothy Lake", "dev_stat": "Past Producer", "fips_code": "f06109", "huc_code": "h18040009", "quad_code": "q39120SWD3", "url": "https://mrdata.usgs.gov/mrds/show-mrds.php?dep_id=10101391", "code_list": "W", "_layer": "mrds"}}, {"type": "Feature", "geometry": {"type": "Point", "coordinates": [-119.62038, 38.17322]}, "properties": {"dep_id": "10214522", "site_name": "Montezuma", "dev_stat": "Past Producer", "fips_code": "f06109", "huc_code": "h18040009", "quad_code": "q39120SWD3", "url": "https://mrdata.usgs.gov/mrds/show-mrds.php?dep_id=10214522", "code_list": "W", "_layer": "mrds"}}, {"type": "Feature", "geometry": {"type": "Point", "coordinates": [-119.62015, 38.17298]}, "properties": {"dep_id": "10077986", "site_name": "Montezuma", "dev_stat": "Producer", "fips_code": "f06109", "huc_code": "h18040009", "quad_code": "q39120SWD3", "url": "https://mrdata.usgs.gov/mrds/show-mrds.php?dep_id=10077986", "code_list": "W", "_layer": "mrds"}}, {"type": "Feature", "geometry": {"type": "Point", "coordinates": [-119.60178, 38.17352]}, "properties": {"dep_id": "10141719", "site_name": "Dorothy Lake", "dev_stat": "Occurrence", "fips_code": "f06109", "huc_code": "h18040009", "quad_code": "q39120SWD3", "url": "https://mrdata.usgs.gov/mrds/show-mrds.php?dep_id=10141719", "code_list": "W", "_layer": "mrds"}}, {"type": "Feature", "geometry": {"type": "Point", "coordinates": [-119.66908, 38.14662]}, "properties": {"dep_id": "10165536", "site_name": "High Sierra", "dev_stat": "Past Producer", "fips_code": "f06109", "huc_code": "h18040009", "quad_code": "q39120SWC3", "url": "https://mrdata.usgs.gov/mrds/show-mrds.php?dep_id=10165536", "code_list": "W", "_layer": "mrds"}}, {"type": "Feature", "geometry": {"type": "Point", "coordinates": [-119.62318, 38.16662]}, "properties": {"dep_id": "10166081", "site_name": "Bigelow", "dev_stat": "Prospect", "fips_code": "f06109", "huc_code": "h18040009", "quad_code": "q39120SWD3", "url": "https://mrdata.usgs.gov/mrds/show-mrds.php?dep_id=10166081", "code_list": "W", "_layer": "mrds"}}, {"type": "Feature", "geometry": {"type": "Point", "coordinates": [-119.61768, 38.17182]}, "properties": {"dep_id": "10214533", "site_name": "Eleven Kids", "dev_stat": "Prospect", "fips_code": "f06109", "huc_code": "h18040009", "quad_code": "q39120SWD3", "url": "https://mrdata.usgs.gov/mrds/show-mrds.php?dep_id=10214533", "code_list": "W", "_layer": "mrds"}}, {"type": "Feature", "geometry": {"type": "Point", "coordinates": [-119.67518, 38.14072]}, "properties": {"dep_id": "10287331", "site_name": "Tamarack", "dev_stat": "Past Producer", "fips_code": "f06109", "huc_code": "h18040009", "quad_code": "q39120SWC3", "url": "https://mrdata.usgs.gov/mrds/show-mrds.php?dep_id=10287331", "code_list": "W", "_layer": "mrds"}}, {"type": "Feature", "geometry": {"type": "Point", "coordinates": [-120.18433, 38.03325]}, "properties": {"dep_id": "10008592", "site_name": "Sivori and Lucky Strike Group", "dev_stat": "Occurrence", "fips_code": "f06109", "huc_code": "h18040009", "quad_code": "q39122SEG4", "url": "https://mrdata.usgs.gov/mrds/show-mrds.php?dep_id=10008592", "code_list": "W AU", "_layer": "mrds"}}, {"type": "Feature", "geometry": {"type": "Point", "coordinates": [-120.26767, 37.96659]}, "properties": {"dep_id": "10009199", "site_name": "Soulsby Mine", "dev_stat": "Occurrence", "fips_code": "f06109", "huc_code": "h18040009", "quad_code": "q38122NEF1", "url": "https://mrdata.usgs.gov/mrds/show-mrds.php?dep_id=10009199", "code_list": "AU BI", "_layer": "mrds"}}, {"type": "Feature", "geometry": {"type": "Point", "coordinates": [-120.25628, 37.9627]}, "properties": {"dep_id": "10033745", "site_name": "West Prospect", "dev_stat": "Occurrence", "fips_code": "f06109", "huc_code": "h18040009", "quad_code": "q38122NEF1", "url": "https://mrdata.usgs.gov/mrds/show-mrds.php?dep_id=10033745", "code_list": "MN", "_layer": "mrds"}}, {"type": "Feature", "geometry": {"type": "Point", "coordinates": [-120.30406, 38.14241]}, "properties": {"dep_id": "10033958", "site_name": "Tex", "dev_stat": "Producer", "fips_code": "f06109", "huc_code": "h18040010", "quad_code": "q39122SEF3", "url": "https://mrdata.usgs.gov/mrds/show-mrds.php?dep_id=10033958", "code_list": "AU AG CU", "_layer": "mrds"}}, {"type": "Feature", "geometry": {"type": "Point", "coordinates": [-120.27683, 37.9702]}, "properties": {"dep_id": "10034515", "site_name": "Black Oak Group", "dev_stat": "Past Producer", "fips_code": "f06109", "huc_code": "h18040009", "quad_code": "q38122NEF1", "url": "https://mrdata.usgs.gov/mrds/show-mrds.php?dep_id=10034515", "code_list": "AU ZN PB FE", "_layer": "mrds"}}, {"type": "Feature", "geometry": {"type": "Point", "coordinates": [-120.24682, 37.89131]}, "properties": {"dep_id": "10034516", "site_name": "Blue & White Star", "dev_stat": "Past Producer", "fips_code": "f06109", "huc_code": "h18040009", "quad_code": "q38122NEG1", "url": "https://mrdata.usgs.gov/mrds/show-mrds.php?dep_id=10034516", "code_list": "AU", "_layer": "mrds"}}, {"type": "Feature", "geometry": {"type": "Point", "coordinates": [-120.2235, 37.96214]}, "properties": {"dep_id": "10034517", "site_name": "Bonita", "dev_stat": "Past Producer", "fips_code": "f06109", "huc_code": "h18040009", "quad_code": "q38122NEG1", "url": "https://mrdata.usgs.gov/mrds/show-mrds.php?dep_id=10034517", "code_list": "AU", "_layer": "mrds"}}, {"type": "Feature", "geometry": {"type": "Point", "coordinates": [-120.24489, 37.97575]}, "properties": {"dep_id": "10034521", "site_name": "Carlotta Consolidated Group", "dev_stat": "Past Producer", "fips_code": "f06109", "huc_code": "h18040009", "quad_code": "q38122NEG1", "url": "https://mrdata.usgs.gov/mrds/show-mrds.php?dep_id=10034521", "code_list": "AU PB ZN FE", "_layer": "mrds"}}, {"type": "Feature", "geometry": {"type": "Point", "coordinates": [-120.25017, 37.9802]}, "properties": {"dep_id": "10034522", "site_name": "Central", "dev_stat": "Producer", "fips_code": "f06109", "huc_code": "h18040009", "quad_code": "q38122NEF1", "url": "https://mrdata.usgs.gov/mrds/show-mrds.php?dep_id=10034522", "code_list": "AU", "_layer": "mrds"}}, {"type": "Feature", "geometry": {"type": "Point", "coordinates": [-120.19155, 37.90686]}, "properties": {"dep_id": "10034524", "site_name": "Chaparral", "dev_stat": "Past Producer", "fips_code": "f06109", "huc_code": "h18040009", "quad_code": "q38122NEG1", "url": "https://mrdata.usgs.gov/mrds/show-mrds.php?dep_id=10034524", "code_list": "AU", "_layer": "mrds"}}, {"type": "Feature", "geometry": {"type": "Point", "coordinates": [-120.23544, 37.94881]}, "properties": {"dep_id": "10034526", "site_name": "Consuella Mine", "dev_stat": "Past Producer", "fips_code": "f06109", "huc_code": "h18040009", "quad_code": "q38122NEG1", "url": "https://mrdata.usgs.gov/mrds/show-mrds.php?dep_id=10034526", "code_list": "AU", "_layer": "mrds"}}, {"type": "Feature", "geometry": {"type": "Point", "coordinates": [-120.27683, 37.9702]}, "properties": {"dep_id": "10034528", "site_name": "Cornucopia No. 1 , No. 2 Group", "dev_stat": "Producer", "fips_code": "f06109", "huc_code": "h18040009", "quad_code": "q38122NEF1", "url": "https://mrdata.usgs.gov/mrds/show-mrds.php?dep_id=10034528", "code_list": "AU", "_layer": "mrds"}}, {"type": "Feature", "geometry": {"type": "Point", "coordinates": [-120.27683, 37.9702]}, "properties": {"dep_id": "10034531", "site_name": "Dawn", "dev_stat": "Producer", "fips_code": "f06109", "huc_code": "h18040009", "quad_code": "q38122NEF1", "url": "https://mrdata.usgs.gov/mrds/show-mrds.php?dep_id=10034531", "code_list": "AU", "_layer": "mrds"}}, {"type": "Feature", "geometry": {"type": "Point", "coordinates": [-120.22794, 37.99742]}, "properties": {"dep_id": "10034533", "site_name": "Dreisam", "dev_stat": "Producer", "fips_code": "f06109", "huc_code": "h18040009", "quad_code": "q38122NEG1", "url": "https://mrdata.usgs.gov/mrds/show-mrds.php?dep_id=10034533", "code_list": "AU ZN PB FE", "_layer": "mrds"}}, {"type": "Feature", "geometry": {"type": "Point", "coordinates": [-120.23128, 37.99881]}, "properties": {"dep_id": "10034534", "site_name": "Duffield", "dev_stat": "Past Producer", "fips_code": "f06109", "huc_code": "h18040009", "quad_code": "q38122NEG1", "url": "https://mrdata.usgs.gov/mrds/show-mrds.php?dep_id=10034534", "code_list": "AU", "_layer": "mrds"}}, {"type": "Feature", "geometry": {"type": "Point", "coordinates": [-120.18488, 37.88631]}, "properties": {"dep_id": "10034535", "site_name": "Duleek No. 1 , 2 , 3", "dev_stat": "Past Producer", "fips_code": "f06109", "huc_code": "h18040009", "quad_code": "q38122NEG1", "url": "https://mrdata.usgs.gov/mrds/show-mrds.php?dep_id=10034535", "code_list": "AU", "_layer": "mrds"}}, {"type": "Feature", "geometry": {"type": "Point", "coordinates": [-120.16239, 38.07548]}, "properties": {"dep_id": "10034540", "site_name": "Excelsior", "dev_stat": "Past Producer", "fips_code": "f06109", "huc_code": "h18040010", "quad_code": "q39122SEG4", "url": "https://mrdata.usgs.gov/mrds/show-mrds.php?dep_id=10034540", "code_list": "AU", "_layer": "mrds"}}, {"type": "Feature", "geometry": {"type": "Point", "coordinates": [-120.27822, 37.88631]}, "properties": {"dep_id": "10034544", "site_name": "Free Lance Ext. 4", "dev_stat": "Producer", "fips_code": "f06109", "huc_code": "h18040009", "quad_code": "q38122NEF1", "url": "https://mrdata.usgs.gov/mrds/show-mrds.php?dep_id=10034544", "code_list": "AU", "_layer": "mrds"}}, {"type": "Feature", "geometry": {"type": "Point", "coordinates": [-120.18766, 37.90492]}, "properties": {"dep_id": "10034545", "site_name": "Garfield & Virgina", "dev_stat": "Past Producer", "fips_code": "f06109", "huc_code": "h18040009", "quad_code": "q38122NEG1", "url": "https://mrdata.usgs.gov/mrds/show-mrds.php?dep_id=10034545", "code_list": "AU", "_layer": "mrds"}}, {"type": "Feature", "geometry": {"type": "Point", "coordinates": [-120.27683, 37.98353]}, "properties": {"dep_id": "10034547", "site_name": "Genevieve", "dev_stat": "Producer", "fips_code": "f06109", "huc_code": "h18040009", "quad_code": "q38122NEF1", "url": "https://mrdata.usgs.gov/mrds/show-mrds.php?dep_id=10034547", "code_list": "AU", "_layer": "mrds"}}, {"type": "Feature", "geometry": {"type": "Point", "coordinates": [-120.29406, 37.98409]}, "properties": {"dep_id": "10034549", "site_name": "Golden Dam", "dev_stat": "Producer", "fips_code": "f06109", "huc_code": "h18040009", "quad_code": "q38122NEF1", "url": "https://mrdata.usgs.gov/mrds/show-mrds.php?dep_id=10034549", "code_list": "AU", "_layer": "mrds"}}, {"type": "Feature", "geometry": {"type": "Point", "coordinates": [-120.25767, 38.0413]}, "properties": {"dep_id": "10034552", "site_name": "Golden West", "dev_stat": "Producer", "fips_code": "f06109", "huc_code": "h18040009", "quad_code": "q39122SEF4", "url": "https://mrdata.usgs.gov/mrds/show-mrds.php?dep_id=10034552", "code_list": "AU", "_layer": "mrds"}}, {"type": "Feature", "geometry": {"type": "Point", "coordinates": [-120.22349, 37.93742]}, "properties": {"dep_id": "10034553", "site_name": "Goldwin", "dev_stat": "Past Producer", "fips_code": "f06109", "huc_code": "h18040009", "quad_code": "q38122NEG1", "url": "https://mrdata.usgs.gov/mrds/show-mrds.php?dep_id=10034553", "code_list": "AU", "_layer": "mrds"}}, {"type": "Feature", "geometry": {"type": "Point", "coordinates": [-120.28461, 38.07102]}, "properties": {"dep_id": "10034558", "site_name": "Hazel Dell Group", "dev_stat": "Past Producer", "fips_code": "f06109", "huc_code": "h18040010", "quad_code": "q39122SEF4", "url": "https://mrdata.usgs.gov/mrds/show-mrds.php?dep_id=10034558", "code_list": "AU", "_layer": "mrds"}}, {"type": "Feature", "geometry": {"type": "Point", "coordinates": [-120.1271, 37.88298]}, "properties": {"dep_id": "10034563", "site_name": "Hull", "dev_stat": "Producer", "fips_code": "f06109", "huc_code": "h18040009", "quad_code": "q38122NEG1", "url": "https://mrdata.usgs.gov/mrds/show-mrds.php?dep_id=10034563", "code_list": "AU", "_layer": "mrds"}}, {"type": "Feature", "geometry": {"type": "Point", "coordinates": [-120.14877, 37.98548]}, "properties": {"dep_id": "10034565", "site_name": "Independent", "dev_stat": "Producer", "fips_code": "f06109", "huc_code": "h18040009", "quad_code": "q38122NEG1", "url": "https://mrdata.usgs.gov/mrds/show-mrds.php?dep_id=10034565", "code_list": "AU", "_layer": "mrds"}}, {"type": "Feature", "geometry": {"type": "Point", "coordinates": [-120.25544, 38.02575]}, "properties": {"dep_id": "10034567", "site_name": "Joe Hooker", "dev_stat": "Producer", "fips_code": "f06109", "huc_code": "h18040009", "quad_code": "q39122SEF4", "url": "https://mrdata.usgs.gov/mrds/show-mrds.php?dep_id=10034567", "code_list": "AU", "_layer": "mrds"}}, {"type": "Feature", "geometry": {"type": "Point", "coordinates": [-120.20211, 38.04992]}, "properties": {"dep_id": "10034569", "site_name": "Lamphere", "dev_stat": "Past Producer", "fips_code": "f06109", "huc_code": "h18040009", "quad_code": "q39122SEG4", "url": "https://mrdata.usgs.gov/mrds/show-mrds.php?dep_id=10034569", "code_list": "AU", "_layer": "mrds"}}, {"type": "Feature", "geometry": {"type": "Point", "coordinates": [-120.22321, 37.89686]}, "properties": {"dep_id": "10034570", "site_name": "La Preciosa", "dev_stat": "Producer", "fips_code": "f06109", "huc_code": "h18040009", "quad_code": "q38122NEG1", "url": "https://mrdata.usgs.gov/mrds/show-mrds.php?dep_id=10034570", "code_list": "AU", "_layer": "mrds"}}, {"type": "Feature", "geometry": {"type": "Point", "coordinates": [-120.25267, 37.89825]}, "properties": {"dep_id": "10034576", "site_name": "Los Angeles", "dev_stat": "Past Producer", "fips_code": "f06109", "huc_code": "h18040009", "quad_code": "q38122NEF1", "url": "https://mrdata.usgs.gov/mrds/show-mrds.php?dep_id=10034576", "code_list": "AU", "_layer": "mrds"}}, {"type": "Feature", "geometry": {"type": "Point", "coordinates": [-120.25683, 37.98409]}, "properties": {"dep_id": "10034577", "site_name": "Louisiana Group", "dev_stat": "Past Producer", "fips_code": "f06109", "huc_code": "h18040009", "quad_code": "q38122NEF1", "url": "https://mrdata.usgs.gov/mrds/show-mrds.php?dep_id=10034577", "code_list": "AU PB FE ZN", "_layer": "mrds"}}, {"type": "Feature", "geometry": {"type": "Point", "coordinates": [-120.24266, 37.91159]}, "properties": {"dep_id": "10034578", "site_name": "Lucky Boy", "dev_stat": "Past Producer", "fips_code": "f06109", "huc_code": "h18040009", "quad_code": "q38122NEG1", "url": "https://mrdata.usgs.gov/mrds/show-mrds.php?dep_id=10034578", "code_list": "AU", "_layer": "mrds"}}, {"type": "Feature", "geometry": {"type": "Point", "coordinates": [-120.21933, 37.97048]}, "properties": {"dep_id": "10034582", "site_name": "Mayflower Group", "dev_stat": "Past Producer", "fips_code": "f06109", "huc_code": "h18040009", "quad_code": "q38122NEG1", "url": "https://mrdata.usgs.gov/mrds/show-mrds.php?dep_id=10034582", "code_list": "AU", "_layer": "mrds"}}, {"type": "Feature", "geometry": {"type": "Point", "coordinates": [-120.1571, 37.89409]}, "properties": {"dep_id": "10034586", "site_name": "Mohican Group", "dev_stat": "Past Producer", "fips_code": "f06109", "huc_code": "h18040009", "quad_code": "q38122NEG1", "url": "https://mrdata.usgs.gov/mrds/show-mrds.php?dep_id=10034586", "code_list": "AU", "_layer": "mrds"}}, {"type": "Feature", "geometry": {"type": "Point", "coordinates": [-120.14877, 37.9977]}, "properties": {"dep_id": "10034589", "site_name": "Mountain Bell & Parallel", "dev_stat": "Producer", "fips_code": "f06109", "huc_code": "h18040009", "quad_code": "q38122NEG1", "url": "https://mrdata.usgs.gov/mrds/show-mrds.php?dep_id=10034589", "code_list": "AU", "_layer": "mrds"}}, {"type": "Feature", "geometry": {"type": "Point", "coordinates": [-120.16877, 38.05936]}, "properties": {"dep_id": "10034591", "site_name": "Mount Vernon", "dev_stat": "Past Producer", "fips_code": "f06109", "huc_code": "h18040009", "quad_code": "q39122SEG4", "url": "https://mrdata.usgs.gov/mrds/show-mrds.php?dep_id=10034591", "code_list": "AU", "_layer": "mrds"}}, {"type": "Feature", "geometry": {"type": "Point", "coordinates": [-120.21405, 37.94214]}, "properties": {"dep_id": "10034595", "site_name": "New Years", "dev_stat": "Past Producer", "fips_code": "f06109", "huc_code": "h18040009", "quad_code": "q38122NEG1", "url": "https://mrdata.usgs.gov/mrds/show-mrds.php?dep_id=10034595", "code_list": "AU", "_layer": "mrds"}}, {"type": "Feature", "geometry": {"type": "Point", "coordinates": [-120.22072, 37.9602]}, "properties": {"dep_id": "10034603", "site_name": "O.P.", "dev_stat": "Producer", "fips_code": "f06109", "huc_code": "h18040009", "quad_code": "q38122NEG1", "url": "https://mrdata.usgs.gov/mrds/show-mrds.php?dep_id=10034603", "code_list": "AU", "_layer": "mrds"}}, {"type": "Feature", "geometry": {"type": "Point", "coordinates": [-120.25822, 38.0277]}, "properties": {"dep_id": "10034604", "site_name": "Parole", "dev_stat": "Past Producer", "fips_code": "f06109", "huc_code": "h18040009", "quad_code": "q39122SEF4", "url": "https://mrdata.usgs.gov/mrds/show-mrds.php?dep_id=10034604", "code_list": "AU", "_layer": "mrds"}}, {"type": "Feature", "geometry": {"type": "Point", "coordinates": [-120.24433, 37.9752]}, "properties": {"dep_id": "10034606", "site_name": "Pennsylvania", "dev_stat": "Past Producer", "fips_code": "f06109", "huc_code": "h18040009", "quad_code": "q38122NEG1", "url": "https://mrdata.usgs.gov/mrds/show-mrds.php?dep_id=10034606", "code_list": "AU PB ZN FE", "_layer": "mrds"}}, {"type": "Feature", "geometry": {"type": "Point", "coordinates": [-120.27794, 37.92631]}, "properties": {"dep_id": "10034608", "site_name": "Poison Oak", "dev_stat": "Past Producer", "fips_code": "f06109", "huc_code": "h18040009", "quad_code": "q38122NEF1", "url": "https://mrdata.usgs.gov/mrds/show-mrds.php?dep_id=10034608", "code_list": "AU", "_layer": "mrds"}}, {"type": "Feature", "geometry": {"type": "Point", "coordinates": [-120.246, 37.97353]}, "properties": {"dep_id": "10034609", "site_name": "Porto Fino", "dev_stat": "Producer", "fips_code": "f06109", "huc_code": "h18040009", "quad_code": "q38122NEG1", "url": "https://mrdata.usgs.gov/mrds/show-mrds.php?dep_id=10034609", "code_list": "AU", "_layer": "mrds"}}, {"type": "Feature", "geometry": {"type": "Point", "coordinates": [-120.24044, 37.9702]}, "properties": {"dep_id": "10034613", "site_name": "Rattlesnake", "dev_stat": "Producer", "fips_code": "f06109", "huc_code": "h18040009", "quad_code": "q38122NEG1", "url": "https://mrdata.usgs.gov/mrds/show-mrds.php?dep_id=10034613", "code_list": "AU", "_layer": "mrds"}}, {"type": "Feature", "geometry": {"type": "Point", "coordinates": [-120.16932, 38.0152]}, "properties": {"dep_id": "10034618", "site_name": "Reward Group", "dev_stat": "Producer", "fips_code": "f06109", "huc_code": "h18040009", "quad_code": "q39122SEG4", "url": "https://mrdata.usgs.gov/mrds/show-mrds.php?dep_id=10034618", "code_list": "AU", "_layer": "mrds"}}, {"type": "Feature", "geometry": {"type": "Point", "coordinates": [-120.22294, 37.9552]}, "properties": {"dep_id": "10034619", "site_name": "Richards", "dev_stat": "Past Producer", "fips_code": "f06109", "huc_code": "h18040009", "quad_code": "q38122NEG1", "url": "https://mrdata.usgs.gov/mrds/show-mrds.php?dep_id=10034619", "code_list": "AU", "_layer": "mrds"}}, {"type": "Feature", "geometry": {"type": "Point", "coordinates": [-120.22933, 38.00548]}, "properties": {"dep_id": "10034620", "site_name": "Rising Sun", "dev_stat": "Past Producer", "fips_code": "f06109", "huc_code": "h18040009", "quad_code": "q39122SEG4", "url": "https://mrdata.usgs.gov/mrds/show-mrds.php?dep_id=10034620", "code_list": "AU", "_layer": "mrds"}}, {"type": "Feature", "geometry": {"type": "Point", "coordinates": [-120.19627, 37.93381]}, "properties": {"dep_id": "10034629", "site_name": "Somerset", "dev_stat": "Producer", "fips_code": "f06109", "huc_code": "h18040009", "quad_code": "q38122NEG1", "url": "https://mrdata.usgs.gov/mrds/show-mrds.php?dep_id=10034629", "code_list": "AU", "_layer": "mrds"}}, {"type": "Feature", "geometry": {"type": "Point", "coordinates": [-120.29628, 38.08935]}, "properties": {"dep_id": "10034630", "site_name": "Sonnet", "dev_stat": "Past Producer", "fips_code": "f06109", "huc_code": "h18040010", "quad_code": "q39122SEF4", "url": "https://mrdata.usgs.gov/mrds/show-mrds.php?dep_id=10034630", "code_list": "AU PB ZN FE", "_layer": "mrds"}}, {"type": "Feature", "geometry": {"type": "Point", "coordinates": [-120.26294, 37.98825]}, "properties": {"dep_id": "10034631", "site_name": "Soulsby Group", "dev_stat": "Past Producer", "fips_code": "f06109", "huc_code": "h18040009", "quad_code": "q38122NEF1", "url": "https://mrdata.usgs.gov/mrds/show-mrds.php?dep_id=10034631", "code_list": "AU CU PB ZN", "_layer": "mrds"}}, {"type": "Feature", "geometry": {"type": "Point", "coordinates": [-120.21377, 37.9552]}, "properties": {"dep_id": "10034638", "site_name": "Triumph", "dev_stat": "Producer", "fips_code": "f06109", "huc_code": "h18040009", "quad_code": "q38122NEG1", "url": "https://mrdata.usgs.gov/mrds/show-mrds.php?dep_id=10034638", "code_list": "AU", "_layer": "mrds"}}, {"type": "Feature", "geometry": {"type": "Point", "coordinates": [-120.23906, 37.92603]}, "properties": {"dep_id": "10034639", "site_name": "Uncle Sam", "dev_stat": "Producer", "fips_code": "f06109", "huc_code": "h18040009", "quad_code": "q38122NEG1", "url": "https://mrdata.usgs.gov/mrds/show-mrds.php?dep_id=10034639", "code_list": "AU", "_layer": "mrds"}}, {"type": "Feature", "geometry": {"type": "Point", "coordinates": [-120.20906, 38.05935]}, "properties": {"dep_id": "10034645", "site_name": "Wallstreet & Sugar Pine", "dev_stat": "Producer", "fips_code": "f06109", "huc_code": "h18040010", "quad_code": "q39122SEG4", "url": "https://mrdata.usgs.gov/mrds/show-mrds.php?dep_id=10034645", "code_list": "AU", "_layer": "mrds"}}, {"type": "Feature", "geometry": {"type": "Point", "coordinates": [-120.26239, 37.98964]}, "properties": {"dep_id": "10034646", "site_name": "Wheal & Perrin", "dev_stat": "Past Producer", "fips_code": "f06109", "huc_code": "h18040009", "quad_code": "q38122NEF1", "url": "https://mrdata.usgs.gov/mrds/show-mrds.php?dep_id=10034646", "code_list": "AU", "_layer": "mrds"}}, {"type": "Feature", "geometry": {"type": "Point", "coordinates": [-120.251, 37.98325]}, "properties": {"dep_id": "10072395", "site_name": "East Belt-Soulsbyville-Toulumne", "dev_stat": "Producer", "fips_code": "f06109", "huc_code": "h18040009", "quad_code": "q38122NEF1", "url": "https://mrdata.usgs.gov/mrds/show-mrds.php?dep_id=10072395", "code_list": "AU AG", "_layer": "mrds"}}, {"type": "Feature", "geometry": {"type": "Point", "coordinates": [-120.2771, 37.8227]}, "properties": {"dep_id": "10077933", "site_name": "Eureka", "dev_stat": "Past Producer", "fips_code": "f06109", "huc_code": "h18040009", "quad_code": "q38122NEF2", "url": "https://mrdata.usgs.gov/mrds/show-mrds.php?dep_id=10077933", "code_list": "AU", "_layer": "mrds"}}, {"type": "Feature", "geometry": {"type": "Point", "coordinates": [-120.27906, 37.97131]}, "properties": {"dep_id": "10077937", "site_name": "Junction", "dev_stat": "Past Producer", "fips_code": "f06109", "huc_code": "h18040009", "quad_code": "q38122NEF1", "url": "https://mrdata.usgs.gov/mrds/show-mrds.php?dep_id=10077937", "code_list": "AU", "_layer": "mrds"}}, {"type": "Feature", "geometry": {"type": "Point", "coordinates": [-120.301, 38.10547]}, "properties": {"dep_id": "10077947", "site_name": "Star", "dev_stat": "Past Producer", "fips_code": "f06109", "huc_code": "h18040010", "quad_code": "q39122SEF4", "url": "https://mrdata.usgs.gov/mrds/show-mrds.php?dep_id=10077947", "code_list": "AU PB ZN FE", "_layer": "mrds"}}, {"type": "Feature", "geometry": {"type": "Point", "coordinates": [-120.24127, 37.82548]}, "properties": {"dep_id": "10077954", "site_name": "Borne", "dev_stat": "Producer", "fips_code": "f06109", "huc_code": "h18040009", "quad_code": "q38122NEG2", "url": "https://mrdata.usgs.gov/mrds/show-mrds.php?dep_id=10077954", "code_list": "AU", "_layer": "mrds"}}, {"type": "Feature", "geometry": {"type": "Point", "coordinates": [-120.21766, 37.83631]}, "properties": {"dep_id": "10077957", "site_name": "Muller", "dev_stat": "Producer", "fips_code": "f06109", "huc_code": "h18040009", "quad_code": "q38122NEG2", "url": "https://mrdata.usgs.gov/mrds/show-mrds.php?dep_id=10077957", "code_list": "AU", "_layer": "mrds"}}, {"type": "Feature", "geometry": {"type": "Point", "coordinates": [-120.25877, 37.8227]}, "properties": {"dep_id": "10077960", "site_name": "Longfellow", "dev_stat": "Past Producer", "fips_code": "f06109", "huc_code": "h18040009", "quad_code": "q38122NEF2", "url": "https://mrdata.usgs.gov/mrds/show-mrds.php?dep_id=10077960", "code_list": "AU", "_layer": "mrds"}}, {"type": "Feature", "geometry": {"type": "Point", "coordinates": [-120.25682, 37.81992]}, "properties": {"dep_id": "10077961", "site_name": "Group", "dev_stat": "Past Producer", "fips_code": "f06109", "huc_code": "h18040009", "quad_code": "q38122NEF2", "url": "https://mrdata.usgs.gov/mrds/show-mrds.php?dep_id=10077961", "code_list": "AU PB", "_layer": "mrds"}}, {"type": "Feature", "geometry": {"type": "Point", "coordinates": [-120.23627, 37.77909]}, "properties": {"dep_id": "10077963", "site_name": "Jack Lode", "dev_stat": "Producer", "fips_code": "f06109", "huc_code": "h18040009", "quad_code": "q38122NEG2", "url": "https://mrdata.usgs.gov/mrds/show-mrds.php?dep_id=10077963", "code_list": "AU AG", "_layer": "mrds"}}, {"type": "Feature", "geometry": {"type": "Point", "coordinates": [-120.18349, 38.03048]}, "properties": {"dep_id": "10077965", "site_name": "Lucky Strike Claim", "dev_stat": "Past Producer", "fips_code": "f06109", "huc_code": "h18040009", "quad_code": "q39122SEG4", "url": "https://mrdata.usgs.gov/mrds/show-mrds.php?dep_id=10077965", "code_list": "AU ZN PB", "_layer": "mrds"}}, {"type": "Feature", "geometry": {"type": "Point", "coordinates": [-120.2235, 37.97742]}, "properties": {"dep_id": "10077966", "site_name": "United Mines Group", "dev_stat": "Past Producer", "fips_code": "f06109", "huc_code": "h18040009", "quad_code": "q38122NEG1", "url": "https://mrdata.usgs.gov/mrds/show-mrds.php?dep_id=10077966", "code_list": "AU PB FE", "_layer": "mrds"}}, {"type": "Feature", "geometry": {"type": "Point", "coordinates": [-120.21155, 37.94381]}, "properties": {"dep_id": "10077968", "site_name": "Phoenix Lake", "dev_stat": "Past Producer", "fips_code": "f06109", "huc_code": "h18040009", "quad_code": "q38122NEG1", "url": "https://mrdata.usgs.gov/mrds/show-mrds.php?dep_id=10077968", "code_list": "AU", "_layer": "mrds"}}, {"type": "Feature", "geometry": {"type": "Point", "coordinates": [-120.24043, 37.89492]}, "properties": {"dep_id": "10077972", "site_name": "Mary Ellen", "dev_stat": "Past Producer", "fips_code": "f06109", "huc_code": "h18040009", "quad_code": "q38122NEG1", "url": "https://mrdata.usgs.gov/mrds/show-mrds.php?dep_id=10077972", "code_list": "AU SB ZN PB CU FE", "_layer": "mrds"}}, {"type": "Feature", "geometry": {"type": "Point", "coordinates": [-120.20878, 38.04353]}, "properties": {"dep_id": "10077977", "site_name": "Confidence Group", "dev_stat": "Past Producer", "fips_code": "f06109", "huc_code": "h18040009", "quad_code": "q39122SEG4", "url": "https://mrdata.usgs.gov/mrds/show-mrds.php?dep_id=10077977", "code_list": "AU PB", "_layer": "mrds"}}, {"type": "Feature", "geometry": {"type": "Point", "coordinates": [-120.16766, 38.03992]}, "properties": {"dep_id": "10077978", "site_name": "Iron King", "dev_stat": "Producer", "fips_code": "f06109", "huc_code": "h18040009", "quad_code": "q39122SEG4", "url": "https://mrdata.usgs.gov/mrds/show-mrds.php?dep_id=10077978", "code_list": "W", "_layer": "mrds"}}, {"type": "Feature", "geometry": {"type": "Point", "coordinates": [-120.24406, 37.97686]}, "properties": {"dep_id": "10077982", "site_name": "Laura & North Star", "dev_stat": "Past Producer", "fips_code": "f06109", "huc_code": "h18040009", "quad_code": "q38122NEG1", "url": "https://mrdata.usgs.gov/mrds/show-mrds.php?dep_id=10077982", "code_list": "AU PB", "_layer": "mrds"}}, {"type": "Feature", "geometry": {"type": "Point", "coordinates": [-120.24628, 37.98492]}, "properties": {"dep_id": "10077983", "site_name": "Prudhomme", "dev_stat": "Producer", "fips_code": "f06109", "huc_code": "h18040009", "quad_code": "q38122NEG1", "url": "https://mrdata.usgs.gov/mrds/show-mrds.php?dep_id=10077983", "code_list": "AU", "_layer": "mrds"}}, {"type": "Feature", "geometry": {"type": "Point", "coordinates": [-120.22017, 37.99131]}, "properties": {"dep_id": "10103054", "site_name": "Blue Lead", "dev_stat": "Past Producer", "fips_code": "f06109", "huc_code": "h18040009", "quad_code": "q38122NEG1", "url": "https://mrdata.usgs.gov/mrds/show-mrds.php?dep_id=10103054", "code_list": "AU", "_layer": "mrds"}}, {"type": "Feature", "geometry": {"type": "Point", "coordinates": [-120.26182, 37.85436]}, "properties": {"dep_id": "10103055", "site_name": "Boitano", "dev_stat": "Past Producer", "fips_code": "f06109", "huc_code": "h18040009", "quad_code": "q38122NEF2", "url": "https://mrdata.usgs.gov/mrds/show-mrds.php?dep_id=10103055", "code_list": "AU", "_layer": "mrds"}}, {"type": "Feature", "geometry": {"type": "Point", "coordinates": [-120.24321, 37.82159]}, "properties": {"dep_id": "10105951", "site_name": "Bicknell", "dev_stat": "Past Producer", "fips_code": "f06109", "huc_code": "h18040009", "quad_code": "q38122NEG2", "url": "https://mrdata.usgs.gov/mrds/show-mrds.php?dep_id=10105951", "code_list": "AU", "_layer": "mrds"}}, {"type": "Feature", "geometry": {"type": "Point", "coordinates": [-120.22878, 37.96464]}, "properties": {"dep_id": "10105953", "site_name": "Baker Ranch", "dev_stat": "Past Producer", "fips_code": "f06109", "huc_code": "h18040009", "quad_code": "q38122NEG1", "url": "https://mrdata.usgs.gov/mrds/show-mrds.php?dep_id=10105953", "code_list": "AU", "_layer": "mrds"}}, {"type": "Feature", "geometry": {"type": "Point", "coordinates": [-120.18377, 38.02909]}, "properties": {"dep_id": "10105956", "site_name": "Morning Glory", "dev_stat": "Past Producer", "fips_code": "f06109", "huc_code": "h18040009", "quad_code": "q39122SEG4", "url": "https://mrdata.usgs.gov/mrds/show-mrds.php?dep_id=10105956", "code_list": "AU PB", "_layer": "mrds"}}, {"type": "Feature", "geometry": {"type": "Point", "coordinates": [-120.28572, 37.84909]}, "properties": {"dep_id": "10109434", "site_name": "Free Lance", "dev_stat": "Producer", "fips_code": "f06109", "huc_code": "h18040009", "quad_code": "q38122NEF2", "url": "https://mrdata.usgs.gov/mrds/show-mrds.php?dep_id=10109434", "code_list": "AU", "_layer": "mrds"}}, {"type": "Feature", "geometry": {"type": "Point", "coordinates": [-120.28267, 38.09852]}, "properties": {"dep_id": "10109439", "site_name": "Grey Eagle & Rival", "dev_stat": "Producer", "fips_code": "f06109", "huc_code": "h18040010", "quad_code": "q39122SEF4", "url": "https://mrdata.usgs.gov/mrds/show-mrds.php?dep_id=10109439", "code_list": "AU", "_layer": "mrds"}}, {"type": "Feature", "geometry": {"type": "Point", "coordinates": [-120.18349, 38.02686]}, "properties": {"dep_id": "10109441", "site_name": "Hawk", "dev_stat": "Producer", "fips_code": "f06109", "huc_code": "h18040009", "quad_code": "q39122SEG4", "url": "https://mrdata.usgs.gov/mrds/show-mrds.php?dep_id=10109441", "code_list": "AU", "_layer": "mrds"}}, {"type": "Feature", "geometry": {"type": "Point", "coordinates": [-120.20349, 37.92603]}, "properties": {"dep_id": "10109443", "site_name": "Hunter", "dev_stat": "Producer", "fips_code": "f06109", "huc_code": "h18040009", "quad_code": "q38122NEG1", "url": "https://mrdata.usgs.gov/mrds/show-mrds.php?dep_id=10109443", "code_list": "AU", "_layer": "mrds"}}, {"type": "Feature", "geometry": {"type": "Point", "coordinates": [-120.2235, 38.04103]}, "properties": {"dep_id": "10109449", "site_name": "Maddox", "dev_stat": "Producer", "fips_code": "f06109", "huc_code": "h18040009", "quad_code": "q39122SEG4", "url": "https://mrdata.usgs.gov/mrds/show-mrds.php?dep_id=10109449", "code_list": "AU", "_layer": "mrds"}}, {"type": "Feature", "geometry": {"type": "Point", "coordinates": [-120.17961, 38.06992]}, "properties": {"dep_id": "10109453", "site_name": "North Extention of Green", "dev_stat": "Producer", "fips_code": "f06109", "huc_code": "h18040010", "quad_code": "q39122SEG4", "url": "https://mrdata.usgs.gov/mrds/show-mrds.php?dep_id=10109453", "code_list": "AU", "_layer": "mrds"}}, {"type": "Feature", "geometry": {"type": "Point", "coordinates": [-120.18738, 37.78992]}, "properties": {"dep_id": "10111217", "site_name": "Wonder", "dev_stat": "Producer", "fips_code": "f06109", "huc_code": "h18040009", "quad_code": "q38122NEG2", "url": "https://mrdata.usgs.gov/mrds/show-mrds.php?dep_id=10111217", "code_list": "MN", "_layer": "mrds"}}, {"type": "Feature", "geometry": {"type": "Point", "coordinates": [-120.25627, 37.82075]}, "properties": {"dep_id": "10111243", "site_name": "Morhman", "dev_stat": "Producer", "fips_code": "f06109", "huc_code": "h18040009", "quad_code": "q38122NEF2", "url": "https://mrdata.usgs.gov/mrds/show-mrds.php?dep_id=10111243", "code_list": "AU", "_layer": "mrds"}}, {"type": "Feature", "geometry": {"type": "Point", "coordinates": [-120.21766, 37.9502]}, "properties": {"dep_id": "10111244", "site_name": "Providence", "dev_stat": "Producer", "fips_code": "f06109", "huc_code": "h18040009", "quad_code": "q38122NEG1", "url": "https://mrdata.usgs.gov/mrds/show-mrds.php?dep_id=10111244", "code_list": "AU PB FE", "_layer": "mrds"}}, {"type": "Feature", "geometry": {"type": "Point", "coordinates": [-120.25572, 37.97659]}, "properties": {"dep_id": "10111246", "site_name": "Gibson", "dev_stat": "Producer", "fips_code": "f06109", "huc_code": "h18040009", "quad_code": "q38122NEF1", "url": "https://mrdata.usgs.gov/mrds/show-mrds.php?dep_id=10111246", "code_list": "AU", "_layer": "mrds"}}, {"type": "Feature", "geometry": {"type": "Point", "coordinates": [-120.22683, 37.98103]}, "properties": {"dep_id": "10111247", "site_name": "Sunny South", "dev_stat": "Producer", "fips_code": "f06109", "huc_code": "h18040009", "quad_code": "q38122NEG1", "url": "https://mrdata.usgs.gov/mrds/show-mrds.php?dep_id=10111247", "code_list": "AU", "_layer": "mrds"}}, {"type": "Feature", "geometry": {"type": "Point", "coordinates": [-120.14043, 38.07992]}, "properties": {"dep_id": "10111248", "site_name": "Sledge", "dev_stat": "Producer", "fips_code": "f06109", "huc_code": "h18040009", "quad_code": "q39122SEG4", "url": "https://mrdata.usgs.gov/mrds/show-mrds.php?dep_id=10111248", "code_list": "AU", "_layer": "mrds"}}, {"type": "Feature", "geometry": {"type": "Point", "coordinates": [-120.21989, 37.89412]}, "properties": {"dep_id": "10117251", "site_name": "Eagle Bluff Mine", "dev_stat": "Prospect", "fips_code": "f06109", "huc_code": "h18040009", "quad_code": "q38122NEG1", "url": "https://mrdata.usgs.gov/mrds/show-mrds.php?dep_id=10117251", "code_list": "AU AG", "_layer": "mrds"}}, {"type": "Feature", "geometry": {"type": "Point", "coordinates": [-120.2499, 37.98682]}, "properties": {"dep_id": "10117296", "site_name": "Charokee", "dev_stat": "Occurrence", "fips_code": "f06109", "huc_code": "h18040009", "quad_code": "q38122NEG1", "url": "https://mrdata.usgs.gov/mrds/show-mrds.php?dep_id=10117296", "code_list": "AU", "_layer": "mrds"}}, {"type": "Feature", "geometry": {"type": "Point", "coordinates": [-120.2377, 37.97992]}, "properties": {"dep_id": "10117481", "site_name": "Cuno", "dev_stat": "Unknown", "fips_code": "f06109", "huc_code": "h18040009", "quad_code": "q38122NEG1", "url": "https://mrdata.usgs.gov/mrds/show-mrds.php?dep_id=10117481", "code_list": "AU", "_layer": "mrds"}}, {"type": "Feature", "geometry": {"type": "Point", "coordinates": [-120.16709, 37.86962]}, "properties": {"dep_id": "10117544", "site_name": "Goldship-Mayflower Mine", "dev_stat": "Past Producer", "fips_code": "f06109", "huc_code": "h18040009", "quad_code": "q38122NEG2", "url": "https://mrdata.usgs.gov/mrds/show-mrds.php?dep_id=10117544", "code_list": "AU", "_layer": "mrds"}}, {"type": "Feature", "geometry": {"type": "Point", "coordinates": [-120.22269, 37.94102]}, "properties": {"dep_id": "10117548", "site_name": "Grizzly", "dev_stat": "Unknown", "fips_code": "f06109", "huc_code": "h18040009", "quad_code": "q38122NEG1", "url": "https://mrdata.usgs.gov/mrds/show-mrds.php?dep_id=10117548", "code_list": "AU AG", "_layer": "mrds"}}, {"type": "Feature", "geometry": {"type": "Point", "coordinates": [-120.3679, 38.07131]}, "properties": {"dep_id": "10117597", "site_name": "Traski", "dev_stat": "Past Producer", "fips_code": "f06109", "huc_code": "h18040010", "quad_code": "q39122SEF4", "url": "https://mrdata.usgs.gov/mrds/show-mrds.php?dep_id=10117597", "code_list": "AU", "_layer": "mrds"}}, {"type": "Feature", "geometry": {"type": "Point", "coordinates": [-120.16929, 38.01522]}, "properties": {"dep_id": "10117674", "site_name": "Reward", "dev_stat": "Unknown", "fips_code": "f06109", "huc_code": "h18040009", "quad_code": "q39122SEG4", "url": "https://mrdata.usgs.gov/mrds/show-mrds.php?dep_id=10117674", "code_list": "AU", "_layer": "mrds"}}, {"type": "Feature", "geometry": {"type": "Point", "coordinates": [-120.2552, 37.89162]}, "properties": {"dep_id": "10117700", "site_name": "Apperson Prospect", "dev_stat": "Prospect", "fips_code": "f06109", "huc_code": "h18040009", "quad_code": "q38122NEF1", "url": "https://mrdata.usgs.gov/mrds/show-mrds.php?dep_id=10117700", "code_list": "AU AG", "_layer": "mrds"}}, {"type": "Feature", "geometry": {"type": "Point", "coordinates": [-120.2977, 37.90162]}, "properties": {"dep_id": "10117821", "site_name": "Eastman Ranch", "dev_stat": "Prospect", "fips_code": "f06109", "huc_code": "h18040009", "quad_code": "q38122NEF1", "url": "https://mrdata.usgs.gov/mrds/show-mrds.php?dep_id=10117821", "code_list": "LST_D", "_layer": "mrds"}}, {"type": "Feature", "geometry": {"type": "Point", "coordinates": [-120.2268, 37.98102]}, "properties": {"dep_id": "10117839", "site_name": "Sunny South", "dev_stat": "Past Producer", "fips_code": "f06109", "huc_code": "h18040009", "quad_code": "q38122NEG1", "url": "https://mrdata.usgs.gov/mrds/show-mrds.php?dep_id=10117839", "code_list": "AU", "_layer": "mrds"}}, {"type": "Feature", "geometry": {"type": "Point", "coordinates": [-120.22209, 37.88182]}, "properties": {"dep_id": "10141282", "site_name": "Judy Girl", "dev_stat": "Past Producer", "fips_code": "f06109", "huc_code": "h18040009", "quad_code": "q38122NEG1", "url": "https://mrdata.usgs.gov/mrds/show-mrds.php?dep_id=10141282", "code_list": "AU AG", "_layer": "mrds"}}, {"type": "Feature", "geometry": {"type": "Point", "coordinates": [-120.24349, 37.90602]}, "properties": {"dep_id": "10141303", "site_name": "Ultima Chansa Mine", "dev_stat": "Past Producer", "fips_code": "f06109", "huc_code": "h18040009", "quad_code": "q38122NEG1", "url": "https://mrdata.usgs.gov/mrds/show-mrds.php?dep_id=10141303", "code_list": "AU AG", "_layer": "mrds"}}, {"type": "Feature", "geometry": {"type": "Point", "coordinates": [-120.24459, 37.75432]}, "properties": {"dep_id": "10141357", "site_name": "Unidentified", "dev_stat": "Occurrence", "fips_code": "f06109", "huc_code": "h18040008", "quad_code": "q38122NEG2", "url": "https://mrdata.usgs.gov/mrds/show-mrds.php?dep_id=10141357", "code_list": "AU", "_layer": "mrds"}}, {"type": "Feature", "geometry": {"type": "Point", "coordinates": [-120.1663, 38.08321]}, "properties": {"dep_id": "10141371", "site_name": "Promontory Gold Mine", "dev_stat": "Occurrence", "fips_code": "f06109", "huc_code": "h18040010", "quad_code": "q39122SEG4", "url": "https://mrdata.usgs.gov/mrds/show-mrds.php?dep_id=10141371", "code_list": "AU", "_layer": "mrds"}}, {"type": "Feature", "geometry": {"type": "Point", "coordinates": [-120.261, 37.97522]}, "properties": {"dep_id": "10141381", "site_name": "Park", "dev_stat": "Occurrence", "fips_code": "f06109", "huc_code": "h18040009", "quad_code": "q38122NEF1", "url": "https://mrdata.usgs.gov/mrds/show-mrds.php?dep_id=10141381", "code_list": "AU", "_layer": "mrds"}}, {"type": "Feature", "geometry": {"type": "Point", "coordinates": [-120.3054, 37.82272]}, "properties": {"dep_id": "10141512", "site_name": "Luck Group", "dev_stat": "Past Producer", "fips_code": "f06109", "huc_code": "h18040009", "quad_code": "q38122NEF2", "url": "https://mrdata.usgs.gov/mrds/show-mrds.php?dep_id=10141512", "code_list": "AU", "_layer": "mrds"}}, {"type": "Feature", "geometry": {"type": "Point", "coordinates": [-120.3338, 38.09381]}, "properties": {"dep_id": "10141547", "site_name": "Rosemag 1 and 3", "dev_stat": "Unknown", "fips_code": "f06109", "huc_code": "h18040010", "quad_code": "q39122SEF4", "url": "https://mrdata.usgs.gov/mrds/show-mrds.php?dep_id=10141547", "code_list": "MN", "_layer": "mrds"}}, {"type": "Feature", "geometry": {"type": "Point", "coordinates": [-120.1929, 38.01412]}, "properties": {"dep_id": "10141619", "site_name": "Fair Oaks", "dev_stat": "Occurrence", "fips_code": "f06109", "huc_code": "h18040009", "quad_code": "q39122SEG4", "url": "https://mrdata.usgs.gov/mrds/show-mrds.php?dep_id=10141619", "code_list": "AU", "_layer": "mrds"}}, {"type": "Feature", "geometry": {"type": "Point", "coordinates": [-120.2354, 37.94882]}, "properties": {"dep_id": "10141620", "site_name": "Consuella Mine", "dev_stat": "Unknown", "fips_code": "f06109", "huc_code": "h18040009", "quad_code": "q38122NEG1", "url": "https://mrdata.usgs.gov/mrds/show-mrds.php?dep_id=10141620", "code_list": "AU", "_layer": "mrds"}}, {"type": "Feature", "geometry": {"type": "Point", "coordinates": [-120.25379, 37.82492]}, "properties": {"dep_id": "10141701", "site_name": "Big Oak Flat No1", "dev_stat": "Occurrence", "fips_code": "f06109", "huc_code": "h18040009", "quad_code": "q38122NEF2", "url": "https://mrdata.usgs.gov/mrds/show-mrds.php?dep_id=10141701", "code_list": "AU", "_layer": "mrds"}}, {"type": "Feature", "geometry": {"type": "Point", "coordinates": [-120.16209, 38.06072]}, "properties": {"dep_id": "10141751", "site_name": "Excelsior", "dev_stat": "Occurrence", "fips_code": "f06109", "huc_code": "h18040009", "quad_code": "q39122SEG4", "url": "https://mrdata.usgs.gov/mrds/show-mrds.php?dep_id=10141751", "code_list": "AU", "_layer": "mrds"}}, {"type": "Feature", "geometry": {"type": "Point", "coordinates": [-120.3357, 37.84632]}, "properties": {"dep_id": "10141774", "site_name": "Stanley", "dev_stat": "Unknown", "fips_code": "f06109", "huc_code": "h18040009", "quad_code": "q38122NEF2", "url": "https://mrdata.usgs.gov/mrds/show-mrds.php?dep_id=10141774", "code_list": "AU", "_layer": "mrds"}}, {"type": "Feature", "geometry": {"type": "Point", "coordinates": [-120.17489, 38.03382]}, "properties": {"dep_id": "10141836", "site_name": "Lime Cap", "dev_stat": "Prospect", "fips_code": "f06109", "huc_code": "h18040009", "quad_code": "q39122SEG4", "url": "https://mrdata.usgs.gov/mrds/show-mrds.php?dep_id=10141836", "code_list": "W", "_layer": "mrds"}}, {"type": "Feature", "geometry": {"type": "Point", "coordinates": [-120.18039, 38.01882]}, "properties": {"dep_id": "10141868", "site_name": "Reported Occurence", "dev_stat": "Occurrence", "fips_code": "f06109", "huc_code": "h18040009", "quad_code": "q39122SEG4", "url": "https://mrdata.usgs.gov/mrds/show-mrds.php?dep_id=10141868", "code_list": "W", "_layer": "mrds"}}, {"type": "Feature", "geometry": {"type": "Point", "coordinates": [-120.3313, 38.09931]}, "properties": {"dep_id": "10141912", "site_name": "Flaming Arrow Prospect", "dev_stat": "Unknown", "fips_code": "f06109", "huc_code": "h18040010", "quad_code": "q39122SEF4", "url": "https://mrdata.usgs.gov/mrds/show-mrds.php?dep_id=10141912", "code_list": "NI", "_layer": "mrds"}}, {"type": "Feature", "geometry": {"type": "Point", "coordinates": [-120.2743, 37.88742]}, "properties": {"dep_id": "10141928", "site_name": "Telegraph Line Mine", "dev_stat": "Past Producer", "fips_code": "f06109", "huc_code": "h18040009", "quad_code": "q38122NEF1", "url": "https://mrdata.usgs.gov/mrds/show-mrds.php?dep_id=10141928", "code_list": "AU AG", "_layer": "mrds"}}, {"type": "Feature", "geometry": {"type": "Point", "coordinates": [-120.2521, 37.99432]}, "properties": {"dep_id": "10159080", "site_name": "Andrew Scanavino", "dev_stat": "Unknown", "fips_code": "f06109", "huc_code": "h18040009", "quad_code": "q38122NEF1", "url": "https://mrdata.usgs.gov/mrds/show-mrds.php?dep_id=10159080", "code_list": "AU", "_layer": "mrds"}}, {"type": "Feature", "geometry": {"type": "Point", "coordinates": [-120.2974, 38.10601]}, "properties": {"dep_id": "10159790", "site_name": "Indian Girl", "dev_stat": "Occurrence", "fips_code": "f06109", "huc_code": "h18040010", "quad_code": "q39122SEF4", "url": "https://mrdata.usgs.gov/mrds/show-mrds.php?dep_id=10159790", "code_list": "AU", "_layer": "mrds"}}, {"type": "Feature", "geometry": {"type": "Point", "coordinates": [-120.1899, 38.08601]}, "properties": {"dep_id": "10165598", "site_name": "Us Grant", "dev_stat": "Occurrence", "fips_code": "f06109", "huc_code": "h18040010", "quad_code": "q39122SEG4", "url": "https://mrdata.usgs.gov/mrds/show-mrds.php?dep_id=10165598", "code_list": "AU", "_layer": "mrds"}}, {"type": "Feature", "geometry": {"type": "Point", "coordinates": [-120.21159, 37.94382]}, "properties": {"dep_id": "10165612", "site_name": "Phoenix", "dev_stat": "Occurrence", "fips_code": "f06109", "huc_code": "h18040009", "quad_code": "q38122NEG1", "url": "https://mrdata.usgs.gov/mrds/show-mrds.php?dep_id=10165612", "code_list": "AU", "_layer": "mrds"}}, {"type": "Feature", "geometry": {"type": "Point", "coordinates": [-120.18429, 38.02602]}, "properties": {"dep_id": "10165705", "site_name": "Reported Occurence", "dev_stat": "Occurrence", "fips_code": "f06109", "huc_code": "h18040009", "quad_code": "q39122SEG4", "url": "https://mrdata.usgs.gov/mrds/show-mrds.php?dep_id=10165705", "code_list": "W", "_layer": "mrds"}}, {"type": "Feature", "geometry": {"type": "Point", "coordinates": [-120.2274, 37.95052]}, "properties": {"dep_id": "10165857", "site_name": "Richards", "dev_stat": "Occurrence", "fips_code": "f06109", "huc_code": "h18040009", "quad_code": "q38122NEG1", "url": "https://mrdata.usgs.gov/mrds/show-mrds.php?dep_id=10165857", "code_list": "AU", "_layer": "mrds"}}, {"type": "Feature", "geometry": {"type": "Point", "coordinates": [-120.2224, 37.99492]}, "properties": {"dep_id": "10165887", "site_name": "Homestake", "dev_stat": "Occurrence", "fips_code": "f06109", "huc_code": "h18040009", "quad_code": "q38122NEG1", "url": "https://mrdata.usgs.gov/mrds/show-mrds.php?dep_id=10165887", "code_list": "AU", "_layer": "mrds"}}, {"type": "Feature", "geometry": {"type": "Point", "coordinates": [-120.3554, 37.93772]}, "properties": {"dep_id": "10165949", "site_name": "Reported Deposit", "dev_stat": "Prospect", "fips_code": "f06109", "huc_code": "h18040009", "quad_code": "q38122NEF1", "url": "https://mrdata.usgs.gov/mrds/show-mrds.php?dep_id=10165949", "code_list": "LST_D", "_layer": "mrds"}}, {"type": "Feature", "geometry": {"type": "Point", "coordinates": [-120.2485, 37.98272]}, "properties": {"dep_id": "10165963", "site_name": "Columbus", "dev_stat": "Past Producer", "fips_code": "f06109", "huc_code": "h18040009", "quad_code": "q38122NEG1", "url": "https://mrdata.usgs.gov/mrds/show-mrds.php?dep_id=10165963", "code_list": "AU", "_layer": "mrds"}}, {"type": "Feature", "geometry": {"type": "Point", "coordinates": [-120.2449, 37.91272]}, "properties": {"dep_id": "10165966", "site_name": "Lucky Boy", "dev_stat": "Occurrence", "fips_code": "f06109", "huc_code": "h18040009", "quad_code": "q38122NEG1", "url": "https://mrdata.usgs.gov/mrds/show-mrds.php?dep_id=10165966", "code_list": "AU", "_layer": "mrds"}}, {"type": "Feature", "geometry": {"type": "Point", "coordinates": [-120.2804, 37.97882]}, "properties": {"dep_id": "10165989", "site_name": "Genevieve", "dev_stat": "Unknown", "fips_code": "f06109", "huc_code": "h18040009", "quad_code": "q38122NEF1", "url": "https://mrdata.usgs.gov/mrds/show-mrds.php?dep_id=10165989", "code_list": "AU", "_layer": "mrds"}}, {"type": "Feature", "geometry": {"type": "Point", "coordinates": [-120.22909, 37.93992]}, "properties": {"dep_id": "10166023", "site_name": "Empire Claims", "dev_stat": "Prospect", "fips_code": "f06109", "huc_code": "h18040009", "quad_code": "q38122NEG1", "url": "https://mrdata.usgs.gov/mrds/show-mrds.php?dep_id=10166023", "code_list": "AU", "_layer": "mrds"}}, {"type": "Feature", "geometry": {"type": "Point", "coordinates": [-120.3049, 37.87552]}, "properties": {"dep_id": "10166073", "site_name": "Bonanza", "dev_stat": "Unknown", "fips_code": "f06109", "huc_code": "h18040009", "quad_code": "q38122NEF1", "url": "https://mrdata.usgs.gov/mrds/show-mrds.php?dep_id=10166073", "code_list": "AU", "_layer": "mrds"}}, {"type": "Feature", "geometry": {"type": "Point", "coordinates": [-120.1957, 38.05432]}, "properties": {"dep_id": "10166127", "site_name": "Unamed", "dev_stat": "Occurrence", "fips_code": "f06109", "huc_code": "h18040009", "quad_code": "q39122SEG4", "url": "https://mrdata.usgs.gov/mrds/show-mrds.php?dep_id=10166127", "code_list": "AU", "_layer": "mrds"}}, {"type": "Feature", "geometry": {"type": "Point", "coordinates": [-120.2563, 38.03302]}, "properties": {"dep_id": "10166140", "site_name": "Good Shepard", "dev_stat": "Occurrence", "fips_code": "f06109", "huc_code": "h18040009", "quad_code": "q39122SEF4", "url": "https://mrdata.usgs.gov/mrds/show-mrds.php?dep_id=10166140", "code_list": "AU", "_layer": "mrds"}}, {"type": "Feature", "geometry": {"type": "Point", "coordinates": [-120.3002, 38.08571]}, "properties": {"dep_id": "10166142", "site_name": "Black Bear", "dev_stat": "Prospect", "fips_code": "f06109", "huc_code": "h18040010", "quad_code": "q39122SEF4", "url": "https://mrdata.usgs.gov/mrds/show-mrds.php?dep_id=10166142", "code_list": "AU", "_layer": "mrds"}}, {"type": "Feature", "geometry": {"type": "Point", "coordinates": [-120.2546, 37.98992]}, "properties": {"dep_id": "10166164", "site_name": "Jf Anderson", "dev_stat": "Unknown", "fips_code": "f06109", "huc_code": "h18040009", "quad_code": "q38122NEF1", "url": "https://mrdata.usgs.gov/mrds/show-mrds.php?dep_id=10166164", "code_list": "AU", "_layer": "mrds"}}, {"type": "Feature", "geometry": {"type": "Point", "coordinates": [-120.2618, 37.89662]}, "properties": {"dep_id": "10166186", "site_name": "Blue and White Star", "dev_stat": "Occurrence", "fips_code": "f06109", "huc_code": "h18040009", "quad_code": "q38122NEF1", "url": "https://mrdata.usgs.gov/mrds/show-mrds.php?dep_id=10166186", "code_list": "AU", "_layer": "mrds"}}, {"type": "Feature", "geometry": {"type": "Point", "coordinates": [-120.2285, 37.99632]}, "properties": {"dep_id": "10166224", "site_name": "Bluehead", "dev_stat": "Occurrence", "fips_code": "f06109", "huc_code": "h18040009", "quad_code": "q38122NEG1", "url": "https://mrdata.usgs.gov/mrds/show-mrds.php?dep_id=10166224", "code_list": "AU", "_layer": "mrds"}}, {"type": "Feature", "geometry": {"type": "Point", "coordinates": [-120.2482, 37.97382]}, "properties": {"dep_id": "10166310", "site_name": "Carlotta Cons", "dev_stat": "Unknown", "fips_code": "f06109", "huc_code": "h18040009", "quad_code": "q38122NEG1", "url": "https://mrdata.usgs.gov/mrds/show-mrds.php?dep_id=10166310", "code_list": "AU", "_layer": "mrds"}}, {"type": "Feature", "geometry": {"type": "Point", "coordinates": [-120.3482, 38.05551]}, "properties": {"dep_id": "10184114", "site_name": "Smooth Bore", "dev_stat": "Occurrence", "fips_code": "f06109", "huc_code": "h18040010", "quad_code": "q39122SEF4", "url": "https://mrdata.usgs.gov/mrds/show-mrds.php?dep_id=10184114", "code_list": "AU", "_layer": "mrds"}}, {"type": "Feature", "geometry": {"type": "Point", "coordinates": [-120.3674, 37.84662]}, "properties": {"dep_id": "10190024", "site_name": "Clio", "dev_stat": "Occurrence", "fips_code": "f06109", "huc_code": "h18040009", "quad_code": "q38122NEF2", "url": "https://mrdata.usgs.gov/mrds/show-mrds.php?dep_id=10190024", "code_list": "AU", "_layer": "mrds"}}, {"type": "Feature", "geometry": {"type": "Point", "coordinates": [-120.2441, 37.97552]}, "properties": {"dep_id": "10190074", "site_name": "Pennsylvania", "dev_stat": "Occurrence", "fips_code": "f06109", "huc_code": "h18040009", "quad_code": "q38122NEG1", "url": "https://mrdata.usgs.gov/mrds/show-mrds.php?dep_id=10190074", "code_list": "AU", "_layer": "mrds"}}, {"type": "Feature", "geometry": {"type": "Point", "coordinates": [-120.2668, 37.88662]}, "properties": {"dep_id": "10190093", "site_name": "Russell Telegraph", "dev_stat": "Occurrence", "fips_code": "f06109", "huc_code": "h18040009", "quad_code": "q38122NEF1", "url": "https://mrdata.usgs.gov/mrds/show-mrds.php?dep_id=10190093", "code_list": "AU", "_layer": "mrds"}}, {"type": "Feature", "geometry": {"type": "Point", "coordinates": [-120.21379, 37.84302]}, "properties": {"dep_id": "10190111", "site_name": "Gold Run Lode", "dev_stat": "Occurrence", "fips_code": "f06109", "huc_code": "h18040009", "quad_code": "q38122NEG2", "url": "https://mrdata.usgs.gov/mrds/show-mrds.php?dep_id=10190111", "code_list": "AU", "_layer": "mrds"}}, {"type": "Feature", "geometry": {"type": "Point", "coordinates": [-120.19179, 37.91522]}, "properties": {"dep_id": "10190142", "site_name": "Buchanan Mine", "dev_stat": "Past Producer", "fips_code": "f06109", "huc_code": "h18040009", "quad_code": "q38122NEG1", "url": "https://mrdata.usgs.gov/mrds/show-mrds.php?dep_id=10190142", "code_list": "AU", "_layer": "mrds"}}, {"type": "Feature", "geometry": {"type": "Point", "coordinates": [-120.11539, 37.82742]}, "properties": {"dep_id": "10190154", "site_name": "Smith Station", "dev_stat": "Prospect", "fips_code": "f06109", "huc_code": "h18040009", "quad_code": "q38122NEH2", "url": "https://mrdata.usgs.gov/mrds/show-mrds.php?dep_id=10190154", "code_list": "AU", "_layer": "mrds"}}, {"type": "Feature", "geometry": {"type": "Point", "coordinates": [-120.2771, 38.05881]}, "properties": {"dep_id": "10190214", "site_name": "Henning", "dev_stat": "Prospect", "fips_code": "f06109", "huc_code": "h18040010", "quad_code": "q39122SEF4", "url": "https://mrdata.usgs.gov/mrds/show-mrds.php?dep_id=10190214", "code_list": "AU CU AG", "_layer": "mrds"}}, {"type": "Feature", "geometry": {"type": "Point", "coordinates": [-120.256, 38.03162]}, "properties": {"dep_id": "10190236", "site_name": "Parole", "dev_stat": "Occurrence", "fips_code": "f06109", "huc_code": "h18040009", "quad_code": "q39122SEF4", "url": "https://mrdata.usgs.gov/mrds/show-mrds.php?dep_id=10190236", "code_list": "AU", "_layer": "mrds"}}, {"type": "Feature", "geometry": {"type": "Point", "coordinates": [-120.1796, 38.06992]}, "properties": {"dep_id": "10190266", "site_name": "North Extention", "dev_stat": "Unknown", "fips_code": "f06109", "huc_code": "h18040010", "quad_code": "q39122SEG4", "url": "https://mrdata.usgs.gov/mrds/show-mrds.php?dep_id=10190266", "code_list": "AU", "_layer": "mrds"}}, {"type": "Feature", "geometry": {"type": "Point", "coordinates": [-120.2574, 37.91712]}, "properties": {"dep_id": "10190313", "site_name": "Reported Occurence", "dev_stat": "Occurrence", "fips_code": "f06109", "huc_code": "h18040009", "quad_code": "q38122NEF1", "url": "https://mrdata.usgs.gov/mrds/show-mrds.php?dep_id=10190313", "code_list": "LST_D", "_layer": "mrds"}}, {"type": "Feature", "geometry": {"type": "Point", "coordinates": [-120.3818, 38.01431]}, "properties": {"dep_id": "10190315", "site_name": "Magruder", "dev_stat": "Unknown", "fips_code": "f06109", "huc_code": "h18040009", "quad_code": "q39122SEE4", "url": "https://mrdata.usgs.gov/mrds/show-mrds.php?dep_id=10190315", "code_list": "AU", "_layer": "mrds"}}, {"type": "Feature", "geometry": {"type": "Point", "coordinates": [-120.25629, 37.85492]}, "properties": {"dep_id": "10190345", "site_name": "Boitana", "dev_stat": "Unknown", "fips_code": "f06109", "huc_code": "h18040009", "quad_code": "q38122NEF2", "url": "https://mrdata.usgs.gov/mrds/show-mrds.php?dep_id=10190345", "code_list": "AU", "_layer": "mrds"}}, {"type": "Feature", "geometry": {"type": "Point", "coordinates": [-120.2779, 37.89302]}, "properties": {"dep_id": "10190362", "site_name": "Consuelo", "dev_stat": "Occurrence", "fips_code": "f06109", "huc_code": "h18040009", "quad_code": "q38122NEF1", "url": "https://mrdata.usgs.gov/mrds/show-mrds.php?dep_id=10190362", "code_list": "AU", "_layer": "mrds"}}, {"type": "Feature", "geometry": {"type": "Point", "coordinates": [-120.28409, 37.81992]}, "properties": {"dep_id": "10190457", "site_name": "Fenton Group", "dev_stat": "Past Producer", "fips_code": "f06109", "huc_code": "h18040009", "quad_code": "q38122NEF2", "url": "https://mrdata.usgs.gov/mrds/show-mrds.php?dep_id=10190457", "code_list": "AU", "_layer": "mrds"}}, {"type": "Feature", "geometry": {"type": "Point", "coordinates": [-120.2485, 37.96802]}, "properties": {"dep_id": "10190572", "site_name": "Porto Fino", "dev_stat": "Occurrence", "fips_code": "f06109", "huc_code": "h18040009", "quad_code": "q38122NEG1", "url": "https://mrdata.usgs.gov/mrds/show-mrds.php?dep_id=10190572", "code_list": "AU", "_layer": "mrds"}}, {"type": "Feature", "geometry": {"type": "Point", "coordinates": [-120.2235, 37.99742]}, "properties": {"dep_id": "10190581", "site_name": "Ophir", "dev_stat": "Prospect", "fips_code": "f06109", "huc_code": "h18040009", "quad_code": "q38122NEG1", "url": "https://mrdata.usgs.gov/mrds/show-mrds.php?dep_id=10190581", "code_list": "AU", "_layer": "mrds"}}, {"type": "Feature", "geometry": {"type": "Point", "coordinates": [-120.24099, 37.89352]}, "properties": {"dep_id": "10190643", "site_name": "Northstar Cons", "dev_stat": "Occurrence", "fips_code": "f06109", "huc_code": "h18040009", "quad_code": "q38122NEG1", "url": "https://mrdata.usgs.gov/mrds/show-mrds.php?dep_id=10190643", "code_list": "AU", "_layer": "mrds"}}, {"type": "Feature", "geometry": {"type": "Point", "coordinates": [-120.306, 37.98552]}, "properties": {"dep_id": "10190719", "site_name": "Waif", "dev_stat": "Occurrence", "fips_code": "f06109", "huc_code": "h18040009", "quad_code": "q38122NEF1", "url": "https://mrdata.usgs.gov/mrds/show-mrds.php?dep_id=10190719", "code_list": "AU", "_layer": "mrds"}}, {"type": "Feature", "geometry": {"type": "Point", "coordinates": [-120.2316, 37.99632]}, "properties": {"dep_id": "10207502", "site_name": "Uncle Sam", "dev_stat": "Occurrence", "fips_code": "f06109", "huc_code": "h18040009", "quad_code": "q38122NEG1", "url": "https://mrdata.usgs.gov/mrds/show-mrds.php?dep_id=10207502", "code_list": "AU", "_layer": "mrds"}}, {"type": "Feature", "geometry": {"type": "Point", "coordinates": [-120.2757, 38.07101]}, "properties": {"dep_id": "10214187", "site_name": "Gold Finch", "dev_stat": "Past Producer", "fips_code": "f06109", "huc_code": "h18040010", "quad_code": "q39122SEF4", "url": "https://mrdata.usgs.gov/mrds/show-mrds.php?dep_id=10214187", "code_list": "AU", "_layer": "mrds"}}, {"type": "Feature", "geometry": {"type": "Point", "coordinates": [-120.27739, 37.81962]}, "properties": {"dep_id": "10214204", "site_name": "Tiger and Buffalo", "dev_stat": "Occurrence", "fips_code": "f06109", "huc_code": "h18040009", "quad_code": "q38122NEF2", "url": "https://mrdata.usgs.gov/mrds/show-mrds.php?dep_id=10214204", "code_list": "AU", "_layer": "mrds"}}, {"type": "Feature", "geometry": {"type": "Point", "coordinates": [-120.3827, 38.02601]}, "properties": {"dep_id": "10214249", "site_name": "Marcovich", "dev_stat": "Unknown", "fips_code": "f06109", "huc_code": "h18040009", "quad_code": "q39122SEE4", "url": "https://mrdata.usgs.gov/mrds/show-mrds.php?dep_id=10214249", "code_list": "AU", "_layer": "mrds"}}, {"type": "Feature", "geometry": {"type": "Point", "coordinates": [-120.1841, 38.03492]}, "properties": {"dep_id": "10214256", "site_name": "Corona", "dev_stat": "Prospect", "fips_code": "f06109", "huc_code": "h18040009", "quad_code": "q39122SEG4", "url": "https://mrdata.usgs.gov/mrds/show-mrds.php?dep_id=10214256", "code_list": "AU", "_layer": "mrds"}}, {"type": "Feature", "geometry": {"type": "Point", "coordinates": [-120.23489, 37.92052]}, "properties": {"dep_id": "10214339", "site_name": "Uncle Sam", "dev_stat": "Occurrence", "fips_code": "f06109", "huc_code": "h18040009", "quad_code": "q38122NEG1", "url": "https://mrdata.usgs.gov/mrds/show-mrds.php?dep_id=10214339", "code_list": "AU", "_layer": "mrds"}}, {"type": "Feature", "geometry": {"type": "Point", "coordinates": [-120.18429, 37.99522]}, "properties": {"dep_id": "10214376", "site_name": "Lookout #2 Gravel Mining Claim", "dev_stat": "Past Producer", "fips_code": "f06109", "huc_code": "h18040009", "quad_code": "q38122NEG1", "url": "https://mrdata.usgs.gov/mrds/show-mrds.php?dep_id=10214376", "code_list": "AU", "_layer": "mrds"}}, {"type": "Feature", "geometry": {"type": "Point", "coordinates": [-120.24349, 37.83182]}, "properties": {"dep_id": "10214408", "site_name": "Borne", "dev_stat": "Occurrence", "fips_code": "f06109", "huc_code": "h18040009", "quad_code": "q38122NEG2", "url": "https://mrdata.usgs.gov/mrds/show-mrds.php?dep_id=10214408", "code_list": "AU", "_layer": "mrds"}}, {"type": "Feature", "geometry": {"type": "Point", "coordinates": [-120.21039, 37.92822]}, "properties": {"dep_id": "10214423", "site_name": "Hattie Ester", "dev_stat": "Occurrence", "fips_code": "f06109", "huc_code": "h18040009", "quad_code": "q38122NEG1", "url": "https://mrdata.usgs.gov/mrds/show-mrds.php?dep_id=10214423", "code_list": "AU", "_layer": "mrds"}}, {"type": "Feature", "geometry": {"type": "Point", "coordinates": [-120.3016, 38.03021]}, "properties": {"dep_id": "10214457", "site_name": "Bella Italia", "dev_stat": "Unknown", "fips_code": "f06109", "huc_code": "h18040009", "quad_code": "q39122SEF4", "url": "https://mrdata.usgs.gov/mrds/show-mrds.php?dep_id=10214457", "code_list": "AU", "_layer": "mrds"}}, {"type": "Feature", "geometry": {"type": "Point", "coordinates": [-120.376, 37.96682]}, "properties": {"dep_id": "10214460", "site_name": "Sonora Plant", "dev_stat": "Producer", "fips_code": "f06109", "huc_code": "h18040009", "quad_code": "q38122NEE1", "url": "https://mrdata.usgs.gov/mrds/show-mrds.php?dep_id=10214460", "code_list": "MG", "_layer": "mrds"}}, {"type": "Feature", "geometry": {"type": "Point", "coordinates": [-120.3777, 38.00381]}, "properties": {"dep_id": "10214484", "site_name": "Mexican and Spring Hill", "dev_stat": "Unknown", "fips_code": "f06109", "huc_code": "h18040009", "quad_code": "q39122SEE4", "url": "https://mrdata.usgs.gov/mrds/show-mrds.php?dep_id=10214484", "code_list": "AU", "_layer": "mrds"}}, {"type": "Feature", "geometry": {"type": "Point", "coordinates": [-120.21539, 37.94022]}, "properties": {"dep_id": "10214493", "site_name": "Blue Jay Cons", "dev_stat": "Occurrence", "fips_code": "f06109", "huc_code": "h18040009", "quad_code": "q38122NEG1", "url": "https://mrdata.usgs.gov/mrds/show-mrds.php?dep_id=10214493", "code_list": "AU", "_layer": "mrds"}}, {"type": "Feature", "geometry": {"type": "Point", "coordinates": [-120.3641, 37.83072]}, "properties": {"dep_id": "10214601", "site_name": "Mocassin Creek Occurences", "dev_stat": "Unknown", "fips_code": "f06109", "huc_code": "h18040009", "quad_code": "q38122NEF2", "url": "https://mrdata.usgs.gov/mrds/show-mrds.php?dep_id=10214601", "code_list": "CU", "_layer": "mrds"}}, {"type": "Feature", "geometry": {"type": "Point", "coordinates": [-120.16769, 37.98462]}, "properties": {"dep_id": "10214663", "site_name": "Phoenix Lake", "dev_stat": "Occurrence", "fips_code": "f06109", "huc_code": "h18040009", "quad_code": "q38122NEG1", "url": "https://mrdata.usgs.gov/mrds/show-mrds.php?dep_id=10214663", "code_list": "AU", "_layer": "mrds"}}, {"type": "Feature", "geometry": {"type": "Point", "coordinates": [-120.2529, 37.98022]}, "properties": {"dep_id": "10214668", "site_name": "Chicken Feed", "dev_stat": "Occurrence", "fips_code": "f06109", "huc_code": "h18040009", "quad_code": "q38122NEF1", "url": "https://mrdata.usgs.gov/mrds/show-mrds.php?dep_id=10214668", "code_list": "AU", "_layer": "mrds"}}, {"type": "Feature", "geometry": {"type": "Point", "coordinates": [-120.2157, 38.05681]}, "properties": {"dep_id": "10214802", "site_name": "Wall Street", "dev_stat": "Occurrence", "fips_code": "f06109", "huc_code": "h18040010", "quad_code": "q39122SEG4", "url": "https://mrdata.usgs.gov/mrds/show-mrds.php?dep_id=10214802", "code_list": "AU", "_layer": "mrds"}}, {"type": "Feature", "geometry": {"type": "Point", "coordinates": [-120.2635, 38.03771]}, "properties": {"dep_id": "10214852", "site_name": "East Belt", "dev_stat": "Occurrence", "fips_code": "f06109", "huc_code": "h18040009", "quad_code": "q39122SEF4", "url": "https://mrdata.usgs.gov/mrds/show-mrds.php?dep_id=10214852", "code_list": "AU", "_layer": "mrds"}}, {"type": "Feature", "geometry": {"type": "Point", "coordinates": [-120.3427, 37.76322]}, "properties": {"dep_id": "10214905", "site_name": "Hughes Property", "dev_stat": "Unknown", "fips_code": "f06109", "huc_code": "h18040009", "quad_code": "q38122NEF2", "url": "https://mrdata.usgs.gov/mrds/show-mrds.php?dep_id=10214905", "code_list": "MN", "_layer": "mrds"}}, {"type": "Feature", "geometry": {"type": "Point", "coordinates": [-120.24569, 37.90242]}, "properties": {"dep_id": "10238332", "site_name": "Josiah", "dev_stat": "Prospect", "fips_code": "f06109", "huc_code": "h18040009", "quad_code": "q38122NEG1", "url": "https://mrdata.usgs.gov/mrds/show-mrds.php?dep_id=10238332", "code_list": "AU", "_layer": "mrds"}}, {"type": "Feature", "geometry": {"type": "Point", "coordinates": [-120.24989, 37.83682]}, "properties": {"dep_id": "10238334", "site_name": "Cons", "dev_stat": "Occurrence", "fips_code": "f06109", "huc_code": "h18040009", "quad_code": "q38122NEG2", "url": "https://mrdata.usgs.gov/mrds/show-mrds.php?dep_id=10238334", "code_list": "AU", "_layer": "mrds"}}, {"type": "Feature", "geometry": {"type": "Point", "coordinates": [-120.2541, 38.00162]}, "properties": {"dep_id": "10238338", "site_name": "Mountain Belle", "dev_stat": "Occurrence", "fips_code": "f06109", "huc_code": "h18040009", "quad_code": "q39122SEF4", "url": "https://mrdata.usgs.gov/mrds/show-mrds.php?dep_id=10238338", "code_list": "AU", "_layer": "mrds"}}, {"type": "Feature", "geometry": {"type": "Point", "coordinates": [-120.366, 38.04961]}, "properties": {"dep_id": "10238387", "site_name": "Shanghai", "dev_stat": "Occurrence", "fips_code": "f06109", "huc_code": "h18040009", "quad_code": "q39122SEF4", "url": "https://mrdata.usgs.gov/mrds/show-mrds.php?dep_id=10238387", "code_list": "AU CU AG", "_layer": "mrds"}}, {"type": "Feature", "geometry": {"type": "Point", "coordinates": [-120.23679, 37.89772]}, "properties": {"dep_id": "10238444", "site_name": "Mohican Mine Group", "dev_stat": "Past Producer", "fips_code": "f06109", "huc_code": "h18040009", "quad_code": "q38122NEG1", "url": "https://mrdata.usgs.gov/mrds/show-mrds.php?dep_id=10238444", "code_list": "AU", "_layer": "mrds"}}, {"type": "Feature", "geometry": {"type": "Point", "coordinates": [-120.27569, 37.83052]}, "properties": {"dep_id": "10238477", "site_name": "Little Wonder", "dev_stat": "Unknown", "fips_code": "f06109", "huc_code": "h18040009", "quad_code": "q38122NEF2", "url": "https://mrdata.usgs.gov/mrds/show-mrds.php?dep_id=10238477", "code_list": "AU", "_layer": "mrds"}}, {"type": "Feature", "geometry": {"type": "Point", "coordinates": [-120.22569, 37.84492]}, "properties": {"dep_id": "10238561", "site_name": "Rhode Island", "dev_stat": "Occurrence", "fips_code": "f06109", "huc_code": "h18040009", "quad_code": "q38122NEG2", "url": "https://mrdata.usgs.gov/mrds/show-mrds.php?dep_id=10238561", "code_list": "AU", "_layer": "mrds"}}, {"type": "Feature", "geometry": {"type": "Point", "coordinates": [-120.3421, 37.83572]}, "properties": {"dep_id": "10238627", "site_name": "Pat Cossey", "dev_stat": "Unknown", "fips_code": "f06109", "huc_code": "h18040009", "quad_code": "q38122NEF2", "url": "https://mrdata.usgs.gov/mrds/show-mrds.php?dep_id=10238627", "code_list": "AU", "_layer": "mrds"}}, {"type": "Feature", "geometry": {"type": "Point", "coordinates": [-120.2088, 38.04352]}, "properties": {"dep_id": "10238709", "site_name": "Confidence", "dev_stat": "Past Producer", "fips_code": "f06109", "huc_code": "h18040009", "quad_code": "q39122SEG4", "url": "https://mrdata.usgs.gov/mrds/show-mrds.php?dep_id=10238709", "code_list": "AU", "_layer": "mrds"}}, {"type": "Feature", "geometry": {"type": "Point", "coordinates": [-120.20069, 37.92302]}, "properties": {"dep_id": "10238737", "site_name": "Hunter", "dev_stat": "Occurrence", "fips_code": "f06109", "huc_code": "h18040009", "quad_code": "q38122NEG1", "url": "https://mrdata.usgs.gov/mrds/show-mrds.php?dep_id=10238737", "code_list": "AU", "_layer": "mrds"}}, {"type": "Feature", "geometry": {"type": "Point", "coordinates": [-120.16769, 37.91432]}, "properties": {"dep_id": "10238742", "site_name": "Modoc Mine", "dev_stat": "Past Producer", "fips_code": "f06109", "huc_code": "h18040009", "quad_code": "q38122NEG1", "url": "https://mrdata.usgs.gov/mrds/show-mrds.php?dep_id=10238742", "code_list": "AU AG", "_layer": "mrds"}}, {"type": "Feature", "geometry": {"type": "Point", "coordinates": [-120.24569, 37.81382]}, "properties": {"dep_id": "10238757", "site_name": "Bicknell", "dev_stat": "Occurrence", "fips_code": "f06109", "huc_code": "h18040009", "quad_code": "q38122NEG2", "url": "https://mrdata.usgs.gov/mrds/show-mrds.php?dep_id=10238757", "code_list": "AU", "_layer": "mrds"}}, {"type": "Feature", "geometry": {"type": "Point", "coordinates": [-120.25379, 37.76602]}, "properties": {"dep_id": "10238764", "site_name": "Mcalpine", "dev_stat": "Producer", "fips_code": "f06109", "huc_code": "h18040009", "quad_code": "q38122NEF2", "url": "https://mrdata.usgs.gov/mrds/show-mrds.php?dep_id=10238764", "code_list": "AU", "_layer": "mrds"}}, {"type": "Feature", "geometry": {"type": "Point", "coordinates": [-120.15879, 38.07432]}, "properties": {"dep_id": "10238800", "site_name": "Weidikind", "dev_stat": "Unknown", "fips_code": "f06109", "huc_code": "h18040010", "quad_code": "q39122SEG4", "url": "https://mrdata.usgs.gov/mrds/show-mrds.php?dep_id=10238800", "code_list": "AU", "_layer": "mrds"}}, {"type": "Feature", "geometry": {"type": "Point", "coordinates": [-120.2407, 37.97302]}, "properties": {"dep_id": "10238825", "site_name": "Rattlesnake", "dev_stat": "Occurrence", "fips_code": "f06109", "huc_code": "h18040009", "quad_code": "q38122NEG1", "url": "https://mrdata.usgs.gov/mrds/show-mrds.php?dep_id=10238825", "code_list": "AU", "_layer": "mrds"}}, {"type": "Feature", "geometry": {"type": "Point", "coordinates": [-120.25039, 37.76552]}, "properties": {"dep_id": "10238826", "site_name": "Two Brothers", "dev_stat": "Occurrence", "fips_code": "f06109", "huc_code": "h18040009", "quad_code": "q38122NEF2", "url": "https://mrdata.usgs.gov/mrds/show-mrds.php?dep_id=10238826", "code_list": "AU", "_layer": "mrds"}}, {"type": "Feature", "geometry": {"type": "Point", "coordinates": [-120.19349, 37.90662]}, "properties": {"dep_id": "10238888", "site_name": "Buckeye Group", "dev_stat": "Occurrence", "fips_code": "f06109", "huc_code": "h18040009", "quad_code": "q38122NEG1", "url": "https://mrdata.usgs.gov/mrds/show-mrds.php?dep_id=10238888", "code_list": "AU", "_layer": "mrds"}}, {"type": "Feature", "geometry": {"type": "Point", "coordinates": [-120.2354, 38.04661]}, "properties": {"dep_id": "10238926", "site_name": "Happy Jack", "dev_stat": "Occurrence", "fips_code": "f06109", "huc_code": "h18040009", "quad_code": "q39122SEG4", "url": "https://mrdata.usgs.gov/mrds/show-mrds.php?dep_id=10238926", "code_list": "AU", "_layer": "mrds"}}, {"type": "Feature", "geometry": {"type": "Point", "coordinates": [-120.3785, 37.80242]}, "properties": {"dep_id": "10238950", "site_name": "Williamson Rosenthal & Mertz Claim", "dev_stat": "Past Producer", "fips_code": "f06109", "huc_code": "h18040009", "quad_code": "q38122NEE2", "url": "https://mrdata.usgs.gov/mrds/show-mrds.php?dep_id=10238950", "code_list": "CR", "_layer": "mrds"}}, {"type": "Feature", "geometry": {"type": "Point", "coordinates": [-120.20909, 37.92932]}, "properties": {"dep_id": "10238980", "site_name": "Jigger Bill Brothers", "dev_stat": "Unknown", "fips_code": "f06109", "huc_code": "h18040009", "quad_code": "q38122NEG1", "url": "https://mrdata.usgs.gov/mrds/show-mrds.php?dep_id=10238980", "code_list": "AU", "_layer": "mrds"}}, {"type": "Feature", "geometry": {"type": "Point", "coordinates": [-120.3354, 37.85712]}, "properties": {"dep_id": "10239034", "site_name": "Mccormick Mine", "dev_stat": "Past Producer", "fips_code": "f06109", "huc_code": "h18040009", "quad_code": "q38122NEF2", "url": "https://mrdata.usgs.gov/mrds/show-mrds.php?dep_id=10239034", "code_list": "AU", "_layer": "mrds"}}, {"type": "Feature", "geometry": {"type": "Point", "coordinates": [-120.21769, 37.95022]}, "properties": {"dep_id": "10239057", "site_name": "Providence", "dev_stat": "Occurrence", "fips_code": "f06109", "huc_code": "h18040009", "quad_code": "q38122NEG1", "url": "https://mrdata.usgs.gov/mrds/show-mrds.php?dep_id=10239057", "code_list": "AU CU PB", "_layer": "mrds"}}, {"type": "Feature", "geometry": {"type": "Point", "coordinates": [-120.17409, 37.77662]}, "properties": {"dep_id": "10260820", "site_name": "Ohio", "dev_stat": "Unknown", "fips_code": "f06043", "huc_code": "h18040008", "quad_code": "q38122NEG2", "url": "https://mrdata.usgs.gov/mrds/show-mrds.php?dep_id=10260820", "code_list": "AU", "_layer": "mrds"}}, {"type": "Feature", "geometry": {"type": "Point", "coordinates": [-120.2291, 37.99052]}, "properties": {"dep_id": "10262833", "site_name": "Unidentified", "dev_stat": "Occurrence", "fips_code": "f06109", "huc_code": "h18040009", "quad_code": "q38122NEG1", "url": "https://mrdata.usgs.gov/mrds/show-mrds.php?dep_id=10262833", "code_list": "AU", "_layer": "mrds"}}, {"type": "Feature", "geometry": {"type": "Point", "coordinates": [-120.2566, 37.97522]}, "properties": {"dep_id": "10262909", "site_name": "Hidden Treasure", "dev_stat": "Occurrence", "fips_code": "f06109", "huc_code": "h18040009", "quad_code": "q38122NEF1", "url": "https://mrdata.usgs.gov/mrds/show-mrds.php?dep_id=10262909", "code_list": "AU", "_layer": "mrds"}}, {"type": "Feature", "geometry": {"type": "Point", "coordinates": [-120.3382, 38.09021]}, "properties": {"dep_id": "10262933", "site_name": "Argentum Cons No 1 and 2", "dev_stat": "Occurrence", "fips_code": "f06109", "huc_code": "h18040010", "quad_code": "q39122SEF4", "url": "https://mrdata.usgs.gov/mrds/show-mrds.php?dep_id=10262933", "code_list": "AU AG", "_layer": "mrds"}}, {"type": "Feature", "geometry": {"type": "Point", "coordinates": [-120.3491, 38.06551]}, "properties": {"dep_id": "10262964", "site_name": "Mountain Lily", "dev_stat": "Occurrence", "fips_code": "f06109", "huc_code": "h18040010", "quad_code": "q39122SEF4", "url": "https://mrdata.usgs.gov/mrds/show-mrds.php?dep_id=10262964", "code_list": "AU", "_layer": "mrds"}}, {"type": "Feature", "geometry": {"type": "Point", "coordinates": [-120.26489, 37.82302]}, "properties": {"dep_id": "10262997", "site_name": "Longfellow", "dev_stat": "Occurrence", "fips_code": "f06109", "huc_code": "h18040009", "quad_code": "q38122NEF2", "url": "https://mrdata.usgs.gov/mrds/show-mrds.php?dep_id=10262997", "code_list": "AU", "_layer": "mrds"}}, {"type": "Feature", "geometry": {"type": "Point", "coordinates": [-120.3791, 38.00021]}, "properties": {"dep_id": "10263008", "site_name": "Spring Hill and Cowan", "dev_stat": "Unknown", "fips_code": "f06109", "huc_code": "h18040009", "quad_code": "q39122SEE4", "url": "https://mrdata.usgs.gov/mrds/show-mrds.php?dep_id=10263008", "code_list": "AU", "_layer": "mrds"}}, {"type": "Feature", "geometry": {"type": "Point", "coordinates": [-120.20409, 37.93072]}, "properties": {"dep_id": "10263041", "site_name": "Spring Gulch", "dev_stat": "Occurrence", "fips_code": "f06109", "huc_code": "h18040009", "quad_code": "q38122NEG1", "url": "https://mrdata.usgs.gov/mrds/show-mrds.php?dep_id=10263041", "code_list": "AU", "_layer": "mrds"}}, {"type": "Feature", "geometry": {"type": "Point", "coordinates": [-120.3788, 37.78572]}, "properties": {"dep_id": "10263117", "site_name": "No Name", "dev_stat": "Unknown", "fips_code": "f06109", "huc_code": "h18040009", "quad_code": "q38122NEE2", "url": "https://mrdata.usgs.gov/mrds/show-mrds.php?dep_id=10263117", "code_list": "AU", "_layer": "mrds"}}, {"type": "Feature", "geometry": {"type": "Point", "coordinates": [-120.3713, 37.80742]}, "properties": {"dep_id": "10263150", "site_name": "Mum and Alice June", "dev_stat": "Prospect", "fips_code": "f06109", "huc_code": "h18040009", "quad_code": "q38122NEF2", "url": "https://mrdata.usgs.gov/mrds/show-mrds.php?dep_id=10263150", "code_list": "CR", "_layer": "mrds"}}, {"type": "Feature", "geometry": {"type": "Point", "coordinates": [-120.3677, 38.04271]}, "properties": {"dep_id": "10263153", "site_name": "Bessie Lode", "dev_stat": "Occurrence", "fips_code": "f06109", "huc_code": "h18040009", "quad_code": "q39122SEF4", "url": "https://mrdata.usgs.gov/mrds/show-mrds.php?dep_id=10263153", "code_list": "AU", "_layer": "mrds"}}, {"type": "Feature", "geometry": {"type": "Point", "coordinates": [-120.1924, 38.03352]}, "properties": {"dep_id": "10263167", "site_name": "Izurnia Irene", "dev_stat": "Occurrence", "fips_code": "f06109", "huc_code": "h18040009", "quad_code": "q39122SEG4", "url": "https://mrdata.usgs.gov/mrds/show-mrds.php?dep_id=10263167", "code_list": "AU", "_layer": "mrds"}}, {"type": "Feature", "geometry": {"type": "Point", "coordinates": [-120.27289, 37.77992]}, "properties": {"dep_id": "10263295", "site_name": "Double Nubbin Claim #2", "dev_stat": "Occurrence", "fips_code": "f06109", "huc_code": "h18040009", "quad_code": "q38122NEF2", "url": "https://mrdata.usgs.gov/mrds/show-mrds.php?dep_id=10263295", "code_list": "AU AG", "_layer": "mrds"}}, {"type": "Feature", "geometry": {"type": "Point", "coordinates": [-120.346, 38.08821]}, "properties": {"dep_id": "10263339", "site_name": "Grey Eagle and Rivel", "dev_stat": "Occurrence", "fips_code": "f06109", "huc_code": "h18040010", "quad_code": "q39122SEF4", "url": "https://mrdata.usgs.gov/mrds/show-mrds.php?dep_id=10263339", "code_list": "AU", "_layer": "mrds"}}, {"type": "Feature", "geometry": {"type": "Point", "coordinates": [-120.2796, 38.08601]}, "properties": {"dep_id": "10263375", "site_name": "Keltz", "dev_stat": "Past Producer", "fips_code": "f06109", "huc_code": "h18040010", "quad_code": "q39122SEF4", "url": "https://mrdata.usgs.gov/mrds/show-mrds.php?dep_id=10263375", "code_list": "AU", "_layer": "mrds"}}, {"type": "Feature", "geometry": {"type": "Point", "coordinates": [-120.16769, 38.03992]}, "properties": {"dep_id": "10263410", "site_name": "Iron King", "dev_stat": "Past Producer", "fips_code": "f06109", "huc_code": "h18040009", "quad_code": "q39122SEG4", "url": "https://mrdata.usgs.gov/mrds/show-mrds.php?dep_id=10263410", "code_list": "W", "_layer": "mrds"}}, {"type": "Feature", "geometry": {"type": "Point", "coordinates": [-120.2788, 37.90162]}, "properties": {"dep_id": "10263485", "site_name": "Reported Occurences", "dev_stat": "Occurrence", "fips_code": "f06109", "huc_code": "h18040009", "quad_code": "q38122NEF1", "url": "https://mrdata.usgs.gov/mrds/show-mrds.php?dep_id=10263485", "code_list": "MG", "_layer": "mrds"}}, {"type": "Feature", "geometry": {"type": "Point", "coordinates": [-120.2143, 38.00462]}, "properties": {"dep_id": "10263495", "site_name": "Mountain", "dev_stat": "Occurrence", "fips_code": "f06109", "huc_code": "h18040009", "quad_code": "q39122SEG4", "url": "https://mrdata.usgs.gov/mrds/show-mrds.php?dep_id=10263495", "code_list": "AU", "_layer": "mrds"}}, {"type": "Feature", "geometry": {"type": "Point", "coordinates": [-120.2246, 37.98182]}, "properties": {"dep_id": "10263542", "site_name": "Mammon", "dev_stat": "Occurrence", "fips_code": "f06109", "huc_code": "h18040009", "quad_code": "q38122NEG1", "url": "https://mrdata.usgs.gov/mrds/show-mrds.php?dep_id=10263542", "code_list": "AU", "_layer": "mrds"}}, {"type": "Feature", "geometry": {"type": "Point", "coordinates": [-120.2541, 38.03881]}, "properties": {"dep_id": "10263557", "site_name": "Golden West", "dev_stat": "Occurrence", "fips_code": "f06109", "huc_code": "h18040009", "quad_code": "q39122SEF4", "url": "https://mrdata.usgs.gov/mrds/show-mrds.php?dep_id=10263557", "code_list": "AU", "_layer": "mrds"}}, {"type": "Feature", "geometry": {"type": "Point", "coordinates": [-120.2918, 38.08961]}, "properties": {"dep_id": "10263570", "site_name": "Lucky Strike", "dev_stat": "Prospect", "fips_code": "f06109", "huc_code": "h18040010", "quad_code": "q39122SEF4", "url": "https://mrdata.usgs.gov/mrds/show-mrds.php?dep_id=10263570", "code_list": "AU", "_layer": "mrds"}}, {"type": "Feature", "geometry": {"type": "Point", "coordinates": [-120.23069, 37.76462]}, "properties": {"dep_id": "10285492", "site_name": "Monro6", "dev_stat": "Unknown", "fips_code": "f06109", "huc_code": "h18040009", "quad_code": "q38122NEG2", "url": "https://mrdata.usgs.gov/mrds/show-mrds.php?dep_id=10285492", "code_list": "AU", "_layer": "mrds"}}, {"type": "Feature", "geometry": {"type": "Point", "coordinates": [-120.3682, 38.04631]}, "properties": {"dep_id": "10287207", "site_name": "Red Gravel", "dev_stat": "Occurrence", "fips_code": "f06109", "huc_code": "h18040009", "quad_code": "q39122SEF4", "url": "https://mrdata.usgs.gov/mrds/show-mrds.php?dep_id=10287207", "code_list": "AU", "_layer": "mrds"}}, {"type": "Feature", "geometry": {"type": "Point", "coordinates": [-120.2116, 38.04802]}, "properties": {"dep_id": "10287220", "site_name": "Lampshire", "dev_stat": "Occurrence", "fips_code": "f06109", "huc_code": "h18040009", "quad_code": "q39122SEG4", "url": "https://mrdata.usgs.gov/mrds/show-mrds.php?dep_id=10287220", "code_list": "AU", "_layer": "mrds"}}, {"type": "Feature", "geometry": {"type": "Point", "coordinates": [-120.2291, 37.95662]}, "properties": {"dep_id": "10287223", "site_name": "Simonole", "dev_stat": "Occurrence", "fips_code": "f06109", "huc_code": "h18040009", "quad_code": "q38122NEG1", "url": "https://mrdata.usgs.gov/mrds/show-mrds.php?dep_id=10287223", "code_list": "AU", "_layer": "mrds"}}, {"type": "Feature", "geometry": {"type": "Point", "coordinates": [-120.2791, 37.97132]}, "properties": {"dep_id": "10287260", "site_name": "Junction", "dev_stat": "Occurrence", "fips_code": "f06109", "huc_code": "h18040009", "quad_code": "q38122NEF1", "url": "https://mrdata.usgs.gov/mrds/show-mrds.php?dep_id=10287260", "code_list": "AU", "_layer": "mrds"}}, {"type": "Feature", "geometry": {"type": "Point", "coordinates": [-120.18379, 38.02912]}, "properties": {"dep_id": "10287311", "site_name": "Morning Glory", "dev_stat": "Occurrence", "fips_code": "f06109", "huc_code": "h18040009", "quad_code": "q39122SEG4", "url": "https://mrdata.usgs.gov/mrds/show-mrds.php?dep_id=10287311", "code_list": "AU CU PB", "_layer": "mrds"}}, {"type": "Feature", "geometry": {"type": "Point", "coordinates": [-120.3096, 37.78602]}, "properties": {"dep_id": "10287383", "site_name": "Kelly", "dev_stat": "Unknown", "fips_code": "f06109", "huc_code": "h18040009", "quad_code": "q38122NEF2", "url": "https://mrdata.usgs.gov/mrds/show-mrds.php?dep_id=10287383", "code_list": "AU", "_layer": "mrds"}}, {"type": "Feature", "geometry": {"type": "Point", "coordinates": [-120.3788, 38.01571]}, "properties": {"dep_id": "10287384", "site_name": "Good Luck", "dev_stat": "Unknown", "fips_code": "f06109", "huc_code": "h18040009", "quad_code": "q39122SEE4", "url": "https://mrdata.usgs.gov/mrds/show-mrds.php?dep_id=10287384", "code_list": "AU", "_layer": "mrds"}}, {"type": "Feature", "geometry": {"type": "Point", "coordinates": [-120.2627, 37.97822]}, "properties": {"dep_id": "10287492", "site_name": "Louisiana", "dev_stat": "Occurrence", "fips_code": "f06109", "huc_code": "h18040009", "quad_code": "q38122NEF1", "url": "https://mrdata.usgs.gov/mrds/show-mrds.php?dep_id=10287492", "code_list": "AU", "_layer": "mrds"}}, {"type": "Feature", "geometry": {"type": "Point", "coordinates": [-120.2991, 38.00742]}, "properties": {"dep_id": "10287496", "site_name": "Phoenix Lake Granite Company", "dev_stat": "Past Producer", "fips_code": "f06109", "huc_code": "h18040009", "quad_code": "q39122SEF4", "url": "https://mrdata.usgs.gov/mrds/show-mrds.php?dep_id=10287496", "code_list": "STN", "_layer": "mrds"}}, {"type": "Feature", "geometry": {"type": "Point", "coordinates": [-120.21679, 37.92272]}, "properties": {"dep_id": "10287502", "site_name": "Garfield", "dev_stat": "Occurrence", "fips_code": "f06109", "huc_code": "h18040009", "quad_code": "q38122NEG1", "url": "https://mrdata.usgs.gov/mrds/show-mrds.php?dep_id=10287502", "code_list": "AU", "_layer": "mrds"}}, {"type": "Feature", "geometry": {"type": "Point", "coordinates": [-120.2235, 37.99212]}, "properties": {"dep_id": "10287571", "site_name": "Rising Sun", "dev_stat": "Occurrence", "fips_code": "f06109", "huc_code": "h18040009", "quad_code": "q38122NEG1", "url": "https://mrdata.usgs.gov/mrds/show-mrds.php?dep_id=10287571", "code_list": "AU", "_layer": "mrds"}}, {"type": "Feature", "geometry": {"type": "Point", "coordinates": [-120.2657, 37.99682]}, "properties": {"dep_id": "10287783", "site_name": "Soulsby Belle", "dev_stat": "Past Producer", "fips_code": "f06109", "huc_code": "h18040009", "quad_code": "q38122NEF1", "url": "https://mrdata.usgs.gov/mrds/show-mrds.php?dep_id=10287783", "code_list": "AU PB ZN", "_layer": "mrds"}}, {"type": "Feature", "geometry": {"type": "Point", "coordinates": [-120.1963, 38.05162]}, "properties": {"dep_id": "10287870", "site_name": "Barrett", "dev_stat": "Occurrence", "fips_code": "f06109", "huc_code": "h18040009", "quad_code": "q39122SEG4", "url": "https://mrdata.usgs.gov/mrds/show-mrds.php?dep_id=10287870", "code_list": "AU", "_layer": "mrds"}}, {"type": "Feature", "geometry": {"type": "Point", "coordinates": [-120.25791, 37.82332]}, "properties": {"dep_id": "10310590", "site_name": "Big Oak Flat District", "dev_stat": "Past Producer", "fips_code": "f06109", "huc_code": "h18040009", "quad_code": "q38122NEF2", "url": "https://mrdata.usgs.gov/mrds/show-mrds.php?dep_id=10310590", "code_list": "AU", "_layer": "mrds"}}, {"type": "Feature", "geometry": {"type": "Point", "coordinates": [-120.27645, 37.97735]}, "properties": {"dep_id": "10310591", "site_name": "Black Oak Mine", "dev_stat": "Past Producer", "fips_code": "f06109", "huc_code": "h18040009", "quad_code": "q38122NEF1", "url": "https://mrdata.usgs.gov/mrds/show-mrds.php?dep_id=10310591", "code_list": "AU AG", "_layer": "mrds"}}, {"type": "Feature", "geometry": {"type": "Point", "coordinates": [-120.20826, 38.0434]}, "properties": {"dep_id": "10310605", "site_name": "Confidence-Lamphere Mine", "dev_stat": "Past Producer", "fips_code": "f06109", "huc_code": "h18040009", "quad_code": "q39122SEG4", "url": "https://mrdata.usgs.gov/mrds/show-mrds.php?dep_id=10310605", "code_list": "AU AG", "_layer": "mrds"}}, {"type": "Feature", "geometry": {"type": "Point", "coordinates": [-120.22049, 37.96115]}, "properties": {"dep_id": "10310685", "site_name": "South United Mines", "dev_stat": "Past Producer", "fips_code": "f06109", "huc_code": "h18040009", "quad_code": "q38122NEG1", "url": "https://mrdata.usgs.gov/mrds/show-mrds.php?dep_id=10310685", "code_list": "AU", "_layer": "mrds"}}, {"type": "Feature", "geometry": {"type": "Point", "coordinates": [-120.07655, 38.17213]}, "properties": {"dep_id": "10077927", "site_name": "Riverside", "dev_stat": "Past Producer", "fips_code": "f06109", "huc_code": "h18040010", "quad_code": "q39122SEH3", "url": "https://mrdata.usgs.gov/mrds/show-mrds.php?dep_id=10077927", "code_list": "AU", "_layer": "mrds"}}, {"type": "Feature", "geometry": {"type": "Point", "coordinates": [-120.00959, 38.22961]}, "properties": {"dep_id": "10165113", "site_name": "Edna James", "dev_stat": "Past Producer", "fips_code": "f06109", "huc_code": "h18040010", "quad_code": "q39122SEH3", "url": "https://mrdata.usgs.gov/mrds/show-mrds.php?dep_id=10165113", "code_list": "AU AG", "_layer": "mrds"}}, {"type": "Feature", "geometry": {"type": "Point", "coordinates": [-120.2896, 38.20521]}, "properties": {"dep_id": "10165938", "site_name": "Vallecito", "dev_stat": "Occurrence", "fips_code": "f06109", "huc_code": "h18040010", "quad_code": "q39122SEF3", "url": "https://mrdata.usgs.gov/mrds/show-mrds.php?dep_id=10165938", "code_list": "AU", "_layer": "mrds"}}, {"type": "Feature", "geometry": {"type": "Point", "coordinates": [-120.2102, 38.23911]}, "properties": {"dep_id": "10231635", "site_name": "Reported Occurrence", "dev_stat": "Occurrence", "fips_code": "f06109", "huc_code": "h18040010", "quad_code": "q39122SEG3", "url": "https://mrdata.usgs.gov/mrds/show-mrds.php?dep_id=10231635", "code_list": "PB", "_layer": "mrds"}}, {"type": "Feature", "geometry": {"type": "Point", "coordinates": [-120.12959, 38.07022]}, "properties": {"dep_id": "10238301", "site_name": "Gem", "dev_stat": "Unknown", "fips_code": "f06109", "huc_code": "h18040009", "quad_code": "q39122SEG4", "url": "https://mrdata.usgs.gov/mrds/show-mrds.php?dep_id=10238301", "code_list": "AU", "_layer": "mrds"}}, {"type": "Feature", "geometry": {"type": "Point", "coordinates": [-120.01433, 38.41852]}, "properties": {"dep_id": "10028054", "site_name": "Yosemite Pits Harvey Pits", "dev_stat": "Occurrence", "fips_code": "f06109", "huc_code": "h18040010", "quad_code": "q39122SEH1", "url": "https://mrdata.usgs.gov/mrds/show-mrds.php?dep_id=10028054", "code_list": "CLY", "_layer": "mrds"}}, {"type": "Feature", "geometry": {"type": "Point", "coordinates": [-120.08155, 38.06075]}, "properties": {"dep_id": "10034539", "site_name": "Excelsior", "dev_stat": "Past Producer", "fips_code": "f06109", "huc_code": "h18040009", "quad_code": "q39122SEH4", "url": "https://mrdata.usgs.gov/mrds/show-mrds.php?dep_id=10034539", "code_list": "AU", "_layer": "mrds"}}, {"type": "Feature", "geometry": {"type": "Point", "coordinates": [-120.1296, 38.0702]}, "properties": {"dep_id": "10034546", "site_name": "Gem", "dev_stat": "Past Producer", "fips_code": "f06109", "huc_code": "h18040009", "quad_code": "q39122SEG4", "url": "https://mrdata.usgs.gov/mrds/show-mrds.php?dep_id=10034546", "code_list": "AU PB", "_layer": "mrds"}}, {"type": "Feature", "geometry": {"type": "Point", "coordinates": [-119.79766, 38.29797]}, "properties": {"dep_id": "10037763", "site_name": "Juniper Mine", "dev_stat": "Past Producer", "fips_code": "f06109", "huc_code": "h18040010", "quad_code": "q39120SWB2", "url": "https://mrdata.usgs.gov/mrds/show-mrds.php?dep_id=10037763", "code_list": "U", "_layer": "mrds"}}, {"type": "Feature", "geometry": {"type": "Point", "coordinates": [-119.87182, 38.35824]}, "properties": {"dep_id": "10037777", "site_name": "Unnamed U Prospect", "dev_stat": "Occurrence", "fips_code": "f06109", "huc_code": "h18040010", "quad_code": "q39120SWB2", "url": "https://mrdata.usgs.gov/mrds/show-mrds.php?dep_id=10037777", "code_list": "U", "_layer": "mrds"}}, {"type": "Feature", "geometry": {"type": "Point", "coordinates": [-119.88432, 38.29991]}, "properties": {"dep_id": "10072398", "site_name": "Autunite-Carnotite Group", "dev_stat": "Past Producer", "fips_code": "f06109", "huc_code": "h18040010", "quad_code": "q39120SWA2", "url": "https://mrdata.usgs.gov/mrds/show-mrds.php?dep_id=10072398", "code_list": "U", "_layer": "mrds"}}, {"type": "Feature", "geometry": {"type": "Point", "coordinates": [-120.30044, 37.9802]}, "properties": {"dep_id": "10077944", "site_name": "Black Hawk", "dev_stat": "Past Producer", "fips_code": "f06109", "huc_code": "h18040009", "quad_code": "q38122NEF1", "url": "https://mrdata.usgs.gov/mrds/show-mrds.php?dep_id=10077944", "code_list": "AU", "_layer": "mrds"}}, {"type": "Feature", "geometry": {"type": "Point", "coordinates": [-120.27961, 38.08602]}, "properties": {"dep_id": "10077948", "site_name": "Keltz No. Ext.", "dev_stat": "Past Producer", "fips_code": "f06109", "huc_code": "h18040010", "quad_code": "q39122SEF4", "url": "https://mrdata.usgs.gov/mrds/show-mrds.php?dep_id=10077948", "code_list": "AU", "_layer": "mrds"}}, {"type": "Feature", "geometry": {"type": "Point", "coordinates": [-120.16988, 38.05548]}, "properties": {"dep_id": "10077973", "site_name": "Siedge", "dev_stat": "Producer", "fips_code": "f06109", "huc_code": "h18040009", "quad_code": "q39122SEG4", "url": "https://mrdata.usgs.gov/mrds/show-mrds.php?dep_id=10077973", "code_list": "AU", "_layer": "mrds"}}, {"type": "Feature", "geometry": {"type": "Point", "coordinates": [-120.216, 38.05963]}, "properties": {"dep_id": "10077975", "site_name": "Monarch", "dev_stat": "Producer", "fips_code": "f06109", "huc_code": "h18040010", "quad_code": "q39122SEG4", "url": "https://mrdata.usgs.gov/mrds/show-mrds.php?dep_id=10077975", "code_list": "AU", "_layer": "mrds"}}, {"type": "Feature", "geometry": {"type": "Point", "coordinates": [-120.05849, 38.02075]}, "properties": {"dep_id": "10077979", "site_name": "Casa Madera", "dev_stat": "Past Producer", "fips_code": "f06109", "huc_code": "h18040009", "quad_code": "q39122SEH4", "url": "https://mrdata.usgs.gov/mrds/show-mrds.php?dep_id=10077979", "code_list": "AU PB", "_layer": "mrds"}}, {"type": "Feature", "geometry": {"type": "Point", "coordinates": [-120.26572, 37.99686]}, "properties": {"dep_id": "10077980", "site_name": "Soulsby Belle", "dev_stat": "Producer", "fips_code": "f06109", "huc_code": "h18040009", "quad_code": "q38122NEF1", "url": "https://mrdata.usgs.gov/mrds/show-mrds.php?dep_id=10077980", "code_list": "AU PB ZN", "_layer": "mrds"}}, {"type": "Feature", "geometry": {"type": "Point", "coordinates": [-120.2485, 37.9827]}, "properties": {"dep_id": "10077981", "site_name": "Columbus", "dev_stat": "Past Producer", "fips_code": "f06109", "huc_code": "h18040009", "quad_code": "q38122NEG1", "url": "https://mrdata.usgs.gov/mrds/show-mrds.php?dep_id=10077981", "code_list": "AU", "_layer": "mrds"}}, {"type": "Feature", "geometry": {"type": "Point", "coordinates": [-120.28378, 37.97881]}, "properties": {"dep_id": "10103059", "site_name": "Whitto", "dev_stat": "Past Producer", "fips_code": "f06109", "huc_code": "h18040009", "quad_code": "q38122NEF1", "url": "https://mrdata.usgs.gov/mrds/show-mrds.php?dep_id=10103059", "code_list": "AU PB ZN FE", "_layer": "mrds"}}, {"type": "Feature", "geometry": {"type": "Point", "coordinates": [-120.24322, 38.04352]}, "properties": {"dep_id": "10109440", "site_name": "Happy Jack", "dev_stat": "Producer", "fips_code": "f06109", "huc_code": "h18040009", "quad_code": "q39122SEG4", "url": "https://mrdata.usgs.gov/mrds/show-mrds.php?dep_id=10109440", "code_list": "AU", "_layer": "mrds"}}, {"type": "Feature", "geometry": {"type": "Point", "coordinates": [-120.31294, 38.04213]}, "properties": {"dep_id": "10109458", "site_name": "Redemption & Ice House", "dev_stat": "Producer", "fips_code": "f06109", "huc_code": "h18040009", "quad_code": "q39122SEF4", "url": "https://mrdata.usgs.gov/mrds/show-mrds.php?dep_id=10109458", "code_list": "AU", "_layer": "mrds"}}, {"type": "Feature", "geometry": {"type": "Point", "coordinates": [-120.18293, 38.02992]}, "properties": {"dep_id": "10111245", "site_name": "Lucky Strike", "dev_stat": "Producer", "fips_code": "f06109", "huc_code": "h18040009", "quad_code": "q39122SEG4", "url": "https://mrdata.usgs.gov/mrds/show-mrds.php?dep_id=10111245", "code_list": "AU W", "_layer": "mrds"}}, {"type": "Feature", "geometry": {"type": "Point", "coordinates": [-120.2718, 38.06521]}, "properties": {"dep_id": "10117186", "site_name": "Anderson", "dev_stat": "Occurrence", "fips_code": "f06109", "huc_code": "h18040010", "quad_code": "q39122SEF4", "url": "https://mrdata.usgs.gov/mrds/show-mrds.php?dep_id=10117186", "code_list": "AU", "_layer": "mrds"}}, {"type": "Feature", "geometry": {"type": "Point", "coordinates": [-120.16629, 38.02352]}, "properties": {"dep_id": "10117770", "site_name": "Casa Madera", "dev_stat": "Occurrence", "fips_code": "f06109", "huc_code": "h18040009", "quad_code": "q39122SEG4", "url": "https://mrdata.usgs.gov/mrds/show-mrds.php?dep_id=10117770", "code_list": "AU", "_layer": "mrds"}}, {"type": "Feature", "geometry": {"type": "Point", "coordinates": [-119.74459, 38.28021]}, "properties": {"dep_id": "10117789", "site_name": "Silver Mine Creek Prospect", "dev_stat": "Unknown", "fips_code": "f06109", "huc_code": "h18040010", "quad_code": "q39120SWC2", "url": "https://mrdata.usgs.gov/mrds/show-mrds.php?dep_id=10117789", "code_list": "AU PB ZN", "_layer": "mrds"}}, {"type": "Feature", "geometry": {"type": "Point", "coordinates": [-120.2621, 37.98742]}, "properties": {"dep_id": "10141699", "site_name": "Soulsby", "dev_stat": "Prospect", "fips_code": "f06109", "huc_code": "h18040009", "quad_code": "q38122NEF1", "url": "https://mrdata.usgs.gov/mrds/show-mrds.php?dep_id=10141699", "code_list": "AU", "_layer": "mrds"}}, {"type": "Feature", "geometry": {"type": "Point", "coordinates": [-119.67518, 38.14412]}, "properties": {"dep_id": "10141722", "site_name": "Unidentified", "dev_stat": "Unknown", "fips_code": "f06109", "huc_code": "h18040009", "quad_code": "q39120SWC3", "url": "https://mrdata.usgs.gov/mrds/show-mrds.php?dep_id=10141722", "code_list": "W", "_layer": "mrds"}}, {"type": "Feature", "geometry": {"type": "Point", "coordinates": [-120.12539, 38.01212]}, "properties": {"dep_id": "10141767", "site_name": "Washington", "dev_stat": "Prospect", "fips_code": "f06109", "huc_code": "h18040009", "quad_code": "q39122SEG4", "url": "https://mrdata.usgs.gov/mrds/show-mrds.php?dep_id=10141767", "code_list": "AU CU", "_layer": "mrds"}}, {"type": "Feature", "geometry": {"type": "Point", "coordinates": [-120.2441, 37.97932]}, "properties": {"dep_id": "10141853", "site_name": "Laura", "dev_stat": "Occurrence", "fips_code": "f06109", "huc_code": "h18040009", "quad_code": "q38122NEG1", "url": "https://mrdata.usgs.gov/mrds/show-mrds.php?dep_id=10141853", "code_list": "AU", "_layer": "mrds"}}, {"type": "Feature", "geometry": {"type": "Point", "coordinates": [-120.2191, 38.31101]}, "properties": {"dep_id": "10141914", "site_name": "B. J. Placer Mine", "dev_stat": "Past Producer", "fips_code": "f06109", "huc_code": "h18040010", "quad_code": "q39122SEG2", "url": "https://mrdata.usgs.gov/mrds/show-mrds.php?dep_id=10141914", "code_list": "AU", "_layer": "mrds"}}, {"type": "Feature", "geometry": {"type": "Point", "coordinates": [-120.2382, 37.97302]}, "properties": {"dep_id": "10165573", "site_name": "Star", "dev_stat": "Unknown", "fips_code": "f06109", "huc_code": "h18040009", "quad_code": "q38122NEG1", "url": "https://mrdata.usgs.gov/mrds/show-mrds.php?dep_id=10165573", "code_list": "AU", "_layer": "mrds"}}, {"type": "Feature", "geometry": {"type": "Point", "coordinates": [-119.88239, 38.30851]}, "properties": {"dep_id": "10165591", "site_name": "Antvnite", "dev_stat": "Prospect", "fips_code": "f06109", "huc_code": "h18040010", "quad_code": "q39120SWA2", "url": "https://mrdata.usgs.gov/mrds/show-mrds.php?dep_id=10165591", "code_list": "U", "_layer": "mrds"}}, {"type": "Feature", "geometry": {"type": "Point", "coordinates": [-120.17709, 38.03522]}, "properties": {"dep_id": "10165593", "site_name": "Savari Group", "dev_stat": "Occurrence", "fips_code": "f06109", "huc_code": "h18040009", "quad_code": "q39122SEG4", "url": "https://mrdata.usgs.gov/mrds/show-mrds.php?dep_id=10165593", "code_list": "W", "_layer": "mrds"}}, {"type": "Feature", "geometry": {"type": "Point", "coordinates": [-120.2191, 37.96712]}, "properties": {"dep_id": "10165648", "site_name": "May Flower", "dev_stat": "Unknown", "fips_code": "f06109", "huc_code": "h18040009", "quad_code": "q38122NEG1", "url": "https://mrdata.usgs.gov/mrds/show-mrds.php?dep_id=10165648", "code_list": "AU", "_layer": "mrds"}}, {"type": "Feature", "geometry": {"type": "Point", "coordinates": [-120.17599, 38.03632]}, "properties": {"dep_id": "10165779", "site_name": "Tungstar", "dev_stat": "Prospect", "fips_code": "f06109", "huc_code": "h18040009", "quad_code": "q39122SEG4", "url": "https://mrdata.usgs.gov/mrds/show-mrds.php?dep_id=10165779", "code_list": "W", "_layer": "mrds"}}, {"type": "Feature", "geometry": {"type": "Point", "coordinates": [-120.2266, 37.97492]}, "properties": {"dep_id": "10165783", "site_name": "Lucky Strike", "dev_stat": "Occurrence", "fips_code": "f06109", "huc_code": "h18040009", "quad_code": "q38122NEG1", "url": "https://mrdata.usgs.gov/mrds/show-mrds.php?dep_id=10165783", "code_list": "AU W PB ZN", "_layer": "mrds"}}, {"type": "Feature", "geometry": {"type": "Point", "coordinates": [-120.2935, 38.09131]}, "properties": {"dep_id": "10165952", "site_name": "Gold Ridge", "dev_stat": "Occurrence", "fips_code": "f06109", "huc_code": "h18040010", "quad_code": "q39122SEF4", "url": "https://mrdata.usgs.gov/mrds/show-mrds.php?dep_id=10165952", "code_list": "AU", "_layer": "mrds"}}, {"type": "Feature", "geometry": {"type": "Point", "coordinates": [-120.21379, 37.96242]}, "properties": {"dep_id": "10166215", "site_name": "Triumph", "dev_stat": "Occurrence", "fips_code": "f06109", "huc_code": "h18040009", "quad_code": "q38122NEG1", "url": "https://mrdata.usgs.gov/mrds/show-mrds.php?dep_id=10166215", "code_list": "AU", "_layer": "mrds"}}, {"type": "Feature", "geometry": {"type": "Point", "coordinates": [-120.2288, 37.96462]}, "properties": {"dep_id": "10190216", "site_name": "Baker Ranch", "dev_stat": "Occurrence", "fips_code": "f06109", "huc_code": "h18040009", "quad_code": "q38122NEG1", "url": "https://mrdata.usgs.gov/mrds/show-mrds.php?dep_id=10190216", "code_list": "AU", "_layer": "mrds"}}, {"type": "Feature", "geometry": {"type": "Point", "coordinates": [-120.2204, 37.96162]}, "properties": {"dep_id": "10190233", "site_name": "Golden West Cons", "dev_stat": "Occurrence", "fips_code": "f06109", "huc_code": "h18040009", "quad_code": "q38122NEG1", "url": "https://mrdata.usgs.gov/mrds/show-mrds.php?dep_id=10190233", "code_list": "AU", "_layer": "mrds"}}, {"type": "Feature", "geometry": {"type": "Point", "coordinates": [-120.2518, 38.02602]}, "properties": {"dep_id": "10190255", "site_name": "Joe Wildcat Hooker", "dev_stat": "Occurrence", "fips_code": "f06109", "huc_code": "h18040009", "quad_code": "q39122SEF4", "url": "https://mrdata.usgs.gov/mrds/show-mrds.php?dep_id=10190255", "code_list": "AU", "_layer": "mrds"}}, {"type": "Feature", "geometry": {"type": "Point", "coordinates": [-120.3041, 38.14241]}, "properties": {"dep_id": "10190544", "site_name": "Tex", "dev_stat": "Unknown", "fips_code": "f06109", "huc_code": "h18040010", "quad_code": "q39122SEF3", "url": "https://mrdata.usgs.gov/mrds/show-mrds.php?dep_id=10190544", "code_list": "AU CU AG", "_layer": "mrds"}}, {"type": "Feature", "geometry": {"type": "Point", "coordinates": [-120.2654, 37.98102]}, "properties": {"dep_id": "10190662", "site_name": "Unidentified", "dev_stat": "Unknown", "fips_code": "f06109", "huc_code": "h18040009", "quad_code": "q38122NEF1", "url": "https://mrdata.usgs.gov/mrds/show-mrds.php?dep_id=10190662", "code_list": "AU", "_layer": "mrds"}}, {"type": "Feature", "geometry": {"type": "Point", "coordinates": [-120.2274, 37.99242]}, "properties": {"dep_id": "10190781", "site_name": "Duffield", "dev_stat": "Occurrence", "fips_code": "f06109", "huc_code": "h18040009", "quad_code": "q38122NEG1", "url": "https://mrdata.usgs.gov/mrds/show-mrds.php?dep_id=10190781", "code_list": "AU", "_layer": "mrds"}}, {"type": "Feature", "geometry": {"type": "Point", "coordinates": [-120.2724, 37.97212]}, "properties": {"dep_id": "10214333", "site_name": "Dawn", "dev_stat": "Unknown", "fips_code": "f06109", "huc_code": "h18040009", "quad_code": "q38122NEF1", "url": "https://mrdata.usgs.gov/mrds/show-mrds.php?dep_id=10214333", "code_list": "AU", "_layer": "mrds"}}, {"type": "Feature", "geometry": {"type": "Point", "coordinates": [-120.2904, 38.10131]}, "properties": {"dep_id": "10214568", "site_name": "Star", "dev_stat": "Occurrence", "fips_code": "f06109", "huc_code": "h18040010", "quad_code": "q39122SEF4", "url": "https://mrdata.usgs.gov/mrds/show-mrds.php?dep_id=10214568", "code_list": "AU CU AG", "_layer": "mrds"}}, {"type": "Feature", "geometry": {"type": "Point", "coordinates": [-120.17519, 38.02022]}, "properties": {"dep_id": "10214828", "site_name": "Jack Fray Ranch", "dev_stat": "Occurrence", "fips_code": "f06109", "huc_code": "h18040009", "quad_code": "q39122SEG4", "url": "https://mrdata.usgs.gov/mrds/show-mrds.php?dep_id=10214828", "code_list": "MN", "_layer": "mrds"}}, {"type": "Feature", "geometry": {"type": "Point", "coordinates": [-120.03849, 38.15911]}, "properties": {"dep_id": "10238786", "site_name": "Aggregate Placer", "dev_stat": "Prospect", "fips_code": "f06109", "huc_code": "h18040009", "quad_code": "q39122SEH3", "url": "https://mrdata.usgs.gov/mrds/show-mrds.php?dep_id=10238786", "code_list": "AU", "_layer": "mrds"}}, {"type": "Feature", "geometry": {"type": "Point", "coordinates": [-119.66238, 38.15492]}, "properties": {"dep_id": "10239023", "site_name": "Whittle Property", "dev_stat": "Unknown", "fips_code": "f06109", "huc_code": "h18040009", "quad_code": "q39120SWC3", "url": "https://mrdata.usgs.gov/mrds/show-mrds.php?dep_id=10239023", "code_list": "W", "_layer": "mrds"}}, {"type": "Feature", "geometry": {"type": "Point", "coordinates": [-120.2841, 38.06271]}, "properties": {"dep_id": "10263110", "site_name": "Mildred Lloyd", "dev_stat": "Prospect", "fips_code": "f06109", "huc_code": "h18040010", "quad_code": "q39122SEF4", "url": "https://mrdata.usgs.gov/mrds/show-mrds.php?dep_id=10263110", "code_list": "AU CU PB AG", "_layer": "mrds"}}, {"type": "Feature", "geometry": {"type": "Point", "coordinates": [-120.2771, 37.99052]}, "properties": {"dep_id": "10263285", "site_name": "Imperial", "dev_stat": "Unknown", "fips_code": "f06109", "huc_code": "h18040009", "quad_code": "q38122NEF1", "url": "https://mrdata.usgs.gov/mrds/show-mrds.php?dep_id=10263285", "code_list": "AU", "_layer": "mrds"}}, {"type": "Feature", "geometry": {"type": "Point", "coordinates": [-120.2441, 37.96352]}, "properties": {"dep_id": "10263372", "site_name": "Dexter Fliming", "dev_stat": "Unknown", "fips_code": "f06109", "huc_code": "h18040009", "quad_code": "q38122NEG1", "url": "https://mrdata.usgs.gov/mrds/show-mrds.php?dep_id=10263372", "code_list": "AU", "_layer": "mrds"}}, {"type": "Feature", "geometry": {"type": "Point", "coordinates": [-120.18289, 38.03132]}, "properties": {"dep_id": "10263509", "site_name": "Hawk", "dev_stat": "Prospect", "fips_code": "f06109", "huc_code": "h18040009", "quad_code": "q39122SEG4", "url": "https://mrdata.usgs.gov/mrds/show-mrds.php?dep_id=10263509", "code_list": "AU", "_layer": "mrds"}}, {"type": "Feature", "geometry": {"type": "Point", "coordinates": [-120.3207, 38.03411]}, "properties": {"dep_id": "10263527", "site_name": "Phoenix Claims", "dev_stat": "Prospect", "fips_code": "f06109", "huc_code": "h18040009", "quad_code": "q39122SEF4", "url": "https://mrdata.usgs.gov/mrds/show-mrds.php?dep_id=10263527", "code_list": "AU", "_layer": "mrds"}}, {"type": "Feature", "geometry": {"type": "Point", "coordinates": [-120.2135, 38.04022]}, "properties": {"dep_id": "10263548", "site_name": "Maddox", "dev_stat": "Occurrence", "fips_code": "f06109", "huc_code": "h18040009", "quad_code": "q39122SEG4", "url": "https://mrdata.usgs.gov/mrds/show-mrds.php?dep_id=10263548", "code_list": "AU", "_layer": "mrds"}}, {"type": "Feature", "geometry": {"type": "Point", "coordinates": [-120.2104, 38.06821]}, "properties": {"dep_id": "10263550", "site_name": "Gold Wedge Lode", "dev_stat": "Prospect", "fips_code": "f06109", "huc_code": "h18040010", "quad_code": "q39122SEG4", "url": "https://mrdata.usgs.gov/mrds/show-mrds.php?dep_id=10263550", "code_list": "AU", "_layer": "mrds"}}, {"type": "Feature", "geometry": {"type": "Point", "coordinates": [-120.2957, 38.01242]}, "properties": {"dep_id": "10287147", "site_name": "Hyde", "dev_stat": "Prospect", "fips_code": "f06109", "huc_code": "h18040009", "quad_code": "q39122SEF4", "url": "https://mrdata.usgs.gov/mrds/show-mrds.php?dep_id=10287147", "code_list": "AU", "_layer": "mrds"}}, {"type": "Feature", "geometry": {"type": "Point", "coordinates": [-120.216, 38.05961]}, "properties": {"dep_id": "10287257", "site_name": "Monarch", "dev_stat": "Past Producer", "fips_code": "f06109", "huc_code": "h18040010", "quad_code": "q39122SEG4", "url": "https://mrdata.usgs.gov/mrds/show-mrds.php?dep_id=10287257", "code_list": "AU", "_layer": "mrds"}}, {"type": "Feature", "geometry": {"type": "Point", "coordinates": [-120.3185, 38.11881]}, "properties": {"dep_id": "10287288", "site_name": "Lost & Found", "dev_stat": "Prospect", "fips_code": "f06109", "huc_code": "h18040010", "quad_code": "q39122SEF4", "url": "https://mrdata.usgs.gov/mrds/show-mrds.php?dep_id=10287288", "code_list": "AU", "_layer": "mrds"}}, {"type": "Feature", "geometry": {"type": "Point", "coordinates": [-120.2516, 38.02552]}, "properties": {"dep_id": "10287323", "site_name": "Joe Hooker Wildcat", "dev_stat": "Occurrence", "fips_code": "f06109", "huc_code": "h18040009", "quad_code": "q39122SEF4", "url": "https://mrdata.usgs.gov/mrds/show-mrds.php?dep_id=10287323", "code_list": "AU", "_layer": "mrds"}}, {"type": "Feature", "geometry": {"type": "Point", "coordinates": [-120.16539, 38.06102]}, "properties": {"dep_id": "10287454", "site_name": "Sugar Pine", "dev_stat": "Past Producer", "fips_code": "f06109", "huc_code": "h18040009", "quad_code": "q39122SEG4", "url": "https://mrdata.usgs.gov/mrds/show-mrds.php?dep_id=10287454", "code_list": "AU AG", "_layer": "mrds"}}, {"type": "Feature", "geometry": {"type": "Point", "coordinates": [-120.221, 38.05631]}, "properties": {"dep_id": "10287540", "site_name": "Golden Trail", "dev_stat": "Past Producer", "fips_code": "f06109", "huc_code": "h18040010", "quad_code": "q39122SEG4", "url": "https://mrdata.usgs.gov/mrds/show-mrds.php?dep_id=10287540", "code_list": "AU AG", "_layer": "mrds"}}, {"type": "Feature", "geometry": {"type": "Point", "coordinates": [-120.3102, 38.08881]}, "properties": {"dep_id": "10287654", "site_name": "Gen Us Grant", "dev_stat": "Past Producer", "fips_code": "f06109", "huc_code": "h18040010", "quad_code": "q39122SEF4", "url": "https://mrdata.usgs.gov/mrds/show-mrds.php?dep_id=10287654", "code_list": "AU U", "_layer": "mrds"}}, {"type": "Feature", "geometry": {"type": "Point", "coordinates": [-120.26188, 37.98675]}, "properties": {"dep_id": "10310683", "site_name": "Soulsby Mine", "dev_stat": "Past Producer", "fips_code": "f06109", "huc_code": "h18040009", "quad_code": "q38122NEF1", "url": "https://mrdata.usgs.gov/mrds/show-mrds.php?dep_id=10310683", "code_list": "AU", "_layer": "mrds"}}, {"type": "Feature", "geometry": {"type": "Point", "coordinates": [-119.21537, 37.85213]}, "properties": {"dep_id": "10261936", "site_name": "Mono Pass Prospect", "dev_stat": "Prospect", "fips_code": "f06051", "huc_code": "h18090101", "quad_code": "q38120NWG2", "url": "https://mrdata.usgs.gov/mrds/show-mrds.php?dep_id=10261936", "code_list": "AU CU AG", "_layer": "mrds"}}, {"type": "Feature", "geometry": {"type": "Point", "coordinates": [-119.84378, 37.82322]}, "properties": {"dep_id": "10238875", "site_name": "Molander Tungsten", "dev_stat": "Occurrence", "fips_code": "f06109", "huc_code": "h18040009", "quad_code": "q38120NWB2", "url": "https://mrdata.usgs.gov/mrds/show-mrds.php?dep_id=10238875", "code_list": "W", "_layer": "mrds"}}, {"type": "Feature", "geometry": {"type": "Point", "coordinates": [-119.95379, 37.79072]}, "properties": {"dep_id": "10287110", "site_name": "Moore Creek Sand & Gravel", "dev_stat": "Past Producer", "fips_code": "f06109", "huc_code": "h18040009", "quad_code": "q38120NWA2", "url": "https://mrdata.usgs.gov/mrds/show-mrds.php?dep_id=10287110", "code_list": "SDG", "_layer": "mrds"}}, {"type": "Feature", "geometry": {"type": "Point", "coordinates": [-119.78432, 38.29991]}, "properties": {"dep_id": "10072397", "site_name": "Juniper Claim", "dev_stat": "Producer", "fips_code": "f06109", "huc_code": "h18040010", "quad_code": "q39120SWB2", "url": "https://mrdata.usgs.gov/mrds/show-mrds.php?dep_id=10072397", "code_list": "U", "_layer": "mrds"}}, {"type": "Feature", "geometry": {"type": "Point", "coordinates": [-119.7896, 38.29824]}, "properties": {"dep_id": "10077985", "site_name": "Unidentified", "dev_stat": "Producer", "fips_code": "f06109", "huc_code": "h18040010", "quad_code": "q39120SWB2", "url": "https://mrdata.usgs.gov/mrds/show-mrds.php?dep_id=10077985", "code_list": "U", "_layer": "mrds"}}, {"type": "Feature", "geometry": {"type": "Point", "coordinates": [-119.77989, 38.29601]}, "properties": {"dep_id": "10141254", "site_name": "Carrigan Mines Inc", "dev_stat": "Past Producer", "fips_code": "f06109", "huc_code": "h18040010", "quad_code": "q39120SWB2", "url": "https://mrdata.usgs.gov/mrds/show-mrds.php?dep_id=10141254", "code_list": "U", "_layer": "mrds"}}, {"type": "Feature", "geometry": {"type": "Point", "coordinates": [-119.78959, 38.29821]}, "properties": {"dep_id": "10190645", "site_name": "Juniper Mine", "dev_stat": "Prospect", "fips_code": "f06109", "huc_code": "h18040010", "quad_code": "q39120SWB2", "url": "https://mrdata.usgs.gov/mrds/show-mrds.php?dep_id=10190645", "code_list": "U", "_layer": "mrds"}}, {"type": "Feature", "geometry": {"type": "Point", "coordinates": [-119.77819, 38.33681]}, "properties": {"dep_id": "10281261", "site_name": "Peugh Placer", "dev_stat": "Unknown", "fips_code": "f06109", "huc_code": "h18040010", "quad_code": "q39120SWB2", "url": "https://mrdata.usgs.gov/mrds/show-mrds.php?dep_id=10281261", "code_list": "AU", "_layer": "mrds"}}, {"type": "Feature", "geometry": {"type": "Point", "coordinates": [-120.36211, 37.84603]}, "properties": {"dep_id": "10072394", "site_name": "Mother Lode", "dev_stat": "Past Producer", "fips_code": "f06109", "huc_code": "h18040009", "quad_code": "q38122NEF2", "url": "https://mrdata.usgs.gov/mrds/show-mrds.php?dep_id=10072394", "code_list": "AU", "_layer": "mrds"}}, {"type": "Feature", "geometry": {"type": "Point", "coordinates": [-120.41794, 37.91936]}, "properties": {"dep_id": "10077900", "site_name": "Nyman Consolidated Group", "dev_stat": "Past Producer", "fips_code": "f06109", "huc_code": "h18040009", "quad_code": "q38122NEE1", "url": "https://mrdata.usgs.gov/mrds/show-mrds.php?dep_id=10077900", "code_list": "AU", "_layer": "mrds"}}, {"type": "Feature", "geometry": {"type": "Point", "coordinates": [-120.36461, 38.05908]}, "properties": {"dep_id": "10077940", "site_name": "Hidden Treasure", "dev_stat": "Past Producer", "fips_code": "f06109", "huc_code": "h18040010", "quad_code": "q39122SEF4", "url": "https://mrdata.usgs.gov/mrds/show-mrds.php?dep_id=10077940", "code_list": "AU", "_layer": "mrds"}}, {"type": "Feature", "geometry": {"type": "Point", "coordinates": [-120.21599, 37.92325]}, "properties": {"dep_id": "10077969", "site_name": "Anderson & Amberg", "dev_stat": "Past Producer", "fips_code": "f06109", "huc_code": "h18040009", "quad_code": "q38122NEG1", "url": "https://mrdata.usgs.gov/mrds/show-mrds.php?dep_id=10077969", "code_list": "AU", "_layer": "mrds"}}, {"type": "Feature", "geometry": {"type": "Point", "coordinates": [-120.50517, 37.90825]}, "properties": {"dep_id": "10103915", "site_name": "Sullivan and Kahl Lease Occurrence", "dev_stat": "Past Producer", "fips_code": "f06109", "huc_code": "h18040010", "quad_code": "q38122NED1", "url": "https://mrdata.usgs.gov/mrds/show-mrds.php?dep_id=10103915", "code_list": "CR", "_layer": "mrds"}}, {"type": "Feature", "geometry": {"type": "Point", "coordinates": [-120.02655, 37.93075]}, "properties": {"dep_id": "10105958", "site_name": "Kanaka", "dev_stat": "Past Producer", "fips_code": "f06109", "huc_code": "h18040009", "quad_code": "q38122NEH1", "url": "https://mrdata.usgs.gov/mrds/show-mrds.php?dep_id=10105958", "code_list": "AU", "_layer": "mrds"}}, {"type": "Feature", "geometry": {"type": "Point", "coordinates": [-120.30406, 37.98492]}, "properties": {"dep_id": "10109424", "site_name": "Ajax", "dev_stat": "Producer", "fips_code": "f06109", "huc_code": "h18040009", "quad_code": "q38122NEF1", "url": "https://mrdata.usgs.gov/mrds/show-mrds.php?dep_id=10109424", "code_list": "AU", "_layer": "mrds"}}, {"type": "Feature", "geometry": {"type": "Point", "coordinates": [-120.30989, 38.08935]}, "properties": {"dep_id": "10109467", "site_name": "U. S. Grant.", "dev_stat": "Producer", "fips_code": "f06109", "huc_code": "h18040010", "quad_code": "q39122SEF4", "url": "https://mrdata.usgs.gov/mrds/show-mrds.php?dep_id=10109467", "code_list": "AU", "_layer": "mrds"}}, {"type": "Feature", "geometry": {"type": "Point", "coordinates": [-120.2246, 37.83853]}, "properties": {"dep_id": "10111242", "site_name": "Sampson Lode", "dev_stat": "Producer", "fips_code": "f06109", "huc_code": "h18040009", "quad_code": "q38122NEG2", "url": "https://mrdata.usgs.gov/mrds/show-mrds.php?dep_id=10111242", "code_list": "DIT", "_layer": "mrds"}}, {"type": "Feature", "geometry": {"type": "Point", "coordinates": [-120.2229, 37.99882]}, "properties": {"dep_id": "10117419", "site_name": "Donella", "dev_stat": "Occurrence", "fips_code": "f06109", "huc_code": "h18040009", "quad_code": "q38122NEG1", "url": "https://mrdata.usgs.gov/mrds/show-mrds.php?dep_id=10117419", "code_list": "AU", "_layer": "mrds"}}, {"type": "Feature", "geometry": {"type": "Point", "coordinates": [-120.4532, 37.93912]}, "properties": {"dep_id": "10117539", "site_name": "Shell Ranch", "dev_stat": "Prospect", "fips_code": "f06109", "huc_code": "h18040009", "quad_code": "q38122NEE1", "url": "https://mrdata.usgs.gov/mrds/show-mrds.php?dep_id=10117539", "code_list": "CU AU", "_layer": "mrds"}}, {"type": "Feature", "geometry": {"type": "Point", "coordinates": [-120.15709, 38.07572]}, "properties": {"dep_id": "10117811", "site_name": "Unidentified", "dev_stat": "Unknown", "fips_code": "f06109", "huc_code": "h18040010", "quad_code": "q39122SEG4", "url": "https://mrdata.usgs.gov/mrds/show-mrds.php?dep_id=10117811", "code_list": "SDG", "_layer": "mrds"}}, {"type": "Feature", "geometry": {"type": "Point", "coordinates": [-120.366, 38.09961]}, "properties": {"dep_id": "10117867", "site_name": "Snow Storm", "dev_stat": "Past Producer", "fips_code": "f06109", "huc_code": "h18040010", "quad_code": "q39122SEF4", "url": "https://mrdata.usgs.gov/mrds/show-mrds.php?dep_id=10117867", "code_list": "AU AG", "_layer": "mrds"}}, {"type": "Feature", "geometry": {"type": "Point", "coordinates": [-120.4199, 38.04991]}, "properties": {"dep_id": "10141318", "site_name": "Gem", "dev_stat": "Unknown", "fips_code": "f06109", "huc_code": "h18040010", "quad_code": "q39122SEE4", "url": "https://mrdata.usgs.gov/mrds/show-mrds.php?dep_id=10141318", "code_list": "AU", "_layer": "mrds"}}, {"type": "Feature", "geometry": {"type": "Point", "coordinates": [-120.2521, 37.96352]}, "properties": {"dep_id": "10141819", "site_name": "West", "dev_stat": "Occurrence", "fips_code": "f06109", "huc_code": "h18040009", "quad_code": "q38122NEF1", "url": "https://mrdata.usgs.gov/mrds/show-mrds.php?dep_id=10141819", "code_list": "MN", "_layer": "mrds"}}, {"type": "Feature", "geometry": {"type": "Point", "coordinates": [-120.4638, 37.96631]}, "properties": {"dep_id": "10141920", "site_name": "Sunday Claim", "dev_stat": "Past Producer", "fips_code": "f06109", "huc_code": "h18040010", "quad_code": "q38122NEE1", "url": "https://mrdata.usgs.gov/mrds/show-mrds.php?dep_id=10141920", "code_list": "CR", "_layer": "mrds"}}, {"type": "Feature", "geometry": {"type": "Point", "coordinates": [-120.15849, 37.86962]}, "properties": {"dep_id": "10141974", "site_name": "Kanaka Mine", "dev_stat": "Prospect", "fips_code": "f06109", "huc_code": "h18040009", "quad_code": "q38122NEG2", "url": "https://mrdata.usgs.gov/mrds/show-mrds.php?dep_id=10141974", "code_list": "AU", "_layer": "mrds"}}, {"type": "Feature", "geometry": {"type": "Point", "coordinates": [-120.4677, 37.97681]}, "properties": {"dep_id": "10165584", "site_name": "Mother Lode", "dev_stat": "Unknown", "fips_code": "f06109", "huc_code": "h18040010", "quad_code": "q38122NEE1", "url": "https://mrdata.usgs.gov/mrds/show-mrds.php?dep_id=10165584", "code_list": "AU", "_layer": "mrds"}}, {"type": "Feature", "geometry": {"type": "Point", "coordinates": [-120.561, 37.90911]}, "properties": {"dep_id": "10165796", "site_name": "If I Can Mine", "dev_stat": "Past Producer", "fips_code": "f06109", "huc_code": "h18040010", "quad_code": "q38122NED1", "url": "https://mrdata.usgs.gov/mrds/show-mrds.php?dep_id=10165796", "code_list": "AU", "_layer": "mrds"}}, {"type": "Feature", "geometry": {"type": "Point", "coordinates": [-120.2438, 37.97882]}, "properties": {"dep_id": "10166089", "site_name": "Central", "dev_stat": "Occurrence", "fips_code": "f06109", "huc_code": "h18040009", "quad_code": "q38122NEG1", "url": "https://mrdata.usgs.gov/mrds/show-mrds.php?dep_id=10166089", "code_list": "AU", "_layer": "mrds"}}, {"type": "Feature", "geometry": {"type": "Point", "coordinates": [-120.3921, 37.93462]}, "properties": {"dep_id": "10214228", "site_name": "Mullin and Co", "dev_stat": "Past Producer", "fips_code": "f06109", "huc_code": "h18040009", "quad_code": "q38122NEE1", "url": "https://mrdata.usgs.gov/mrds/show-mrds.php?dep_id=10214228", "code_list": "AU", "_layer": "mrds"}}, {"type": "Feature", "geometry": {"type": "Point", "coordinates": [-120.2796, 37.98992]}, "properties": {"dep_id": "10214232", "site_name": "Wheal Rough", "dev_stat": "Occurrence", "fips_code": "f06109", "huc_code": "h18040009", "quad_code": "q38122NEF1", "url": "https://mrdata.usgs.gov/mrds/show-mrds.php?dep_id=10214232", "code_list": "AU", "_layer": "mrds"}}, {"type": "Feature", "geometry": {"type": "Point", "coordinates": [-120.2913, 38.11661]}, "properties": {"dep_id": "10214671", "site_name": "Unnamed Mine Probably A Placer Mine", "dev_stat": "Occurrence", "fips_code": "f06109", "huc_code": "h18040010", "quad_code": "q39122SEF4", "url": "https://mrdata.usgs.gov/mrds/show-mrds.php?dep_id=10214671", "code_list": "AU", "_layer": "mrds"}}, {"type": "Feature", "geometry": {"type": "Point", "coordinates": [-120.3879, 37.96852]}, "properties": {"dep_id": "10238333", "site_name": "Southern Ext Golden Sulphjuret", "dev_stat": "Occurrence", "fips_code": "f06109", "huc_code": "h18040009", "quad_code": "q38122NEE1", "url": "https://mrdata.usgs.gov/mrds/show-mrds.php?dep_id=10238333", "code_list": "AU", "_layer": "mrds"}}, {"type": "Feature", "geometry": {"type": "Point", "coordinates": [-120.4532, 38.03741]}, "properties": {"dep_id": "10238474", "site_name": "Tuolomne", "dev_stat": "Unknown", "fips_code": "f06109", "huc_code": "h18040010", "quad_code": "q39122SEE4", "url": "https://mrdata.usgs.gov/mrds/show-mrds.php?dep_id=10238474", "code_list": "AU", "_layer": "mrds"}}, {"type": "Feature", "geometry": {"type": "Point", "coordinates": [-120.22819, 37.83602]}, "properties": {"dep_id": "10262836", "site_name": "Mt Jefferson", "dev_stat": "Occurrence", "fips_code": "f06109", "huc_code": "h18040009", "quad_code": "q38122NEG2", "url": "https://mrdata.usgs.gov/mrds/show-mrds.php?dep_id=10262836", "code_list": "AU", "_layer": "mrds"}}, {"type": "Feature", "geometry": {"type": "Point", "coordinates": [-120.2052, 38.10071]}, "properties": {"dep_id": "10263412", "site_name": "Pink Rock Qtz.", "dev_stat": "Prospect", "fips_code": "f06109", "huc_code": "h18040010", "quad_code": "q39122SEG4", "url": "https://mrdata.usgs.gov/mrds/show-mrds.php?dep_id=10263412", "code_list": "QTZ SDG", "_layer": "mrds"}}, {"type": "Feature", "geometry": {"type": "Point", "coordinates": [-120.2885, 37.83102]}, "properties": {"dep_id": "10287253", "site_name": "National Group", "dev_stat": "Occurrence", "fips_code": "f06109", "huc_code": "h18040009", "quad_code": "q38122NEF2", "url": "https://mrdata.usgs.gov/mrds/show-mrds.php?dep_id=10287253", "code_list": "AU", "_layer": "mrds"}}, {"type": "Feature", "geometry": {"type": "Point", "coordinates": [-120.24179, 37.84322]}, "properties": {"dep_id": "10287373", "site_name": "Pipe Dream Claim", "dev_stat": "Occurrence", "fips_code": "f06109", "huc_code": "h18040009", "quad_code": "q38122NEG2", "url": "https://mrdata.usgs.gov/mrds/show-mrds.php?dep_id=10287373", "code_list": "AU", "_layer": "mrds"}}, {"type": "Feature", "geometry": {"type": "Point", "coordinates": [-120.3299, 37.83412]}, "properties": {"dep_id": "10287458", "site_name": "Hughes Cons and Dyneta", "dev_stat": "Unknown", "fips_code": "f06109", "huc_code": "h18040009", "quad_code": "q38122NEF2", "url": "https://mrdata.usgs.gov/mrds/show-mrds.php?dep_id=10287458", "code_list": "AU", "_layer": "mrds"}}, {"type": "Feature", "geometry": {"type": "Point", "coordinates": [-120.2654, 37.89412]}, "properties": {"dep_id": "10287517", "site_name": "Rotten Rail Mine", "dev_stat": "Past Producer", "fips_code": "f06109", "huc_code": "h18040009", "quad_code": "q38122NEF1", "url": "https://mrdata.usgs.gov/mrds/show-mrds.php?dep_id=10287517", "code_list": "AU", "_layer": "mrds"}}, {"type": "Feature", "geometry": {"type": "Point", "coordinates": [-120.64378, 37.83631]}, "properties": {"dep_id": "10028775", "site_name": "Unknown", "dev_stat": "Occurrence", "fips_code": "f06109", "huc_code": "h18040010", "quad_code": "q38122NEC2", "url": "https://mrdata.usgs.gov/mrds/show-mrds.php?dep_id=10028775", "code_list": "AU", "_layer": "mrds"}}, {"type": "Feature", "geometry": {"type": "Point", "coordinates": [-120.30767, 37.84186]}, "properties": {"dep_id": "10077932", "site_name": "Buona Speranza", "dev_stat": "Producer", "fips_code": "f06109", "huc_code": "h18040009", "quad_code": "q38122NEF2", "url": "https://mrdata.usgs.gov/mrds/show-mrds.php?dep_id=10077932", "code_list": "AU", "_layer": "mrds"}}, {"type": "Feature", "geometry": {"type": "Point", "coordinates": [-120.48156, 37.74075]}, "properties": {"dep_id": "10109451", "site_name": "Montreal Consolidated", "dev_stat": "Producer", "fips_code": "f06109", "huc_code": "h18040009", "quad_code": "q38122NEE3", "url": "https://mrdata.usgs.gov/mrds/show-mrds.php?dep_id=10109451", "code_list": "AU", "_layer": "mrds"}}, {"type": "Feature", "geometry": {"type": "Point", "coordinates": [-120.36433, 37.80603]}, "properties": {"dep_id": "10111238", "site_name": "Bluepoint Claim", "dev_stat": "Producer", "fips_code": "f06109", "huc_code": "h18040009", "quad_code": "q38122NEF2", "url": "https://mrdata.usgs.gov/mrds/show-mrds.php?dep_id=10111238", "code_list": "CR", "_layer": "mrds"}}, {"type": "Feature", "geometry": {"type": "Point", "coordinates": [-120.22909, 37.84212]}, "properties": {"dep_id": "10117454", "site_name": "Reported Occurence", "dev_stat": "Occurrence", "fips_code": "f06109", "huc_code": "h18040009", "quad_code": "q38122NEG2", "url": "https://mrdata.usgs.gov/mrds/show-mrds.php?dep_id=10117454", "code_list": "CU", "_layer": "mrds"}}, {"type": "Feature", "geometry": {"type": "Point", "coordinates": [-119.20517, 37.82103]}, "properties": {"dep_id": "10140268", "site_name": "Prospect B", "dev_stat": "Prospect", "fips_code": "f06051", "huc_code": "h18090101", "quad_code": "q38120NWG2", "url": "https://mrdata.usgs.gov/mrds/show-mrds.php?dep_id=10140268", "code_list": "AG PB ZN", "_layer": "mrds"}}, {"type": "Feature", "geometry": {"type": "Point", "coordinates": [-120.3496, 37.83852]}, "properties": {"dep_id": "10141667", "site_name": "Harriman", "dev_stat": "Occurrence", "fips_code": "f06109", "huc_code": "h18040009", "quad_code": "q38122NEF2", "url": "https://mrdata.usgs.gov/mrds/show-mrds.php?dep_id=10141667", "code_list": "AU", "_layer": "mrds"}}, {"type": "Feature", "geometry": {"type": "Point", "coordinates": [-120.4029, 37.84772]}, "properties": {"dep_id": "10165636", "site_name": "Black Gold", "dev_stat": "Past Producer", "fips_code": "f06109", "huc_code": "h18040009", "quad_code": "q38122NEE2", "url": "https://mrdata.usgs.gov/mrds/show-mrds.php?dep_id=10165636", "code_list": "AU AG", "_layer": "mrds"}}, {"type": "Feature", "geometry": {"type": "Point", "coordinates": [-120.27929, 37.82212]}, "properties": {"dep_id": "10165961", "site_name": "Eureka and Grizzly", "dev_stat": "Occurrence", "fips_code": "f06109", "huc_code": "h18040009", "quad_code": "q38122NEF2", "url": "https://mrdata.usgs.gov/mrds/show-mrds.php?dep_id=10165961", "code_list": "AU", "_layer": "mrds"}}, {"type": "Feature", "geometry": {"type": "Point", "coordinates": [-120.3646, 37.80212]}, "properties": {"dep_id": "10190108", "site_name": "Forked Pine Claim", "dev_stat": "Prospect", "fips_code": "f06109", "huc_code": "h18040009", "quad_code": "q38122NEF2", "url": "https://mrdata.usgs.gov/mrds/show-mrds.php?dep_id=10190108", "code_list": "CR", "_layer": "mrds"}}, {"type": "Feature", "geometry": {"type": "Point", "coordinates": [-120.4552, 37.72102]}, "properties": {"dep_id": "10190641", "site_name": "Oak Hill", "dev_stat": "Occurrence", "fips_code": "f06109", "huc_code": "h18040009", "quad_code": "q38122NEE3", "url": "https://mrdata.usgs.gov/mrds/show-mrds.php?dep_id=10190641", "code_list": "CU AU", "_layer": "mrds"}}, {"type": "Feature", "geometry": {"type": "Point", "coordinates": [-120.09409, 37.82072]}, "properties": {"dep_id": "10190692", "site_name": "Airdale No. 1 & 2", "dev_stat": "Occurrence", "fips_code": "f06109", "huc_code": "h18040009", "quad_code": "q38122NEH2", "url": "https://mrdata.usgs.gov/mrds/show-mrds.php?dep_id=10190692", "code_list": "AU", "_layer": "mrds"}}, {"type": "Feature", "geometry": {"type": "Point", "coordinates": [-120.23629, 37.77912]}, "properties": {"dep_id": "10214238", "site_name": "Jack Lode", "dev_stat": "Occurrence", "fips_code": "f06109", "huc_code": "h18040009", "quad_code": "q38122NEG2", "url": "https://mrdata.usgs.gov/mrds/show-mrds.php?dep_id=10214238", "code_list": "AU AG", "_layer": "mrds"}}, {"type": "Feature", "geometry": {"type": "Point", "coordinates": [-120.4077, 37.73522]}, "properties": {"dep_id": "10214669", "site_name": "Fortynine Mine", "dev_stat": "Occurrence", "fips_code": "f06109", "huc_code": "h18040009", "quad_code": "q38122NEE3", "url": "https://mrdata.usgs.gov/mrds/show-mrds.php?dep_id=10214669", "code_list": "AU", "_layer": "mrds"}}, {"type": "Feature", "geometry": {"type": "Point", "coordinates": [-119.20157, 37.81913]}, "properties": {"dep_id": "10236695", "site_name": "Prospect C", "dev_stat": "Prospect", "fips_code": "f06051", "huc_code": "h18090101", "quad_code": "q38120NWG2", "url": "https://mrdata.usgs.gov/mrds/show-mrds.php?dep_id=10236695", "code_list": "AG PB ZN", "_layer": "mrds"}}, {"type": "Feature", "geometry": {"type": "Point", "coordinates": [-120.06989, 37.82662]}, "properties": {"dep_id": "10263161", "site_name": "Leprechaun Nos. 1-3", "dev_stat": "Past Producer", "fips_code": "f06109", "huc_code": "h18040008", "quad_code": "q38122NEH2", "url": "https://mrdata.usgs.gov/mrds/show-mrds.php?dep_id=10263161", "code_list": "AU", "_layer": "mrds"}}, {"type": "Feature", "geometry": {"type": "Point", "coordinates": [-120.3782, 37.84102]}, "properties": {"dep_id": "10263434", "site_name": "Moffitt Canyon", "dev_stat": "Unknown", "fips_code": "f06109", "huc_code": "h18040009", "quad_code": "q38122NEE2", "url": "https://mrdata.usgs.gov/mrds/show-mrds.php?dep_id=10263434", "code_list": "AU", "_layer": "mrds"}}, {"type": "Feature", "geometry": {"type": "Point", "coordinates": [-120.28129, 37.82132]}, "properties": {"dep_id": "10263489", "site_name": "Criss Cross and Relief", "dev_stat": "Prospect", "fips_code": "f06109", "huc_code": "h18040009", "quad_code": "q38122NEF2", "url": "https://mrdata.usgs.gov/mrds/show-mrds.php?dep_id=10263489", "code_list": "AU", "_layer": "mrds"}}, {"type": "Feature", "geometry": {"type": "Point", "coordinates": [-120.25429, 37.82272]}, "properties": {"dep_id": "10263511", "site_name": "Boitano Ranch", "dev_stat": "Occurrence", "fips_code": "f06109", "huc_code": "h18040009", "quad_code": "q38122NEF2", "url": "https://mrdata.usgs.gov/mrds/show-mrds.php?dep_id=10263511", "code_list": "AU", "_layer": "mrds"}}, {"type": "Feature", "geometry": {"type": "Point", "coordinates": [-120.17599, 37.77662]}, "properties": {"dep_id": "10285350", "site_name": "Fair", "dev_stat": "Unknown", "fips_code": "f06043", "huc_code": "h18040008", "quad_code": "q38122NEG2", "url": "https://mrdata.usgs.gov/mrds/show-mrds.php?dep_id=10285350", "code_list": "AU", "_layer": "mrds"}}, {"type": "Feature", "geometry": {"type": "Point", "coordinates": [-120.26459, 37.82552]}, "properties": {"dep_id": "10287757", "site_name": "Golden Star", "dev_stat": "Unknown", "fips_code": "f06109", "huc_code": "h18040009", "quad_code": "q38122NEF2", "url": "https://mrdata.usgs.gov/mrds/show-mrds.php?dep_id=10287757", "code_list": "AU", "_layer": "mrds"}}, {"type": "Feature", "geometry": {"type": "Point", "coordinates": [-120.26379, 37.81352]}, "properties": {"dep_id": "10287849", "site_name": "Grant Group", "dev_stat": "Unknown", "fips_code": "f06109", "huc_code": "h18040009", "quad_code": "q38122NEF2", "url": "https://mrdata.usgs.gov/mrds/show-mrds.php?dep_id=10287849", "code_list": "AU", "_layer": "mrds"}}, {"type": "Feature", "geometry": {"type": "Point", "coordinates": [-120.3988, 38.08271]}, "properties": {"dep_id": "10214514", "site_name": "Unidentified Workings", "dev_stat": "Unknown", "fips_code": "f06109", "huc_code": "h18040010", "quad_code": "q39122SEE4", "url": "https://mrdata.usgs.gov/mrds/show-mrds.php?dep_id=10214514", "code_list": "AU", "_layer": "mrds"}}, {"type": "Feature", "geometry": {"type": "Point", "coordinates": [-119.77848, 37.94492]}, "properties": {"dep_id": "10165782", "site_name": "Quarry", "dev_stat": "Unknown", "fips_code": "f06109", "huc_code": "h18040009", "quad_code": "q38120NWB1", "url": "https://mrdata.usgs.gov/mrds/show-mrds.php?dep_id=10165782", "code_list": "STN", "_layer": "mrds"}}, {"type": "Feature", "geometry": {"type": "Point", "coordinates": [-119.98849, 37.88682]}, "properties": {"dep_id": "10190079", "site_name": "T.J. Fromm's Properties", "dev_stat": "Prospect", "fips_code": "f06109", "huc_code": "h18040009", "quad_code": "q38120NWA1", "url": "https://mrdata.usgs.gov/mrds/show-mrds.php?dep_id=10190079", "code_list": "AU AG", "_layer": "mrds"}}, {"type": "Feature", "geometry": {"type": "Point", "coordinates": [-119.89268, 37.80682]}, "properties": {"dep_id": "10263092", "site_name": "Rush Creek Consolidated", "dev_stat": "Occurrence", "fips_code": "f06109", "huc_code": "h18040009", "quad_code": "q38120NWA2", "url": "https://mrdata.usgs.gov/mrds/show-mrds.php?dep_id=10263092", "code_list": "AU", "_layer": "mrds"}}, {"type": "Feature", "geometry": {"type": "Point", "coordinates": [-120.47544, 37.96519]}, "properties": {"dep_id": "10077892", "site_name": "Quigg", "dev_stat": "Producer", "fips_code": "f06109", "huc_code": "h18040010", "quad_code": "q38122NEE1", "url": "https://mrdata.usgs.gov/mrds/show-mrds.php?dep_id=10077892", "code_list": "CR", "_layer": "mrds"}}, {"type": "Feature", "geometry": {"type": "Point", "coordinates": [-120.38683, 37.85548]}, "properties": {"dep_id": "10109457", "site_name": "Punter", "dev_stat": "Producer", "fips_code": "f06109", "huc_code": "h18040009", "quad_code": "q38122NEE2", "url": "https://mrdata.usgs.gov/mrds/show-mrds.php?dep_id=10109457", "code_list": "AU", "_layer": "mrds"}}, {"type": "Feature", "geometry": {"type": "Point", "coordinates": [-120.191, 38.06991]}, "properties": {"dep_id": "10117334", "site_name": "Twain Harte Pit", "dev_stat": "Producer", "fips_code": "f06109", "huc_code": "h18040010", "quad_code": "q39122SEG4", "url": "https://mrdata.usgs.gov/mrds/show-mrds.php?dep_id=10117334", "code_list": "SDG", "_layer": "mrds"}}, {"type": "Feature", "geometry": {"type": "Point", "coordinates": [-120.3727, 38.03271]}, "properties": {"dep_id": "10135217", "site_name": "Old Home", "dev_stat": "Occurrence", "fips_code": "f06109", "huc_code": "h18040009", "quad_code": "q39122SEF4", "url": "https://mrdata.usgs.gov/mrds/show-mrds.php?dep_id=10135217", "code_list": "AU", "_layer": "mrds"}}, {"type": "Feature", "geometry": {"type": "Point", "coordinates": [-120.2488, 37.99932]}, "properties": {"dep_id": "10141423", "site_name": "Dell Beacon", "dev_stat": "Occurrence", "fips_code": "f06109", "huc_code": "h18040009", "quad_code": "q38122NEG1", "url": "https://mrdata.usgs.gov/mrds/show-mrds.php?dep_id=10141423", "code_list": "AU", "_layer": "mrds"}}, {"type": "Feature", "geometry": {"type": "Point", "coordinates": [-120.2757, 38.07101]}, "properties": {"dep_id": "10214528", "site_name": "Korean", "dev_stat": "Past Producer", "fips_code": "f06109", "huc_code": "h18040010", "quad_code": "q39122SEF4", "url": "https://mrdata.usgs.gov/mrds/show-mrds.php?dep_id=10214528", "code_list": "AU", "_layer": "mrds"}}, {"type": "Feature", "geometry": {"type": "Point", "coordinates": [-120.3243, 37.83432]}, "properties": {"dep_id": "10117598", "site_name": "North Star", "dev_stat": "Unknown", "fips_code": "f06109", "huc_code": "h18040009", "quad_code": "q38122NEF2", "url": "https://mrdata.usgs.gov/mrds/show-mrds.php?dep_id=10117598", "code_list": "AU", "_layer": "mrds"}}, {"type": "Feature", "geometry": {"type": "Point", "coordinates": [-120.3529, 38.05411]}, "properties": {"dep_id": "10166265", "site_name": "Rifle", "dev_stat": "Prospect", "fips_code": "f06109", "huc_code": "h18040009", "quad_code": "q39122SEF4", "url": "https://mrdata.usgs.gov/mrds/show-mrds.php?dep_id=10166265", "code_list": "AU", "_layer": "mrds"}}, {"type": "Feature", "geometry": {"type": "Point", "coordinates": [-120.3004, 37.98572]}, "properties": {"dep_id": "10214212", "site_name": "Golden Dam", "dev_stat": "Unknown", "fips_code": "f06109", "huc_code": "h18040009", "quad_code": "q38122NEF1", "url": "https://mrdata.usgs.gov/mrds/show-mrds.php?dep_id=10214212", "code_list": "AU", "_layer": "mrds"}}, {"type": "Feature", "geometry": {"type": "Point", "coordinates": [-120.396, 38.00461]}, "properties": {"dep_id": "10238434", "site_name": "Stuart and Morris", "dev_stat": "Unknown", "fips_code": "f06109", "huc_code": "h18040009", "quad_code": "q39122SEE4", "url": "https://mrdata.usgs.gov/mrds/show-mrds.php?dep_id=10238434", "code_list": "AU", "_layer": "mrds"}}, {"type": "Feature", "geometry": {"type": "Point", "coordinates": [-120.3191, 38.03571]}, "properties": {"dep_id": "10238609", "site_name": "Mohawk", "dev_stat": "Unknown", "fips_code": "f06109", "huc_code": "h18040009", "quad_code": "q39122SEF4", "url": "https://mrdata.usgs.gov/mrds/show-mrds.php?dep_id=10238609", "code_list": "AU", "_layer": "mrds"}}, {"type": "Feature", "geometry": {"type": "Point", "coordinates": [-120.3543, 37.84212]}, "properties": {"dep_id": "10238659", "site_name": "Willietta", "dev_stat": "Unknown", "fips_code": "f06109", "huc_code": "h18040009", "quad_code": "q38122NEF2", "url": "https://mrdata.usgs.gov/mrds/show-mrds.php?dep_id=10238659", "code_list": "AU", "_layer": "mrds"}}, {"type": "Feature", "geometry": {"type": "Point", "coordinates": [-120.3749, 38.00101]}, "properties": {"dep_id": "10263380", "site_name": "Sell", "dev_stat": "Occurrence", "fips_code": "f06109", "huc_code": "h18040009", "quad_code": "q39122SEF4", "url": "https://mrdata.usgs.gov/mrds/show-mrds.php?dep_id=10263380", "code_list": "AU", "_layer": "mrds"}}, {"type": "Feature", "geometry": {"type": "Point", "coordinates": [-120.2846, 37.97822]}, "properties": {"dep_id": "10287427", "site_name": "Whitto", "dev_stat": "Occurrence", "fips_code": "f06109", "huc_code": "h18040009", "quad_code": "q38122NEF1", "url": "https://mrdata.usgs.gov/mrds/show-mrds.php?dep_id=10287427", "code_list": "AU", "_layer": "mrds"}}, {"type": "Feature", "geometry": {"type": "Point", "coordinates": [-120.4243, 37.98321]}, "properties": {"dep_id": "10287602", "site_name": "Rosedale", "dev_stat": "Past Producer", "fips_code": "f06109", "huc_code": "h18040009", "quad_code": "q38122NEE1", "url": "https://mrdata.usgs.gov/mrds/show-mrds.php?dep_id=10287602", "code_list": "AU AG", "_layer": "mrds"}}, {"type": "Feature", "geometry": {"type": "Point", "coordinates": [-120.25039, 37.81822]}, "properties": {"dep_id": "10117525", "site_name": "Red Jacket", "dev_stat": "Prospect", "fips_code": "f06109", "huc_code": "h18040009", "quad_code": "q38122NEF2", "url": "https://mrdata.usgs.gov/mrds/show-mrds.php?dep_id=10117525", "code_list": "AU", "_layer": "mrds"}}, {"type": "Feature", "geometry": {"type": "Point", "coordinates": [-120.4171, 38.00931]}, "properties": {"dep_id": "10141498", "site_name": "Shaws Flat", "dev_stat": "Unknown", "fips_code": "f06109", "huc_code": "h18040010", "quad_code": "q39122SEE4", "url": "https://mrdata.usgs.gov/mrds/show-mrds.php?dep_id=10141498", "code_list": "AU", "_layer": "mrds"}}, {"type": "Feature", "geometry": {"type": "Point", "coordinates": [-120.3741, 38.02071]}, "properties": {"dep_id": "10190247", "site_name": "Hudson and Calhoun", "dev_stat": "Past Producer", "fips_code": "f06109", "huc_code": "h18040009", "quad_code": "q39122SEF4", "url": "https://mrdata.usgs.gov/mrds/show-mrds.php?dep_id=10190247", "code_list": "AU", "_layer": "mrds"}}, {"type": "Feature", "geometry": {"type": "Point", "coordinates": [-120.2713, 37.90742]}, "properties": {"dep_id": "10238449", "site_name": "Three Reported Deposits of Dolomite", "dev_stat": "Prospect", "fips_code": "f06109", "huc_code": "h18040009", "quad_code": "q38122NEF1", "url": "https://mrdata.usgs.gov/mrds/show-mrds.php?dep_id=10238449", "code_list": "MG", "_layer": "mrds"}}, {"type": "Feature", "geometry": {"type": "Point", "coordinates": [-120.4646, 38.00181]}, "properties": {"dep_id": "10263078", "site_name": "Thompson Hill", "dev_stat": "Unknown", "fips_code": "f06109", "huc_code": "h18040010", "quad_code": "q39122SEE4", "url": "https://mrdata.usgs.gov/mrds/show-mrds.php?dep_id=10263078", "code_list": "AU", "_layer": "mrds"}}, {"type": "Feature", "geometry": {"type": "Point", "coordinates": [-120.24179, 37.89662]}, "properties": {"dep_id": "10263404", "site_name": "Big Bend and Little Bend", "dev_stat": "Past Producer", "fips_code": "f06109", "huc_code": "h18040009", "quad_code": "q38122NEG1", "url": "https://mrdata.usgs.gov/mrds/show-mrds.php?dep_id=10263404", "code_list": "AU AG", "_layer": "mrds"}}, {"type": "Feature", "geometry": {"type": "Point", "coordinates": [-120.3377, 37.86322]}, "properties": {"dep_id": "10287445", "site_name": "Last Chance", "dev_stat": "Unknown", "fips_code": "f06109", "huc_code": "h18040009", "quad_code": "q38122NEF2", "url": "https://mrdata.usgs.gov/mrds/show-mrds.php?dep_id=10287445", "code_list": "AU CU", "_layer": "mrds"}}, {"type": "Feature", "geometry": {"type": "Point", "coordinates": [-120.17959, 38.02242]}, "properties": {"dep_id": "10287509", "site_name": "Mayflower Prospect", "dev_stat": "Occurrence", "fips_code": "f06109", "huc_code": "h18040009", "quad_code": "q39122SEG4", "url": "https://mrdata.usgs.gov/mrds/show-mrds.php?dep_id=10287509", "code_list": "AU", "_layer": "mrds"}}, {"type": "Feature", "geometry": {"type": "Point", "coordinates": [-120.3621, 37.97962]}, "properties": {"dep_id": "10287690", "site_name": "Keystone Mill", "dev_stat": "Producer", "fips_code": "f06109", "huc_code": "h18040009", "quad_code": "q38122NEF1", "url": "https://mrdata.usgs.gov/mrds/show-mrds.php?dep_id=10287690", "code_list": "STN", "_layer": "mrds"}}, {"type": "Feature", "geometry": {"type": "Point", "coordinates": [-120.2591, 37.93712]}, "properties": {"dep_id": "10287836", "site_name": "Unamed", "dev_stat": "Unknown", "fips_code": "f06109", "huc_code": "h18040009", "quad_code": "q38122NEF1", "url": "https://mrdata.usgs.gov/mrds/show-mrds.php?dep_id=10287836", "code_list": "AU", "_layer": "mrds"}}, {"type": "Feature", "geometry": {"type": "Point", "coordinates": [-120.25877, 37.87242]}, "properties": {"dep_id": "10077931", "site_name": "Verdun", "dev_stat": "Past Producer", "fips_code": "f06109", "huc_code": "h18040009", "quad_code": "q38122NEF2", "url": "https://mrdata.usgs.gov/mrds/show-mrds.php?dep_id=10077931", "code_list": "AU", "_layer": "mrds"}}, {"type": "Feature", "geometry": {"type": "Point", "coordinates": [-120.31017, 38.0888]}, "properties": {"dep_id": "10077949", "site_name": "Gen Us Grant", "dev_stat": "Producer", "fips_code": "f06109", "huc_code": "h18040010", "quad_code": "q39122SEF4", "url": "https://mrdata.usgs.gov/mrds/show-mrds.php?dep_id=10077949", "code_list": "AU", "_layer": "mrds"}}, {"type": "Feature", "geometry": {"type": "Point", "coordinates": [-120.24294, 38.05019]}, "properties": {"dep_id": "10077976", "site_name": "Electric and Thunderbolt.", "dev_stat": "Producer", "fips_code": "f06109", "huc_code": "h18040009", "quad_code": "q39122SEG4", "url": "https://mrdata.usgs.gov/mrds/show-mrds.php?dep_id=10077976", "code_list": "AU", "_layer": "mrds"}}, {"type": "Feature", "geometry": {"type": "Point", "coordinates": [-120.19433, 38.07074]}, "properties": {"dep_id": "10077984", "site_name": "Temescal", "dev_stat": "Producer", "fips_code": "f06109", "huc_code": "h18040010", "quad_code": "q39122SEG4", "url": "https://mrdata.usgs.gov/mrds/show-mrds.php?dep_id=10077984", "code_list": "AU", "_layer": "mrds"}}, {"type": "Feature", "geometry": {"type": "Point", "coordinates": [-120.20432, 37.94186]}, "properties": {"dep_id": "10105954", "site_name": "Starr King", "dev_stat": "Past Producer", "fips_code": "f06109", "huc_code": "h18040009", "quad_code": "q38122NEG1", "url": "https://mrdata.usgs.gov/mrds/show-mrds.php?dep_id=10105954", "code_list": "AU", "_layer": "mrds"}}, {"type": "Feature", "geometry": {"type": "Point", "coordinates": [-120.22294, 37.99881]}, "properties": {"dep_id": "10105957", "site_name": "Donella", "dev_stat": "Past Producer", "fips_code": "f06109", "huc_code": "h18040009", "quad_code": "q38122NEG1", "url": "https://mrdata.usgs.gov/mrds/show-mrds.php?dep_id=10105957", "code_list": "AU", "_layer": "mrds"}}, {"type": "Feature", "geometry": {"type": "Point", "coordinates": [-120.21738, 37.94575]}, "properties": {"dep_id": "10109456", "site_name": "Pine Nut", "dev_stat": "Producer", "fips_code": "f06109", "huc_code": "h18040009", "quad_code": "q38122NEG1", "url": "https://mrdata.usgs.gov/mrds/show-mrds.php?dep_id=10109456", "code_list": "AU", "_layer": "mrds"}}, {"type": "Feature", "geometry": {"type": "Point", "coordinates": [-120.32517, 37.9852]}, "properties": {"dep_id": "10109468", "site_name": "Waif", "dev_stat": "Producer", "fips_code": "f06109", "huc_code": "h18040009", "quad_code": "q38122NEF1", "url": "https://mrdata.usgs.gov/mrds/show-mrds.php?dep_id=10109468", "code_list": "AU", "_layer": "mrds"}}, {"type": "Feature", "geometry": {"type": "Point", "coordinates": [-120.15539, 38.06022]}, "properties": {"dep_id": "10117462", "site_name": "Unidentified", "dev_stat": "Prospect", "fips_code": "f06109", "huc_code": "h18040009", "quad_code": "q39122SEG4", "url": "https://mrdata.usgs.gov/mrds/show-mrds.php?dep_id=10117462", "code_list": "AU", "_layer": "mrds"}}, {"type": "Feature", "geometry": {"type": "Point", "coordinates": [-120.2963, 38.08961]}, "properties": {"dep_id": "10117477", "site_name": "Sonnet", "dev_stat": "Prospect", "fips_code": "f06109", "huc_code": "h18040010", "quad_code": "q39122SEF4", "url": "https://mrdata.usgs.gov/mrds/show-mrds.php?dep_id=10117477", "code_list": "AU", "_layer": "mrds"}}, {"type": "Feature", "geometry": {"type": "Point", "coordinates": [-120.2743, 38.17051]}, "properties": {"dep_id": "10117538", "site_name": "Unamed", "dev_stat": "Unknown", "fips_code": "f06109", "huc_code": "h18040010", "quad_code": "q39122SEF3", "url": "https://mrdata.usgs.gov/mrds/show-mrds.php?dep_id=10117538", "code_list": "AU", "_layer": "mrds"}}, {"type": "Feature", "geometry": {"type": "Point", "coordinates": [-120.21159, 37.85302]}, "properties": {"dep_id": "10117690", "site_name": "Sargent", "dev_stat": "Unknown", "fips_code": "f06109", "huc_code": "h18040009", "quad_code": "q38122NEG2", "url": "https://mrdata.usgs.gov/mrds/show-mrds.php?dep_id=10117690", "code_list": "AU", "_layer": "mrds"}}, {"type": "Feature", "geometry": {"type": "Point", "coordinates": [-120.1643, 38.07212]}, "properties": {"dep_id": "10117755", "site_name": "Last Chance", "dev_stat": "Unknown", "fips_code": "f06109", "huc_code": "h18040010", "quad_code": "q39122SEG4", "url": "https://mrdata.usgs.gov/mrds/show-mrds.php?dep_id=10117755", "code_list": "AU", "_layer": "mrds"}}, {"type": "Feature", "geometry": {"type": "Point", "coordinates": [-120.2191, 37.99272]}, "properties": {"dep_id": "10117817", "site_name": "Dreisam", "dev_stat": "Occurrence", "fips_code": "f06109", "huc_code": "h18040009", "quad_code": "q38122NEG1", "url": "https://mrdata.usgs.gov/mrds/show-mrds.php?dep_id=10117817", "code_list": "AU", "_layer": "mrds"}}, {"type": "Feature", "geometry": {"type": "Point", "coordinates": [-120.2418, 37.97712]}, "properties": {"dep_id": "10141569", "site_name": "Carlotta", "dev_stat": "Occurrence", "fips_code": "f06109", "huc_code": "h18040009", "quad_code": "q38122NEG1", "url": "https://mrdata.usgs.gov/mrds/show-mrds.php?dep_id=10141569", "code_list": "AU", "_layer": "mrds"}}, {"type": "Feature", "geometry": {"type": "Point", "coordinates": [-120.14039, 38.07992]}, "properties": {"dep_id": "10141612", "site_name": "Sledge", "dev_stat": "Past Producer", "fips_code": "f06109", "huc_code": "h18040009", "quad_code": "q39122SEG4", "url": "https://mrdata.usgs.gov/mrds/show-mrds.php?dep_id=10141612", "code_list": "AU", "_layer": "mrds"}}, {"type": "Feature", "geometry": {"type": "Point", "coordinates": [-120.14909, 37.88432]}, "properties": {"dep_id": "10141860", "site_name": "Garner Mine", "dev_stat": "Prospect", "fips_code": "f06109", "huc_code": "h18040009", "quad_code": "q38122NEG1", "url": "https://mrdata.usgs.gov/mrds/show-mrds.php?dep_id=10141860", "code_list": "AU", "_layer": "mrds"}}, {"type": "Feature", "geometry": {"type": "Point", "coordinates": [-120.2907, 37.95382]}, "properties": {"dep_id": "10165586", "site_name": "Golden Gate Mines Incorporated", "dev_stat": "Occurrence", "fips_code": "f06109", "huc_code": "h18040009", "quad_code": "q38122NEF1", "url": "https://mrdata.usgs.gov/mrds/show-mrds.php?dep_id=10165586", "code_list": "AU", "_layer": "mrds"}}, {"type": "Feature", "geometry": {"type": "Point", "coordinates": [-120.2532, 38.03851]}, "properties": {"dep_id": "10165597", "site_name": "Op", "dev_stat": "Occurrence", "fips_code": "f06109", "huc_code": "h18040009", "quad_code": "q39122SEF4", "url": "https://mrdata.usgs.gov/mrds/show-mrds.php?dep_id=10165597", "code_list": "AU", "_layer": "mrds"}}, {"type": "Feature", "geometry": {"type": "Point", "coordinates": [-120.2982, 38.08571]}, "properties": {"dep_id": "10190200", "site_name": "Riverside Cons", "dev_stat": "Unknown", "fips_code": "f06109", "huc_code": "h18040010", "quad_code": "q39122SEF4", "url": "https://mrdata.usgs.gov/mrds/show-mrds.php?dep_id=10190200", "code_list": "AU", "_layer": "mrds"}}, {"type": "Feature", "geometry": {"type": "Point", "coordinates": [-120.18459, 38.02322]}, "properties": {"dep_id": "10190500", "site_name": "New Mamoth", "dev_stat": "Occurrence", "fips_code": "f06109", "huc_code": "h18040009", "quad_code": "q39122SEG4", "url": "https://mrdata.usgs.gov/mrds/show-mrds.php?dep_id=10190500", "code_list": "PB ZN", "_layer": "mrds"}}, {"type": "Feature", "geometry": {"type": "Point", "coordinates": [-120.1716, 38.13881]}, "properties": {"dep_id": "10211666", "site_name": "Ratto", "dev_stat": "Unknown", "fips_code": "f06109", "huc_code": "h18040010", "quad_code": "q39122SEG3", "url": "https://mrdata.usgs.gov/mrds/show-mrds.php?dep_id=10211666", "code_list": "AU", "_layer": "mrds"}}, {"type": "Feature", "geometry": {"type": "Point", "coordinates": [-120.16989, 38.05552]}, "properties": {"dep_id": "10214174", "site_name": "Siedge", "dev_stat": "Occurrence", "fips_code": "f06109", "huc_code": "h18040009", "quad_code": "q39122SEG4", "url": "https://mrdata.usgs.gov/mrds/show-mrds.php?dep_id=10214174", "code_list": "AU", "_layer": "mrds"}}, {"type": "Feature", "geometry": {"type": "Point", "coordinates": [-120.2463, 37.98492]}, "properties": {"dep_id": "10214319", "site_name": "Prudhomme", "dev_stat": "Past Producer", "fips_code": "f06109", "huc_code": "h18040009", "quad_code": "q38122NEG1", "url": "https://mrdata.usgs.gov/mrds/show-mrds.php?dep_id=10214319", "code_list": "AU PB", "_layer": "mrds"}}, {"type": "Feature", "geometry": {"type": "Point", "coordinates": [-120.16959, 37.86912]}, "properties": {"dep_id": "10214350", "site_name": "Hull Mine", "dev_stat": "Past Producer", "fips_code": "f06109", "huc_code": "h18040009", "quad_code": "q38122NEG2", "url": "https://mrdata.usgs.gov/mrds/show-mrds.php?dep_id=10214350", "code_list": "AU", "_layer": "mrds"}}, {"type": "Feature", "geometry": {"type": "Point", "coordinates": [-120.09539, 37.96962]}, "properties": {"dep_id": "10238311", "site_name": "Clavey River", "dev_stat": "Occurrence", "fips_code": "f06109", "huc_code": "h18040009", "quad_code": "q38122NEH1", "url": "https://mrdata.usgs.gov/mrds/show-mrds.php?dep_id=10238311", "code_list": "BA", "_layer": "mrds"}}, {"type": "Feature", "geometry": {"type": "Point", "coordinates": [-120.20739, 37.92912]}, "properties": {"dep_id": "10238327", "site_name": "Somerset", "dev_stat": "Occurrence", "fips_code": "f06109", "huc_code": "h18040009", "quad_code": "q38122NEG1", "url": "https://mrdata.usgs.gov/mrds/show-mrds.php?dep_id=10238327", "code_list": "AU", "_layer": "mrds"}}, {"type": "Feature", "geometry": {"type": "Point", "coordinates": [-120.24019, 37.89462]}, "properties": {"dep_id": "10238424", "site_name": "San Francisco Mine", "dev_stat": "Past Producer", "fips_code": "f06109", "huc_code": "h18040009", "quad_code": "q38122NEG1", "url": "https://mrdata.usgs.gov/mrds/show-mrds.php?dep_id=10238424", "code_list": "AU AG", "_layer": "mrds"}}, {"type": "Feature", "geometry": {"type": "Point", "coordinates": [-120.19239, 37.90412]}, "properties": {"dep_id": "10238567", "site_name": "Chaparral Mine", "dev_stat": "Past Producer", "fips_code": "f06109", "huc_code": "h18040009", "quad_code": "q38122NEG1", "url": "https://mrdata.usgs.gov/mrds/show-mrds.php?dep_id=10238567", "code_list": "AU", "_layer": "mrds"}}, {"type": "Feature", "geometry": {"type": "Point", "coordinates": [-120.3174, 38.09431]}, "properties": {"dep_id": "10238867", "site_name": "Noonday", "dev_stat": "Occurrence", "fips_code": "f06109", "huc_code": "h18040010", "quad_code": "q39122SEF4", "url": "https://mrdata.usgs.gov/mrds/show-mrds.php?dep_id=10238867", "code_list": "AU", "_layer": "mrds"}}, {"type": "Feature", "geometry": {"type": "Point", "coordinates": [-120.2052, 38.06931]}, "properties": {"dep_id": "10238878", "site_name": "Temescal", "dev_stat": "Occurrence", "fips_code": "f06109", "huc_code": "h18040010", "quad_code": "q39122SEG4", "url": "https://mrdata.usgs.gov/mrds/show-mrds.php?dep_id=10238878", "code_list": "AU", "_layer": "mrds"}}, {"type": "Feature", "geometry": {"type": "Point", "coordinates": [-120.166, 38.06772]}, "properties": {"dep_id": "10239008", "site_name": "Sugar Pine", "dev_stat": "Unknown", "fips_code": "f06109", "huc_code": "h18040009", "quad_code": "q39122SEG4", "url": "https://mrdata.usgs.gov/mrds/show-mrds.php?dep_id=10239008", "code_list": "AU", "_layer": "mrds"}}, {"type": "Feature", "geometry": {"type": "Point", "coordinates": [-120.17569, 37.96432]}, "properties": {"dep_id": "10262954", "site_name": "Agus Celiente", "dev_stat": "Unknown", "fips_code": "f06109", "huc_code": "h18040009", "quad_code": "q38122NEG1", "url": "https://mrdata.usgs.gov/mrds/show-mrds.php?dep_id=10262954", "code_list": "AU", "_layer": "mrds"}}, {"type": "Feature", "geometry": {"type": "Point", "coordinates": [-120.2429, 38.05021]}, "properties": {"dep_id": "10262982", "site_name": "Thunderbolt", "dev_stat": "Occurrence", "fips_code": "f06109", "huc_code": "h18040009", "quad_code": "q39122SEG4", "url": "https://mrdata.usgs.gov/mrds/show-mrds.php?dep_id=10262982", "code_list": "AU", "_layer": "mrds"}}, {"type": "Feature", "geometry": {"type": "Point", "coordinates": [-120.3157, 38.00242]}, "properties": {"dep_id": "10263024", "site_name": "Open Pit Mine Otherwise Unidntified", "dev_stat": "Occurrence", "fips_code": "f06109", "huc_code": "h18040009", "quad_code": "q39122SEF4", "url": "https://mrdata.usgs.gov/mrds/show-mrds.php?dep_id=10263024", "code_list": "AU", "_layer": "mrds"}}, {"type": "Feature", "geometry": {"type": "Point", "coordinates": [-120.2554, 37.98272]}, "properties": {"dep_id": "10263212", "site_name": "Independent", "dev_stat": "Occurrence", "fips_code": "f06109", "huc_code": "h18040009", "quad_code": "q38122NEF1", "url": "https://mrdata.usgs.gov/mrds/show-mrds.php?dep_id=10263212", "code_list": "AU", "_layer": "mrds"}}, {"type": "Feature", "geometry": {"type": "Point", "coordinates": [-120.22819, 37.89022]}, "properties": {"dep_id": "10263248", "site_name": "La Preciosa Mine", "dev_stat": "Past Producer", "fips_code": "f06109", "huc_code": "h18040009", "quad_code": "q38122NEG1", "url": "https://mrdata.usgs.gov/mrds/show-mrds.php?dep_id=10263248", "code_list": "AU", "_layer": "mrds"}}, {"type": "Feature", "geometry": {"type": "Point", "coordinates": [-120.2557, 37.97662]}, "properties": {"dep_id": "10287120", "site_name": "Gibson", "dev_stat": "Past Producer", "fips_code": "f06109", "huc_code": "h18040009", "quad_code": "q38122NEF1", "url": "https://mrdata.usgs.gov/mrds/show-mrds.php?dep_id=10287120", "code_list": "AU", "_layer": "mrds"}}, {"type": "Feature", "geometry": {"type": "Point", "coordinates": [-120.281, 37.97492]}, "properties": {"dep_id": "10287178", "site_name": "Cornucopia No1,2", "dev_stat": "Prospect", "fips_code": "f06109", "huc_code": "h18040009", "quad_code": "q38122NEF1", "url": "https://mrdata.usgs.gov/mrds/show-mrds.php?dep_id=10287178", "code_list": "AU", "_layer": "mrds"}}, {"type": "Feature", "geometry": {"type": "Point", "coordinates": [-119.99209, 37.88462]}, "properties": {"dep_id": "10287300", "site_name": "Blue Eagle", "dev_stat": "Occurrence", "fips_code": "f06109", "huc_code": "h18040009", "quad_code": "q38120NWA1", "url": "https://mrdata.usgs.gov/mrds/show-mrds.php?dep_id=10287300", "code_list": "AU", "_layer": "mrds"}}, {"type": "Feature", "geometry": {"type": "Point", "coordinates": [-120.2968, 38.11491]}, "properties": {"dep_id": "10287452", "site_name": "Grigsby # 2", "dev_stat": "Past Producer", "fips_code": "f06109", "huc_code": "h18040010", "quad_code": "q39122SEF4", "url": "https://mrdata.usgs.gov/mrds/show-mrds.php?dep_id=10287452", "code_list": "AU AG", "_layer": "mrds"}}, {"type": "Feature", "geometry": {"type": "Point", "coordinates": [-120.4785, 37.96158]}, "properties": {"dep_id": "10033953", "site_name": "Kahl Ranch", "dev_stat": "Occurrence", "fips_code": "f06109", "huc_code": "h18040010", "quad_code": "q38122NEE1", "url": "https://mrdata.usgs.gov/mrds/show-mrds.php?dep_id=10033953", "code_list": "CU CR", "_layer": "mrds"}}, {"type": "Feature", "geometry": {"type": "Point", "coordinates": [-120.46239, 37.93964]}, "properties": {"dep_id": "10033957", "site_name": "Shell Ranch", "dev_stat": "Occurrence", "fips_code": "f06109", "huc_code": "h18040010", "quad_code": "q38122NEE1", "url": "https://mrdata.usgs.gov/mrds/show-mrds.php?dep_id=10033957", "code_list": "CU AU", "_layer": "mrds"}}, {"type": "Feature", "geometry": {"type": "Point", "coordinates": [-120.46239, 37.98297]}, "properties": {"dep_id": "10034525", "site_name": "Combination", "dev_stat": "Past Producer", "fips_code": "f06109", "huc_code": "h18040010", "quad_code": "q38122NEE1", "url": "https://mrdata.usgs.gov/mrds/show-mrds.php?dep_id=10034525", "code_list": "AU", "_layer": "mrds"}}, {"type": "Feature", "geometry": {"type": "Point", "coordinates": [-120.471, 37.99797]}, "properties": {"dep_id": "10034555", "site_name": "Grass Extention", "dev_stat": "Producer", "fips_code": "f06109", "huc_code": "h18040010", "quad_code": "q38122NEE1", "url": "https://mrdata.usgs.gov/mrds/show-mrds.php?dep_id=10034555", "code_list": "AU", "_layer": "mrds"}}, {"type": "Feature", "geometry": {"type": "Point", "coordinates": [-120.46989, 37.99769]}, "properties": {"dep_id": "10034556", "site_name": "Gross Consolidated", "dev_stat": "Producer", "fips_code": "f06109", "huc_code": "h18040010", "quad_code": "q38122NEE1", "url": "https://mrdata.usgs.gov/mrds/show-mrds.php?dep_id=10034556", "code_list": "AU", "_layer": "mrds"}}, {"type": "Feature", "geometry": {"type": "Point", "coordinates": [-120.47322, 37.9888]}, "properties": {"dep_id": "10034572", "site_name": "Lead & Tam O'Shanter", "dev_stat": "Past Producer", "fips_code": "f06109", "huc_code": "h18040010", "quad_code": "q38122NEE1", "url": "https://mrdata.usgs.gov/mrds/show-mrds.php?dep_id=10034572", "code_list": "AU PB", "_layer": "mrds"}}, {"type": "Feature", "geometry": {"type": "Point", "coordinates": [-120.45961, 37.99769]}, "properties": {"dep_id": "10034594", "site_name": "New Grand Turk", "dev_stat": "Producer", "fips_code": "f06109", "huc_code": "h18040010", "quad_code": "q38122NEE1", "url": "https://mrdata.usgs.gov/mrds/show-mrds.php?dep_id=10034594", "code_list": "AU", "_layer": "mrds"}}, {"type": "Feature", "geometry": {"type": "Point", "coordinates": [-120.47267, 37.96713]}, "properties": {"dep_id": "10034605", "site_name": "Pena Blanco Mines Group", "dev_stat": "Past Producer", "fips_code": "f06109", "huc_code": "h18040010", "quad_code": "q38122NEE1", "url": "https://mrdata.usgs.gov/mrds/show-mrds.php?dep_id=10034605", "code_list": "AU", "_layer": "mrds"}}, {"type": "Feature", "geometry": {"type": "Point", "coordinates": [-120.46933, 37.99769]}, "properties": {"dep_id": "10034616", "site_name": "Relief & Surplus", "dev_stat": "Producer", "fips_code": "f06109", "huc_code": "h18040010", "quad_code": "q38122NEE1", "url": "https://mrdata.usgs.gov/mrds/show-mrds.php?dep_id=10034616", "code_list": "AU", "_layer": "mrds"}}, {"type": "Feature", "geometry": {"type": "Point", "coordinates": [-120.4785, 37.99852]}, "properties": {"dep_id": "10034624", "site_name": "Santissima", "dev_stat": "Producer", "fips_code": "f06109", "huc_code": "h18040010", "quad_code": "q38122NEE1", "url": "https://mrdata.usgs.gov/mrds/show-mrds.php?dep_id=10034624", "code_list": "AU", "_layer": "mrds"}}, {"type": "Feature", "geometry": {"type": "Point", "coordinates": [-120.46378, 37.99519]}, "properties": {"dep_id": "10034633", "site_name": "Street.", "dev_stat": "Past Producer", "fips_code": "f06109", "huc_code": "h18040010", "quad_code": "q38122NEE1", "url": "https://mrdata.usgs.gov/mrds/show-mrds.php?dep_id=10034633", "code_list": "AU", "_layer": "mrds"}}, {"type": "Feature", "geometry": {"type": "Point", "coordinates": [-120.46656, 37.9838]}, "properties": {"dep_id": "10034636", "site_name": "Tarantula", "dev_stat": "Past Producer", "fips_code": "f06109", "huc_code": "h18040010", "quad_code": "q38122NEE1", "url": "https://mrdata.usgs.gov/mrds/show-mrds.php?dep_id=10034636", "code_list": "AU", "_layer": "mrds"}}, {"type": "Feature", "geometry": {"type": "Point", "coordinates": [-120.46294, 38.00408]}, "properties": {"dep_id": "10034641", "site_name": "Valparaiso", "dev_stat": "Past Producer", "fips_code": "f06109", "huc_code": "h18040010", "quad_code": "q39122SEE4", "url": "https://mrdata.usgs.gov/mrds/show-mrds.php?dep_id=10034641", "code_list": "AU", "_layer": "mrds"}}, {"type": "Feature", "geometry": {"type": "Point", "coordinates": [-120.46739, 37.98908]}, "properties": {"dep_id": "10034649", "site_name": "Wise", "dev_stat": "Past Producer", "fips_code": "f06109", "huc_code": "h18040010", "quad_code": "q38122NEE1", "url": "https://mrdata.usgs.gov/mrds/show-mrds.php?dep_id=10034649", "code_list": "AU", "_layer": "mrds"}}, {"type": "Feature", "geometry": {"type": "Point", "coordinates": [-120.46294, 38.00435]}, "properties": {"dep_id": "10034650", "site_name": "Worcester", "dev_stat": "Past Producer", "fips_code": "f06109", "huc_code": "h18040010", "quad_code": "q39122SEE4", "url": "https://mrdata.usgs.gov/mrds/show-mrds.php?dep_id=10034650", "code_list": "AU", "_layer": "mrds"}}, {"type": "Feature", "geometry": {"type": "Point", "coordinates": [-120.46294, 37.9888]}, "properties": {"dep_id": "10109450", "site_name": "Maryatt", "dev_stat": "Producer", "fips_code": "f06109", "huc_code": "h18040010", "quad_code": "q38122NEE1", "url": "https://mrdata.usgs.gov/mrds/show-mrds.php?dep_id=10109450", "code_list": "AU", "_layer": "mrds"}}, {"type": "Feature", "geometry": {"type": "Point", "coordinates": [-120.46906, 37.97797]}, "properties": {"dep_id": "10109452", "site_name": "Mountain View Consolidated", "dev_stat": "Producer", "fips_code": "f06109", "huc_code": "h18040010", "quad_code": "q38122NEE1", "url": "https://mrdata.usgs.gov/mrds/show-mrds.php?dep_id=10109452", "code_list": "AU", "_layer": "mrds"}}, {"type": "Feature", "geometry": {"type": "Point", "coordinates": [-120.4624, 37.99931]}, "properties": {"dep_id": "10117123", "site_name": "New Grand Turk", "dev_stat": "Unknown", "fips_code": "f06109", "huc_code": "h18040010", "quad_code": "q38122NEE1", "url": "https://mrdata.usgs.gov/mrds/show-mrds.php?dep_id=10117123", "code_list": "AU", "_layer": "mrds"}}, {"type": "Feature", "geometry": {"type": "Point", "coordinates": [-120.4916, 38.00271]}, "properties": {"dep_id": "10117640", "site_name": "Bown", "dev_stat": "Past Producer", "fips_code": "f06109", "huc_code": "h18040010", "quad_code": "q39122SEE4", "url": "https://mrdata.usgs.gov/mrds/show-mrds.php?dep_id=10117640", "code_list": "AU", "_layer": "mrds"}}, {"type": "Feature", "geometry": {"type": "Point", "coordinates": [-120.4668, 37.96491]}, "properties": {"dep_id": "10117679", "site_name": "Rowe and Swerer", "dev_stat": "Past Producer", "fips_code": "f06109", "huc_code": "h18040010", "quad_code": "q38122NEE1", "url": "https://mrdata.usgs.gov/mrds/show-mrds.php?dep_id=10117679", "code_list": "CR", "_layer": "mrds"}}, {"type": "Feature", "geometry": {"type": "Point", "coordinates": [-120.5171, 37.96681]}, "properties": {"dep_id": "10117752", "site_name": "Ruby", "dev_stat": "Prospect", "fips_code": "f06109", "huc_code": "h18040010", "quad_code": "q38122NED1", "url": "https://mrdata.usgs.gov/mrds/show-mrds.php?dep_id=10117752", "code_list": "AU", "_layer": "mrds"}}, {"type": "Feature", "geometry": {"type": "Point", "coordinates": [-120.4785, 38.00521]}, "properties": {"dep_id": "10165572", "site_name": "John Moore", "dev_stat": "Unknown", "fips_code": "f06109", "huc_code": "h18040010", "quad_code": "q39122SEE4", "url": "https://mrdata.usgs.gov/mrds/show-mrds.php?dep_id=10165572", "code_list": "AU", "_layer": "mrds"}}, {"type": "Feature", "geometry": {"type": "Point", "coordinates": [-120.4818, 38.00131]}, "properties": {"dep_id": "10165983", "site_name": "Ritchie", "dev_stat": "Unknown", "fips_code": "f06109", "huc_code": "h18040010", "quad_code": "q39122SEE4", "url": "https://mrdata.usgs.gov/mrds/show-mrds.php?dep_id=10165983", "code_list": "AU", "_layer": "mrds"}}, {"type": "Feature", "geometry": {"type": "Point", "coordinates": [-120.5138, 37.96051]}, "properties": {"dep_id": "10166331", "site_name": "Bowery Bar", "dev_stat": "Prospect", "fips_code": "f06109", "huc_code": "h18040010", "quad_code": "q38122NED1", "url": "https://mrdata.usgs.gov/mrds/show-mrds.php?dep_id=10166331", "code_list": "MG", "_layer": "mrds"}}, {"type": "Feature", "geometry": {"type": "Point", "coordinates": [-120.4632, 37.98771]}, "properties": {"dep_id": "10190246", "site_name": "Maryatt", "dev_stat": "Unknown", "fips_code": "f06109", "huc_code": "h18040010", "quad_code": "q38122NEE1", "url": "https://mrdata.usgs.gov/mrds/show-mrds.php?dep_id=10190246", "code_list": "AU", "_layer": "mrds"}}, {"type": "Feature", "geometry": {"type": "Point", "coordinates": [-120.5002, 37.98631]}, "properties": {"dep_id": "10190748", "site_name": "Beckwith and Saunders", "dev_stat": "Unknown", "fips_code": "f06109", "huc_code": "h18040010", "quad_code": "q38122NED1", "url": "https://mrdata.usgs.gov/mrds/show-mrds.php?dep_id=10190748", "code_list": "AU", "_layer": "mrds"}}, {"type": "Feature", "geometry": {"type": "Point", "coordinates": [-120.4785, 38.00101]}, "properties": {"dep_id": "10214618", "site_name": "Nevada Wonder Mining Company", "dev_stat": "Occurrence", "fips_code": "f06109", "huc_code": "h18040010", "quad_code": "q39122SEE4", "url": "https://mrdata.usgs.gov/mrds/show-mrds.php?dep_id=10214618", "code_list": "AU", "_layer": "mrds"}}, {"type": "Feature", "geometry": {"type": "Point", "coordinates": [-120.4866, 37.97961]}, "properties": {"dep_id": "10238740", "site_name": "Mountain View Cons", "dev_stat": "Unknown", "fips_code": "f06109", "huc_code": "h18040010", "quad_code": "q38122NEE1", "url": "https://mrdata.usgs.gov/mrds/show-mrds.php?dep_id=10238740", "code_list": "AU", "_layer": "mrds"}}, {"type": "Feature", "geometry": {"type": "Point", "coordinates": [-120.4874, 38.00631]}, "properties": {"dep_id": "10263327", "site_name": "Norwegian", "dev_stat": "Occurrence", "fips_code": "f06109", "huc_code": "h18040010", "quad_code": "q39122SEE4", "url": "https://mrdata.usgs.gov/mrds/show-mrds.php?dep_id=10263327", "code_list": "AU", "_layer": "mrds"}}, {"type": "Feature", "geometry": {"type": "Point", "coordinates": [-120.4741, 38.01131]}, "properties": {"dep_id": "10287503", "site_name": "Royal", "dev_stat": "Unknown", "fips_code": "f06109", "huc_code": "h18040010", "quad_code": "q39122SEE4", "url": "https://mrdata.usgs.gov/mrds/show-mrds.php?dep_id=10287503", "code_list": "AU", "_layer": "mrds"}}, {"type": "Feature", "geometry": {"type": "Point", "coordinates": [-120.39044, 38.12047]}, "properties": {"dep_id": "10029426", "site_name": "Golden Sulphuret Cons", "dev_stat": "Past Producer", "fips_code": "f06009", "huc_code": "h18040010", "quad_code": "q39122SEE4", "url": "https://mrdata.usgs.gov/mrds/show-mrds.php?dep_id=10029426", "code_list": "AU", "_layer": "mrds"}}, {"type": "Feature", "geometry": {"type": "Point", "coordinates": [-120.35017, 38.16741]}, "properties": {"dep_id": "10029516", "site_name": "Lava Point", "dev_stat": "Producer", "fips_code": "f06109", "huc_code": "h18040010", "quad_code": "q39122SEF3", "url": "https://mrdata.usgs.gov/mrds/show-mrds.php?dep_id=10029516", "code_list": "STN", "_layer": "mrds"}}, {"type": "Feature", "geometry": {"type": "Point", "coordinates": [-120.33017, 38.09908]}, "properties": {"dep_id": "10033739", "site_name": "Flaming Arrow 2 and 3 Deposit", "dev_stat": "Occurrence", "fips_code": "f06109", "huc_code": "h18040010", "quad_code": "q39122SEF4", "url": "https://mrdata.usgs.gov/mrds/show-mrds.php?dep_id=10033739", "code_list": "MN", "_layer": "mrds"}}, {"type": "Feature", "geometry": {"type": "Point", "coordinates": [-120.3663, 38.12851]}, "properties": {"dep_id": "10034623", "site_name": "Roosevelt", "dev_stat": "Past Producer", "fips_code": "f06109", "huc_code": "h18040010", "quad_code": "q39122SEF3", "url": "https://mrdata.usgs.gov/mrds/show-mrds.php?dep_id=10034623", "code_list": "AU", "_layer": "mrds"}}, {"type": "Feature", "geometry": {"type": "Point", "coordinates": [-120.34156, 38.11963]}, "properties": {"dep_id": "10111241", "site_name": "Contention", "dev_stat": "Producer", "fips_code": "f06109", "huc_code": "h18040010", "quad_code": "q39122SEF4", "url": "https://mrdata.usgs.gov/mrds/show-mrds.php?dep_id=10111241", "code_list": "AU", "_layer": "mrds"}}, {"type": "Feature", "geometry": {"type": "Point", "coordinates": [-120.3663, 38.12851]}, "properties": {"dep_id": "10141660", "site_name": "Roosevelt Et Al", "dev_stat": "Prospect", "fips_code": "f06109", "huc_code": "h18040010", "quad_code": "q39122SEF3", "url": "https://mrdata.usgs.gov/mrds/show-mrds.php?dep_id=10141660", "code_list": "AU", "_layer": "mrds"}}, {"type": "Feature", "geometry": {"type": "Point", "coordinates": [-120.3621, 38.12131]}, "properties": {"dep_id": "10165948", "site_name": "Black Jack and Ida Della", "dev_stat": "Occurrence", "fips_code": "f06109", "huc_code": "h18040010", "quad_code": "q39122SEF4", "url": "https://mrdata.usgs.gov/mrds/show-mrds.php?dep_id=10165948", "code_list": "AU", "_layer": "mrds"}}, {"type": "Feature", "geometry": {"type": "Point", "coordinates": [-120.4099, 38.09271]}, "properties": {"dep_id": "10166239", "site_name": "Duck Bar", "dev_stat": "Unknown", "fips_code": "f06109", "huc_code": "h18040010", "quad_code": "q39122SEE4", "url": "https://mrdata.usgs.gov/mrds/show-mrds.php?dep_id=10166239", "code_list": "AU", "_layer": "mrds"}}, {"type": "Feature", "geometry": {"type": "Point", "coordinates": [-120.3829, 38.13211]}, "properties": {"dep_id": "10235182", "site_name": "Golden Sulphuret Consolidated", "dev_stat": "Occurrence", "fips_code": "f06009", "huc_code": "h18040010", "quad_code": "q39122SEE3", "url": "https://mrdata.usgs.gov/mrds/show-mrds.php?dep_id=10235182", "code_list": "AU", "_layer": "mrds"}}, {"type": "Feature", "geometry": {"type": "Point", "coordinates": [-120.351, 38.10601]}, "properties": {"dep_id": "10263060", "site_name": "Glad Acres", "dev_stat": "Unknown", "fips_code": "f06109", "huc_code": "h18040010", "quad_code": "q39122SEF4", "url": "https://mrdata.usgs.gov/mrds/show-mrds.php?dep_id=10263060", "code_list": "AU", "_layer": "mrds"}}, {"type": "Feature", "geometry": {"type": "Point", "coordinates": [-120.3754, 38.13551]}, "properties": {"dep_id": "10287516", "site_name": "True Business", "dev_stat": "Occurrence", "fips_code": "f06109", "huc_code": "h18040010", "quad_code": "q39122SEE3", "url": "https://mrdata.usgs.gov/mrds/show-mrds.php?dep_id=10287516", "code_list": "AU", "_layer": "mrds"}}, {"type": "Feature", "geometry": {"type": "Point", "coordinates": [-120.49989, 37.91964]}, "properties": {"dep_id": "10043705", "site_name": "Phoenix Mine", "dev_stat": "Past Producer", "fips_code": "f06109", "huc_code": "h18040010", "quad_code": "q38122NEE1", "url": "https://mrdata.usgs.gov/mrds/show-mrds.php?dep_id=10043705", "code_list": "CR", "_layer": "mrds"}}, {"type": "Feature", "geometry": {"type": "Point", "coordinates": [-120.4471, 38.05381]}, "properties": {"dep_id": "10029391", "site_name": "Sulphur Spring", "dev_stat": "Past Producer", "fips_code": "f06009", "huc_code": "h18040010", "quad_code": "q39122SEE4", "url": "https://mrdata.usgs.gov/mrds/show-mrds.php?dep_id=10029391", "code_list": "AU", "_layer": "mrds"}}, {"type": "Feature", "geometry": {"type": "Point", "coordinates": [-120.45267, 38.05047]}, "properties": {"dep_id": "10029394", "site_name": "Dutchess Consolidated", "dev_stat": "Past Producer", "fips_code": "f06009", "huc_code": "h18040010", "quad_code": "q39122SEE4", "url": "https://mrdata.usgs.gov/mrds/show-mrds.php?dep_id=10029394", "code_list": "AU", "_layer": "mrds"}}, {"type": "Feature", "geometry": {"type": "Point", "coordinates": [-120.47878, 38.01824]}, "properties": {"dep_id": "10029396", "site_name": "Our Flag Etal", "dev_stat": "Past Producer", "fips_code": "f06009", "huc_code": "h18040010", "quad_code": "q39122SEE4", "url": "https://mrdata.usgs.gov/mrds/show-mrds.php?dep_id=10029396", "code_list": "AU", "_layer": "mrds"}}, {"type": "Feature", "geometry": {"type": "Point", "coordinates": [-120.47961, 38.01324]}, "properties": {"dep_id": "10029398", "site_name": "Rising Star", "dev_stat": "Past Producer", "fips_code": "f06009", "huc_code": "h18040010", "quad_code": "q39122SEE4", "url": "https://mrdata.usgs.gov/mrds/show-mrds.php?dep_id=10029398", "code_list": "AU", "_layer": "mrds"}}, {"type": "Feature", "geometry": {"type": "Point", "coordinates": [-120.4211, 38.08567]}, "properties": {"dep_id": "10029454", "site_name": "Duck Bar Placer Claims", "dev_stat": "Producer", "fips_code": "f06009", "huc_code": "h18040010", "quad_code": "q39122SEE4", "url": "https://mrdata.usgs.gov/mrds/show-mrds.php?dep_id=10029454", "code_list": "AU", "_layer": "mrds"}}, {"type": "Feature", "geometry": {"type": "Point", "coordinates": [-120.4211, 38.08567]}, "properties": {"dep_id": "10029455", "site_name": "Consolidated River Alfred Gianelli", "dev_stat": "Occurrence", "fips_code": "f06009", "huc_code": "h18040010", "quad_code": "q39122SEE4", "url": "https://mrdata.usgs.gov/mrds/show-mrds.php?dep_id=10029455", "code_list": "AU", "_layer": "mrds"}}, {"type": "Feature", "geometry": {"type": "Point", "coordinates": [-120.4228, 38.07052]}, "properties": {"dep_id": "10029467", "site_name": "Angels Marble Quarry", "dev_stat": "Producer", "fips_code": "f06109", "huc_code": "h18040010", "quad_code": "q39122SEE4", "url": "https://mrdata.usgs.gov/mrds/show-mrds.php?dep_id=10029467", "code_list": "MBL", "_layer": "mrds"}}, {"type": "Feature", "geometry": {"type": "Point", "coordinates": [-120.38711, 38.0038]}, "properties": {"dep_id": "10033742", "site_name": "Madrid Property", "dev_stat": "Occurrence", "fips_code": "f06109", "huc_code": "h18040009", "quad_code": "q39122SEE4", "url": "https://mrdata.usgs.gov/mrds/show-mrds.php?dep_id=10033742", "code_list": "MN", "_layer": "mrds"}}, {"type": "Feature", "geometry": {"type": "Point", "coordinates": [-120.38128, 38.00158]}, "properties": {"dep_id": "10033743", "site_name": "Pedro Prospect", "dev_stat": "Occurrence", "fips_code": "f06109", "huc_code": "h18040009", "quad_code": "q39122SEE4", "url": "https://mrdata.usgs.gov/mrds/show-mrds.php?dep_id=10033743", "code_list": "MN", "_layer": "mrds"}}, {"type": "Feature", "geometry": {"type": "Point", "coordinates": [-120.38961, 38.06269]}, "properties": {"dep_id": "10033744", "site_name": "Schoettgen Prospect", "dev_stat": "Past Producer", "fips_code": "f06109", "huc_code": "h18040010", "quad_code": "q39122SEE4", "url": "https://mrdata.usgs.gov/mrds/show-mrds.php?dep_id=10033744", "code_list": "AU MN", "_layer": "mrds"}}, {"type": "Feature", "geometry": {"type": "Point", "coordinates": [-120.34961, 38.08602]}, "properties": {"dep_id": "10033746", "site_name": "Windeler Claims", "dev_stat": "Occurrence", "fips_code": "f06109", "huc_code": "h18040010", "quad_code": "q39122SEF4", "url": "https://mrdata.usgs.gov/mrds/show-mrds.php?dep_id=10033746", "code_list": "MN", "_layer": "mrds"}}, {"type": "Feature", "geometry": {"type": "Point", "coordinates": [-120.32294, 38.04685]}, "properties": {"dep_id": "10034506", "site_name": "Altadena and Kearsage", "dev_stat": "Producer", "fips_code": "f06109", "huc_code": "h18040009", "quad_code": "q39122SEF4", "url": "https://mrdata.usgs.gov/mrds/show-mrds.php?dep_id=10034506", "code_list": "AU", "_layer": "mrds"}}, {"type": "Feature", "geometry": {"type": "Point", "coordinates": [-120.35933, 37.98464]}, "properties": {"dep_id": "10034507", "site_name": "Anderson G. Mining Co.", "dev_stat": "Producer", "fips_code": "f06109", "huc_code": "h18040009", "quad_code": "q38122NEF1", "url": "https://mrdata.usgs.gov/mrds/show-mrds.php?dep_id=10034507", "code_list": "AU", "_layer": "mrds"}}, {"type": "Feature", "geometry": {"type": "Point", "coordinates": [-120.34267, 38.08408]}, "properties": {"dep_id": "10034508", "site_name": "Argentum", "dev_stat": "Producer", "fips_code": "f06109", "huc_code": "h18040010", "quad_code": "q39122SEF4", "url": "https://mrdata.usgs.gov/mrds/show-mrds.php?dep_id=10034508", "code_list": "AU PB ZN", "_layer": "mrds"}}, {"type": "Feature", "geometry": {"type": "Point", "coordinates": [-120.386, 37.9402]}, "properties": {"dep_id": "10034509", "site_name": "Badger", "dev_stat": "Past Producer", "fips_code": "f06109", "huc_code": "h18040009", "quad_code": "q38122NEE1", "url": "https://mrdata.usgs.gov/mrds/show-mrds.php?dep_id=10034509", "code_list": "AU", "_layer": "mrds"}}, {"type": "Feature", "geometry": {"type": "Point", "coordinates": [-120.40767, 37.94159]}, "properties": {"dep_id": "10034520", "site_name": "Carlin", "dev_stat": "Past Producer", "fips_code": "f06109", "huc_code": "h18040009", "quad_code": "q38122NEE1", "url": "https://mrdata.usgs.gov/mrds/show-mrds.php?dep_id=10034520", "code_list": "AU", "_layer": "mrds"}}, {"type": "Feature", "geometry": {"type": "Point", "coordinates": [-120.3685, 37.99185]}, "properties": {"dep_id": "10034536", "site_name": "Etna", "dev_stat": "Producer", "fips_code": "f06109", "huc_code": "h18040009", "quad_code": "q38122NEF1", "url": "https://mrdata.usgs.gov/mrds/show-mrds.php?dep_id=10034536", "code_list": "AU", "_layer": "mrds"}}, {"type": "Feature", "geometry": {"type": "Point", "coordinates": [-120.38711, 37.98741]}, "properties": {"dep_id": "10034537", "site_name": "Eureka", "dev_stat": "Past Producer", "fips_code": "f06109", "huc_code": "h18040009", "quad_code": "q38122NEE1", "url": "https://mrdata.usgs.gov/mrds/show-mrds.php?dep_id=10034537", "code_list": "AU", "_layer": "mrds"}}, {"type": "Feature", "geometry": {"type": "Point", "coordinates": [-120.3735, 38.02102]}, "properties": {"dep_id": "10034542", "site_name": "Fox, Hudson Calhoun & Ford Group.", "dev_stat": "Past Producer", "fips_code": "f06109", "huc_code": "h18040009", "quad_code": "q39122SEF4", "url": "https://mrdata.usgs.gov/mrds/show-mrds.php?dep_id=10034542", "code_list": "AU", "_layer": "mrds"}}, {"type": "Feature", "geometry": {"type": "Point", "coordinates": [-120.32239, 38.04352]}, "properties": {"dep_id": "10034557", "site_name": "Hard Rock", "dev_stat": "Producer", "fips_code": "f06109", "huc_code": "h18040009", "quad_code": "q39122SEF4", "url": "https://mrdata.usgs.gov/mrds/show-mrds.php?dep_id=10034557", "code_list": "AU", "_layer": "mrds"}}, {"type": "Feature", "geometry": {"type": "Point", "coordinates": [-120.46156, 37.99713]}, "properties": {"dep_id": "10034566", "site_name": "Jackson Flat", "dev_stat": "Producer", "fips_code": "f06109", "huc_code": "h18040010", "quad_code": "q38122NEE1", "url": "https://mrdata.usgs.gov/mrds/show-mrds.php?dep_id=10034566", "code_list": "AU", "_layer": "mrds"}}, {"type": "Feature", "geometry": {"type": "Point", "coordinates": [-120.37044, 38.00824]}, "properties": {"dep_id": "10034573", "site_name": "Lewis", "dev_stat": "Past Producer", "fips_code": "f06109", "huc_code": "h18040009", "quad_code": "q39122SEF4", "url": "https://mrdata.usgs.gov/mrds/show-mrds.php?dep_id=10034573", "code_list": "AU", "_layer": "mrds"}}, {"type": "Feature", "geometry": {"type": "Point", "coordinates": [-120.38794, 38.01324]}, "properties": {"dep_id": "10034579", "site_name": "Magruder", "dev_stat": "Producer", "fips_code": "f06109", "huc_code": "h18040009", "quad_code": "q39122SEE4", "url": "https://mrdata.usgs.gov/mrds/show-mrds.php?dep_id=10034579", "code_list": "AU", "_layer": "mrds"}}, {"type": "Feature", "geometry": {"type": "Point", "coordinates": [-120.42656, 37.95548]}, "properties": {"dep_id": "10034580", "site_name": "Mangante", "dev_stat": "Past Producer", "fips_code": "f06109", "huc_code": "h18040009", "quad_code": "q38122NEE1", "url": "https://mrdata.usgs.gov/mrds/show-mrds.php?dep_id=10034580", "code_list": "AU", "_layer": "mrds"}}, {"type": "Feature", "geometry": {"type": "Point", "coordinates": [-120.39517, 37.96992]}, "properties": {"dep_id": "10034581", "site_name": "Manzanita", "dev_stat": "Past Producer", "fips_code": "f06109", "huc_code": "h18040009", "quad_code": "q38122NEE1", "url": "https://mrdata.usgs.gov/mrds/show-mrds.php?dep_id=10034581", "code_list": "AU", "_layer": "mrds"}}, {"type": "Feature", "geometry": {"type": "Point", "coordinates": [-120.38628, 38.01352]}, "properties": {"dep_id": "10034583", "site_name": "Mcardle", "dev_stat": "Producer", "fips_code": "f06109", "huc_code": "h18040009", "quad_code": "q39122SEE4", "url": "https://mrdata.usgs.gov/mrds/show-mrds.php?dep_id=10034583", "code_list": "AU", "_layer": "mrds"}}, {"type": "Feature", "geometry": {"type": "Point", "coordinates": [-120.34156, 38.00935]}, "properties": {"dep_id": "10034598", "site_name": "Nubaumer", "dev_stat": "Past Producer", "fips_code": "f06109", "huc_code": "h18040009", "quad_code": "q39122SEF4", "url": "https://mrdata.usgs.gov/mrds/show-mrds.php?dep_id=10034598", "code_list": "AU", "_layer": "mrds"}}, {"type": "Feature", "geometry": {"type": "Point", "coordinates": [-120.4235, 37.94103]}, "properties": {"dep_id": "10034599", "site_name": "O'Donnell", "dev_stat": "Past Producer", "fips_code": "f06109", "huc_code": "h18040009", "quad_code": "q38122NEE1", "url": "https://mrdata.usgs.gov/mrds/show-mrds.php?dep_id=10034599", "code_list": "AU", "_layer": "mrds"}}, {"type": "Feature", "geometry": {"type": "Point", "coordinates": [-120.4635, 37.97908]}, "properties": {"dep_id": "10034600", "site_name": "O.K. & North Extent", "dev_stat": "Past Producer", "fips_code": "f06109", "huc_code": "h18040010", "quad_code": "q38122NEE1", "url": "https://mrdata.usgs.gov/mrds/show-mrds.php?dep_id=10034600", "code_list": "AU", "_layer": "mrds"}}, {"type": "Feature", "geometry": {"type": "Point", "coordinates": [-120.40239, 38.05658]}, "properties": {"dep_id": "10034601", "site_name": "Old Dominion", "dev_stat": "Past Producer", "fips_code": "f06109", "huc_code": "h18040010", "quad_code": "q39122SEE4", "url": "https://mrdata.usgs.gov/mrds/show-mrds.php?dep_id=10034601", "code_list": "AU", "_layer": "mrds"}}, {"type": "Feature", "geometry": {"type": "Point", "coordinates": [-120.376, 38.06074]}, "properties": {"dep_id": "10034602", "site_name": "Old Tuolumne Group", "dev_stat": "Past Producer", "fips_code": "f06109", "huc_code": "h18040010", "quad_code": "q39122SEE4", "url": "https://mrdata.usgs.gov/mrds/show-mrds.php?dep_id=10034602", "code_list": "AU", "_layer": "mrds"}}, {"type": "Feature", "geometry": {"type": "Point", "coordinates": [-120.38822, 38.07047]}, "properties": {"dep_id": "10034607", "site_name": "Pine Log", "dev_stat": "Producer", "fips_code": "f06109", "huc_code": "h18040010", "quad_code": "q39122SEE4", "url": "https://mrdata.usgs.gov/mrds/show-mrds.php?dep_id=10034607", "code_list": "AU", "_layer": "mrds"}}, {"type": "Feature", "geometry": {"type": "Point", "coordinates": [-120.47933, 37.9738]}, "properties": {"dep_id": "10034610", "site_name": "Prospect", "dev_stat": "Producer", "fips_code": "f06109", "huc_code": "h18040010", "quad_code": "q38122NEE1", "url": "https://mrdata.usgs.gov/mrds/show-mrds.php?dep_id=10034610", "code_list": "AU", "_layer": "mrds"}}, {"type": "Feature", "geometry": {"type": "Point", "coordinates": [-120.32739, 37.95631]}, "properties": {"dep_id": "10034626", "site_name": "Seminole Group", "dev_stat": "Past Producer", "fips_code": "f06109", "huc_code": "h18040009", "quad_code": "q38122NEF1", "url": "https://mrdata.usgs.gov/mrds/show-mrds.php?dep_id=10034626", "code_list": "AU PB", "_layer": "mrds"}}, {"type": "Feature", "geometry": {"type": "Point", "coordinates": [-120.37989, 37.98324]}, "properties": {"dep_id": "10034635", "site_name": "Tanzy", "dev_stat": "Past Producer", "fips_code": "f06109", "huc_code": "h18040009", "quad_code": "q38122NEE1", "url": "https://mrdata.usgs.gov/mrds/show-mrds.php?dep_id=10034635", "code_list": "AU", "_layer": "mrds"}}, {"type": "Feature", "geometry": {"type": "Point", "coordinates": [-120.46767, 38.01658]}, "properties": {"dep_id": "10034637", "site_name": "Thompson Hill Group", "dev_stat": "Producer", "fips_code": "f06109", "huc_code": "h18040010", "quad_code": "q39122SEE4", "url": "https://mrdata.usgs.gov/mrds/show-mrds.php?dep_id=10034637", "code_list": "AU", "_layer": "mrds"}}, {"type": "Feature", "geometry": {"type": "Point", "coordinates": [-120.38711, 38.07074]}, "properties": {"dep_id": "10034640", "site_name": "United", "dev_stat": "Producer", "fips_code": "f06109", "huc_code": "h18040010", "quad_code": "q39122SEE4", "url": "https://mrdata.usgs.gov/mrds/show-mrds.php?dep_id=10034640", "code_list": "AU", "_layer": "mrds"}}, {"type": "Feature", "geometry": {"type": "Point", "coordinates": [-120.42406, 38.0563]}, "properties": {"dep_id": "10034643", "site_name": "Vine Spring", "dev_stat": "Past Producer", "fips_code": "f06109", "huc_code": "h18040010", "quad_code": "q39122SEE4", "url": "https://mrdata.usgs.gov/mrds/show-mrds.php?dep_id=10034643", "code_list": "AU", "_layer": "mrds"}}, {"type": "Feature", "geometry": {"type": "Point", "coordinates": [-120.44239, 38.05658]}, "properties": {"dep_id": "10034644", "site_name": "Volunteer", "dev_stat": "Producer", "fips_code": "f06109", "huc_code": "h18040010", "quad_code": "q39122SEE4", "url": "https://mrdata.usgs.gov/mrds/show-mrds.php?dep_id=10034644", "code_list": "AU", "_layer": "mrds"}}, {"type": "Feature", "geometry": {"type": "Point", "coordinates": [-120.36822, 38.0563]}, "properties": {"dep_id": "10034647", "site_name": "Wheal Rough", "dev_stat": "Past Producer", "fips_code": "f06109", "huc_code": "h18040009", "quad_code": "q39122SEF4", "url": "https://mrdata.usgs.gov/mrds/show-mrds.php?dep_id=10034647", "code_list": "AU", "_layer": "mrds"}}, {"type": "Feature", "geometry": {"type": "Point", "coordinates": [-120.48211, 38.00491]}, "properties": {"dep_id": "10040655", "site_name": "Norwegian", "dev_stat": "Past Producer", "fips_code": "f06109", "huc_code": "h18040010", "quad_code": "q39122SEE4", "url": "https://mrdata.usgs.gov/mrds/show-mrds.php?dep_id=10040655", "code_list": "AU AG PB CU HG", "_layer": "mrds"}}, {"type": "Feature", "geometry": {"type": "Point", "coordinates": [-120.43989, 37.92881]}, "properties": {"dep_id": "10043703", "site_name": "Mackey Mine", "dev_stat": "Past Producer", "fips_code": "f06109", "huc_code": "h18040009", "quad_code": "q38122NEE1", "url": "https://mrdata.usgs.gov/mrds/show-mrds.php?dep_id=10043703", "code_list": "CR", "_layer": "mrds"}}, {"type": "Feature", "geometry": {"type": "Point", "coordinates": [-120.50294, 37.90853]}, "properties": {"dep_id": "10043704", "site_name": "North End Claim, Ziehlke Claims Group 1948", "dev_stat": "Past Producer", "fips_code": "f06109", "huc_code": "h18040010", "quad_code": "q38122NED1", "url": "https://mrdata.usgs.gov/mrds/show-mrds.php?dep_id=10043704", "code_list": "CR", "_layer": "mrds"}}, {"type": "Feature", "geometry": {"type": "Point", "coordinates": [-120.4735, 37.96185]}, "properties": {"dep_id": "10043706", "site_name": "Quigg Mine", "dev_stat": "Past Producer", "fips_code": "f06109", "huc_code": "h18040010", "quad_code": "q38122NEE1", "url": "https://mrdata.usgs.gov/mrds/show-mrds.php?dep_id=10043706", "code_list": "CR", "_layer": "mrds"}}, {"type": "Feature", "geometry": {"type": "Point", "coordinates": [-120.41767, 38.03324]}, "properties": {"dep_id": "10072396", "site_name": "Columbia Basin", "dev_stat": "Producer", "fips_code": "f06109", "huc_code": "h18040010", "quad_code": "q39122SEE4", "url": "https://mrdata.usgs.gov/mrds/show-mrds.php?dep_id=10072396", "code_list": "AU AG", "_layer": "mrds"}}, {"type": "Feature", "geometry": {"type": "Point", "coordinates": [-120.41767, 37.94992]}, "properties": {"dep_id": "10072448", "site_name": "Jamestown Mine", "dev_stat": "Producer", "fips_code": "f06109", "huc_code": "h18040009", "quad_code": "q38122NEE1", "url": "https://mrdata.usgs.gov/mrds/show-mrds.php?dep_id=10072448", "code_list": "AU AG", "_layer": "mrds"}}, {"type": "Feature", "geometry": {"type": "Point", "coordinates": [-120.49267, 38.00185]}, "properties": {"dep_id": "10077875", "site_name": "Bown", "dev_stat": "Past Producer", "fips_code": "f06109", "huc_code": "h18040010", "quad_code": "q39122SEE4", "url": "https://mrdata.usgs.gov/mrds/show-mrds.php?dep_id=10077875", "code_list": "AU", "_layer": "mrds"}}, {"type": "Feature", "geometry": {"type": "Point", "coordinates": [-120.44517, 37.95824]}, "properties": {"dep_id": "10077895", "site_name": "Red Cross", "dev_stat": "Past Producer", "fips_code": "f06109", "huc_code": "h18040009", "quad_code": "q38122NEE1", "url": "https://mrdata.usgs.gov/mrds/show-mrds.php?dep_id=10077895", "code_list": "AU", "_layer": "mrds"}}, {"type": "Feature", "geometry": {"type": "Point", "coordinates": [-120.44128, 37.91853]}, "properties": {"dep_id": "10077898", "site_name": "Ohio Diggings", "dev_stat": "Past Producer", "fips_code": "f06109", "huc_code": "h18040009", "quad_code": "q38122NEE1", "url": "https://mrdata.usgs.gov/mrds/show-mrds.php?dep_id=10077898", "code_list": "CU", "_layer": "mrds"}}, {"type": "Feature", "geometry": {"type": "Point", "coordinates": [-120.44239, 38.01797]}, "properties": {"dep_id": "10077906", "site_name": "Hidden Treasure", "dev_stat": "Producer", "fips_code": "f06109", "huc_code": "h18040010", "quad_code": "q39122SEE4", "url": "https://mrdata.usgs.gov/mrds/show-mrds.php?dep_id=10077906", "code_list": "AU", "_layer": "mrds"}}, {"type": "Feature", "geometry": {"type": "Point", "coordinates": [-120.48739, 38.0063]}, "properties": {"dep_id": "10077911", "site_name": "Norwegian", "dev_stat": "Producer", "fips_code": "f06109", "huc_code": "h18040010", "quad_code": "q39122SEE4", "url": "https://mrdata.usgs.gov/mrds/show-mrds.php?dep_id=10077911", "code_list": "AU", "_layer": "mrds"}}, {"type": "Feature", "geometry": {"type": "Point", "coordinates": [-120.38683, 37.99463]}, "properties": {"dep_id": "10077913", "site_name": "Page", "dev_stat": "Producer", "fips_code": "f06109", "huc_code": "h18040009", "quad_code": "q38122NEE1", "url": "https://mrdata.usgs.gov/mrds/show-mrds.php?dep_id=10077913", "code_list": "AU", "_layer": "mrds"}}, {"type": "Feature", "geometry": {"type": "Point", "coordinates": [-120.38878, 38.00519]}, "properties": {"dep_id": "10077914", "site_name": "Lazar", "dev_stat": "Past Producer", "fips_code": "f06109", "huc_code": "h18040009", "quad_code": "q39122SEE4", "url": "https://mrdata.usgs.gov/mrds/show-mrds.php?dep_id=10077914", "code_list": "AU", "_layer": "mrds"}}, {"type": "Feature", "geometry": {"type": "Point", "coordinates": [-120.38628, 37.99685]}, "properties": {"dep_id": "10077915", "site_name": "O'Hara", "dev_stat": "Past Producer", "fips_code": "f06109", "huc_code": "h18040009", "quad_code": "q38122NEE1", "url": "https://mrdata.usgs.gov/mrds/show-mrds.php?dep_id=10077915", "code_list": "AU", "_layer": "mrds"}}, {"type": "Feature", "geometry": {"type": "Point", "coordinates": [-120.38267, 38.00574]}, "properties": {"dep_id": "10077916", "site_name": "Stonewall", "dev_stat": "Past Producer", "fips_code": "f06109", "huc_code": "h18040009", "quad_code": "q39122SEE4", "url": "https://mrdata.usgs.gov/mrds/show-mrds.php?dep_id=10077916", "code_list": "AU", "_layer": "mrds"}}, {"type": "Feature", "geometry": {"type": "Point", "coordinates": [-120.466, 37.99241]}, "properties": {"dep_id": "10077919", "site_name": "Gross and Street", "dev_stat": "Past Producer", "fips_code": "f06109", "huc_code": "h18040010", "quad_code": "q38122NEE1", "url": "https://mrdata.usgs.gov/mrds/show-mrds.php?dep_id=10077919", "code_list": "AU", "_layer": "mrds"}}, {"type": "Feature", "geometry": {"type": "Point", "coordinates": [-120.33017, 38.05713]}, "properties": {"dep_id": "10077939", "site_name": "Ham and Birney", "dev_stat": "Past Producer", "fips_code": "f06109", "huc_code": "h18040010", "quad_code": "q39122SEF4", "url": "https://mrdata.usgs.gov/mrds/show-mrds.php?dep_id=10077939", "code_list": "AU AG", "_layer": "mrds"}}, {"type": "Feature", "geometry": {"type": "Point", "coordinates": [-120.36156, 38.05463]}, "properties": {"dep_id": "10077942", "site_name": "Radium No 1", "dev_stat": "Producer", "fips_code": "f06109", "huc_code": "h18040009", "quad_code": "q39122SEF4", "url": "https://mrdata.usgs.gov/mrds/show-mrds.php?dep_id=10077942", "code_list": "U", "_layer": "mrds"}}, {"type": "Feature", "geometry": {"type": "Point", "coordinates": [-120.37072, 38.00769]}, "properties": {"dep_id": "10077943", "site_name": "Sugarman and Negro", "dev_stat": "Past Producer", "fips_code": "f06109", "huc_code": "h18040009", "quad_code": "q39122SEF4", "url": "https://mrdata.usgs.gov/mrds/show-mrds.php?dep_id=10077943", "code_list": "AU AG", "_layer": "mrds"}}, {"type": "Feature", "geometry": {"type": "Point", "coordinates": [-120.336, 38.07352]}, "properties": {"dep_id": "10077951", "site_name": "Unamed", "dev_stat": "Producer", "fips_code": "f06109", "huc_code": "h18040010", "quad_code": "q39122SEF4", "url": "https://mrdata.usgs.gov/mrds/show-mrds.php?dep_id=10077951", "code_list": "AU", "_layer": "mrds"}}, {"type": "Feature", "geometry": {"type": "Point", "coordinates": [-120.40461, 37.99685]}, "properties": {"dep_id": "10109431", "site_name": "Don Pedro", "dev_stat": "Producer", "fips_code": "f06109", "huc_code": "h18040009", "quad_code": "q38122NEE1", "url": "https://mrdata.usgs.gov/mrds/show-mrds.php?dep_id=10109431", "code_list": "AU", "_layer": "mrds"}}, {"type": "Feature", "geometry": {"type": "Point", "coordinates": [-120.39656, 38.07769]}, "properties": {"dep_id": "10109432", "site_name": "Ella D. & Morning Star", "dev_stat": "Producer", "fips_code": "f06109", "huc_code": "h18040010", "quad_code": "q39122SEE4", "url": "https://mrdata.usgs.gov/mrds/show-mrds.php?dep_id=10109432", "code_list": "AU", "_layer": "mrds"}}, {"type": "Feature", "geometry": {"type": "Point", "coordinates": [-120.47906, 38.01324]}, "properties": {"dep_id": "10109447", "site_name": "Justice", "dev_stat": "Producer", "fips_code": "f06009", "huc_code": "h18040010", "quad_code": "q39122SEE4", "url": "https://mrdata.usgs.gov/mrds/show-mrds.php?dep_id=10109447", "code_list": "AU", "_layer": "mrds"}}, {"type": "Feature", "geometry": {"type": "Point", "coordinates": [-120.46322, 37.99047]}, "properties": {"dep_id": "10109454", "site_name": "Nut Pine", "dev_stat": "Producer", "fips_code": "f06109", "huc_code": "h18040010", "quad_code": "q38122NEE1", "url": "https://mrdata.usgs.gov/mrds/show-mrds.php?dep_id=10109454", "code_list": "AU", "_layer": "mrds"}}, {"type": "Feature", "geometry": {"type": "Point", "coordinates": [-120.3535, 38.0538]}, "properties": {"dep_id": "10109460", "site_name": "Riffle", "dev_stat": "Producer", "fips_code": "f06109", "huc_code": "h18040009", "quad_code": "q39122SEF4", "url": "https://mrdata.usgs.gov/mrds/show-mrds.php?dep_id=10109460", "code_list": "AU", "_layer": "mrds"}}, {"type": "Feature", "geometry": {"type": "Point", "coordinates": [-120.36544, 38.00852]}, "properties": {"dep_id": "10109461", "site_name": "Sievert Consolidated", "dev_stat": "Producer", "fips_code": "f06109", "huc_code": "h18040009", "quad_code": "q39122SEF4", "url": "https://mrdata.usgs.gov/mrds/show-mrds.php?dep_id=10109461", "code_list": "AU", "_layer": "mrds"}}, {"type": "Feature", "geometry": {"type": "Point", "coordinates": [-120.33989, 38.04908]}, "properties": {"dep_id": "10109462", "site_name": "Smooth Bore", "dev_stat": "Producer", "fips_code": "f06109", "huc_code": "h18040009", "quad_code": "q39122SEF4", "url": "https://mrdata.usgs.gov/mrds/show-mrds.php?dep_id=10109462", "code_list": "AU", "_layer": "mrds"}}, {"type": "Feature", "geometry": {"type": "Point", "coordinates": [-120.38156, 38.01047]}, "properties": {"dep_id": "10109463", "site_name": "Stuart & Morris", "dev_stat": "Producer", "fips_code": "f06109", "huc_code": "h18040009", "quad_code": "q39122SEE4", "url": "https://mrdata.usgs.gov/mrds/show-mrds.php?dep_id=10109463", "code_list": "AU", "_layer": "mrds"}}, {"type": "Feature", "geometry": {"type": "Point", "coordinates": [-120.46, 38.01291]}, "properties": {"dep_id": "10109464", "site_name": "Tin Can Group", "dev_stat": "Producer", "fips_code": "f06109", "huc_code": "h18040010", "quad_code": "q39122SEE4", "url": "https://mrdata.usgs.gov/mrds/show-mrds.php?dep_id=10109464", "code_list": "AU", "_layer": "mrds"}}, {"type": "Feature", "geometry": {"type": "Point", "coordinates": [-120.40461, 37.99741]}, "properties": {"dep_id": "10109465", "site_name": "Turner", "dev_stat": "Producer", "fips_code": "f06109", "huc_code": "h18040009", "quad_code": "q38122NEE1", "url": "https://mrdata.usgs.gov/mrds/show-mrds.php?dep_id=10109465", "code_list": "AU", "_layer": "mrds"}}, {"type": "Feature", "geometry": {"type": "Point", "coordinates": [-120.45239, 37.97769]}, "properties": {"dep_id": "10109469", "site_name": "Wickham", "dev_stat": "Producer", "fips_code": "f06109", "huc_code": "h18040010", "quad_code": "q38122NEE1", "url": "https://mrdata.usgs.gov/mrds/show-mrds.php?dep_id=10109469", "code_list": "AU", "_layer": "mrds"}}, {"type": "Feature", "geometry": {"type": "Point", "coordinates": [-120.33433, 37.94992]}, "properties": {"dep_id": "10110482", "site_name": "Pocket Belt", "dev_stat": "Producer", "fips_code": "f06109", "huc_code": "h18040009", "quad_code": "q38122NEF1", "url": "https://mrdata.usgs.gov/mrds/show-mrds.php?dep_id=10110482", "code_list": "AU", "_layer": "mrds"}}, {"type": "Feature", "geometry": {"type": "Point", "coordinates": [-120.38544, 38.02852]}, "properties": {"dep_id": "10111235", "site_name": "George Mullins Company", "dev_stat": "Producer", "fips_code": "f06109", "huc_code": "h18040009", "quad_code": "q39122SEE4", "url": "https://mrdata.usgs.gov/mrds/show-mrds.php?dep_id=10111235", "code_list": "AU", "_layer": "mrds"}}, {"type": "Feature", "geometry": {"type": "Point", "coordinates": [-120.4316, 37.99661]}, "properties": {"dep_id": "10117160", "site_name": "Brooks", "dev_stat": "Unknown", "fips_code": "f06109", "huc_code": "h18040010", "quad_code": "q38122NEE1", "url": "https://mrdata.usgs.gov/mrds/show-mrds.php?dep_id=10117160", "code_list": "AU", "_layer": "mrds"}}, {"type": "Feature", "geometry": {"type": "Point", "coordinates": [-120.4199, 37.91492]}, "properties": {"dep_id": "10117314", "site_name": "Erin Go Bragh and Cloudman", "dev_stat": "Past Producer", "fips_code": "f06109", "huc_code": "h18040009", "quad_code": "q38122NEE1", "url": "https://mrdata.usgs.gov/mrds/show-mrds.php?dep_id=10117314", "code_list": "AU CU PB AG", "_layer": "mrds"}}, {"type": "Feature", "geometry": {"type": "Point", "coordinates": [-120.3502, 38.02801]}, "properties": {"dep_id": "10117390", "site_name": "Quartet", "dev_stat": "Past Producer", "fips_code": "f06109", "huc_code": "h18040009", "quad_code": "q39122SEF4", "url": "https://mrdata.usgs.gov/mrds/show-mrds.php?dep_id=10117390", "code_list": "AU AG", "_layer": "mrds"}}, {"type": "Feature", "geometry": {"type": "Point", "coordinates": [-120.3935, 37.97521]}, "properties": {"dep_id": "10117416", "site_name": "Golden Gate", "dev_stat": "Unknown", "fips_code": "f06109", "huc_code": "h18040009", "quad_code": "q38122NEE1", "url": "https://mrdata.usgs.gov/mrds/show-mrds.php?dep_id=10117416", "code_list": "AU", "_layer": "mrds"}}, {"type": "Feature", "geometry": {"type": "Point", "coordinates": [-120.3893, 38.03431]}, "properties": {"dep_id": "10117484", "site_name": "Wolf and Company", "dev_stat": "Unknown", "fips_code": "f06109", "huc_code": "h18040009", "quad_code": "q39122SEE4", "url": "https://mrdata.usgs.gov/mrds/show-mrds.php?dep_id=10117484", "code_list": "AU", "_layer": "mrds"}}, {"type": "Feature", "geometry": {"type": "Point", "coordinates": [-120.3718, 38.05021]}, "properties": {"dep_id": "10117600", "site_name": "Crawford", "dev_stat": "Unknown", "fips_code": "f06109", "huc_code": "h18040009", "quad_code": "q39122SEF4", "url": "https://mrdata.usgs.gov/mrds/show-mrds.php?dep_id=10117600", "code_list": "AU", "_layer": "mrds"}}, {"type": "Feature", "geometry": {"type": "Point", "coordinates": [-120.4593, 37.99911]}, "properties": {"dep_id": "10117622", "site_name": "Grand Turk", "dev_stat": "Past Producer", "fips_code": "f06109", "huc_code": "h18040010", "quad_code": "q38122NEE1", "url": "https://mrdata.usgs.gov/mrds/show-mrds.php?dep_id=10117622", "code_list": "AU", "_layer": "mrds"}}, {"type": "Feature", "geometry": {"type": "Point", "coordinates": [-120.4452, 37.95821]}, "properties": {"dep_id": "10117629", "site_name": "Red Cross", "dev_stat": "Past Producer", "fips_code": "f06109", "huc_code": "h18040009", "quad_code": "q38122NEE1", "url": "https://mrdata.usgs.gov/mrds/show-mrds.php?dep_id=10117629", "code_list": "AU", "_layer": "mrds"}}, {"type": "Feature", "geometry": {"type": "Point", "coordinates": [-120.3807, 38.00631]}, "properties": {"dep_id": "10117658", "site_name": "Browns Flat", "dev_stat": "Unknown", "fips_code": "f06109", "huc_code": "h18040009", "quad_code": "q39122SEE4", "url": "https://mrdata.usgs.gov/mrds/show-mrds.php?dep_id=10117658", "code_list": "AU", "_layer": "mrds"}}, {"type": "Feature", "geometry": {"type": "Point", "coordinates": [-120.4849, 38.00051]}, "properties": {"dep_id": "10117695", "site_name": "Coughlin", "dev_stat": "Unknown", "fips_code": "f06109", "huc_code": "h18040010", "quad_code": "q39122SEE4", "url": "https://mrdata.usgs.gov/mrds/show-mrds.php?dep_id=10117695", "code_list": "AU", "_layer": "mrds"}}, {"type": "Feature", "geometry": {"type": "Point", "coordinates": [-120.4624, 37.98931]}, "properties": {"dep_id": "10117766", "site_name": "North Extension of Maryatt", "dev_stat": "Unknown", "fips_code": "f06109", "huc_code": "h18040010", "quad_code": "q38122NEE1", "url": "https://mrdata.usgs.gov/mrds/show-mrds.php?dep_id=10117766", "code_list": "AU", "_layer": "mrds"}}, {"type": "Feature", "geometry": {"type": "Point", "coordinates": [-120.3616, 38.05461]}, "properties": {"dep_id": "10117785", "site_name": "Radium No 1", "dev_stat": "Past Producer", "fips_code": "f06109", "huc_code": "h18040009", "quad_code": "q39122SEF4", "url": "https://mrdata.usgs.gov/mrds/show-mrds.php?dep_id=10117785", "code_list": "U", "_layer": "mrds"}}, {"type": "Feature", "geometry": {"type": "Point", "coordinates": [-120.3874, 38.01521]}, "properties": {"dep_id": "10141329", "site_name": "Squabbletown", "dev_stat": "Unknown", "fips_code": "f06109", "huc_code": "h18040009", "quad_code": "q39122SEE4", "url": "https://mrdata.usgs.gov/mrds/show-mrds.php?dep_id=10141329", "code_list": "AU", "_layer": "mrds"}}, {"type": "Feature", "geometry": {"type": "Point", "coordinates": [-120.4232, 37.92552]}, "properties": {"dep_id": "10141425", "site_name": "Heslep", "dev_stat": "Occurrence", "fips_code": "f06109", "huc_code": "h18040009", "quad_code": "q38122NEE1", "url": "https://mrdata.usgs.gov/mrds/show-mrds.php?dep_id=10141425", "code_list": "AU AG", "_layer": "mrds"}}, {"type": "Feature", "geometry": {"type": "Point", "coordinates": [-120.3702, 38.04241]}, "properties": {"dep_id": "10141551", "site_name": "Harvey Lode", "dev_stat": "Occurrence", "fips_code": "f06109", "huc_code": "h18040009", "quad_code": "q39122SEF4", "url": "https://mrdata.usgs.gov/mrds/show-mrds.php?dep_id=10141551", "code_list": "AU", "_layer": "mrds"}}, {"type": "Feature", "geometry": {"type": "Point", "coordinates": [-120.4046, 38.03461]}, "properties": {"dep_id": "10141622", "site_name": "Bell Columbia Marble Quarry", "dev_stat": "Past Producer", "fips_code": "f06109", "huc_code": "h18040010", "quad_code": "q39122SEE4", "url": "https://mrdata.usgs.gov/mrds/show-mrds.php?dep_id=10141622", "code_list": "STN_C", "_layer": "mrds"}}, {"type": "Feature", "geometry": {"type": "Point", "coordinates": [-120.4638, 37.97661]}, "properties": {"dep_id": "10141640", "site_name": "King Solomon", "dev_stat": "Unknown", "fips_code": "f06109", "huc_code": "h18040010", "quad_code": "q38122NEE1", "url": "https://mrdata.usgs.gov/mrds/show-mrds.php?dep_id=10141640", "code_list": "AU", "_layer": "mrds"}}, {"type": "Feature", "geometry": {"type": "Point", "coordinates": [-120.3785, 37.98181]}, "properties": {"dep_id": "10141815", "site_name": "May and Hunter", "dev_stat": "Unknown", "fips_code": "f06109", "huc_code": "h18040009", "quad_code": "q38122NEE1", "url": "https://mrdata.usgs.gov/mrds/show-mrds.php?dep_id=10141815", "code_list": "AU", "_layer": "mrds"}}, {"type": "Feature", "geometry": {"type": "Point", "coordinates": [-120.4235, 37.92182]}, "properties": {"dep_id": "10141820", "site_name": "Hitchcock", "dev_stat": "Prospect", "fips_code": "f06109", "huc_code": "h18040009", "quad_code": "q38122NEE1", "url": "https://mrdata.usgs.gov/mrds/show-mrds.php?dep_id=10141820", "code_list": "AU CU AG", "_layer": "mrds"}}, {"type": "Feature", "geometry": {"type": "Point", "coordinates": [-120.4246, 38.02661]}, "properties": {"dep_id": "10141861", "site_name": "Davis", "dev_stat": "Unknown", "fips_code": "f06109", "huc_code": "h18040010", "quad_code": "q39122SEE4", "url": "https://mrdata.usgs.gov/mrds/show-mrds.php?dep_id=10141861", "code_list": "AU", "_layer": "mrds"}}, {"type": "Feature", "geometry": {"type": "Point", "coordinates": [-120.3863, 38.00161]}, "properties": {"dep_id": "10141884", "site_name": "Protector", "dev_stat": "Unknown", "fips_code": "f06109", "huc_code": "h18040009", "quad_code": "q39122SEE4", "url": "https://mrdata.usgs.gov/mrds/show-mrds.php?dep_id=10141884", "code_list": "AU", "_layer": "mrds"}}, {"type": "Feature", "geometry": {"type": "Point", "coordinates": [-120.3666, 37.95602]}, "properties": {"dep_id": "10142004", "site_name": "Mccormick Estate", "dev_stat": "Occurrence", "fips_code": "f06109", "huc_code": "h18040009", "quad_code": "q38122NEF1", "url": "https://mrdata.usgs.gov/mrds/show-mrds.php?dep_id=10142004", "code_list": "LST_D", "_layer": "mrds"}}, {"type": "Feature", "geometry": {"type": "Point", "coordinates": [-120.3952, 38.00131]}, "properties": {"dep_id": "10165673", "site_name": "Unidentified Workings", "dev_stat": "Occurrence", "fips_code": "f06109", "huc_code": "h18040009", "quad_code": "q39122SEE4", "url": "https://mrdata.usgs.gov/mrds/show-mrds.php?dep_id=10165673", "code_list": "AU", "_layer": "mrds"}}, {"type": "Feature", "geometry": {"type": "Point", "coordinates": [-120.3913, 38.03571]}, "properties": {"dep_id": "10165716", "site_name": "Three Pine Gulch", "dev_stat": "Unknown", "fips_code": "f06109", "huc_code": "h18040009", "quad_code": "q39122SEE4", "url": "https://mrdata.usgs.gov/mrds/show-mrds.php?dep_id=10165716", "code_list": "AU", "_layer": "mrds"}}, {"type": "Feature", "geometry": {"type": "Point", "coordinates": [-120.4229, 38.05631]}, "properties": {"dep_id": "10165749", "site_name": "Vine Spring", "dev_stat": "Unknown", "fips_code": "f06109", "huc_code": "h18040010", "quad_code": "q39122SEE4", "url": "https://mrdata.usgs.gov/mrds/show-mrds.php?dep_id=10165749", "code_list": "AU", "_layer": "mrds"}}, {"type": "Feature", "geometry": {"type": "Point", "coordinates": [-120.3718, 37.98601]}, "properties": {"dep_id": "10165886", "site_name": "Tanzy", "dev_stat": "Unknown", "fips_code": "f06109", "huc_code": "h18040009", "quad_code": "q38122NEF1", "url": "https://mrdata.usgs.gov/mrds/show-mrds.php?dep_id=10165886", "code_list": "AU", "_layer": "mrds"}}, {"type": "Feature", "geometry": {"type": "Point", "coordinates": [-120.4313, 38.00381]}, "properties": {"dep_id": "10165909", "site_name": "Bedrock Blue Gravel", "dev_stat": "Past Producer", "fips_code": "f06109", "huc_code": "h18040010", "quad_code": "q39122SEE4", "url": "https://mrdata.usgs.gov/mrds/show-mrds.php?dep_id=10165909", "code_list": "AU", "_layer": "mrds"}}, {"type": "Feature", "geometry": {"type": "Point", "coordinates": [-120.3799, 37.96822]}, "properties": {"dep_id": "10165928", "site_name": "Darkie", "dev_stat": "Unknown", "fips_code": "f06109", "huc_code": "h18040009", "quad_code": "q38122NEE1", "url": "https://mrdata.usgs.gov/mrds/show-mrds.php?dep_id=10165928", "code_list": "AU", "_layer": "mrds"}}, {"type": "Feature", "geometry": {"type": "Point", "coordinates": [-120.4299, 38.00851]}, "properties": {"dep_id": "10165993", "site_name": "Duchess Cons", "dev_stat": "Unknown", "fips_code": "f06109", "huc_code": "h18040010", "quad_code": "q39122SEE4", "url": "https://mrdata.usgs.gov/mrds/show-mrds.php?dep_id=10165993", "code_list": "AU", "_layer": "mrds"}}, {"type": "Feature", "geometry": {"type": "Point", "coordinates": [-120.3874, 38.01271]}, "properties": {"dep_id": "10166013", "site_name": "Good Hope", "dev_stat": "Unknown", "fips_code": "f06109", "huc_code": "h18040009", "quad_code": "q39122SEE4", "url": "https://mrdata.usgs.gov/mrds/show-mrds.php?dep_id=10166013", "code_list": "AU", "_layer": "mrds"}}, {"type": "Feature", "geometry": {"type": "Point", "coordinates": [-120.4191, 37.96161]}, "properties": {"dep_id": "10166032", "site_name": "Shore", "dev_stat": "Unknown", "fips_code": "f06109", "huc_code": "h18040009", "quad_code": "q38122NEE1", "url": "https://mrdata.usgs.gov/mrds/show-mrds.php?dep_id=10166032", "code_list": "AU", "_layer": "mrds"}}, {"type": "Feature", "geometry": {"type": "Point", "coordinates": [-120.3707, 38.01431]}, "properties": {"dep_id": "10166047", "site_name": "Wooten", "dev_stat": "Unknown", "fips_code": "f06109", "huc_code": "h18040009", "quad_code": "q39122SEF4", "url": "https://mrdata.usgs.gov/mrds/show-mrds.php?dep_id=10166047", "code_list": "AU", "_layer": "mrds"}}, {"type": "Feature", "geometry": {"type": "Point", "coordinates": [-120.3827, 38.04431]}, "properties": {"dep_id": "10166191", "site_name": "Wind Wheel", "dev_stat": "Past Producer", "fips_code": "f06109", "huc_code": "h18040009", "quad_code": "q39122SEE4", "url": "https://mrdata.usgs.gov/mrds/show-mrds.php?dep_id=10166191", "code_list": "AU", "_layer": "mrds"}}, {"type": "Feature", "geometry": {"type": "Point", "coordinates": [-120.3913, 38.05681]}, "properties": {"dep_id": "10166292", "site_name": "Marble", "dev_stat": "Unknown", "fips_code": "f06109", "huc_code": "h18040010", "quad_code": "q39122SEE4", "url": "https://mrdata.usgs.gov/mrds/show-mrds.php?dep_id=10166292", "code_list": "AU", "_layer": "mrds"}}, {"type": "Feature", "geometry": {"type": "Point", "coordinates": [-120.4788, 38.01681]}, "properties": {"dep_id": "10187468", "site_name": "Our Flag", "dev_stat": "Unknown", "fips_code": "f06009", "huc_code": "h18040010", "quad_code": "q39122SEE4", "url": "https://mrdata.usgs.gov/mrds/show-mrds.php?dep_id=10187468", "code_list": "AU", "_layer": "mrds"}}, {"type": "Feature", "geometry": {"type": "Point", "coordinates": [-120.3302, 38.05711]}, "properties": {"dep_id": "10190240", "site_name": "Ham and Birney", "dev_stat": "Occurrence", "fips_code": "f06109", "huc_code": "h18040010", "quad_code": "q39122SEF4", "url": "https://mrdata.usgs.gov/mrds/show-mrds.php?dep_id=10190240", "code_list": "AU", "_layer": "mrds"}}, {"type": "Feature", "geometry": {"type": "Point", "coordinates": [-120.4129, 38.06101]}, "properties": {"dep_id": "10190425", "site_name": "Elton", "dev_stat": "Unknown", "fips_code": "f06109", "huc_code": "h18040010", "quad_code": "q39122SEE4", "url": "https://mrdata.usgs.gov/mrds/show-mrds.php?dep_id=10190425", "code_list": "AU", "_layer": "mrds"}}, {"type": "Feature", "geometry": {"type": "Point", "coordinates": [-120.3754, 37.99241]}, "properties": {"dep_id": "10190644", "site_name": "Scorpion", "dev_stat": "Occurrence", "fips_code": "f06109", "huc_code": "h18040009", "quad_code": "q38122NEE1", "url": "https://mrdata.usgs.gov/mrds/show-mrds.php?dep_id=10190644", "code_list": "AU", "_layer": "mrds"}}, {"type": "Feature", "geometry": {"type": "Point", "coordinates": [-120.441, 37.97711]}, "properties": {"dep_id": "10190675", "site_name": "New York Group", "dev_stat": "Unknown", "fips_code": "f06109", "huc_code": "h18040009", "quad_code": "q38122NEE1", "url": "https://mrdata.usgs.gov/mrds/show-mrds.php?dep_id=10190675", "code_list": "AU", "_layer": "mrds"}}, {"type": "Feature", "geometry": {"type": "Point", "coordinates": [-120.3738, 37.96462]}, "properties": {"dep_id": "10190678", "site_name": "Stockton", "dev_stat": "Occurrence", "fips_code": "f06109", "huc_code": "h18040009", "quad_code": "q38122NEF1", "url": "https://mrdata.usgs.gov/mrds/show-mrds.php?dep_id=10190678", "code_list": "AU", "_layer": "mrds"}}, {"type": "Feature", "geometry": {"type": "Point", "coordinates": [-120.4654, 37.98021]}, "properties": {"dep_id": "10190800", "site_name": "Combination", "dev_stat": "Unknown", "fips_code": "f06109", "huc_code": "h18040010", "quad_code": "q38122NEE1", "url": "https://mrdata.usgs.gov/mrds/show-mrds.php?dep_id=10190800", "code_list": "AU", "_layer": "mrds"}}, {"type": "Feature", "geometry": {"type": "Point", "coordinates": [-120.4171, 38.06601]}, "properties": {"dep_id": "10214175", "site_name": "Gold Springs", "dev_stat": "Unknown", "fips_code": "f06109", "huc_code": "h18040010", "quad_code": "q39122SEE4", "url": "https://mrdata.usgs.gov/mrds/show-mrds.php?dep_id=10214175", "code_list": "AU", "_layer": "mrds"}}, {"type": "Feature", "geometry": {"type": "Point", "coordinates": [-120.4377, 37.98461]}, "properties": {"dep_id": "10214262", "site_name": "Boston", "dev_stat": "Unknown", "fips_code": "f06109", "huc_code": "h18040009", "quad_code": "q38122NEE1", "url": "https://mrdata.usgs.gov/mrds/show-mrds.php?dep_id=10214262", "code_list": "AU", "_layer": "mrds"}}, {"type": "Feature", "geometry": {"type": "Point", "coordinates": [-120.426, 38.06991]}, "properties": {"dep_id": "10214281", "site_name": "Yellow Quarry", "dev_stat": "Producer", "fips_code": "f06109", "huc_code": "h18040010", "quad_code": "q39122SEE4", "url": "https://mrdata.usgs.gov/mrds/show-mrds.php?dep_id=10214281", "code_list": "STN_C", "_layer": "mrds"}}, {"type": "Feature", "geometry": {"type": "Point", "coordinates": [-120.4593, 37.93022]}, "properties": {"dep_id": "10214295", "site_name": "Punch Bowl", "dev_stat": "Prospect", "fips_code": "f06109", "huc_code": "h18040009", "quad_code": "q38122NEE1", "url": "https://mrdata.usgs.gov/mrds/show-mrds.php?dep_id=10214295", "code_list": "AU", "_layer": "mrds"}}, {"type": "Feature", "geometry": {"type": "Point", "coordinates": [-120.3785, 38.04741]}, "properties": {"dep_id": "10214297", "site_name": "Colorado", "dev_stat": "Occurrence", "fips_code": "f06109", "huc_code": "h18040009", "quad_code": "q39122SEE4", "url": "https://mrdata.usgs.gov/mrds/show-mrds.php?dep_id=10214297", "code_list": "AU", "_layer": "mrds"}}, {"type": "Feature", "geometry": {"type": "Point", "coordinates": [-120.3724, 38.04911]}, "properties": {"dep_id": "10214308", "site_name": "Brown Geovanatte", "dev_stat": "Occurrence", "fips_code": "f06109", "huc_code": "h18040009", "quad_code": "q39122SEF4", "url": "https://mrdata.usgs.gov/mrds/show-mrds.php?dep_id=10214308", "code_list": "AU", "_layer": "mrds"}}, {"type": "Feature", "geometry": {"type": "Point", "coordinates": [-120.3602, 37.97132]}, "properties": {"dep_id": "10214311", "site_name": "Us Lime Products", "dev_stat": "Prospect", "fips_code": "f06109", "huc_code": "h18040009", "quad_code": "q38122NEF1", "url": "https://mrdata.usgs.gov/mrds/show-mrds.php?dep_id=10214311", "code_list": "LST", "_layer": "mrds"}}, {"type": "Feature", "geometry": {"type": "Point", "coordinates": [-120.3527, 37.96822]}, "properties": {"dep_id": "10214363", "site_name": "Julia", "dev_stat": "Unknown", "fips_code": "f06109", "huc_code": "h18040009", "quad_code": "q38122NEF1", "url": "https://mrdata.usgs.gov/mrds/show-mrds.php?dep_id=10214363", "code_list": "AU", "_layer": "mrds"}}, {"type": "Feature", "geometry": {"type": "Point", "coordinates": [-120.3904, 38.00411]}, "properties": {"dep_id": "10214405", "site_name": "Pedro Prospect", "dev_stat": "Prospect", "fips_code": "f06109", "huc_code": "h18040009", "quad_code": "q39122SEE4", "url": "https://mrdata.usgs.gov/mrds/show-mrds.php?dep_id=10214405", "code_list": "MN", "_layer": "mrds"}}, {"type": "Feature", "geometry": {"type": "Point", "coordinates": [-120.4729, 37.95521]}, "properties": {"dep_id": "10214490", "site_name": "Chantreau", "dev_stat": "Unknown", "fips_code": "f06109", "huc_code": "h18040010", "quad_code": "q38122NEE1", "url": "https://mrdata.usgs.gov/mrds/show-mrds.php?dep_id=10214490", "code_list": "AU", "_layer": "mrds"}}, {"type": "Feature", "geometry": {"type": "Point", "coordinates": [-120.3879, 38.05161]}, "properties": {"dep_id": "10214574", "site_name": "John Royal", "dev_stat": "Unknown", "fips_code": "f06109", "huc_code": "h18040010", "quad_code": "q39122SEE4", "url": "https://mrdata.usgs.gov/mrds/show-mrds.php?dep_id=10214574", "code_list": "AU", "_layer": "mrds"}}, {"type": "Feature", "geometry": {"type": "Point", "coordinates": [-120.3504, 38.05551]}, "properties": {"dep_id": "10214644", "site_name": "Gray Squirrel", "dev_stat": "Unknown", "fips_code": "f06109", "huc_code": "h18040009", "quad_code": "q39122SEF4", "url": "https://mrdata.usgs.gov/mrds/show-mrds.php?dep_id=10214644", "code_list": "AU AG", "_layer": "mrds"}}, {"type": "Feature", "geometry": {"type": "Point", "coordinates": [-120.4668, 37.92662]}, "properties": {"dep_id": "10214703", "site_name": "Habacker", "dev_stat": "Unknown", "fips_code": "f06109", "huc_code": "h18040009", "quad_code": "q38122NEE1", "url": "https://mrdata.usgs.gov/mrds/show-mrds.php?dep_id=10214703", "code_list": "AU", "_layer": "mrds"}}, {"type": "Feature", "geometry": {"type": "Point", "coordinates": [-120.4054, 38.08851]}, "properties": {"dep_id": "10214720", "site_name": "Ella D and Morning Star", "dev_stat": "Unknown", "fips_code": "f06109", "huc_code": "h18040010", "quad_code": "q39122SEE4", "url": "https://mrdata.usgs.gov/mrds/show-mrds.php?dep_id=10214720", "code_list": "AU", "_layer": "mrds"}}, {"type": "Feature", "geometry": {"type": "Point", "coordinates": [-120.4254, 37.94602]}, "properties": {"dep_id": "10214736", "site_name": "Carlin", "dev_stat": "Unknown", "fips_code": "f06109", "huc_code": "h18040009", "quad_code": "q38122NEE1", "url": "https://mrdata.usgs.gov/mrds/show-mrds.php?dep_id=10214736", "code_list": "AU", "_layer": "mrds"}}, {"type": "Feature", "geometry": {"type": "Point", "coordinates": [-120.3829, 38.00461]}, "properties": {"dep_id": "10214753", "site_name": "West Extension of Austrian", "dev_stat": "Unknown", "fips_code": "f06109", "huc_code": "h18040009", "quad_code": "q39122SEE4", "url": "https://mrdata.usgs.gov/mrds/show-mrds.php?dep_id=10214753", "code_list": "AU", "_layer": "mrds"}}, {"type": "Feature", "geometry": {"type": "Point", "coordinates": [-120.4324, 37.99271]}, "properties": {"dep_id": "10214829", "site_name": "Buckeye Gravel", "dev_stat": "Unknown", "fips_code": "f06109", "huc_code": "h18040010", "quad_code": "q38122NEE1", "url": "https://mrdata.usgs.gov/mrds/show-mrds.php?dep_id=10214829", "code_list": "AU", "_layer": "mrds"}}, {"type": "Feature", "geometry": {"type": "Point", "coordinates": [-120.4554, 37.99411]}, "properties": {"dep_id": "10214889", "site_name": "Neubauer", "dev_stat": "Unknown", "fips_code": "f06109", "huc_code": "h18040010", "quad_code": "q38122NEE1", "url": "https://mrdata.usgs.gov/mrds/show-mrds.php?dep_id=10214889", "code_list": "AU", "_layer": "mrds"}}, {"type": "Feature", "geometry": {"type": "Point", "coordinates": [-120.3979, 38.02551]}, "properties": {"dep_id": "10231943", "site_name": "Blue Rock", "dev_stat": "Unknown", "fips_code": "f06109", "huc_code": "h18040010", "quad_code": "q39122SEE4", "url": "https://mrdata.usgs.gov/mrds/show-mrds.php?dep_id=10231943", "code_list": "AU", "_layer": "mrds"}}, {"type": "Feature", "geometry": {"type": "Point", "coordinates": [-120.4791, 38.01381]}, "properties": {"dep_id": "10235187", "site_name": "Gopher", "dev_stat": "Occurrence", "fips_code": "f06009", "huc_code": "h18040010", "quad_code": "q39122SEE4", "url": "https://mrdata.usgs.gov/mrds/show-mrds.php?dep_id=10235187", "code_list": "AU", "_layer": "mrds"}}, {"type": "Feature", "geometry": {"type": "Point", "coordinates": [-120.4471, 38.05381]}, "properties": {"dep_id": "10235220", "site_name": "Sulpher Spring", "dev_stat": "Occurrence", "fips_code": "f06009", "huc_code": "h18040010", "quad_code": "q39122SEE4", "url": "https://mrdata.usgs.gov/mrds/show-mrds.php?dep_id=10235220", "code_list": "AU", "_layer": "mrds"}}, {"type": "Feature", "geometry": {"type": "Point", "coordinates": [-120.4177, 38.08521]}, "properties": {"dep_id": "10235473", "site_name": "Duck Bar", "dev_stat": "Unknown", "fips_code": "f06009", "huc_code": "h18040010", "quad_code": "q39122SEE4", "url": "https://mrdata.usgs.gov/mrds/show-mrds.php?dep_id=10235473", "code_list": "AU", "_layer": "mrds"}}, {"type": "Feature", "geometry": {"type": "Point", "coordinates": [-120.3752, 38.06301]}, "properties": {"dep_id": "10238261", "site_name": "Unidentified Workings", "dev_stat": "Occurrence", "fips_code": "f06109", "huc_code": "h18040010", "quad_code": "q39122SEE4", "url": "https://mrdata.usgs.gov/mrds/show-mrds.php?dep_id=10238261", "code_list": "AU", "_layer": "mrds"}}, {"type": "Feature", "geometry": {"type": "Point", "coordinates": [-120.3896, 38.00351]}, "properties": {"dep_id": "10238339", "site_name": "Belmont", "dev_stat": "Unknown", "fips_code": "f06109", "huc_code": "h18040009", "quad_code": "q39122SEE4", "url": "https://mrdata.usgs.gov/mrds/show-mrds.php?dep_id=10238339", "code_list": "AU", "_layer": "mrds"}}, {"type": "Feature", "geometry": {"type": "Point", "coordinates": [-120.4832, 37.92662]}, "properties": {"dep_id": "10238348", "site_name": "Ventura Grubstake Co", "dev_stat": "Unknown", "fips_code": "f06109", "huc_code": "h18040010", "quad_code": "q38122NEE1", "url": "https://mrdata.usgs.gov/mrds/show-mrds.php?dep_id=10238348", "code_list": "AU", "_layer": "mrds"}}, {"type": "Feature", "geometry": {"type": "Point", "coordinates": [-120.3843, 38.06301]}, "properties": {"dep_id": "10238353", "site_name": "Marble Quarry", "dev_stat": "Occurrence", "fips_code": "f06109", "huc_code": "h18040010", "quad_code": "q39122SEE4", "url": "https://mrdata.usgs.gov/mrds/show-mrds.php?dep_id=10238353", "code_list": "STN_C", "_layer": "mrds"}}, {"type": "Feature", "geometry": {"type": "Point", "coordinates": [-120.4232, 38.00821]}, "properties": {"dep_id": "10238422", "site_name": "Crystal Springs", "dev_stat": "Occurrence", "fips_code": "f06109", "huc_code": "h18040010", "quad_code": "q39122SEE4", "url": "https://mrdata.usgs.gov/mrds/show-mrds.php?dep_id=10238422", "code_list": "AU", "_layer": "mrds"}}, {"type": "Feature", "geometry": {"type": "Point", "coordinates": [-120.3977, 38.05301]}, "properties": {"dep_id": "10238430", "site_name": "Unidentified Workings", "dev_stat": "Occurrence", "fips_code": "f06109", "huc_code": "h18040010", "quad_code": "q39122SEE4", "url": "https://mrdata.usgs.gov/mrds/show-mrds.php?dep_id=10238430", "code_list": "AU", "_layer": "mrds"}}, {"type": "Feature", "geometry": {"type": "Point", "coordinates": [-120.4729, 37.99101]}, "properties": {"dep_id": "10238520", "site_name": "Mullins", "dev_stat": "Unknown", "fips_code": "f06109", "huc_code": "h18040010", "quad_code": "q38122NEE1", "url": "https://mrdata.usgs.gov/mrds/show-mrds.php?dep_id=10238520", "code_list": "AU", "_layer": "mrds"}}, {"type": "Feature", "geometry": {"type": "Point", "coordinates": [-120.3907, 38.00071]}, "properties": {"dep_id": "10238526", "site_name": "Vandelier", "dev_stat": "Unknown", "fips_code": "f06109", "huc_code": "h18040009", "quad_code": "q39122SEE4", "url": "https://mrdata.usgs.gov/mrds/show-mrds.php?dep_id=10238526", "code_list": "AU", "_layer": "mrds"}}, {"type": "Feature", "geometry": {"type": "Point", "coordinates": [-120.3888, 38.00521]}, "properties": {"dep_id": "10238581", "site_name": "Lazer", "dev_stat": "Past Producer", "fips_code": "f06109", "huc_code": "h18040009", "quad_code": "q39122SEE4", "url": "https://mrdata.usgs.gov/mrds/show-mrds.php?dep_id=10238581", "code_list": "AU", "_layer": "mrds"}}, {"type": "Feature", "geometry": {"type": "Point", "coordinates": [-120.4035, 38.01631]}, "properties": {"dep_id": "10238607", "site_name": "Engler Lime Company", "dev_stat": "Past Producer", "fips_code": "f06109", "huc_code": "h18040010", "quad_code": "q39122SEE4", "url": "https://mrdata.usgs.gov/mrds/show-mrds.php?dep_id=10238607", "code_list": "STN_C", "_layer": "mrds"}}, {"type": "Feature", "geometry": {"type": "Point", "coordinates": [-120.4521, 37.93382]}, "properties": {"dep_id": "10238619", "site_name": "McKinley", "dev_stat": "Unknown", "fips_code": "f06109", "huc_code": "h18040009", "quad_code": "q38122NEE1", "url": "https://mrdata.usgs.gov/mrds/show-mrds.php?dep_id=10238619", "code_list": "AU AG", "_layer": "mrds"}}, {"type": "Feature", "geometry": {"type": "Point", "coordinates": [-120.4596, 37.97181]}, "properties": {"dep_id": "10238648", "site_name": "Alameda", "dev_stat": "Occurrence", "fips_code": "f06109", "huc_code": "h18040010", "quad_code": "q38122NEE1", "url": "https://mrdata.usgs.gov/mrds/show-mrds.php?dep_id=10238648", "code_list": "AU", "_layer": "mrds"}}, {"type": "Feature", "geometry": {"type": "Point", "coordinates": [-120.426, 38.00071]}, "properties": {"dep_id": "10238789", "site_name": "Empire Gravel Mine", "dev_stat": "Unknown", "fips_code": "f06109", "huc_code": "h18040010", "quad_code": "q39122SEE4", "url": "https://mrdata.usgs.gov/mrds/show-mrds.php?dep_id=10238789", "code_list": "AU", "_layer": "mrds"}}, {"type": "Feature", "geometry": {"type": "Point", "coordinates": [-120.3263, 38.03821]}, "properties": {"dep_id": "10238822", "site_name": "Powhattan", "dev_stat": "Unknown", "fips_code": "f06109", "huc_code": "h18040009", "quad_code": "q39122SEF4", "url": "https://mrdata.usgs.gov/mrds/show-mrds.php?dep_id=10238822", "code_list": "AU", "_layer": "mrds"}}, {"type": "Feature", "geometry": {"type": "Point", "coordinates": [-120.4527, 37.99271]}, "properties": {"dep_id": "10238827", "site_name": "Madrid", "dev_stat": "Unknown", "fips_code": "f06109", "huc_code": "h18040010", "quad_code": "q38122NEE1", "url": "https://mrdata.usgs.gov/mrds/show-mrds.php?dep_id=10238827", "code_list": "AU", "_layer": "mrds"}}, {"type": "Feature", "geometry": {"type": "Point", "coordinates": [-120.3943, 37.99491]}, "properties": {"dep_id": "10238830", "site_name": "Kaiser", "dev_stat": "Unknown", "fips_code": "f06109", "huc_code": "h18040009", "quad_code": "q38122NEE1", "url": "https://mrdata.usgs.gov/mrds/show-mrds.php?dep_id=10238830", "code_list": "AU", "_layer": "mrds"}}, {"type": "Feature", "geometry": {"type": "Point", "coordinates": [-120.3888, 37.92632]}, "properties": {"dep_id": "10238947", "site_name": "Rize Cam", "dev_stat": "Unknown", "fips_code": "f06109", "huc_code": "h18040009", "quad_code": "q38122NEE1", "url": "https://mrdata.usgs.gov/mrds/show-mrds.php?dep_id=10238947", "code_list": "AU", "_layer": "mrds"}}, {"type": "Feature", "geometry": {"type": "Point", "coordinates": [-120.3743, 37.92322]}, "properties": {"dep_id": "10239041", "site_name": "Unidentified Workings", "dev_stat": "Unknown", "fips_code": "f06109", "huc_code": "h18040009", "quad_code": "q38122NEF1", "url": "https://mrdata.usgs.gov/mrds/show-mrds.php?dep_id=10239041", "code_list": "AU", "_layer": "mrds"}}, {"type": "Feature", "geometry": {"type": "Point", "coordinates": [-120.476, 37.98821]}, "properties": {"dep_id": "10239062", "site_name": "Black Slate", "dev_stat": "Unknown", "fips_code": "f06109", "huc_code": "h18040010", "quad_code": "q38122NEE1", "url": "https://mrdata.usgs.gov/mrds/show-mrds.php?dep_id=10239062", "code_list": "AU", "_layer": "mrds"}}, {"type": "Feature", "geometry": {"type": "Point", "coordinates": [-120.4588, 37.97021]}, "properties": {"dep_id": "10256653", "site_name": "Isabella and Gem", "dev_stat": "Unknown", "fips_code": "f06109", "huc_code": "h18040010", "quad_code": "q38122NEE1", "url": "https://mrdata.usgs.gov/mrds/show-mrds.php?dep_id=10256653", "code_list": "AU", "_layer": "mrds"}}, {"type": "Feature", "geometry": {"type": "Point", "coordinates": [-120.4163, 37.91382]}, "properties": {"dep_id": "10262888", "site_name": "Julian", "dev_stat": "Unknown", "fips_code": "f06109", "huc_code": "h18040009", "quad_code": "q38122NEE1", "url": "https://mrdata.usgs.gov/mrds/show-mrds.php?dep_id=10262888", "code_list": "AU", "_layer": "mrds"}}, {"type": "Feature", "geometry": {"type": "Point", "coordinates": [-120.3277, 38.03741]}, "properties": {"dep_id": "10262898", "site_name": "Maitryeau", "dev_stat": "Occurrence", "fips_code": "f06109", "huc_code": "h18040009", "quad_code": "q39122SEF4", "url": "https://mrdata.usgs.gov/mrds/show-mrds.php?dep_id=10262898", "code_list": "AU", "_layer": "mrds"}}, {"type": "Feature", "geometry": {"type": "Point", "coordinates": [-120.4838, 37.98101]}, "properties": {"dep_id": "10262910", "site_name": "Toledo", "dev_stat": "Unknown", "fips_code": "f06109", "huc_code": "h18040010", "quad_code": "q38122NEE1", "url": "https://mrdata.usgs.gov/mrds/show-mrds.php?dep_id=10262910", "code_list": "AU", "_layer": "mrds"}}, {"type": "Feature", "geometry": {"type": "Point", "coordinates": [-120.3913, 38.01991]}, "properties": {"dep_id": "10262931", "site_name": "Trolese", "dev_stat": "Unknown", "fips_code": "f06109", "huc_code": "h18040009", "quad_code": "q39122SEE4", "url": "https://mrdata.usgs.gov/mrds/show-mrds.php?dep_id=10262931", "code_list": "AU", "_layer": "mrds"}}, {"type": "Feature", "geometry": {"type": "Point", "coordinates": [-120.4429, 38.04131]}, "properties": {"dep_id": "10262948", "site_name": "Republic", "dev_stat": "Unknown", "fips_code": "f06109", "huc_code": "h18040010", "quad_code": "q39122SEE4", "url": "https://mrdata.usgs.gov/mrds/show-mrds.php?dep_id=10262948", "code_list": "AU", "_layer": "mrds"}}, {"type": "Feature", "geometry": {"type": "Point", "coordinates": [-120.4454, 38.02241]}, "properties": {"dep_id": "10263054", "site_name": "Hard To Find", "dev_stat": "Past Producer", "fips_code": "f06109", "huc_code": "h18040010", "quad_code": "q39122SEE4", "url": "https://mrdata.usgs.gov/mrds/show-mrds.php?dep_id=10263054", "code_list": "AU CU AG", "_layer": "mrds"}}, {"type": "Feature", "geometry": {"type": "Point", "coordinates": [-120.4191, 37.94882]}, "properties": {"dep_id": "10263180", "site_name": "Farmington", "dev_stat": "Past Producer", "fips_code": "f06109", "huc_code": "h18040009", "quad_code": "q38122NEE1", "url": "https://mrdata.usgs.gov/mrds/show-mrds.php?dep_id=10263180", "code_list": "AU", "_layer": "mrds"}}, {"type": "Feature", "geometry": {"type": "Point", "coordinates": [-120.4277, 38.00711]}, "properties": {"dep_id": "10263235", "site_name": "Saratoga", "dev_stat": "Unknown", "fips_code": "f06109", "huc_code": "h18040010", "quad_code": "q39122SEE4", "url": "https://mrdata.usgs.gov/mrds/show-mrds.php?dep_id=10263235", "code_list": "AU", "_layer": "mrds"}}, {"type": "Feature", "geometry": {"type": "Point", "coordinates": [-120.381, 37.99271]}, "properties": {"dep_id": "10263262", "site_name": "Franklin", "dev_stat": "Occurrence", "fips_code": "f06109", "huc_code": "h18040009", "quad_code": "q38122NEE1", "url": "https://mrdata.usgs.gov/mrds/show-mrds.php?dep_id=10263262", "code_list": "AU", "_layer": "mrds"}}, {"type": "Feature", "geometry": {"type": "Point", "coordinates": [-120.3893, 37.98571]}, "properties": {"dep_id": "10263330", "site_name": "Mansfield", "dev_stat": "Past Producer", "fips_code": "f06109", "huc_code": "h18040009", "quad_code": "q38122NEE1", "url": "https://mrdata.usgs.gov/mrds/show-mrds.php?dep_id=10263330", "code_list": "AU AG", "_layer": "mrds"}}, {"type": "Feature", "geometry": {"type": "Point", "coordinates": [-120.4777, 37.99711]}, "properties": {"dep_id": "10263359", "site_name": "Chileno", "dev_stat": "Occurrence", "fips_code": "f06109", "huc_code": "h18040010", "quad_code": "q38122NEE1", "url": "https://mrdata.usgs.gov/mrds/show-mrds.php?dep_id=10263359", "code_list": "AU", "_layer": "mrds"}}, {"type": "Feature", "geometry": {"type": "Point", "coordinates": [-120.3841, 38.03961]}, "properties": {"dep_id": "10263366", "site_name": "Yours Truly", "dev_stat": "Unknown", "fips_code": "f06109", "huc_code": "h18040009", "quad_code": "q39122SEE4", "url": "https://mrdata.usgs.gov/mrds/show-mrds.php?dep_id=10263366", "code_list": "AU", "_layer": "mrds"}}, {"type": "Feature", "geometry": {"type": "Point", "coordinates": [-120.4179, 38.06571]}, "properties": {"dep_id": "10263424", "site_name": "Blue Mountian Quarry", "dev_stat": "Producer", "fips_code": "f06109", "huc_code": "h18040010", "quad_code": "q39122SEE4", "url": "https://mrdata.usgs.gov/mrds/show-mrds.php?dep_id=10263424", "code_list": "LST", "_layer": "mrds"}}, {"type": "Feature", "geometry": {"type": "Point", "coordinates": [-120.4229, 38.01181]}, "properties": {"dep_id": "10263478", "site_name": "Jefferson", "dev_stat": "Unknown", "fips_code": "f06109", "huc_code": "h18040010", "quad_code": "q39122SEE4", "url": "https://mrdata.usgs.gov/mrds/show-mrds.php?dep_id=10263478", "code_list": "AU", "_layer": "mrds"}}, {"type": "Feature", "geometry": {"type": "Point", "coordinates": [-120.4149, 38.01431]}, "properties": {"dep_id": "10263559", "site_name": "Raging Canal", "dev_stat": "Unknown", "fips_code": "f06109", "huc_code": "h18040010", "quad_code": "q39122SEE4", "url": "https://mrdata.usgs.gov/mrds/show-mrds.php?dep_id=10263559", "code_list": "AU", "_layer": "mrds"}}, {"type": "Feature", "geometry": {"type": "Point", "coordinates": [-120.351, 38.05551]}, "properties": {"dep_id": "10281570", "site_name": "Jolly Travelers Sady", "dev_stat": "Occurrence", "fips_code": "f06109", "huc_code": "h18040009", "quad_code": "q39122SEF4", "url": "https://mrdata.usgs.gov/mrds/show-mrds.php?dep_id=10281570", "code_list": "AU AG", "_layer": "mrds"}}, {"type": "Feature", "geometry": {"type": "Point", "coordinates": [-120.4618, 37.99021]}, "properties": {"dep_id": "10287240", "site_name": "East Lode", "dev_stat": "Unknown", "fips_code": "f06109", "huc_code": "h18040010", "quad_code": "q38122NEE1", "url": "https://mrdata.usgs.gov/mrds/show-mrds.php?dep_id=10287240", "code_list": "AU", "_layer": "mrds"}}, {"type": "Feature", "geometry": {"type": "Point", "coordinates": [-120.4532, 37.98551]}, "properties": {"dep_id": "10287296", "site_name": "Anti-Chinese", "dev_stat": "Unknown", "fips_code": "f06109", "huc_code": "h18040010", "quad_code": "q38122NEE1", "url": "https://mrdata.usgs.gov/mrds/show-mrds.php?dep_id=10287296", "code_list": "AU", "_layer": "mrds"}}, {"type": "Feature", "geometry": {"type": "Point", "coordinates": [-120.4718, 37.99241]}, "properties": {"dep_id": "10287407", "site_name": "Lead", "dev_stat": "Unknown", "fips_code": "f06109", "huc_code": "h18040010", "quad_code": "q38122NEE1", "url": "https://mrdata.usgs.gov/mrds/show-mrds.php?dep_id=10287407", "code_list": "AU PB", "_layer": "mrds"}}, {"type": "Feature", "geometry": {"type": "Point", "coordinates": [-120.4066, 37.96022]}, "properties": {"dep_id": "10287468", "site_name": "Valponi", "dev_stat": "Unknown", "fips_code": "f06109", "huc_code": "h18040009", "quad_code": "q38122NEE1", "url": "https://mrdata.usgs.gov/mrds/show-mrds.php?dep_id=10287468", "code_list": "AU", "_layer": "mrds"}}, {"type": "Feature", "geometry": {"type": "Point", "coordinates": [-120.4357, 38.00661]}, "properties": {"dep_id": "10287470", "site_name": "Rising Sun", "dev_stat": "Unknown", "fips_code": "f06109", "huc_code": "h18040010", "quad_code": "q39122SEE4", "url": "https://mrdata.usgs.gov/mrds/show-mrds.php?dep_id=10287470", "code_list": "AU", "_layer": "mrds"}}, {"type": "Feature", "geometry": {"type": "Point", "coordinates": [-120.4321, 37.94022]}, "properties": {"dep_id": "10287541", "site_name": "Vulture", "dev_stat": "Unknown", "fips_code": "f06109", "huc_code": "h18040009", "quad_code": "q38122NEE1", "url": "https://mrdata.usgs.gov/mrds/show-mrds.php?dep_id=10287541", "code_list": "AU", "_layer": "mrds"}}, {"type": "Feature", "geometry": {"type": "Point", "coordinates": [-120.4335, 37.97771]}, "properties": {"dep_id": "10287616", "site_name": "Florence", "dev_stat": "Unknown", "fips_code": "f06109", "huc_code": "h18040009", "quad_code": "q38122NEE1", "url": "https://mrdata.usgs.gov/mrds/show-mrds.php?dep_id=10287616", "code_list": "AU", "_layer": "mrds"}}, {"type": "Feature", "geometry": {"type": "Point", "coordinates": [-120.4352, 38.04161]}, "properties": {"dep_id": "10287656", "site_name": "Morgan", "dev_stat": "Past Producer", "fips_code": "f06109", "huc_code": "h18040010", "quad_code": "q39122SEE4", "url": "https://mrdata.usgs.gov/mrds/show-mrds.php?dep_id=10287656", "code_list": "GRF", "_layer": "mrds"}}, {"type": "Feature", "geometry": {"type": "Point", "coordinates": [-120.4277, 38.07301]}, "properties": {"dep_id": "10287704", "site_name": "White Lead Gravel", "dev_stat": "Occurrence", "fips_code": "f06009", "huc_code": "h18040010", "quad_code": "q39122SEE4", "url": "https://mrdata.usgs.gov/mrds/show-mrds.php?dep_id=10287704", "code_list": "SN AU", "_layer": "mrds"}}, {"type": "Feature", "geometry": {"type": "Point", "coordinates": [-120.3488, 38.07161]}, "properties": {"dep_id": "10287714", "site_name": "Five Mile # 2", "dev_stat": "Past Producer", "fips_code": "f06109", "huc_code": "h18040010", "quad_code": "q39122SEF4", "url": "https://mrdata.usgs.gov/mrds/show-mrds.php?dep_id=10287714", "code_list": "AU", "_layer": "mrds"}}, {"type": "Feature", "geometry": {"type": "Point", "coordinates": [-120.4402, 37.95521]}, "properties": {"dep_id": "10287751", "site_name": "Little Alabama", "dev_stat": "Unknown", "fips_code": "f06109", "huc_code": "h18040009", "quad_code": "q38122NEE1", "url": "https://mrdata.usgs.gov/mrds/show-mrds.php?dep_id=10287751", "code_list": "AU", "_layer": "mrds"}}, {"type": "Feature", "geometry": {"type": "Point", "coordinates": [-120.4071, 38.04801]}, "properties": {"dep_id": "10287794", "site_name": "Gold Springs Placer", "dev_stat": "Unknown", "fips_code": "f06109", "huc_code": "h18040010", "quad_code": "q39122SEE4", "url": "https://mrdata.usgs.gov/mrds/show-mrds.php?dep_id=10287794", "code_list": "AU", "_layer": "mrds"}}, {"type": "Feature", "geometry": {"type": "Point", "coordinates": [-120.3907, 38.05461]}, "properties": {"dep_id": "10287840", "site_name": "Reservoir", "dev_stat": "Occurrence", "fips_code": "f06109", "huc_code": "h18040010", "quad_code": "q39122SEE4", "url": "https://mrdata.usgs.gov/mrds/show-mrds.php?dep_id=10287840", "code_list": "AU", "_layer": "mrds"}}, {"type": "Feature", "geometry": {"type": "Point", "coordinates": [-120.4246, 38.03571]}, "properties": {"dep_id": "10287881", "site_name": "Springfield Drift Mine", "dev_stat": "Past Producer", "fips_code": "f06109", "huc_code": "h18040010", "quad_code": "q39122SEE4", "url": "https://mrdata.usgs.gov/mrds/show-mrds.php?dep_id=10287881", "code_list": "AU", "_layer": "mrds"}}, {"type": "Feature", "geometry": {"type": "Point", "coordinates": [-120.4182, 38.06301]}, "properties": {"dep_id": "10287886", "site_name": "Bell", "dev_stat": "Unknown", "fips_code": "f06109", "huc_code": "h18040010", "quad_code": "q39122SEE4", "url": "https://mrdata.usgs.gov/mrds/show-mrds.php?dep_id=10287886", "code_list": "AU", "_layer": "mrds"}}, {"type": "Feature", "geometry": {"type": "Point", "coordinates": [-120.4224, 38.00631]}, "properties": {"dep_id": "10304502", "site_name": "Slip Up", "dev_stat": "Unknown", "fips_code": "f06109", "huc_code": "h18040010", "quad_code": "q39122SEE4", "url": "https://mrdata.usgs.gov/mrds/show-mrds.php?dep_id=10304502", "code_list": "AU", "_layer": "mrds"}}, {"type": "Feature", "geometry": {"type": "Point", "coordinates": [-120.2646, 37.82548]}, "properties": {"dep_id": "10077924", "site_name": "Golden Star", "dev_stat": "Past Producer", "fips_code": "f06109", "huc_code": "h18040009", "quad_code": "q38122NEF2", "url": "https://mrdata.usgs.gov/mrds/show-mrds.php?dep_id=10077924", "code_list": "AU", "_layer": "mrds"}}, {"type": "Feature", "geometry": {"type": "Point", "coordinates": [-120.26683, 37.88659]}, "properties": {"dep_id": "10077952", "site_name": "Russell Telegraph", "dev_stat": "Producer", "fips_code": "f06109", "huc_code": "h18040009", "quad_code": "q38122NEF1", "url": "https://mrdata.usgs.gov/mrds/show-mrds.php?dep_id=10077952", "code_list": "AU", "_layer": "mrds"}}, {"type": "Feature", "geometry": {"type": "Point", "coordinates": [-120.2296, 37.84242]}, "properties": {"dep_id": "10077956", "site_name": "La Guria", "dev_stat": "Past Producer", "fips_code": "f06109", "huc_code": "h18040009", "quad_code": "q38122NEG2", "url": "https://mrdata.usgs.gov/mrds/show-mrds.php?dep_id=10077956", "code_list": "AU", "_layer": "mrds"}}, {"type": "Feature", "geometry": {"type": "Point", "coordinates": [-120.20405, 37.93075]}, "properties": {"dep_id": "10077970", "site_name": "Spring Gulch", "dev_stat": "Past Producer", "fips_code": "f06109", "huc_code": "h18040009", "quad_code": "q38122NEG1", "url": "https://mrdata.usgs.gov/mrds/show-mrds.php?dep_id=10077970", "code_list": "AU", "_layer": "mrds"}}, {"type": "Feature", "geometry": {"type": "Point", "coordinates": [-120.19182, 37.9152]}, "properties": {"dep_id": "10077971", "site_name": "Buchanan", "dev_stat": "Past Producer", "fips_code": "f06109", "huc_code": "h18040009", "quad_code": "q38122NEG1", "url": "https://mrdata.usgs.gov/mrds/show-mrds.php?dep_id=10077971", "code_list": "AU", "_layer": "mrds"}}, {"type": "Feature", "geometry": {"type": "Point", "coordinates": [-120.26155, 37.82631]}, "properties": {"dep_id": "10103051", "site_name": "Abbie L.", "dev_stat": "Past Producer", "fips_code": "f06109", "huc_code": "h18040009", "quad_code": "q38122NEF2", "url": "https://mrdata.usgs.gov/mrds/show-mrds.php?dep_id=10103051", "code_list": "AU", "_layer": "mrds"}}, {"type": "Feature", "geometry": {"type": "Point", "coordinates": [-120.25016, 37.81853]}, "properties": {"dep_id": "10103052", "site_name": "Banner", "dev_stat": "Past Producer", "fips_code": "f06109", "huc_code": "h18040009", "quad_code": "q38122NEF2", "url": "https://mrdata.usgs.gov/mrds/show-mrds.php?dep_id=10103052", "code_list": "AU", "_layer": "mrds"}}, {"type": "Feature", "geometry": {"type": "Point", "coordinates": [-120.296, 37.89853]}, "properties": {"dep_id": "10109433", "site_name": "Fitzgerald", "dev_stat": "Producer", "fips_code": "f06109", "huc_code": "h18040009", "quad_code": "q38122NEF1", "url": "https://mrdata.usgs.gov/mrds/show-mrds.php?dep_id=10109433", "code_list": "AU", "_layer": "mrds"}}, {"type": "Feature", "geometry": {"type": "Point", "coordinates": [-120.31183, 37.82409]}, "properties": {"dep_id": "10109466", "site_name": "Union", "dev_stat": "Producer", "fips_code": "f06109", "huc_code": "h18040009", "quad_code": "q38122NEF2", "url": "https://mrdata.usgs.gov/mrds/show-mrds.php?dep_id=10109466", "code_list": "AU", "_layer": "mrds"}}, {"type": "Feature", "geometry": {"type": "Point", "coordinates": [-120.2982, 37.81742]}, "properties": {"dep_id": "10117110", "site_name": "D:Albergaria", "dev_stat": "Unknown", "fips_code": "f06109", "huc_code": "h18040009", "quad_code": "q38122NEF2", "url": "https://mrdata.usgs.gov/mrds/show-mrds.php?dep_id=10117110", "code_list": "AU", "_layer": "mrds"}}, {"type": "Feature", "geometry": {"type": "Point", "coordinates": [-120.18629, 37.88522]}, "properties": {"dep_id": "10117461", "site_name": "Duleek Mine", "dev_stat": "Past Producer", "fips_code": "f06109", "huc_code": "h18040009", "quad_code": "q38122NEG1", "url": "https://mrdata.usgs.gov/mrds/show-mrds.php?dep_id=10117461", "code_list": "AU CU AG", "_layer": "mrds"}}, {"type": "Feature", "geometry": {"type": "Point", "coordinates": [-120.2882, 37.88712]}, "properties": {"dep_id": "10117810", "site_name": "Free Lance", "dev_stat": "Unknown", "fips_code": "f06109", "huc_code": "h18040009", "quad_code": "q38122NEF1", "url": "https://mrdata.usgs.gov/mrds/show-mrds.php?dep_id=10117810", "code_list": "AU", "_layer": "mrds"}}, {"type": "Feature", "geometry": {"type": "Point", "coordinates": [-120.19349, 37.91382]}, "properties": {"dep_id": "10117828", "site_name": "Elk", "dev_stat": "Occurrence", "fips_code": "f06109", "huc_code": "h18040009", "quad_code": "q38122NEG1", "url": "https://mrdata.usgs.gov/mrds/show-mrds.php?dep_id=10117828", "code_list": "AU", "_layer": "mrds"}}, {"type": "Feature", "geometry": {"type": "Point", "coordinates": [-120.29019, 37.79852]}, "properties": {"dep_id": "10117840", "site_name": "Little Comstock", "dev_stat": "Unknown", "fips_code": "f06109", "huc_code": "h18040009", "quad_code": "q38122NEF2", "url": "https://mrdata.usgs.gov/mrds/show-mrds.php?dep_id=10117840", "code_list": "AU", "_layer": "mrds"}}, {"type": "Feature", "geometry": {"type": "Point", "coordinates": [-120.21709, 37.84132]}, "properties": {"dep_id": "10117881", "site_name": "Reported Occurance", "dev_stat": "Occurrence", "fips_code": "f06109", "huc_code": "h18040009", "quad_code": "q38122NEG2", "url": "https://mrdata.usgs.gov/mrds/show-mrds.php?dep_id=10117881", "code_list": "GYP", "_layer": "mrds"}}, {"type": "Feature", "geometry": {"type": "Point", "coordinates": [-120.26039, 37.79772]}, "properties": {"dep_id": "10141237", "site_name": "Contact", "dev_stat": "Occurrence", "fips_code": "f06109", "huc_code": "h18040009", "quad_code": "q38122NEF2", "url": "https://mrdata.usgs.gov/mrds/show-mrds.php?dep_id=10141237", "code_list": "AU", "_layer": "mrds"}}, {"type": "Feature", "geometry": {"type": "Point", "coordinates": [-120.27039, 37.83182]}, "properties": {"dep_id": "10141265", "site_name": "Silken", "dev_stat": "Unknown", "fips_code": "f06109", "huc_code": "h18040009", "quad_code": "q38122NEF2", "url": "https://mrdata.usgs.gov/mrds/show-mrds.php?dep_id=10141265", "code_list": "AU", "_layer": "mrds"}}, {"type": "Feature", "geometry": {"type": "Point", "coordinates": [-120.24769, 37.75962]}, "properties": {"dep_id": "10141269", "site_name": "Fleming", "dev_stat": "Occurrence", "fips_code": "f06109", "huc_code": "h18040009", "quad_code": "q38122NEG2", "url": "https://mrdata.usgs.gov/mrds/show-mrds.php?dep_id=10141269", "code_list": "AU", "_layer": "mrds"}}, {"type": "Feature", "geometry": {"type": "Point", "coordinates": [-120.2693, 37.91822]}, "properties": {"dep_id": "10141358", "site_name": "Poison Oak", "dev_stat": "Unknown", "fips_code": "f06109", "huc_code": "h18040009", "quad_code": "q38122NEF1", "url": "https://mrdata.usgs.gov/mrds/show-mrds.php?dep_id=10141358", "code_list": "AU", "_layer": "mrds"}}, {"type": "Feature", "geometry": {"type": "Point", "coordinates": [-120.2621, 37.90052]}, "properties": {"dep_id": "10141668", "site_name": "Sunnyside Mine", "dev_stat": "Prospect", "fips_code": "f06109", "huc_code": "h18040009", "quad_code": "q38122NEF1", "url": "https://mrdata.usgs.gov/mrds/show-mrds.php?dep_id=10141668", "code_list": "AU", "_layer": "mrds"}}, {"type": "Feature", "geometry": {"type": "Point", "coordinates": [-120.25099, 37.81712]}, "properties": {"dep_id": "10141763", "site_name": "Four Oaks", "dev_stat": "Occurrence", "fips_code": "f06109", "huc_code": "h18040009", "quad_code": "q38122NEF2", "url": "https://mrdata.usgs.gov/mrds/show-mrds.php?dep_id=10141763", "code_list": "AU", "_layer": "mrds"}}, {"type": "Feature", "geometry": {"type": "Point", "coordinates": [-120.2904, 37.94412]}, "properties": {"dep_id": "10141772", "site_name": "Sonora Granite Company", "dev_stat": "Occurrence", "fips_code": "f06109", "huc_code": "h18040009", "quad_code": "q38122NEF1", "url": "https://mrdata.usgs.gov/mrds/show-mrds.php?dep_id=10141772", "code_list": "STN", "_layer": "mrds"}}, {"type": "Feature", "geometry": {"type": "Point", "coordinates": [-120.21489, 37.94242]}, "properties": {"dep_id": "10141954", "site_name": "New Year", "dev_stat": "Occurrence", "fips_code": "f06109", "huc_code": "h18040009", "quad_code": "q38122NEG1", "url": "https://mrdata.usgs.gov/mrds/show-mrds.php?dep_id=10141954", "code_list": "AU", "_layer": "mrds"}}, {"type": "Feature", "geometry": {"type": "Point", "coordinates": [-120.2699, 37.90052]}, "properties": {"dep_id": "10141971", "site_name": "Pine Nut Prospect", "dev_stat": "Prospect", "fips_code": "f06109", "huc_code": "h18040009", "quad_code": "q38122NEF1", "url": "https://mrdata.usgs.gov/mrds/show-mrds.php?dep_id=10141971", "code_list": "AU", "_layer": "mrds"}}, {"type": "Feature", "geometry": {"type": "Point", "coordinates": [-120.2891, 37.88772]}, "properties": {"dep_id": "10165631", "site_name": "Free Lance Extension 4", "dev_stat": "Unknown", "fips_code": "f06109", "huc_code": "h18040009", "quad_code": "q38122NEF1", "url": "https://mrdata.usgs.gov/mrds/show-mrds.php?dep_id=10165631", "code_list": "AU", "_layer": "mrds"}}, {"type": "Feature", "geometry": {"type": "Point", "coordinates": [-120.24129, 37.83992]}, "properties": {"dep_id": "10165691", "site_name": "Nonsma", "dev_stat": "Occurrence", "fips_code": "f06109", "huc_code": "h18040009", "quad_code": "q38122NEG2", "url": "https://mrdata.usgs.gov/mrds/show-mrds.php?dep_id=10165691", "code_list": "AU", "_layer": "mrds"}}, {"type": "Feature", "geometry": {"type": "Point", "coordinates": [-120.29379, 37.79572]}, "properties": {"dep_id": "10165843", "site_name": "Unidentified Pit", "dev_stat": "Unknown", "fips_code": "f06109", "huc_code": "h18040009", "quad_code": "q38122NEF2", "url": "https://mrdata.usgs.gov/mrds/show-mrds.php?dep_id=10165843", "code_list": "SDG", "_layer": "mrds"}}, {"type": "Feature", "geometry": {"type": "Point", "coordinates": [-120.26269, 37.83052]}, "properties": {"dep_id": "10166011", "site_name": "Champion", "dev_stat": "Occurrence", "fips_code": "f06109", "huc_code": "h18040009", "quad_code": "q38122NEF2", "url": "https://mrdata.usgs.gov/mrds/show-mrds.php?dep_id=10166011", "code_list": "AU", "_layer": "mrds"}}, {"type": "Feature", "geometry": {"type": "Point", "coordinates": [-120.26209, 37.82242]}, "properties": {"dep_id": "10166211", "site_name": "Moody", "dev_stat": "Occurrence", "fips_code": "f06109", "huc_code": "h18040009", "quad_code": "q38122NEF2", "url": "https://mrdata.usgs.gov/mrds/show-mrds.php?dep_id=10166211", "code_list": "AU", "_layer": "mrds"}}, {"type": "Feature", "geometry": {"type": "Point", "coordinates": [-120.21599, 37.92322]}, "properties": {"dep_id": "10190034", "site_name": "Anderson", "dev_stat": "Occurrence", "fips_code": "f06109", "huc_code": "h18040009", "quad_code": "q38122NEG1", "url": "https://mrdata.usgs.gov/mrds/show-mrds.php?dep_id=10190034", "code_list": "AU", "_layer": "mrds"}}, {"type": "Feature", "geometry": {"type": "Point", "coordinates": [-120.2849, 37.87882]}, "properties": {"dep_id": "10190051", "site_name": "Oversight", "dev_stat": "Unknown", "fips_code": "f06109", "huc_code": "h18040009", "quad_code": "q38122NEF1", "url": "https://mrdata.usgs.gov/mrds/show-mrds.php?dep_id=10190051", "code_list": "AU", "_layer": "mrds"}}, {"type": "Feature", "geometry": {"type": "Point", "coordinates": [-120.26769, 37.81802]}, "properties": {"dep_id": "10190125", "site_name": "Abbie L", "dev_stat": "Occurrence", "fips_code": "f06109", "huc_code": "h18040009", "quad_code": "q38122NEF2", "url": "https://mrdata.usgs.gov/mrds/show-mrds.php?dep_id=10190125", "code_list": "AU", "_layer": "mrds"}}, {"type": "Feature", "geometry": {"type": "Point", "coordinates": [-120.22769, 37.93602]}, "properties": {"dep_id": "10190276", "site_name": "Goldwin Cons", "dev_stat": "Occurrence", "fips_code": "f06109", "huc_code": "h18040009", "quad_code": "q38122NEG1", "url": "https://mrdata.usgs.gov/mrds/show-mrds.php?dep_id=10190276", "code_list": "AU", "_layer": "mrds"}}, {"type": "Feature", "geometry": {"type": "Point", "coordinates": [-120.21239, 37.89852]}, "properties": {"dep_id": "10190501", "site_name": "River Bend Mine", "dev_stat": "Prospect", "fips_code": "f06109", "huc_code": "h18040009", "quad_code": "q38122NEG1", "url": "https://mrdata.usgs.gov/mrds/show-mrds.php?dep_id=10190501", "code_list": "AU AG", "_layer": "mrds"}}, {"type": "Feature", "geometry": {"type": "Point", "coordinates": [-120.21989, 37.90022]}, "properties": {"dep_id": "10190557", "site_name": "Alpine Mine", "dev_stat": "Prospect", "fips_code": "f06109", "huc_code": "h18040009", "quad_code": "q38122NEG1", "url": "https://mrdata.usgs.gov/mrds/show-mrds.php?dep_id=10190557", "code_list": "AU", "_layer": "mrds"}}, {"type": "Feature", "geometry": {"type": "Point", "coordinates": [-120.2582, 37.88602]}, "properties": {"dep_id": "10190663", "site_name": "Goodnov Quarzt Vein", "dev_stat": "Occurrence", "fips_code": "f06109", "huc_code": "h18040009", "quad_code": "q38122NEF1", "url": "https://mrdata.usgs.gov/mrds/show-mrds.php?dep_id=10190663", "code_list": "AU", "_layer": "mrds"}}, {"type": "Feature", "geometry": {"type": "Point", "coordinates": [-120.26159, 37.77992]}, "properties": {"dep_id": "10214849", "site_name": "Golden Key Cons", "dev_stat": "Occurrence", "fips_code": "f06109", "huc_code": "h18040009", "quad_code": "q38122NEF2", "url": "https://mrdata.usgs.gov/mrds/show-mrds.php?dep_id=10214849", "code_list": "AU", "_layer": "mrds"}}, {"type": "Feature", "geometry": {"type": "Point", "coordinates": [-120.25679, 37.81992]}, "properties": {"dep_id": "10238277", "site_name": "Mack", "dev_stat": "Occurrence", "fips_code": "f06109", "huc_code": "h18040009", "quad_code": "q38122NEF2", "url": "https://mrdata.usgs.gov/mrds/show-mrds.php?dep_id=10238277", "code_list": "AU", "_layer": "mrds"}}, {"type": "Feature", "geometry": {"type": "Point", "coordinates": [-120.21819, 37.83632]}, "properties": {"dep_id": "10238408", "site_name": "Mt Zion", "dev_stat": "Occurrence", "fips_code": "f06109", "huc_code": "h18040009", "quad_code": "q38122NEG2", "url": "https://mrdata.usgs.gov/mrds/show-mrds.php?dep_id=10238408", "code_list": "AU", "_layer": "mrds"}}, {"type": "Feature", "geometry": {"type": "Point", "coordinates": [-120.2324, 37.94802]}, "properties": {"dep_id": "10238438", "site_name": "Worchester", "dev_stat": "Occurrence", "fips_code": "f06109", "huc_code": "h18040009", "quad_code": "q38122NEG1", "url": "https://mrdata.usgs.gov/mrds/show-mrds.php?dep_id=10238438", "code_list": "AU", "_layer": "mrds"}}, {"type": "Feature", "geometry": {"type": "Point", "coordinates": [-120.24209, 37.91462]}, "properties": {"dep_id": "10238535", "site_name": "Rough and Ready Prospect", "dev_stat": "Prospect", "fips_code": "f06109", "huc_code": "h18040009", "quad_code": "q38122NEG1", "url": "https://mrdata.usgs.gov/mrds/show-mrds.php?dep_id=10238535", "code_list": "AU AG", "_layer": "mrds"}}, {"type": "Feature", "geometry": {"type": "Point", "coordinates": [-120.26539, 37.81022]}, "properties": {"dep_id": "10238560", "site_name": "Unidentified", "dev_stat": "Unknown", "fips_code": "f06109", "huc_code": "h18040009", "quad_code": "q38122NEF2", "url": "https://mrdata.usgs.gov/mrds/show-mrds.php?dep_id=10238560", "code_list": "SDG", "_layer": "mrds"}}, {"type": "Feature", "geometry": {"type": "Point", "coordinates": [-120.26959, 37.82852]}, "properties": {"dep_id": "10239056", "site_name": "Paupers Dream", "dev_stat": "Unknown", "fips_code": "f06109", "huc_code": "h18040009", "quad_code": "q38122NEF2", "url": "https://mrdata.usgs.gov/mrds/show-mrds.php?dep_id=10239056", "code_list": "AU", "_layer": "mrds"}}, {"type": "Feature", "geometry": {"type": "Point", "coordinates": [-120.21459, 37.89682]}, "properties": {"dep_id": "10262786", "site_name": "Ellen Winton Mine", "dev_stat": "Past Producer", "fips_code": "f06109", "huc_code": "h18040009", "quad_code": "q38122NEG1", "url": "https://mrdata.usgs.gov/mrds/show-mrds.php?dep_id=10262786", "code_list": "AU AG", "_layer": "mrds"}}, {"type": "Feature", "geometry": {"type": "Point", "coordinates": [-120.22489, 37.86882]}, "properties": {"dep_id": "10263094", "site_name": "Pine Mountain Quarry", "dev_stat": "Producer", "fips_code": "f06109", "huc_code": "h18040009", "quad_code": "q38122NEG2", "url": "https://mrdata.usgs.gov/mrds/show-mrds.php?dep_id=10263094", "code_list": "STN_C", "_layer": "mrds"}}, {"type": "Feature", "geometry": {"type": "Point", "coordinates": [-120.22769, 37.83602]}, "properties": {"dep_id": "10263254", "site_name": "Del Monte", "dev_stat": "Occurrence", "fips_code": "f06109", "huc_code": "h18040009", "quad_code": "q38122NEG2", "url": "https://mrdata.usgs.gov/mrds/show-mrds.php?dep_id=10263254", "code_list": "AU", "_layer": "mrds"}}, {"type": "Feature", "geometry": {"type": "Point", "coordinates": [-120.25769, 37.77242]}, "properties": {"dep_id": "10263311", "site_name": "Moccasin", "dev_stat": "Occurrence", "fips_code": "f06109", "huc_code": "h18040009", "quad_code": "q38122NEF2", "url": "https://mrdata.usgs.gov/mrds/show-mrds.php?dep_id=10263311", "code_list": "AU", "_layer": "mrds"}}, {"type": "Feature", "geometry": {"type": "Point", "coordinates": [-120.22769, 37.90992]}, "properties": {"dep_id": "10263529", "site_name": "Cave Diggins Mine", "dev_stat": "Prospect", "fips_code": "f06109", "huc_code": "h18040009", "quad_code": "q38122NEG1", "url": "https://mrdata.usgs.gov/mrds/show-mrds.php?dep_id=10263529", "code_list": "AU", "_layer": "mrds"}}, {"type": "Feature", "geometry": {"type": "Point", "coordinates": [-120.24409, 37.82162]}, "properties": {"dep_id": "10287245", "site_name": "Benner", "dev_stat": "Occurrence", "fips_code": "f06109", "huc_code": "h18040009", "quad_code": "q38122NEG2", "url": "https://mrdata.usgs.gov/mrds/show-mrds.php?dep_id=10287245", "code_list": "AU", "_layer": "mrds"}}, {"type": "Feature", "geometry": {"type": "Point", "coordinates": [-120.25069, 37.81712]}, "properties": {"dep_id": "10287349", "site_name": "Brecknell", "dev_stat": "Occurrence", "fips_code": "f06109", "huc_code": "h18040009", "quad_code": "q38122NEF2", "url": "https://mrdata.usgs.gov/mrds/show-mrds.php?dep_id=10287349", "code_list": "AU", "_layer": "mrds"}}, {"type": "Feature", "geometry": {"type": "Point", "coordinates": [-120.25629, 37.82072]}, "properties": {"dep_id": "10287553", "site_name": "Morhman", "dev_stat": "Occurrence", "fips_code": "f06109", "huc_code": "h18040009", "quad_code": "q38122NEF2", "url": "https://mrdata.usgs.gov/mrds/show-mrds.php?dep_id=10287553", "code_list": "AU", "_layer": "mrds"}}, {"type": "Feature", "geometry": {"type": "Point", "coordinates": [-120.24039, 37.89492]}, "properties": {"dep_id": "10287587", "site_name": "Mary Ellen Mine", "dev_stat": "Prospect", "fips_code": "f06109", "huc_code": "h18040009", "quad_code": "q38122NEG1", "url": "https://mrdata.usgs.gov/mrds/show-mrds.php?dep_id=10287587", "code_list": "AU", "_layer": "mrds"}}, {"type": "Feature", "geometry": {"type": "Point", "coordinates": [-120.20789, 37.94522]}, "properties": {"dep_id": "10287593", "site_name": "Starr King", "dev_stat": "Occurrence", "fips_code": "f06109", "huc_code": "h18040009", "quad_code": "q38122NEG1", "url": "https://mrdata.usgs.gov/mrds/show-mrds.php?dep_id=10287593", "code_list": "AU", "_layer": "mrds"}}, {"type": "Feature", "geometry": {"type": "Point", "coordinates": [-120.25679, 37.83432]}, "properties": {"dep_id": "10287621", "site_name": "Golden Eagle", "dev_stat": "Occurrence", "fips_code": "f06109", "huc_code": "h18040009", "quad_code": "q38122NEF2", "url": "https://mrdata.usgs.gov/mrds/show-mrds.php?dep_id=10287621", "code_list": "AU", "_layer": "mrds"}}, {"type": "Feature", "geometry": {"type": "Point", "coordinates": [-120.24989, 37.81712]}, "properties": {"dep_id": "10287780", "site_name": "Quinn Claims", "dev_stat": "Occurrence", "fips_code": "f06109", "huc_code": "h18040009", "quad_code": "q38122NEG2", "url": "https://mrdata.usgs.gov/mrds/show-mrds.php?dep_id=10287780", "code_list": "AU", "_layer": "mrds"}}, {"type": "Feature", "geometry": {"type": "Point", "coordinates": [-120.34322, 37.76048]}, "properties": {"dep_id": "10077861", "site_name": "Hughes", "dev_stat": "Producer", "fips_code": "f06109", "huc_code": "h18040009", "quad_code": "q38122NEF2", "url": "https://mrdata.usgs.gov/mrds/show-mrds.php?dep_id=10077861", "code_list": "MN", "_layer": "mrds"}}, {"type": "Feature", "geometry": {"type": "Point", "coordinates": [-120.51211, 37.88186]}, "properties": {"dep_id": "10077864", "site_name": "Mccormick Mine", "dev_stat": "Producer", "fips_code": "f06109", "huc_code": "h18040010", "quad_code": "q38122NED1", "url": "https://mrdata.usgs.gov/mrds/show-mrds.php?dep_id=10077864", "code_list": "CR", "_layer": "mrds"}}, {"type": "Feature", "geometry": {"type": "Point", "coordinates": [-120.49989, 37.91964]}, "properties": {"dep_id": "10077865", "site_name": "Phoenix Mine", "dev_stat": "Producer", "fips_code": "f06109", "huc_code": "h18040010", "quad_code": "q38122NEE1", "url": "https://mrdata.usgs.gov/mrds/show-mrds.php?dep_id=10077865", "code_list": "CR", "_layer": "mrds"}}, {"type": "Feature", "geometry": {"type": "Point", "coordinates": [-120.50433, 37.90631]}, "properties": {"dep_id": "10077871", "site_name": "West End Claim, Ziehlke Claims Group 1948", "dev_stat": "Past Producer", "fips_code": "f06109", "huc_code": "h18040010", "quad_code": "q38122NED1", "url": "https://mrdata.usgs.gov/mrds/show-mrds.php?dep_id=10077871", "code_list": "CR", "_layer": "mrds"}}, {"type": "Feature", "geometry": {"type": "Point", "coordinates": [-120.41961, 37.88825]}, "properties": {"dep_id": "10077876", "site_name": "Tarantula Hawk", "dev_stat": "Past Producer", "fips_code": "f06109", "huc_code": "h18040009", "quad_code": "q38122NEE1", "url": "https://mrdata.usgs.gov/mrds/show-mrds.php?dep_id=10077876", "code_list": "AU", "_layer": "mrds"}}, {"type": "Feature", "geometry": {"type": "Point", "coordinates": [-120.46544, 37.87909]}, "properties": {"dep_id": "10077878", "site_name": "Perconi Ranch Deposits", "dev_stat": "Past Producer", "fips_code": "f06109", "huc_code": "h18040009", "quad_code": "q38122NEE1", "url": "https://mrdata.usgs.gov/mrds/show-mrds.php?dep_id=10077878", "code_list": "CR", "_layer": "mrds"}}, {"type": "Feature", "geometry": {"type": "Point", "coordinates": [-120.38544, 37.85381]}, "properties": {"dep_id": "10077882", "site_name": "Mammoth", "dev_stat": "Past Producer", "fips_code": "f06109", "huc_code": "h18040009", "quad_code": "q38122NEE2", "url": "https://mrdata.usgs.gov/mrds/show-mrds.php?dep_id=10077882", "code_list": "AU", "_layer": "mrds"}}, {"type": "Feature", "geometry": {"type": "Point", "coordinates": [-120.37878, 37.80131]}, "properties": {"dep_id": "10077884", "site_name": "Ace of Spades", "dev_stat": "Producer", "fips_code": "f06109", "huc_code": "h18040009", "quad_code": "q38122NEE2", "url": "https://mrdata.usgs.gov/mrds/show-mrds.php?dep_id=10077884", "code_list": "CR FE", "_layer": "mrds"}}, {"type": "Feature", "geometry": {"type": "Point", "coordinates": [-120.45489, 37.72131]}, "properties": {"dep_id": "10077887", "site_name": "Oak Hill", "dev_stat": "Past Producer", "fips_code": "f06109", "huc_code": "h18040009", "quad_code": "q38122NEE3", "url": "https://mrdata.usgs.gov/mrds/show-mrds.php?dep_id=10077887", "code_list": "CU AG AU", "_layer": "mrds"}}, {"type": "Feature", "geometry": {"type": "Point", "coordinates": [-120.39211, 37.93464]}, "properties": {"dep_id": "10077888", "site_name": "Mullin and Co", "dev_stat": "Producer", "fips_code": "f06109", "huc_code": "h18040009", "quad_code": "q38122NEE1", "url": "https://mrdata.usgs.gov/mrds/show-mrds.php?dep_id=10077888", "code_list": "AU", "_layer": "mrds"}}, {"type": "Feature", "geometry": {"type": "Point", "coordinates": [-120.41989, 37.91492]}, "properties": {"dep_id": "10077902", "site_name": "Erin Go Bragh and Cloudman", "dev_stat": "Past Producer", "fips_code": "f06109", "huc_code": "h18040009", "quad_code": "q38122NEE1", "url": "https://mrdata.usgs.gov/mrds/show-mrds.php?dep_id=10077902", "code_list": "AU", "_layer": "mrds"}}, {"type": "Feature", "geometry": {"type": "Point", "coordinates": [-120.43239, 37.91242]}, "properties": {"dep_id": "10077903", "site_name": "Mann", "dev_stat": "Past Producer", "fips_code": "f06109", "huc_code": "h18040009", "quad_code": "q38122NEE1", "url": "https://mrdata.usgs.gov/mrds/show-mrds.php?dep_id=10077903", "code_list": "CU AU", "_layer": "mrds"}}, {"type": "Feature", "geometry": {"type": "Point", "coordinates": [-120.33544, 37.85714]}, "properties": {"dep_id": "10077926", "site_name": "Mc Cormick", "dev_stat": "Past Producer", "fips_code": "f06109", "huc_code": "h18040009", "quad_code": "q38122NEF2", "url": "https://mrdata.usgs.gov/mrds/show-mrds.php?dep_id=10077926", "code_list": "AU", "_layer": "mrds"}}, {"type": "Feature", "geometry": {"type": "Point", "coordinates": [-120.35489, 37.85436]}, "properties": {"dep_id": "10077929", "site_name": "Kelly and Mother Lode", "dev_stat": "Past Producer", "fips_code": "f06109", "huc_code": "h18040009", "quad_code": "q38122NEF2", "url": "https://mrdata.usgs.gov/mrds/show-mrds.php?dep_id=10077929", "code_list": "AU", "_layer": "mrds"}}, {"type": "Feature", "geometry": {"type": "Point", "coordinates": [-120.49044, 37.87798]}, "properties": {"dep_id": "10098548", "site_name": "Fagan Lease Occurrence", "dev_stat": "Past Producer", "fips_code": "f06109", "huc_code": "h18040010", "quad_code": "q38122NEE1", "url": "https://mrdata.usgs.gov/mrds/show-mrds.php?dep_id=10098548", "code_list": "CR", "_layer": "mrds"}}, {"type": "Feature", "geometry": {"type": "Point", "coordinates": [-120.43211, 37.9402]}, "properties": {"dep_id": "10103058", "site_name": "Vulture", "dev_stat": "Past Producer", "fips_code": "f06109", "huc_code": "h18040009", "quad_code": "q38122NEE1", "url": "https://mrdata.usgs.gov/mrds/show-mrds.php?dep_id=10103058", "code_list": "AU", "_layer": "mrds"}}, {"type": "Feature", "geometry": {"type": "Point", "coordinates": [-120.38044, 37.84186]}, "properties": {"dep_id": "10109445", "site_name": "J. G. Huston", "dev_stat": "Producer", "fips_code": "f06109", "huc_code": "h18040009", "quad_code": "q38122NEE2", "url": "https://mrdata.usgs.gov/mrds/show-mrds.php?dep_id=10109445", "code_list": "AU", "_layer": "mrds"}}, {"type": "Feature", "geometry": {"type": "Point", "coordinates": [-120.33822, 37.83325]}, "properties": {"dep_id": "10109455", "site_name": "Pet Cossey", "dev_stat": "Producer", "fips_code": "f06109", "huc_code": "h18040009", "quad_code": "q38122NEF2", "url": "https://mrdata.usgs.gov/mrds/show-mrds.php?dep_id=10109455", "code_list": "AU", "_layer": "mrds"}}, {"type": "Feature", "geometry": {"type": "Point", "coordinates": [-120.50322, 37.8727]}, "properties": {"dep_id": "10111218", "site_name": "Booker Lease", "dev_stat": "Producer", "fips_code": "f06109", "huc_code": "h18040010", "quad_code": "q38122NED2", "url": "https://mrdata.usgs.gov/mrds/show-mrds.php?dep_id=10111218", "code_list": "CR", "_layer": "mrds"}}, {"type": "Feature", "geometry": {"type": "Point", "coordinates": [-120.52628, 37.93074]}, "properties": {"dep_id": "10111219", "site_name": "Stanislaus River Chrome Mine", "dev_stat": "Producer", "fips_code": "f06109", "huc_code": "h18040010", "quad_code": "q38122NED1", "url": "https://mrdata.usgs.gov/mrds/show-mrds.php?dep_id=10111219", "code_list": "CR", "_layer": "mrds"}}, {"type": "Feature", "geometry": {"type": "Point", "coordinates": [-120.50517, 37.90825]}, "properties": {"dep_id": "10111222", "site_name": "Sullivan and Kahl Lease", "dev_stat": "Producer", "fips_code": "f06109", "huc_code": "h18040010", "quad_code": "q38122NED1", "url": "https://mrdata.usgs.gov/mrds/show-mrds.php?dep_id=10111222", "code_list": "CR", "_layer": "mrds"}}, {"type": "Feature", "geometry": {"type": "Point", "coordinates": [-120.4882, 37.90822]}, "properties": {"dep_id": "10117438", "site_name": "Blackbird No 1 & No 2", "dev_stat": "Prospect", "fips_code": "f06109", "huc_code": "h18040010", "quad_code": "q38122NEE1", "url": "https://mrdata.usgs.gov/mrds/show-mrds.php?dep_id=10117438", "code_list": "CR", "_layer": "mrds"}}, {"type": "Feature", "geometry": {"type": "Point", "coordinates": [-120.3785, 37.81522]}, "properties": {"dep_id": "10117671", "site_name": "Buckhorn", "dev_stat": "Prospect", "fips_code": "f06109", "huc_code": "h18040009", "quad_code": "q38122NEE2", "url": "https://mrdata.usgs.gov/mrds/show-mrds.php?dep_id=10117671", "code_list": "CR", "_layer": "mrds"}}, {"type": "Feature", "geometry": {"type": "Point", "coordinates": [-120.3366, 37.84522]}, "properties": {"dep_id": "10141397", "site_name": "Golden Poppy Mining Company", "dev_stat": "Unknown", "fips_code": "f06109", "huc_code": "h18040009", "quad_code": "q38122NEF2", "url": "https://mrdata.usgs.gov/mrds/show-mrds.php?dep_id=10141397", "code_list": "AU", "_layer": "mrds"}}, {"type": "Feature", "geometry": {"type": "Point", "coordinates": [-120.4238, 37.87712]}, "properties": {"dep_id": "10141441", "site_name": "Mountain View", "dev_stat": "Unknown", "fips_code": "f06109", "huc_code": "h18040009", "quad_code": "q38122NEE1", "url": "https://mrdata.usgs.gov/mrds/show-mrds.php?dep_id=10141441", "code_list": "AU", "_layer": "mrds"}}, {"type": "Feature", "geometry": {"type": "Point", "coordinates": [-120.5596, 37.76302]}, "properties": {"dep_id": "10141526", "site_name": "Clay Pit", "dev_stat": "Occurrence", "fips_code": "f06109", "huc_code": "h18040002", "quad_code": "q38122NED2", "url": "https://mrdata.usgs.gov/mrds/show-mrds.php?dep_id=10141526", "code_list": "CLY", "_layer": "mrds"}}, {"type": "Feature", "geometry": {"type": "Point", "coordinates": [-120.3957, 37.87352]}, "properties": {"dep_id": "10141650", "site_name": "Unidentified Workings", "dev_stat": "Occurrence", "fips_code": "f06109", "huc_code": "h18040009", "quad_code": "q38122NEE2", "url": "https://mrdata.usgs.gov/mrds/show-mrds.php?dep_id=10141650", "code_list": "AU", "_layer": "mrds"}}, {"type": "Feature", "geometry": {"type": "Point", "coordinates": [-120.5032, 37.84182]}, "properties": {"dep_id": "10141730", "site_name": "Jasper Prospect", "dev_stat": "Prospect", "fips_code": "f06109", "huc_code": "h18040010", "quad_code": "q38122NED2", "url": "https://mrdata.usgs.gov/mrds/show-mrds.php?dep_id=10141730", "code_list": "MN", "_layer": "mrds"}}, {"type": "Feature", "geometry": {"type": "Point", "coordinates": [-120.4338, 37.85212]}, "properties": {"dep_id": "10141736", "site_name": "Gem", "dev_stat": "Unknown", "fips_code": "f06109", "huc_code": "h18040009", "quad_code": "q38122NEE2", "url": "https://mrdata.usgs.gov/mrds/show-mrds.php?dep_id=10141736", "code_list": "AU", "_layer": "mrds"}}, {"type": "Feature", "geometry": {"type": "Point", "coordinates": [-120.4316, 37.93412]}, "properties": {"dep_id": "10165533", "site_name": "Sweeney Claim", "dev_stat": "Unknown", "fips_code": "f06109", "huc_code": "h18040009", "quad_code": "q38122NEE1", "url": "https://mrdata.usgs.gov/mrds/show-mrds.php?dep_id=10165533", "code_list": "AU AG", "_layer": "mrds"}}, {"type": "Feature", "geometry": {"type": "Point", "coordinates": [-120.3643, 37.80602]}, "properties": {"dep_id": "10165540", "site_name": "Bluepoint Claim", "dev_stat": "Prospect", "fips_code": "f06109", "huc_code": "h18040009", "quad_code": "q38122NEF2", "url": "https://mrdata.usgs.gov/mrds/show-mrds.php?dep_id=10165540", "code_list": "CR", "_layer": "mrds"}}, {"type": "Feature", "geometry": {"type": "Point", "coordinates": [-120.3446, 37.82882]}, "properties": {"dep_id": "10165603", "site_name": "Roosevelt Butter Cup Cons", "dev_stat": "Unknown", "fips_code": "f06109", "huc_code": "h18040009", "quad_code": "q38122NEF2", "url": "https://mrdata.usgs.gov/mrds/show-mrds.php?dep_id=10165603", "code_list": "AU", "_layer": "mrds"}}, {"type": "Feature", "geometry": {"type": "Point", "coordinates": [-120.4552, 37.86772]}, "properties": {"dep_id": "10165835", "site_name": "Burns and Tursich", "dev_stat": "Prospect", "fips_code": "f06109", "huc_code": "h18040009", "quad_code": "q38122NEE2", "url": "https://mrdata.usgs.gov/mrds/show-mrds.php?dep_id=10165835", "code_list": "CR", "_layer": "mrds"}}, {"type": "Feature", "geometry": {"type": "Point", "coordinates": [-120.4729, 37.87462]}, "properties": {"dep_id": "10165981", "site_name": "Peter Maki Deposit", "dev_stat": "Prospect", "fips_code": "f06109", "huc_code": "h18040009", "quad_code": "q38122NEE2", "url": "https://mrdata.usgs.gov/mrds/show-mrds.php?dep_id=10165981", "code_list": "MG", "_layer": "mrds"}}, {"type": "Feature", "geometry": {"type": "Point", "coordinates": [-120.5054, 37.90682]}, "properties": {"dep_id": "10165998", "site_name": "Spotted Fawn", "dev_stat": "Prospect", "fips_code": "f06109", "huc_code": "h18040010", "quad_code": "q38122NED1", "url": "https://mrdata.usgs.gov/mrds/show-mrds.php?dep_id=10165998", "code_list": "CR", "_layer": "mrds"}}, {"type": "Feature", "geometry": {"type": "Point", "coordinates": [-120.4002, 37.74382]}, "properties": {"dep_id": "10166029", "site_name": "Donahue Ranch", "dev_stat": "Past Producer", "fips_code": "f06109", "huc_code": "h18040009", "quad_code": "q38122NEE3", "url": "https://mrdata.usgs.gov/mrds/show-mrds.php?dep_id=10166029", "code_list": "CU", "_layer": "mrds"}}, {"type": "Feature", "geometry": {"type": "Point", "coordinates": [-120.3966, 37.86182]}, "properties": {"dep_id": "10166030", "site_name": "Woods Creek", "dev_stat": "Unknown", "fips_code": "f06109", "huc_code": "h18040009", "quad_code": "q38122NEE2", "url": "https://mrdata.usgs.gov/mrds/show-mrds.php?dep_id=10166030", "code_list": "AU", "_layer": "mrds"}}, {"type": "Feature", "geometry": {"type": "Point", "coordinates": [-120.4468, 37.91772]}, "properties": {"dep_id": "10166070", "site_name": "Mann", "dev_stat": "Occurrence", "fips_code": "f06109", "huc_code": "h18040009", "quad_code": "q38122NEE1", "url": "https://mrdata.usgs.gov/mrds/show-mrds.php?dep_id=10166070", "code_list": "AU CU", "_layer": "mrds"}}, {"type": "Feature", "geometry": {"type": "Point", "coordinates": [-120.4588, 37.91072]}, "properties": {"dep_id": "10166096", "site_name": "Oak Shade", "dev_stat": "Unknown", "fips_code": "f06109", "huc_code": "h18040009", "quad_code": "q38122NEE1", "url": "https://mrdata.usgs.gov/mrds/show-mrds.php?dep_id=10166096", "code_list": "AU", "_layer": "mrds"}}, {"type": "Feature", "geometry": {"type": "Point", "coordinates": [-120.4449, 37.92022]}, "properties": {"dep_id": "10166104", "site_name": "Mackey Ranch", "dev_stat": "Past Producer", "fips_code": "f06109", "huc_code": "h18040009", "quad_code": "q38122NEE1", "url": "https://mrdata.usgs.gov/mrds/show-mrds.php?dep_id=10166104", "code_list": "CU AU AG W", "_layer": "mrds"}}, {"type": "Feature", "geometry": {"type": "Point", "coordinates": [-120.3754, 37.85382]}, "properties": {"dep_id": "10190686", "site_name": "Blackfoot", "dev_stat": "Unknown", "fips_code": "f06109", "huc_code": "h18040009", "quad_code": "q38122NEE2", "url": "https://mrdata.usgs.gov/mrds/show-mrds.php?dep_id=10190686", "code_list": "AU", "_layer": "mrds"}}, {"type": "Feature", "geometry": {"type": "Point", "coordinates": [-120.3957, 37.86712]}, "properties": {"dep_id": "10214283", "site_name": "Rosenfeld Cons", "dev_stat": "Unknown", "fips_code": "f06109", "huc_code": "h18040009", "quad_code": "q38122NEE2", "url": "https://mrdata.usgs.gov/mrds/show-mrds.php?dep_id=10214283", "code_list": "AU", "_layer": "mrds"}}, {"type": "Feature", "geometry": {"type": "Point", "coordinates": [-120.5568, 37.76412]}, "properties": {"dep_id": "10214377", "site_name": "Clay Pit", "dev_stat": "Occurrence", "fips_code": "f06109", "huc_code": "h18040002", "quad_code": "q38122NED2", "url": "https://mrdata.usgs.gov/mrds/show-mrds.php?dep_id=10214377", "code_list": "CLY", "_layer": "mrds"}}, {"type": "Feature", "geometry": {"type": "Point", "coordinates": [-120.3802, 37.85182]}, "properties": {"dep_id": "10214549", "site_name": "Republican", "dev_stat": "Unknown", "fips_code": "f06109", "huc_code": "h18040009", "quad_code": "q38122NEE2", "url": "https://mrdata.usgs.gov/mrds/show-mrds.php?dep_id=10214549", "code_list": "AU", "_layer": "mrds"}}, {"type": "Feature", "geometry": {"type": "Point", "coordinates": [-120.5827, 37.88991]}, "properties": {"dep_id": "10214769", "site_name": "Valencia Mine", "dev_stat": "Unknown", "fips_code": "f06109", "huc_code": "h18040010", "quad_code": "q38122NED1", "url": "https://mrdata.usgs.gov/mrds/show-mrds.php?dep_id=10214769", "code_list": "AU CR", "_layer": "mrds"}}, {"type": "Feature", "geometry": {"type": "Point", "coordinates": [-120.5263, 37.93071]}, "properties": {"dep_id": "10214823", "site_name": "Stanislaus River Chromo", "dev_stat": "Prospect", "fips_code": "f06109", "huc_code": "h18040010", "quad_code": "q38122NED1", "url": "https://mrdata.usgs.gov/mrds/show-mrds.php?dep_id=10214823", "code_list": "CR", "_layer": "mrds"}}, {"type": "Feature", "geometry": {"type": "Point", "coordinates": [-120.3399, 37.84382]}, "properties": {"dep_id": "10214850", "site_name": "Riverside", "dev_stat": "Occurrence", "fips_code": "f06109", "huc_code": "h18040009", "quad_code": "q38122NEF2", "url": "https://mrdata.usgs.gov/mrds/show-mrds.php?dep_id=10214850", "code_list": "AU", "_layer": "mrds"}}, {"type": "Feature", "geometry": {"type": "Point", "coordinates": [-120.4054, 37.88022]}, "properties": {"dep_id": "10214862", "site_name": "Stein", "dev_stat": "Past Producer", "fips_code": "f06109", "huc_code": "h18040009", "quad_code": "q38122NEE1", "url": "https://mrdata.usgs.gov/mrds/show-mrds.php?dep_id=10214862", "code_list": "AU AG", "_layer": "mrds"}}, {"type": "Feature", "geometry": {"type": "Point", "coordinates": [-120.5029, 37.90852]}, "properties": {"dep_id": "10238310", "site_name": "North End Claim", "dev_stat": "Past Producer", "fips_code": "f06109", "huc_code": "h18040010", "quad_code": "q38122NED1", "url": "https://mrdata.usgs.gov/mrds/show-mrds.php?dep_id=10238310", "code_list": "CR FE", "_layer": "mrds"}}, {"type": "Feature", "geometry": {"type": "Point", "coordinates": [-120.4399, 37.92882]}, "properties": {"dep_id": "10238618", "site_name": "Mackey Mine", "dev_stat": "Past Producer", "fips_code": "f06109", "huc_code": "h18040009", "quad_code": "q38122NEE1", "url": "https://mrdata.usgs.gov/mrds/show-mrds.php?dep_id=10238618", "code_list": "CR FE", "_layer": "mrds"}}, {"type": "Feature", "geometry": {"type": "Point", "coordinates": [-120.4652, 37.91552]}, "properties": {"dep_id": "10238657", "site_name": "Hoseg, Dick and Kent", "dev_stat": "Unknown", "fips_code": "f06109", "huc_code": "h18040010", "quad_code": "q38122NEE1", "url": "https://mrdata.usgs.gov/mrds/show-mrds.php?dep_id=10238657", "code_list": "AU", "_layer": "mrds"}}, {"type": "Feature", "geometry": {"type": "Point", "coordinates": [-120.3899, 37.94162]}, "properties": {"dep_id": "10238671", "site_name": "Badger", "dev_stat": "Unknown", "fips_code": "f06109", "huc_code": "h18040009", "quad_code": "q38122NEE1", "url": "https://mrdata.usgs.gov/mrds/show-mrds.php?dep_id=10238671", "code_list": "AU", "_layer": "mrds"}}, {"type": "Feature", "geometry": {"type": "Point", "coordinates": [-120.3879, 37.87992]}, "properties": {"dep_id": "10238750", "site_name": "Menke-Hess", "dev_stat": "Past Producer", "fips_code": "f06109", "huc_code": "h18040009", "quad_code": "q38122NEE1", "url": "https://mrdata.usgs.gov/mrds/show-mrds.php?dep_id=10238750", "code_list": "AU AG", "_layer": "mrds"}}, {"type": "Feature", "geometry": {"type": "Point", "coordinates": [-120.4399, 37.92772]}, "properties": {"dep_id": "10238787", "site_name": "Woods Creek Quarry", "dev_stat": "Producer", "fips_code": "f06109", "huc_code": "h18040009", "quad_code": "q38122NEE1", "url": "https://mrdata.usgs.gov/mrds/show-mrds.php?dep_id=10238787", "code_list": "STN_C", "_layer": "mrds"}}, {"type": "Feature", "geometry": {"type": "Point", "coordinates": [-120.3691, 37.84602]}, "properties": {"dep_id": "10238959", "site_name": "Imperial", "dev_stat": "Past Producer", "fips_code": "f06109", "huc_code": "h18040009", "quad_code": "q38122NEF2", "url": "https://mrdata.usgs.gov/mrds/show-mrds.php?dep_id=10238959", "code_list": "AU", "_layer": "mrds"}}, {"type": "Feature", "geometry": {"type": "Point", "coordinates": [-120.3529, 37.72322]}, "properties": {"dep_id": "10239005", "site_name": "Solambo", "dev_stat": "Prospect", "fips_code": "f06109", "huc_code": "h18040009", "quad_code": "q38122NEF3", "url": "https://mrdata.usgs.gov/mrds/show-mrds.php?dep_id=10239005", "code_list": "CU", "_layer": "mrds"}}, {"type": "Feature", "geometry": {"type": "Point", "coordinates": [-120.4482, 37.83962]}, "properties": {"dep_id": "10239006", "site_name": "Unidentified Placer Area", "dev_stat": "Occurrence", "fips_code": "f06109", "huc_code": "h18040009", "quad_code": "q38122NEE2", "url": "https://mrdata.usgs.gov/mrds/show-mrds.php?dep_id=10239006", "code_list": "AU", "_layer": "mrds"}}, {"type": "Feature", "geometry": {"type": "Point", "coordinates": [-120.4129, 37.87072]}, "properties": {"dep_id": "10256432", "site_name": "Tuttle", "dev_stat": "Unknown", "fips_code": "f06109", "huc_code": "h18040009", "quad_code": "q38122NEE2", "url": "https://mrdata.usgs.gov/mrds/show-mrds.php?dep_id=10256432", "code_list": "AU", "_layer": "mrds"}}, {"type": "Feature", "geometry": {"type": "Point", "coordinates": [-120.3635, 37.84522]}, "properties": {"dep_id": "10262769", "site_name": "Madelon", "dev_stat": "Occurrence", "fips_code": "f06109", "huc_code": "h18040009", "quad_code": "q38122NEF2", "url": "https://mrdata.usgs.gov/mrds/show-mrds.php?dep_id=10262769", "code_list": "AU", "_layer": "mrds"}}, {"type": "Feature", "geometry": {"type": "Point", "coordinates": [-120.4954, 37.90182]}, "properties": {"dep_id": "10262770", "site_name": "Shafer Mine", "dev_stat": "Past Producer", "fips_code": "f06109", "huc_code": "h18040010", "quad_code": "q38122NEE1", "url": "https://mrdata.usgs.gov/mrds/show-mrds.php?dep_id=10262770", "code_list": "CR", "_layer": "mrds"}}, {"type": "Feature", "geometry": {"type": "Point", "coordinates": [-120.341, 37.76712]}, "properties": {"dep_id": "10262960", "site_name": "Reported Occurence", "dev_stat": "Occurrence", "fips_code": "f06109", "huc_code": "h18040009", "quad_code": "q38122NEF2", "url": "https://mrdata.usgs.gov/mrds/show-mrds.php?dep_id=10262960", "code_list": "CR", "_layer": "mrds"}}, {"type": "Feature", "geometry": {"type": "Point", "coordinates": [-120.3432, 37.83662]}, "properties": {"dep_id": "10263099", "site_name": "Kss", "dev_stat": "Unknown", "fips_code": "f06109", "huc_code": "h18040009", "quad_code": "q38122NEF2", "url": "https://mrdata.usgs.gov/mrds/show-mrds.php?dep_id=10263099", "code_list": "AU", "_layer": "mrds"}}, {"type": "Feature", "geometry": {"type": "Point", "coordinates": [-120.3785, 37.87242]}, "properties": {"dep_id": "10263130", "site_name": "Lucky Strike", "dev_stat": "Unknown", "fips_code": "f06109", "huc_code": "h18040009", "quad_code": "q38122NEE2", "url": "https://mrdata.usgs.gov/mrds/show-mrds.php?dep_id=10263130", "code_list": "AU", "_layer": "mrds"}}, {"type": "Feature", "geometry": {"type": "Point", "coordinates": [-120.4663, 37.73552]}, "properties": {"dep_id": "10263258", "site_name": "Peck", "dev_stat": "Unknown", "fips_code": "f06109", "huc_code": "h18040009", "quad_code": "q38122NEE3", "url": "https://mrdata.usgs.gov/mrds/show-mrds.php?dep_id=10263258", "code_list": "AU CU", "_layer": "mrds"}}, {"type": "Feature", "geometry": {"type": "Point", "coordinates": [-120.4204, 37.90742]}, "properties": {"dep_id": "10263259", "site_name": "Gandolfo & Roccaa", "dev_stat": "Unknown", "fips_code": "f06109", "huc_code": "h18040009", "quad_code": "q38122NEE1", "url": "https://mrdata.usgs.gov/mrds/show-mrds.php?dep_id=10263259", "code_list": "AU", "_layer": "mrds"}}, {"type": "Feature", "geometry": {"type": "Point", "coordinates": [-120.401, 37.81022]}, "properties": {"dep_id": "10263500", "site_name": "Gold Dredge", "dev_stat": "Unknown", "fips_code": "f06109", "huc_code": "h18040009", "quad_code": "q38122NEE2", "url": "https://mrdata.usgs.gov/mrds/show-mrds.php?dep_id=10263500", "code_list": "AU", "_layer": "mrds"}}, {"type": "Feature", "geometry": {"type": "Point", "coordinates": [-120.4999, 37.91962]}, "properties": {"dep_id": "10287109", "site_name": "Phoenix Mine", "dev_stat": "Prospect", "fips_code": "f06109", "huc_code": "h18040010", "quad_code": "q38122NEE1", "url": "https://mrdata.usgs.gov/mrds/show-mrds.php?dep_id=10287109", "code_list": "CR", "_layer": "mrds"}}, {"type": "Feature", "geometry": {"type": "Point", "coordinates": [-120.4616, 37.89522]}, "properties": {"dep_id": "10287149", "site_name": "Dick and Kent", "dev_stat": "Past Producer", "fips_code": "f06109", "huc_code": "h18040009", "quad_code": "q38122NEE1", "url": "https://mrdata.usgs.gov/mrds/show-mrds.php?dep_id=10287149", "code_list": "AU", "_layer": "mrds"}}, {"type": "Feature", "geometry": {"type": "Point", "coordinates": [-120.5121, 37.88182]}, "properties": {"dep_id": "10287418", "site_name": "Mccormick Mine", "dev_stat": "Prospect", "fips_code": "f06109", "huc_code": "h18040010", "quad_code": "q38122NED1", "url": "https://mrdata.usgs.gov/mrds/show-mrds.php?dep_id=10287418", "code_list": "CR", "_layer": "mrds"}}, {"type": "Feature", "geometry": {"type": "Point", "coordinates": [-120.3424, 37.84912]}, "properties": {"dep_id": "10287448", "site_name": "Buck Horn and Back Bone", "dev_stat": "Unknown", "fips_code": "f06109", "huc_code": "h18040009", "quad_code": "q38122NEF2", "url": "https://mrdata.usgs.gov/mrds/show-mrds.php?dep_id=10287448", "code_list": "AU", "_layer": "mrds"}}, {"type": "Feature", "geometry": {"type": "Point", "coordinates": [-120.43301, 37.87078]}, "properties": {"dep_id": "10310603", "site_name": "Chinese Camp District", "dev_stat": "Past Producer", "fips_code": "f06109", "huc_code": "h18040009", "quad_code": "q38122NEE2", "url": "https://mrdata.usgs.gov/mrds/show-mrds.php?dep_id=10310603", "code_list": "AU", "_layer": "mrds"}}, {"type": "Feature", "geometry": {"type": "Point", "coordinates": [-120.49961, 37.8377]}, "properties": {"dep_id": "10033741", "site_name": "Jasper Prospect", "dev_stat": "Occurrence", "fips_code": "f06109", "huc_code": "h18040009", "quad_code": "q38122NEE2", "url": "https://mrdata.usgs.gov/mrds/show-mrds.php?dep_id=10033741", "code_list": "MN", "_layer": "mrds"}}, {"type": "Feature", "geometry": {"type": "Point", "coordinates": [-120.46267, 37.72853]}, "properties": {"dep_id": "10033955", "site_name": "Mitchell", "dev_stat": "Occurrence", "fips_code": "f06109", "huc_code": "h18040009", "quad_code": "q38122NEE3", "url": "https://mrdata.usgs.gov/mrds/show-mrds.php?dep_id=10033955", "code_list": "AU AG CU ZN", "_layer": "mrds"}}, {"type": "Feature", "geometry": {"type": "Point", "coordinates": [-120.47211, 37.72798]}, "properties": {"dep_id": "10034587", "site_name": "Mitchell", "dev_stat": "Producer", "fips_code": "f06109", "huc_code": "h18040009", "quad_code": "q38122NEE3", "url": "https://mrdata.usgs.gov/mrds/show-mrds.php?dep_id=10034587", "code_list": "AU", "_layer": "mrds"}}, {"type": "Feature", "geometry": {"type": "Point", "coordinates": [-120.50517, 37.90436]}, "properties": {"dep_id": "10043702", "site_name": "Grassely Group", "dev_stat": "Past Producer", "fips_code": "f06109", "huc_code": "h18040010", "quad_code": "q38122NED1", "url": "https://mrdata.usgs.gov/mrds/show-mrds.php?dep_id=10043702", "code_list": "CR", "_layer": "mrds"}}, {"type": "Feature", "geometry": {"type": "Point", "coordinates": [-120.49239, 37.90825]}, "properties": {"dep_id": "10043707", "site_name": "Richards Mine", "dev_stat": "Past Producer", "fips_code": "f06109", "huc_code": "h18040010", "quad_code": "q38122NEE1", "url": "https://mrdata.usgs.gov/mrds/show-mrds.php?dep_id=10043707", "code_list": "CR", "_layer": "mrds"}}, {"type": "Feature", "geometry": {"type": "Point", "coordinates": [-120.48906, 37.90409]}, "properties": {"dep_id": "10077872", "site_name": "Moyle and Seco Lease", "dev_stat": "Producer", "fips_code": "f06109", "huc_code": "h18040010", "quad_code": "q38122NEE1", "url": "https://mrdata.usgs.gov/mrds/show-mrds.php?dep_id=10077872", "code_list": "CR", "_layer": "mrds"}}, {"type": "Feature", "geometry": {"type": "Point", "coordinates": [-120.49156, 37.90298]}, "properties": {"dep_id": "10077873", "site_name": "Rough and Ready", "dev_stat": "Producer", "fips_code": "f06109", "huc_code": "h18040010", "quad_code": "q38122NEE1", "url": "https://mrdata.usgs.gov/mrds/show-mrds.php?dep_id=10077873", "code_list": "AU CR", "_layer": "mrds"}}, {"type": "Feature", "geometry": {"type": "Point", "coordinates": [-120.49544, 37.90186]}, "properties": {"dep_id": "10077874", "site_name": "Shafer Mine", "dev_stat": "Producer", "fips_code": "f06109", "huc_code": "h18040010", "quad_code": "q38122NEE1", "url": "https://mrdata.usgs.gov/mrds/show-mrds.php?dep_id=10077874", "code_list": "CR", "_layer": "mrds"}}, {"type": "Feature", "geometry": {"type": "Point", "coordinates": [-120.48989, 37.8827]}, "properties": {"dep_id": "10077962", "site_name": "Mapes-O:Hara Lease Occurrence, Beckwith Ranch Mines", "dev_stat": "Producer", "fips_code": "f06109", "huc_code": "h18040010", "quad_code": "q38122NEE1", "url": "https://mrdata.usgs.gov/mrds/show-mrds.php?dep_id=10077962", "code_list": "CR", "_layer": "mrds"}}, {"type": "Feature", "geometry": {"type": "Point", "coordinates": [-120.50517, 37.90436]}, "properties": {"dep_id": "10098575", "site_name": "Horseshoe Claim, Grassely Group", "dev_stat": "Past Producer", "fips_code": "f06109", "huc_code": "h18040010", "quad_code": "q38122NED1", "url": "https://mrdata.usgs.gov/mrds/show-mrds.php?dep_id=10098575", "code_list": "CR", "_layer": "mrds"}}, {"type": "Feature", "geometry": {"type": "Point", "coordinates": [-120.46239, 37.71909]}, "properties": {"dep_id": "10109411", "site_name": "Olsen", "dev_stat": "Producer", "fips_code": "f06109", "huc_code": "h18040009", "quad_code": "q38122NEE3", "url": "https://mrdata.usgs.gov/mrds/show-mrds.php?dep_id=10109411", "code_list": "AU CU", "_layer": "mrds"}}, {"type": "Feature", "geometry": {"type": "Point", "coordinates": [-120.49822, 37.91242]}, "properties": {"dep_id": "10111220", "site_name": "Last Chance Claim of Grassely Group", "dev_stat": "Producer", "fips_code": "f06109", "huc_code": "h18040010", "quad_code": "q38122NEE1", "url": "https://mrdata.usgs.gov/mrds/show-mrds.php?dep_id=10111220", "code_list": "CR", "_layer": "mrds"}}, {"type": "Feature", "geometry": {"type": "Point", "coordinates": [-120.50378, 37.9127]}, "properties": {"dep_id": "10111221", "site_name": "Morning Glory Claim-Grassely Group", "dev_stat": "Producer", "fips_code": "f06109", "huc_code": "h18040010", "quad_code": "q38122NED1", "url": "https://mrdata.usgs.gov/mrds/show-mrds.php?dep_id=10111221", "code_list": "CR", "_layer": "mrds"}}, {"type": "Feature", "geometry": {"type": "Point", "coordinates": [-120.5674, 37.89461]}, "properties": {"dep_id": "10141248", "site_name": "Bryne", "dev_stat": "Unknown", "fips_code": "f06109", "huc_code": "h18040010", "quad_code": "q38122NED1", "url": "https://mrdata.usgs.gov/mrds/show-mrds.php?dep_id=10141248", "code_list": "AU", "_layer": "mrds"}}, {"type": "Feature", "geometry": {"type": "Point", "coordinates": [-120.4579, 37.87132]}, "properties": {"dep_id": "10141347", "site_name": "Gass Ranch Deposits", "dev_stat": "Unknown", "fips_code": "f06109", "huc_code": "h18040009", "quad_code": "q38122NEE2", "url": "https://mrdata.usgs.gov/mrds/show-mrds.php?dep_id=10141347", "code_list": "AU", "_layer": "mrds"}}, {"type": "Feature", "geometry": {"type": "Point", "coordinates": [-120.4899, 37.88272]}, "properties": {"dep_id": "10190057", "site_name": "Mapes-O:Hara Lease", "dev_stat": "Past Producer", "fips_code": "f06109", "huc_code": "h18040010", "quad_code": "q38122NEE1", "url": "https://mrdata.usgs.gov/mrds/show-mrds.php?dep_id=10190057", "code_list": "CR", "_layer": "mrds"}}, {"type": "Feature", "geometry": {"type": "Point", "coordinates": [-120.5002, 37.88132]}, "properties": {"dep_id": "10190091", "site_name": "Unidentified Prospect", "dev_stat": "Occurrence", "fips_code": "f06109", "huc_code": "h18040010", "quad_code": "q38122NED1", "url": "https://mrdata.usgs.gov/mrds/show-mrds.php?dep_id=10190091", "code_list": "AU", "_layer": "mrds"}}, {"type": "Feature", "geometry": {"type": "Point", "coordinates": [-120.4654, 37.87912]}, "properties": {"dep_id": "10190293", "site_name": "Perconi Ranch Deposits", "dev_stat": "Prospect", "fips_code": "f06109", "huc_code": "h18040009", "quad_code": "q38122NEE1", "url": "https://mrdata.usgs.gov/mrds/show-mrds.php?dep_id=10190293", "code_list": "CR FE", "_layer": "mrds"}}, {"type": "Feature", "geometry": {"type": "Point", "coordinates": [-120.5771, 37.89241]}, "properties": {"dep_id": "10190305", "site_name": "Derrick", "dev_stat": "Unknown", "fips_code": "f06109", "huc_code": "h18040010", "quad_code": "q38122NED1", "url": "https://mrdata.usgs.gov/mrds/show-mrds.php?dep_id=10190305", "code_list": "AU", "_layer": "mrds"}}, {"type": "Feature", "geometry": {"type": "Point", "coordinates": [-120.4577, 37.88302]}, "properties": {"dep_id": "10190780", "site_name": "Reported Mines", "dev_stat": "Occurrence", "fips_code": "f06109", "huc_code": "h18040009", "quad_code": "q38122NEE1", "url": "https://mrdata.usgs.gov/mrds/show-mrds.php?dep_id=10190780", "code_list": "AU CR", "_layer": "mrds"}}, {"type": "Feature", "geometry": {"type": "Point", "coordinates": [-120.5793, 37.88742]}, "properties": {"dep_id": "10214134", "site_name": "Gracian Bend", "dev_stat": "Unknown", "fips_code": "f06109", "huc_code": "h18040010", "quad_code": "q38122NED1", "url": "https://mrdata.usgs.gov/mrds/show-mrds.php?dep_id=10214134", "code_list": "AU", "_layer": "mrds"}}, {"type": "Feature", "geometry": {"type": "Point", "coordinates": [-120.4832, 37.87522]}, "properties": {"dep_id": "10262795", "site_name": "Rose A", "dev_stat": "Past Producer", "fips_code": "f06109", "huc_code": "h18040010", "quad_code": "q38122NEE1", "url": "https://mrdata.usgs.gov/mrds/show-mrds.php?dep_id=10262795", "code_list": "CR", "_layer": "mrds"}}, {"type": "Feature", "geometry": {"type": "Point", "coordinates": [-120.4924, 37.90822]}, "properties": {"dep_id": "10263108", "site_name": "Richards Mine", "dev_stat": "Past Producer", "fips_code": "f06109", "huc_code": "h18040010", "quad_code": "q38122NEE1", "url": "https://mrdata.usgs.gov/mrds/show-mrds.php?dep_id=10263108", "code_list": "CR FE", "_layer": "mrds"}}, {"type": "Feature", "geometry": {"type": "Point", "coordinates": [-120.5043, 37.90632]}, "properties": {"dep_id": "10263126", "site_name": "West End", "dev_stat": "Prospect", "fips_code": "f06109", "huc_code": "h18040010", "quad_code": "q38122NED1", "url": "https://mrdata.usgs.gov/mrds/show-mrds.php?dep_id=10263126", "code_list": "CR", "_layer": "mrds"}}, {"type": "Feature", "geometry": {"type": "Point", "coordinates": [-120.5052, 37.90822]}, "properties": {"dep_id": "10287790", "site_name": "Sullivan and Kahl Lease", "dev_stat": "Prospect", "fips_code": "f06109", "huc_code": "h18040010", "quad_code": "q38122NED1", "url": "https://mrdata.usgs.gov/mrds/show-mrds.php?dep_id=10287790", "code_list": "CR", "_layer": "mrds"}}, {"type": "Feature", "geometry": {"type": "Point", "coordinates": [-120.49767, 37.87075]}, "properties": {"dep_id": "10077862", "site_name": "Pagan Lease", "dev_stat": "Producer", "fips_code": "f06109", "huc_code": "h18040010", "quad_code": "q38122NEE2", "url": "https://mrdata.usgs.gov/mrds/show-mrds.php?dep_id=10077862", "code_list": "CR", "_layer": "mrds"}}, {"type": "Feature", "geometry": {"type": "Point", "coordinates": [-120.39656, 37.86714]}, "properties": {"dep_id": "10077877", "site_name": "Eagle - Shawmut", "dev_stat": "Past Producer", "fips_code": "f06109", "huc_code": "h18040009", "quad_code": "q38122NEE2", "url": "https://mrdata.usgs.gov/mrds/show-mrds.php?dep_id=10077877", "code_list": "AU", "_layer": "mrds"}}, {"type": "Feature", "geometry": {"type": "Point", "coordinates": [-120.47933, 37.87159]}, "properties": {"dep_id": "10077880", "site_name": "White Rock", "dev_stat": "Producer", "fips_code": "f06109", "huc_code": "h18040010", "quad_code": "q38122NEE2", "url": "https://mrdata.usgs.gov/mrds/show-mrds.php?dep_id=10077880", "code_list": "MG", "_layer": "mrds"}}, {"type": "Feature", "geometry": {"type": "Point", "coordinates": [-120.3785, 37.80242]}, "properties": {"dep_id": "10077885", "site_name": "Williamson, Rosenthal, and Mertz Claims", "dev_stat": "Occurrence", "fips_code": "f06109", "huc_code": "h18040009", "quad_code": "q38122NEE2", "url": "https://mrdata.usgs.gov/mrds/show-mrds.php?dep_id=10077885", "code_list": "CR", "_layer": "mrds"}}, {"type": "Feature", "geometry": {"type": "Point", "coordinates": [-120.42406, 37.92575]}, "properties": {"dep_id": "10077899", "site_name": "Dutch-App Group", "dev_stat": "Past Producer", "fips_code": "f06109", "huc_code": "h18040009", "quad_code": "q38122NEE1", "url": "https://mrdata.usgs.gov/mrds/show-mrds.php?dep_id=10077899", "code_list": "AU", "_layer": "mrds"}}, {"type": "Feature", "geometry": {"type": "Point", "coordinates": [-120.38267, 38.04435]}, "properties": {"dep_id": "10077910", "site_name": "Wind Wheel", "dev_stat": "Producer", "fips_code": "f06109", "huc_code": "h18040009", "quad_code": "q39122SEE4", "url": "https://mrdata.usgs.gov/mrds/show-mrds.php?dep_id=10077910", "code_list": "AU", "_layer": "mrds"}}, {"type": "Feature", "geometry": {"type": "Point", "coordinates": [-120.47767, 37.99519]}, "properties": {"dep_id": "10077920", "site_name": "Atlas and Soldiers Gulch", "dev_stat": "Past Producer", "fips_code": "f06109", "huc_code": "h18040010", "quad_code": "q38122NEE1", "url": "https://mrdata.usgs.gov/mrds/show-mrds.php?dep_id=10077920", "code_list": "AU", "_layer": "mrds"}}, {"type": "Feature", "geometry": {"type": "Point", "coordinates": [-120.22571, 37.84492]}, "properties": {"dep_id": "10077958", "site_name": "Philadelphia Group", "dev_stat": "Past Producer", "fips_code": "f06109", "huc_code": "h18040009", "quad_code": "q38122NEG2", "url": "https://mrdata.usgs.gov/mrds/show-mrds.php?dep_id=10077958", "code_list": "AU", "_layer": "mrds"}}, {"type": "Feature", "geometry": {"type": "Point", "coordinates": [-120.21988, 37.95242]}, "properties": {"dep_id": "10077967", "site_name": "Garfield", "dev_stat": "Past Producer", "fips_code": "f06109", "huc_code": "h18040009", "quad_code": "q38122NEG1", "url": "https://mrdata.usgs.gov/mrds/show-mrds.php?dep_id=10077967", "code_list": "AU", "_layer": "mrds"}}, {"type": "Feature", "geometry": {"type": "Point", "coordinates": [-120.16543, 38.06103]}, "properties": {"dep_id": "10077974", "site_name": "Ryan Group", "dev_stat": "Past Producer", "fips_code": "f06109", "huc_code": "h18040009", "quad_code": "q39122SEG4", "url": "https://mrdata.usgs.gov/mrds/show-mrds.php?dep_id=10077974", "code_list": "AU AG", "_layer": "mrds"}}, {"type": "Feature", "geometry": {"type": "Point", "coordinates": [-120.479, 38.01491]}, "properties": {"dep_id": "10102808", "site_name": "Gopher", "dev_stat": "Past Producer", "fips_code": "f06009", "huc_code": "h18040010", "quad_code": "q39122SEE4", "url": "https://mrdata.usgs.gov/mrds/show-mrds.php?dep_id=10102808", "code_list": "AU", "_layer": "mrds"}}, {"type": "Feature", "geometry": {"type": "Point", "coordinates": [-120.28989, 38.02047]}, "properties": {"dep_id": "10103053", "site_name": "Belleview", "dev_stat": "Past Producer", "fips_code": "f06109", "huc_code": "h18040009", "quad_code": "q39122SEF4", "url": "https://mrdata.usgs.gov/mrds/show-mrds.php?dep_id=10103053", "code_list": "AU PB CU", "_layer": "mrds"}}, {"type": "Feature", "geometry": {"type": "Point", "coordinates": [-120.456, 37.98797]}, "properties": {"dep_id": "10109426", "site_name": "Anti - Chinese", "dev_stat": "Producer", "fips_code": "f06109", "huc_code": "h18040010", "quad_code": "q38122NEE1", "url": "https://mrdata.usgs.gov/mrds/show-mrds.php?dep_id=10109426", "code_list": "AU", "_layer": "mrds"}}, {"type": "Feature", "geometry": {"type": "Point", "coordinates": [-120.25238, 37.83159]}, "properties": {"dep_id": "10109429", "site_name": "Champion", "dev_stat": "Producer", "fips_code": "f06109", "huc_code": "h18040009", "quad_code": "q38122NEF2", "url": "https://mrdata.usgs.gov/mrds/show-mrds.php?dep_id=10109429", "code_list": "AU", "_layer": "mrds"}}, {"type": "Feature", "geometry": {"type": "Point", "coordinates": [-120.24849, 37.75909]}, "properties": {"dep_id": "10110791", "site_name": "Unidentified Workings", "dev_stat": "Producer", "fips_code": "f06109", "huc_code": "h18040009", "quad_code": "q38122NEG2", "url": "https://mrdata.usgs.gov/mrds/show-mrds.php?dep_id=10110791", "code_list": "AU", "_layer": "mrds"}}, {"type": "Feature", "geometry": {"type": "Point", "coordinates": [-120.3732, 38.01931]}, "properties": {"dep_id": "10117122", "site_name": "Lewis", "dev_stat": "Occurrence", "fips_code": "f06109", "huc_code": "h18040009", "quad_code": "q39122SEF4", "url": "https://mrdata.usgs.gov/mrds/show-mrds.php?dep_id=10117122", "code_list": "AU", "_layer": "mrds"}}, {"type": "Feature", "geometry": {"type": "Point", "coordinates": [-120.17209, 38.03212]}, "properties": {"dep_id": "10117189", "site_name": "Hunch", "dev_stat": "Occurrence", "fips_code": "f06109", "huc_code": "h18040009", "quad_code": "q39122SEG4", "url": "https://mrdata.usgs.gov/mrds/show-mrds.php?dep_id=10117189", "code_list": "W", "_layer": "mrds"}}, {"type": "Feature", "geometry": {"type": "Point", "coordinates": [-120.3963, 38.02101]}, "properties": {"dep_id": "10117194", "site_name": "Douglasville", "dev_stat": "Unknown", "fips_code": "f06109", "huc_code": "h18040009", "quad_code": "q39122SEE4", "url": "https://mrdata.usgs.gov/mrds/show-mrds.php?dep_id=10117194", "code_list": "AU", "_layer": "mrds"}}, {"type": "Feature", "geometry": {"type": "Point", "coordinates": [-120.4104, 38.03431]}, "properties": {"dep_id": "10117275", "site_name": "Finn", "dev_stat": "Unknown", "fips_code": "f06109", "huc_code": "h18040010", "quad_code": "q39122SEE4", "url": "https://mrdata.usgs.gov/mrds/show-mrds.php?dep_id=10117275", "code_list": "AU", "_layer": "mrds"}}, {"type": "Feature", "geometry": {"type": "Point", "coordinates": [-120.2482, 37.98802]}, "properties": {"dep_id": "10117460", "site_name": "Washington", "dev_stat": "Unknown", "fips_code": "f06109", "huc_code": "h18040009", "quad_code": "q38122NEG1", "url": "https://mrdata.usgs.gov/mrds/show-mrds.php?dep_id=10117460", "code_list": "AU", "_layer": "mrds"}}, {"type": "Feature", "geometry": {"type": "Point", "coordinates": [-120.2766, 37.97742]}, "properties": {"dep_id": "10117478", "site_name": "Black Oak", "dev_stat": "Occurrence", "fips_code": "f06109", "huc_code": "h18040009", "quad_code": "q38122NEF1", "url": "https://mrdata.usgs.gov/mrds/show-mrds.php?dep_id=10117478", "code_list": "AU AG", "_layer": "mrds"}}, {"type": "Feature", "geometry": {"type": "Point", "coordinates": [-120.4768, 37.86382]}, "properties": {"dep_id": "10117592", "site_name": "Monarch Prospect", "dev_stat": "Occurrence", "fips_code": "f06109", "huc_code": "h18040010", "quad_code": "q38122NEE2", "url": "https://mrdata.usgs.gov/mrds/show-mrds.php?dep_id=10117592", "code_list": "MG", "_layer": "mrds"}}, {"type": "Feature", "geometry": {"type": "Point", "coordinates": [-119.63428, 38.16302]}, "properties": {"dep_id": "10117641", "site_name": "Buckskin", "dev_stat": "Past Producer", "fips_code": "f06109", "huc_code": "h18040009", "quad_code": "q39120SWC3", "url": "https://mrdata.usgs.gov/mrds/show-mrds.php?dep_id=10117641", "code_list": "W", "_layer": "mrds"}}, {"type": "Feature", "geometry": {"type": "Point", "coordinates": [-120.501, 37.89992]}, "properties": {"dep_id": "10117710", "site_name": "Grassely Claims", "dev_stat": "Unknown", "fips_code": "f06109", "huc_code": "h18040010", "quad_code": "q38122NED1", "url": "https://mrdata.usgs.gov/mrds/show-mrds.php?dep_id=10117710", "code_list": "CR FE", "_layer": "mrds"}}, {"type": "Feature", "geometry": {"type": "Point", "coordinates": [-120.4146, 38.0824]}, "properties": {"dep_id": "10138474", "site_name": "Consolidated River", "dev_stat": "Occurrence", "fips_code": "f06009", "huc_code": "h18040010", "quad_code": "q39122SEE4", "url": "https://mrdata.usgs.gov/mrds/show-mrds.php?dep_id=10138474", "code_list": "AU", "_layer": "mrds"}}, {"type": "Feature", "geometry": {"type": "Point", "coordinates": [-120.4038, 37.87712]}, "properties": {"dep_id": "10141274", "site_name": "Albion Cons Group", "dev_stat": "Prospect", "fips_code": "f06109", "huc_code": "h18040009", "quad_code": "q38122NEE1", "url": "https://mrdata.usgs.gov/mrds/show-mrds.php?dep_id=10141274", "code_list": "AU", "_layer": "mrds"}}, {"type": "Feature", "geometry": {"type": "Point", "coordinates": [-120.3599, 37.95052]}, "properties": {"dep_id": "10141402", "site_name": "Independent", "dev_stat": "Unknown", "fips_code": "f06109", "huc_code": "h18040009", "quad_code": "q38122NEF1", "url": "https://mrdata.usgs.gov/mrds/show-mrds.php?dep_id=10141402", "code_list": "AU", "_layer": "mrds"}}, {"type": "Feature", "geometry": {"type": "Point", "coordinates": [-120.3185, 38.10381]}, "properties": {"dep_id": "10141539", "site_name": "Kamoi", "dev_stat": "Unknown", "fips_code": "f06109", "huc_code": "h18040010", "quad_code": "q39122SEF4", "url": "https://mrdata.usgs.gov/mrds/show-mrds.php?dep_id=10141539", "code_list": "AU", "_layer": "mrds"}}, {"type": "Feature", "geometry": {"type": "Point", "coordinates": [-120.3754, 38.01911]}, "properties": {"dep_id": "10141550", "site_name": "Hilton and Mcpherson", "dev_stat": "Unknown", "fips_code": "f06109", "huc_code": "h18040009", "quad_code": "q39122SEE4", "url": "https://mrdata.usgs.gov/mrds/show-mrds.php?dep_id=10141550", "code_list": "AU", "_layer": "mrds"}}, {"type": "Feature", "geometry": {"type": "Point", "coordinates": [-120.3854, 37.99051]}, "properties": {"dep_id": "10141573", "site_name": "Bonanza", "dev_stat": "Occurrence", "fips_code": "f06109", "huc_code": "h18040009", "quad_code": "q38122NEE1", "url": "https://mrdata.usgs.gov/mrds/show-mrds.php?dep_id=10141573", "code_list": "AU", "_layer": "mrds"}}, {"type": "Feature", "geometry": {"type": "Point", "coordinates": [-120.4677, 37.99521]}, "properties": {"dep_id": "10141742", "site_name": "Grass Extension", "dev_stat": "Unknown", "fips_code": "f06109", "huc_code": "h18040010", "quad_code": "q38122NEE1", "url": "https://mrdata.usgs.gov/mrds/show-mrds.php?dep_id=10141742", "code_list": "AU", "_layer": "mrds"}}, {"type": "Feature", "geometry": {"type": "Point", "coordinates": [-120.4027, 37.88302]}, "properties": {"dep_id": "10141919", "site_name": "Climax", "dev_stat": "Unknown", "fips_code": "f06109", "huc_code": "h18040009", "quad_code": "q38122NEE1", "url": "https://mrdata.usgs.gov/mrds/show-mrds.php?dep_id=10141919", "code_list": "AU", "_layer": "mrds"}}, {"type": "Feature", "geometry": {"type": "Point", "coordinates": [-120.21769, 37.83632]}, "properties": {"dep_id": "10141945", "site_name": "Muller", "dev_stat": "Occurrence", "fips_code": "f06109", "huc_code": "h18040009", "quad_code": "q38122NEG2", "url": "https://mrdata.usgs.gov/mrds/show-mrds.php?dep_id=10141945", "code_list": "AU", "_layer": "mrds"}}, {"type": "Feature", "geometry": {"type": "Point", "coordinates": [-120.17959, 38.01022]}, "properties": {"dep_id": "10141990", "site_name": "Riverside", "dev_stat": "Prospect", "fips_code": "f06109", "huc_code": "h18040009", "quad_code": "q39122SEG4", "url": "https://mrdata.usgs.gov/mrds/show-mrds.php?dep_id=10141990", "code_list": "AU AG", "_layer": "mrds"}}, {"type": "Feature", "geometry": {"type": "Point", "coordinates": [-120.3574, 38.14931]}, "properties": {"dep_id": "10165576", "site_name": "Amazon", "dev_stat": "Occurrence", "fips_code": "f06109", "huc_code": "h18040010", "quad_code": "q39122SEF3", "url": "https://mrdata.usgs.gov/mrds/show-mrds.php?dep_id=10165576", "code_list": "AU", "_layer": "mrds"}}, {"type": "Feature", "geometry": {"type": "Point", "coordinates": [-120.24679, 37.76322]}, "properties": {"dep_id": "10165729", "site_name": "Raggio", "dev_stat": "Unknown", "fips_code": "f06109", "huc_code": "h18040009", "quad_code": "q38122NEG2", "url": "https://mrdata.usgs.gov/mrds/show-mrds.php?dep_id=10165729", "code_list": "AU", "_layer": "mrds"}}, {"type": "Feature", "geometry": {"type": "Point", "coordinates": [-120.2268, 37.96302]}, "properties": {"dep_id": "10165858", "site_name": "United Mines", "dev_stat": "Occurrence", "fips_code": "f06109", "huc_code": "h18040009", "quad_code": "q38122NEG1", "url": "https://mrdata.usgs.gov/mrds/show-mrds.php?dep_id=10165858", "code_list": "AU", "_layer": "mrds"}}, {"type": "Feature", "geometry": {"type": "Point", "coordinates": [-120.4352, 37.86912]}, "properties": {"dep_id": "10165937", "site_name": "Chinese Camp", "dev_stat": "Prospect", "fips_code": "f06109", "huc_code": "h18040009", "quad_code": "q38122NEE2", "url": "https://mrdata.usgs.gov/mrds/show-mrds.php?dep_id=10165937", "code_list": "CU", "_layer": "mrds"}}, {"type": "Feature", "geometry": {"type": "Point", "coordinates": [-120.3957, 38.02271]}, "properties": {"dep_id": "10165946", "site_name": "Nelson", "dev_stat": "Unknown", "fips_code": "f06109", "huc_code": "h18040009", "quad_code": "q39122SEE4", "url": "https://mrdata.usgs.gov/mrds/show-mrds.php?dep_id=10165946", "code_list": "AU", "_layer": "mrds"}}, {"type": "Feature", "geometry": {"type": "Point", "coordinates": [-120.4616, 37.89522]}, "properties": {"dep_id": "10166216", "site_name": "Lone Star", "dev_stat": "Past Producer", "fips_code": "f06109", "huc_code": "h18040009", "quad_code": "q38122NEE1", "url": "https://mrdata.usgs.gov/mrds/show-mrds.php?dep_id=10166216", "code_list": "AU AG", "_layer": "mrds"}}, {"type": "Feature", "geometry": {"type": "Point", "coordinates": [-120.2154, 37.98932]}, "properties": {"dep_id": "10190030", "site_name": "Fair Maiden", "dev_stat": "Occurrence", "fips_code": "f06109", "huc_code": "h18040009", "quad_code": "q38122NEG1", "url": "https://mrdata.usgs.gov/mrds/show-mrds.php?dep_id=10190030", "code_list": "AU", "_layer": "mrds"}}, {"type": "Feature", "geometry": {"type": "Point", "coordinates": [-120.3041, 37.98272]}, "properties": {"dep_id": "10190298", "site_name": "Denton", "dev_stat": "Unknown", "fips_code": "f06109", "huc_code": "h18040009", "quad_code": "q38122NEF1", "url": "https://mrdata.usgs.gov/mrds/show-mrds.php?dep_id=10190298", "code_list": "AU", "_layer": "mrds"}}, {"type": "Feature", "geometry": {"type": "Point", "coordinates": [-120.2602, 37.97632]}, "properties": {"dep_id": "10190392", "site_name": "Unidentified", "dev_stat": "Occurrence", "fips_code": "f06109", "huc_code": "h18040009", "quad_code": "q38122NEF1", "url": "https://mrdata.usgs.gov/mrds/show-mrds.php?dep_id=10190392", "code_list": "AU", "_layer": "mrds"}}, {"type": "Feature", "geometry": {"type": "Point", "coordinates": [-120.386, 37.91552]}, "properties": {"dep_id": "10190470", "site_name": "Mexican Quartz Mine", "dev_stat": "Occurrence", "fips_code": "f06109", "huc_code": "h18040009", "quad_code": "q38122NEE1", "url": "https://mrdata.usgs.gov/mrds/show-mrds.php?dep_id=10190470", "code_list": "AU", "_layer": "mrds"}}, {"type": "Feature", "geometry": {"type": "Point", "coordinates": [-120.271, 38.12101]}, "properties": {"dep_id": "10190494", "site_name": "Stockton", "dev_stat": "Occurrence", "fips_code": "f06109", "huc_code": "h18040010", "quad_code": "q39122SEF4", "url": "https://mrdata.usgs.gov/mrds/show-mrds.php?dep_id=10190494", "code_list": "AU", "_layer": "mrds"}}, {"type": "Feature", "geometry": {"type": "Point", "coordinates": [-120.3293, 38.05851]}, "properties": {"dep_id": "10190676", "site_name": "Volunteer", "dev_stat": "Unknown", "fips_code": "f06109", "huc_code": "h18040010", "quad_code": "q39122SEF4", "url": "https://mrdata.usgs.gov/mrds/show-mrds.php?dep_id=10190676", "code_list": "AU", "_layer": "mrds"}}, {"type": "Feature", "geometry": {"type": "Point", "coordinates": [-120.4357, 38.01381]}, "properties": {"dep_id": "10190747", "site_name": "Our Flag", "dev_stat": "Unknown", "fips_code": "f06109", "huc_code": "h18040010", "quad_code": "q39122SEE4", "url": "https://mrdata.usgs.gov/mrds/show-mrds.php?dep_id=10190747", "code_list": "AU", "_layer": "mrds"}}, {"type": "Feature", "geometry": {"type": "Point", "coordinates": [-120.3893, 38.04241]}, "properties": {"dep_id": "10214190", "site_name": "Page", "dev_stat": "Past Producer", "fips_code": "f06109", "huc_code": "h18040010", "quad_code": "q39122SEE4", "url": "https://mrdata.usgs.gov/mrds/show-mrds.php?dep_id=10214190", "code_list": "AU", "_layer": "mrds"}}, {"type": "Feature", "geometry": {"type": "Point", "coordinates": [-120.3752, 37.95212]}, "properties": {"dep_id": "10214264", "site_name": "Dickey Boy", "dev_stat": "Unknown", "fips_code": "f06109", "huc_code": "h18040009", "quad_code": "q38122NEE1", "url": "https://mrdata.usgs.gov/mrds/show-mrds.php?dep_id=10214264", "code_list": "AU", "_layer": "mrds"}}, {"type": "Feature", "geometry": {"type": "Point", "coordinates": [-120.3485, 37.83822]}, "properties": {"dep_id": "10214366", "site_name": "Verdun", "dev_stat": "Past Producer", "fips_code": "f06109", "huc_code": "h18040009", "quad_code": "q38122NEF2", "url": "https://mrdata.usgs.gov/mrds/show-mrds.php?dep_id=10214366", "code_list": "AU", "_layer": "mrds"}}, {"type": "Feature", "geometry": {"type": "Point", "coordinates": [-120.3949, 37.97801]}, "properties": {"dep_id": "10214425", "site_name": "B Brown We Finch Ad Hunter", "dev_stat": "Occurrence", "fips_code": "f06109", "huc_code": "h18040009", "quad_code": "q38122NEE1", "url": "https://mrdata.usgs.gov/mrds/show-mrds.php?dep_id=10214425", "code_list": "TLC", "_layer": "mrds"}}, {"type": "Feature", "geometry": {"type": "Point", "coordinates": [-120.3918, 37.99431]}, "properties": {"dep_id": "10214500", "site_name": "Bald Mountain", "dev_stat": "Unknown", "fips_code": "f06109", "huc_code": "h18040009", "quad_code": "q38122NEE1", "url": "https://mrdata.usgs.gov/mrds/show-mrds.php?dep_id=10214500", "code_list": "AU", "_layer": "mrds"}}, {"type": "Feature", "geometry": {"type": "Point", "coordinates": [-120.4013, 38.02021]}, "properties": {"dep_id": "10214752", "site_name": "Placer Mines", "dev_stat": "Unknown", "fips_code": "f06109", "huc_code": "h18040010", "quad_code": "q39122SEE4", "url": "https://mrdata.usgs.gov/mrds/show-mrds.php?dep_id=10214752", "code_list": "AU", "_layer": "mrds"}}, {"type": "Feature", "geometry": {"type": "Point", "coordinates": [-120.12129, 37.83492]}, "properties": {"dep_id": "10214766", "site_name": "Gold Queen", "dev_stat": "Unknown", "fips_code": "f06109", "huc_code": "h18040009", "quad_code": "q38122NEH2", "url": "https://mrdata.usgs.gov/mrds/show-mrds.php?dep_id=10214766", "code_list": "AU", "_layer": "mrds"}}, {"type": "Feature", "geometry": {"type": "Point", "coordinates": [-120.2199, 37.99802]}, "properties": {"dep_id": "10238418", "site_name": "Cardova", "dev_stat": "Occurrence", "fips_code": "f06109", "huc_code": "h18040009", "quad_code": "q38122NEG1", "url": "https://mrdata.usgs.gov/mrds/show-mrds.php?dep_id=10238418", "code_list": "AU", "_layer": "mrds"}}, {"type": "Feature", "geometry": {"type": "Point", "coordinates": [-120.3038, 37.89912]}, "properties": {"dep_id": "10238472", "site_name": "Fitzgerald", "dev_stat": "Occurrence", "fips_code": "f06109", "huc_code": "h18040009", "quad_code": "q38122NEF1", "url": "https://mrdata.usgs.gov/mrds/show-mrds.php?dep_id=10238472", "code_list": "AU", "_layer": "mrds"}}, {"type": "Feature", "geometry": {"type": "Point", "coordinates": [-120.4441, 37.95631]}, "properties": {"dep_id": "10238513", "site_name": "Alabama", "dev_stat": "Past Producer", "fips_code": "f06109", "huc_code": "h18040009", "quad_code": "q38122NEE1", "url": "https://mrdata.usgs.gov/mrds/show-mrds.php?dep_id=10238513", "code_list": "AU", "_layer": "mrds"}}, {"type": "Feature", "geometry": {"type": "Point", "coordinates": [-120.4249, 37.93492]}, "properties": {"dep_id": "10238551", "site_name": "O:Donnell", "dev_stat": "Unknown", "fips_code": "f06109", "huc_code": "h18040009", "quad_code": "q38122NEE1", "url": "https://mrdata.usgs.gov/mrds/show-mrds.php?dep_id=10238551", "code_list": "AU", "_layer": "mrds"}}, {"type": "Feature", "geometry": {"type": "Point", "coordinates": [-120.4249, 38.06571]}, "properties": {"dep_id": "10238695", "site_name": "Columbia Quarry", "dev_stat": "Producer", "fips_code": "f06109", "huc_code": "h18040010", "quad_code": "q39122SEE4", "url": "https://mrdata.usgs.gov/mrds/show-mrds.php?dep_id=10238695", "code_list": "MG", "_layer": "mrds"}}, {"type": "Feature", "geometry": {"type": "Point", "coordinates": [-120.3816, 38.13271]}, "properties": {"dep_id": "10260088", "site_name": "Louise", "dev_stat": "Occurrence", "fips_code": "f06009", "huc_code": "h18040010", "quad_code": "q39122SEE3", "url": "https://mrdata.usgs.gov/mrds/show-mrds.php?dep_id=10260088", "code_list": "AU", "_layer": "mrds"}}, {"type": "Feature", "geometry": {"type": "Point", "coordinates": [-120.5038, 37.91272]}, "properties": {"dep_id": "10263013", "site_name": "Morning Glory Claim", "dev_stat": "Prospect", "fips_code": "f06109", "huc_code": "h18040010", "quad_code": "q38122NED1", "url": "https://mrdata.usgs.gov/mrds/show-mrds.php?dep_id=10263013", "code_list": "CR", "_layer": "mrds"}}, {"type": "Feature", "geometry": {"type": "Point", "coordinates": [-120.17929, 37.89852]}, "properties": {"dep_id": "10263127", "site_name": "Garfield-Virginia", "dev_stat": "Prospect", "fips_code": "f06109", "huc_code": "h18040009", "quad_code": "q38122NEG1", "url": "https://mrdata.usgs.gov/mrds/show-mrds.php?dep_id=10263127", "code_list": "AU", "_layer": "mrds"}}, {"type": "Feature", "geometry": {"type": "Point", "coordinates": [-120.2666, 37.99322]}, "properties": {"dep_id": "10263216", "site_name": "Wheel", "dev_stat": "Occurrence", "fips_code": "f06109", "huc_code": "h18040009", "quad_code": "q38122NEF1", "url": "https://mrdata.usgs.gov/mrds/show-mrds.php?dep_id=10263216", "code_list": "AU", "_layer": "mrds"}}, {"type": "Feature", "geometry": {"type": "Point", "coordinates": [-120.4557, 37.98661]}, "properties": {"dep_id": "10263280", "site_name": "Arborn", "dev_stat": "Past Producer", "fips_code": "f06109", "huc_code": "h18040010", "quad_code": "q38122NEE1", "url": "https://mrdata.usgs.gov/mrds/show-mrds.php?dep_id=10263280", "code_list": "AU", "_layer": "mrds"}}, {"type": "Feature", "geometry": {"type": "Point", "coordinates": [-120.3696, 38.12771]}, "properties": {"dep_id": "10263518", "site_name": "Snell", "dev_stat": "Occurrence", "fips_code": "f06109", "huc_code": "h18040010", "quad_code": "q39122SEF3", "url": "https://mrdata.usgs.gov/mrds/show-mrds.php?dep_id=10263518", "code_list": "AU", "_layer": "mrds"}}, {"type": "Feature", "geometry": {"type": "Point", "coordinates": [-120.22159, 37.89742]}, "properties": {"dep_id": "10287464", "site_name": "Back Track", "dev_stat": "Past Producer", "fips_code": "f06109", "huc_code": "h18040009", "quad_code": "q38122NEG1", "url": "https://mrdata.usgs.gov/mrds/show-mrds.php?dep_id=10287464", "code_list": "AU", "_layer": "mrds"}}, {"type": "Feature", "geometry": {"type": "Point", "coordinates": [-120.23659, 37.91102]}, "properties": {"dep_id": "10287577", "site_name": "Florida", "dev_stat": "Prospect", "fips_code": "f06109", "huc_code": "h18040009", "quad_code": "q38122NEG1", "url": "https://mrdata.usgs.gov/mrds/show-mrds.php?dep_id=10287577", "code_list": "AU", "_layer": "mrds"}}, {"type": "Feature", "geometry": {"type": "Point", "coordinates": [-120.4085, 38.04051]}, "properties": {"dep_id": "10287610", "site_name": "White Land", "dev_stat": "Unknown", "fips_code": "f06109", "huc_code": "h18040010", "quad_code": "q39122SEE4", "url": "https://mrdata.usgs.gov/mrds/show-mrds.php?dep_id=10287610", "code_list": "AU", "_layer": "mrds"}}, {"type": "Feature", "geometry": {"type": "Point", "coordinates": [-120.4046, 38.02851]}, "properties": {"dep_id": "10287628", "site_name": "Springfield", "dev_stat": "Past Producer", "fips_code": "f06109", "huc_code": "h18040010", "quad_code": "q39122SEE4", "url": "https://mrdata.usgs.gov/mrds/show-mrds.php?dep_id=10287628", "code_list": "AU AG", "_layer": "mrds"}}, {"type": "Feature", "geometry": {"type": "Point", "coordinates": [-120.2849, 38.06411]}, "properties": {"dep_id": "10287781", "site_name": "Hazel Dell", "dev_stat": "Occurrence", "fips_code": "f06109", "huc_code": "h18040010", "quad_code": "q39122SEF4", "url": "https://mrdata.usgs.gov/mrds/show-mrds.php?dep_id=10287781", "code_list": "AU CU PB AG", "_layer": "mrds"}}, {"type": "Feature", "geometry": {"type": "Point", "coordinates": [-120.4108, 37.99136]}, "properties": {"dep_id": "10310669", "site_name": "Pocket Belt Region", "dev_stat": "Producer", "fips_code": "f06109", "huc_code": "h18040009", "quad_code": "q38122NEE1", "url": "https://mrdata.usgs.gov/mrds/show-mrds.php?dep_id=10310669", "code_list": "AU AG", "_layer": "mrds"}}, {"type": "Feature", "geometry": {"type": "Point", "coordinates": [-119.68099, 38.31181]}, "properties": {"dep_id": "10284868", "site_name": "McKittrick Pit", "dev_stat": "Past Producer", "fips_code": "f06109", "huc_code": "h18040010", "quad_code": "q39120SWC2", "url": "https://mrdata.usgs.gov/mrds/show-mrds.php?dep_id=10284868", "code_list": "CLY_BN", "_layer": "mrds"}}, {"type": "Feature", "geometry": {"type": "Point", "coordinates": [-120.2479, 38.24411]}, "properties": {"dep_id": "10287761", "site_name": "Cuds Chrome Claim", "dev_stat": "Occurrence", "fips_code": "f06109", "huc_code": "h18040010", "quad_code": "q39122SEG3", "url": "https://mrdata.usgs.gov/mrds/show-mrds.php?dep_id=10287761", "code_list": "CR", "_layer": "mrds"}}]}