{"type": "FeatureCollection", "features": [{"type": "Feature", "geometry": {"type": "Point", "coordinates": [-119.312176, 37.881441]}, "properties": {"lowerCorner": "37.881441 -119.312176", "upperCorner": "37.881441 -119.312176", "state": "CA", "county": "Tuolumne", "ftr_type": "Borrow Pit", "ftr_azimut": "0", "topo_name": "Tioga Pass", "topo_date": "1990", "topo_scale": "24000", "compiledby": "CA Dept Conserv", "gda_id": "5524659", "scanid": "295476", "url": "https://mrdata.usgs.gov/usmin/show-usmin.php?type=point&id=50514", "_layer": "points"}}, {"type": "Feature", "geometry": {"type": "Point", "coordinates": [-119.216363, 37.854311]}, "properties": {"lowerCorner": "37.854311 -119.216363", "upperCorner": "37.854311 -119.216363", "state": "CA", "county": "Tuolumne", "ftr_type": "Mine Shaft", "ftr_azimut": "0", "topo_name": "Koip Peak", "topo_date": "1988", "topo_scale": "24000", "compiledby": "CA Dept Conserv", "gda_id": "5516597", "scanid": "291918", "url": "https://mrdata.usgs.gov/usmin/show-usmin.php?type=point&id=58791", "_layer": "points"}}, {"type": "Feature", "geometry": {"type": "Point", "coordinates": [-119.217825, 37.847082]}, "properties": {"lowerCorner": "37.847082 -119.217825", "upperCorner": "37.847082 -119.217825", "state": "CA", "county": "Tuolumne", "ftr_type": "Mine Shaft", "ftr_azimut": "0", "topo_name": "Koip Peak", "topo_date": "1988", "topo_scale": "24000", "compiledby": "CA Dept Conserv", "gda_id": "5516597", "scanid": "291918", "url": "https://mrdata.usgs.gov/usmin/show-usmin.php?type=point&id=58795", "_layer": "points"}}, {"type": "Feature", "geometry": {"type": "Point", "coordinates": [-119.212252, 37.855223]}, "properties": {"lowerCorner": "37.855223 -119.212252", "upperCorner": "37.855223 -119.212252", "state": "CA", "county": "Tuolumne", "ftr_type": "Mine Shaft", "ftr_azimut": "0", "topo_name": "Koip Peak", "topo_date": "1988", "topo_scale": "24000", "compiledby": "CA Dept Conserv", "gda_id": "5516597", "scanid": "291918", "url": "https://mrdata.usgs.gov/usmin/show-usmin.php?type=point&id=58828", "_layer": "points"}}, {"type": "Feature", "geometry": {"type": "Point", "coordinates": [-119.215197, 37.852146]}, "properties": {"lowerCorner": "37.852146 -119.215197", "upperCorner": "37.852146 -119.215197", "state": "CA", "county": "Tuolumne", "ftr_type": "Mine Shaft", "ftr_azimut": "0", "topo_name": "Koip Peak", "topo_date": "1988", "topo_scale": "24000", "compiledby": "CA Dept Conserv", "gda_id": "5516597", "scanid": "291918", "url": "https://mrdata.usgs.gov/usmin/show-usmin.php?type=point&id=58884", "_layer": "points"}}, {"type": "Feature", "geometry": {"type": "Point", "coordinates": [-119.215547, 37.852304]}, "properties": {"lowerCorner": "37.852304 -119.215547", "upperCorner": "37.852304 -119.215547", "state": "CA", "county": "Tuolumne", "ftr_type": "Mine Shaft", "ftr_azimut": "0", "topo_name": "Koip Peak", "topo_date": "1988", "topo_scale": "24000", "compiledby": "CA Dept Conserv", "gda_id": "5516597", "scanid": "291918", "url": "https://mrdata.usgs.gov/usmin/show-usmin.php?type=point&id=58900", "_layer": "points"}}, {"type": "Feature", "geometry": {"type": "Point", "coordinates": [-119.212881, 37.848372]}, "properties": {"lowerCorner": "37.848372 -119.212881", "upperCorner": "37.848372 -119.212881", "state": "CA", "county": "Mono", "ftr_type": "Prospect Pit", "ftr_azimut": "0", "topo_name": "Koip Peak", "topo_date": "1988", "topo_scale": "24000", "compiledby": "CA Dept Conserv", "gda_id": "5516597", "scanid": "291918", "url": "https://mrdata.usgs.gov/usmin/show-usmin.php?type=point&id=73542", "_layer": "points"}}, {"type": "Feature", "geometry": {"type": "Point", "coordinates": [-119.215728, 37.853959]}, "properties": {"lowerCorner": "37.853959 -119.215728", "upperCorner": "37.853959 -119.215728", "state": "CA", "county": "Tuolumne", "ftr_type": "Prospect Pit", "ftr_azimut": "0", "topo_name": "Koip Peak", "topo_date": "1988", "topo_scale": "24000", "compiledby": "CA Dept Conserv", "gda_id": "5516597", "scanid": "291918", "url": "https://mrdata.usgs.gov/usmin/show-usmin.php?type=point&id=84684", "_layer": "points"}}, {"type": "Feature", "geometry": {"type": "Point", "coordinates": [-119.21764, 37.856344]}, "properties": {"lowerCorner": "37.856344 -119.217640", "upperCorner": "37.856344 -119.217640", "state": "CA", "county": "Tuolumne", "ftr_type": "Prospect Pit", "ftr_azimut": "0", "topo_name": "Koip Peak", "topo_date": "1988", "topo_scale": "24000", "compiledby": "CA Dept Conserv", "gda_id": "5516597", "scanid": "291918", "url": "https://mrdata.usgs.gov/usmin/show-usmin.php?type=point&id=84702", "_layer": "points"}}, {"type": "Feature", "geometry": {"type": "Point", "coordinates": [-119.214809, 37.85136]}, "properties": {"lowerCorner": "37.851360 -119.214809", "upperCorner": "37.851360 -119.214809", "state": "CA", "county": "Tuolumne", "ftr_type": "Prospect Pit", "ftr_azimut": "0", "topo_name": "Koip Peak", "topo_date": "1988", "topo_scale": "24000", "compiledby": "CA Dept Conserv", "gda_id": "5516597", "scanid": "291918", "url": "https://mrdata.usgs.gov/usmin/show-usmin.php?type=point&id=84709", "_layer": "points"}}, {"type": "Feature", "geometry": {"type": "Point", "coordinates": [-119.217144, 37.853324]}, "properties": {"lowerCorner": "37.853324 -119.217144", "upperCorner": "37.853324 -119.217144", "state": "CA", "county": "Tuolumne", "ftr_type": "Prospect Pit", "ftr_azimut": "0", "topo_name": "Koip Peak", "topo_date": "1988", "topo_scale": "24000", "compiledby": "CA Dept Conserv", "gda_id": "5516597", "scanid": "291918", "url": "https://mrdata.usgs.gov/usmin/show-usmin.php?type=point&id=84720", "_layer": "points"}}, {"type": "Feature", "geometry": {"type": "Point", "coordinates": [-119.215089, 37.853989]}, "properties": {"lowerCorner": "37.853989 -119.215089", "upperCorner": "37.853989 -119.215089", "state": "CA", "county": "Tuolumne", "ftr_type": "Prospect Pit", "ftr_azimut": "0", "topo_name": "Koip Peak", "topo_date": "1988", "topo_scale": "24000", "compiledby": "CA Dept Conserv", "gda_id": "5516597", "scanid": "291918", "url": "https://mrdata.usgs.gov/usmin/show-usmin.php?type=point&id=84805", "_layer": "points"}}, {"type": "Feature", "geometry": {"type": "Point", "coordinates": [-119.217955, 37.85573]}, "properties": {"lowerCorner": "37.855730 -119.217955", "upperCorner": "37.855730 -119.217955", "state": "CA", "county": "Tuolumne", "ftr_type": "Prospect Pit", "ftr_azimut": "0", "topo_name": "Koip Peak", "topo_date": "1988", "topo_scale": "24000", "compiledby": "CA Dept Conserv", "gda_id": "5516597", "scanid": "291918", "url": "https://mrdata.usgs.gov/usmin/show-usmin.php?type=point&id=84865", "_layer": "points"}}, {"type": "Feature", "geometry": {"type": "Point", "coordinates": [-119.216436, 37.853598]}, "properties": {"lowerCorner": "37.853598 -119.216436", "upperCorner": "37.853598 -119.216436", "state": "CA", "county": "Tuolumne", "ftr_type": "Prospect Pit", "ftr_azimut": "0", "topo_name": "Koip Peak", "topo_date": "1988", "topo_scale": "24000", "compiledby": "CA Dept Conserv", "gda_id": "5516597", "scanid": "291918", "url": "https://mrdata.usgs.gov/usmin/show-usmin.php?type=point&id=84872", "_layer": "points"}}, {"type": "Feature", "geometry": {"type": "Point", "coordinates": [-119.217602, 37.84761]}, "properties": {"lowerCorner": "37.847610 -119.217602", "upperCorner": "37.847610 -119.217602", "state": "CA", "county": "Tuolumne", "ftr_type": "Mine Shaft", "ftr_azimut": "0", "topo_name": "Mono Craters", "topo_date": "1953", "topo_scale": "62500", "compiledby": "USGS", "gda_id": "5503047", "scanid": "298220", "url": "https://mrdata.usgs.gov/usmin/show-usmin.php?type=point&id=494143", "_layer": "points"}}, {"type": "Feature", "geometry": {"type": "Point", "coordinates": [-119.21595, 37.851482]}, "properties": {"lowerCorner": "37.851482 -119.215950", "upperCorner": "37.851482 -119.215950", "state": "CA", "county": "Tuolumne", "ftr_type": "Mine Shaft", "ftr_azimut": "0", "topo_name": "Mono Craters", "topo_date": "1953", "topo_scale": "62500", "compiledby": "USGS", "gda_id": "5503047", "scanid": "298220", "url": "https://mrdata.usgs.gov/usmin/show-usmin.php?type=point&id=494196", "_layer": "points"}}, {"type": "Feature", "geometry": {"type": "Point", "coordinates": [-119.215271, 37.851094]}, "properties": {"lowerCorner": "37.851094 -119.215271", "upperCorner": "37.851094 -119.215271", "state": "CA", "county": "Tuolumne", "ftr_type": "Mine Shaft", "ftr_azimut": "0", "topo_name": "Mono Craters", "topo_date": "1953", "topo_scale": "62500", "compiledby": "USGS", "gda_id": "5503047", "scanid": "298220", "url": "https://mrdata.usgs.gov/usmin/show-usmin.php?type=point&id=494225", "_layer": "points"}}, {"type": "Feature", "geometry": {"type": "Point", "coordinates": [-119.218063, 37.846668]}, "properties": {"lowerCorner": "37.846668 -119.218063", "upperCorner": "37.846668 -119.218063", "state": "CA", "county": "Tuolumne", "ftr_type": "Prospect Pit", "ftr_azimut": "0", "topo_name": "Mono Craters", "topo_date": "1953", "topo_scale": "62500", "compiledby": "USGS", "gda_id": "5503047", "scanid": "298220", "url": "https://mrdata.usgs.gov/usmin/show-usmin.php?type=point&id=501408", "_layer": "points"}}, {"type": "Feature", "geometry": {"type": "Point", "coordinates": [-119.217076, 37.848176]}, "properties": {"lowerCorner": "37.848176 -119.217076", "upperCorner": "37.848176 -119.217076", "state": "CA", "county": "Tuolumne", "ftr_type": "Prospect Pit", "ftr_azimut": "0", "topo_name": "Mono Craters", "topo_date": "1953", "topo_scale": "62500", "compiledby": "USGS", "gda_id": "5503047", "scanid": "298220", "url": "https://mrdata.usgs.gov/usmin/show-usmin.php?type=point&id=501470", "_layer": "points"}}, {"type": "Feature", "geometry": {"type": "Point", "coordinates": [-119.212366, 37.848254]}, "properties": {"lowerCorner": "37.848254 -119.212366", "upperCorner": "37.848254 -119.212366", "state": "CA", "county": "Mono", "ftr_type": "Adit", "ftr_azimut": "101", "topo_name": "Koip Peak", "topo_date": "1988", "topo_scale": "24000", "compiledby": "CA Dept Conserv", "gda_id": "5516597", "scanid": "291918", "dir": "e", "url": "https://mrdata.usgs.gov/usmin/show-usmin.php?type=point&id=45296", "_layer": "points"}}, {"type": "Feature", "geometry": {"type": "Point", "coordinates": [-119.213125, 37.849059]}, "properties": {"lowerCorner": "37.849059 -119.213125", "upperCorner": "37.849059 -119.213125", "state": "CA", "county": "Mono", "ftr_type": "Adit", "ftr_azimut": "172", "topo_name": "Mono Craters", "topo_date": "1953", "topo_scale": "62500", "compiledby": "USGS", "gda_id": "5503047", "scanid": "298220", "dir": "s", "url": "https://mrdata.usgs.gov/usmin/show-usmin.php?type=point&id=487533", "_layer": "points"}}, {"type": "Feature", "geometry": {"type": "Point", "coordinates": [-120.474227, 37.995353]}, "properties": {"lowerCorner": "37.995353 -120.474227", "upperCorner": "37.995353 -120.474227", "state": "CA", "county": "Tuolumne", "ftr_type": "Mine Shaft", "ftr_azimut": "0", "topo_name": "Sonora", "topo_date": "1948", "topo_scale": "24000", "compiledby": "CA Dept Conserv", "gda_id": "5523721", "scanid": "300602", "url": "https://mrdata.usgs.gov/usmin/show-usmin.php?type=point&id=58793", "_layer": "points"}}, {"type": "Feature", "geometry": {"type": "Point", "coordinates": [-120.422908, 38.056237]}, "properties": {"lowerCorner": "38.056237 -120.422908", "upperCorner": "38.056237 -120.422908", "state": "CA", "county": "Tuolumne", "ftr_type": "Mine Shaft", "ftr_name": "Vine Spring Mine", "ftr_azimut": "0", "topo_name": "Columbia", "topo_date": "1948", "topo_scale": "24000", "compiledby": "CA Dept Conserv", "gda_id": "5511357", "scanid": "289433", "url": "https://mrdata.usgs.gov/usmin/show-usmin.php?type=point&id=58794", "_layer": "points"}}, {"type": "Feature", "geometry": {"type": "Point", "coordinates": [-120.461843, 37.989463]}, "properties": {"lowerCorner": "37.989463 -120.461843", "upperCorner": "37.989463 -120.461843", "state": "CA", "county": "Tuolumne", "ftr_type": "Mine Shaft", "ftr_azimut": "0", "topo_name": "Sonora", "topo_date": "1948", "topo_scale": "24000", "compiledby": "CA Dept Conserv", "gda_id": "5523721", "scanid": "300602", "url": "https://mrdata.usgs.gov/usmin/show-usmin.php?type=point&id=58796", "_layer": "points"}}, {"type": "Feature", "geometry": {"type": "Point", "coordinates": [-120.476853, 37.996869]}, "properties": {"lowerCorner": "37.996869 -120.476853", "upperCorner": "37.996869 -120.476853", "state": "CA", "county": "Tuolumne", "ftr_type": "Mine Shaft", "ftr_azimut": "0", "topo_name": "Sonora", "topo_date": "1948", "topo_scale": "24000", "compiledby": "CA Dept Conserv", "gda_id": "5523721", "scanid": "300602", "url": "https://mrdata.usgs.gov/usmin/show-usmin.php?type=point&id=58804", "_layer": "points"}}, {"type": "Feature", "geometry": {"type": "Point", "coordinates": [-120.475844, 37.997151]}, "properties": {"lowerCorner": "37.997151 -120.475844", "upperCorner": "37.997151 -120.475844", "state": "CA", "county": "Tuolumne", "ftr_type": "Mine Shaft", "ftr_azimut": "0", "topo_name": "Sonora", "topo_date": "1948", "topo_scale": "24000", "compiledby": "CA Dept Conserv", "gda_id": "5523721", "scanid": "300602", "url": "https://mrdata.usgs.gov/usmin/show-usmin.php?type=point&id=58806", "_layer": "points"}}, {"type": "Feature", "geometry": {"type": "Point", "coordinates": [-120.462804, 37.994531]}, "properties": {"lowerCorner": "37.994531 -120.462804", "upperCorner": "37.994531 -120.462804", "state": "CA", "county": "Tuolumne", "ftr_type": "Mine Shaft", "ftr_azimut": "0", "topo_name": "Sonora", "topo_date": "1948", "topo_scale": "24000", "compiledby": "CA Dept Conserv", "gda_id": "5523721", "scanid": "300602", "url": "https://mrdata.usgs.gov/usmin/show-usmin.php?type=point&id=58813", "_layer": "points"}}, {"type": "Feature", "geometry": {"type": "Point", "coordinates": [-120.475617, 37.999632]}, "properties": {"lowerCorner": "37.999632 -120.475617", "upperCorner": "37.999632 -120.475617", "state": "CA", "county": "Tuolumne", "ftr_type": "Mine Shaft", "ftr_azimut": "0", "topo_name": "Sonora", "topo_date": "1948", "topo_scale": "24000", "compiledby": "CA Dept Conserv", "gda_id": "5523721", "scanid": "300602", "url": "https://mrdata.usgs.gov/usmin/show-usmin.php?type=point&id=58815", "_layer": "points"}}, {"type": "Feature", "geometry": {"type": "Point", "coordinates": [-120.428812, 38.029482]}, "properties": {"lowerCorner": "38.029482 -120.428812", "upperCorner": "38.029482 -120.428812", "state": "CA", "county": "Tuolumne", "ftr_type": "Mine Shaft", "ftr_azimut": "0", "topo_name": "Columbia", "topo_date": "1948", "topo_scale": "24000", "compiledby": "CA Dept Conserv", "gda_id": "5511357", "scanid": "289433", "url": "https://mrdata.usgs.gov/usmin/show-usmin.php?type=point&id=58819", "_layer": "points"}}, {"type": "Feature", "geometry": {"type": "Point", "coordinates": [-120.462122, 37.994377]}, "properties": {"lowerCorner": "37.994377 -120.462122", "upperCorner": "37.994377 -120.462122", "state": "CA", "county": "Tuolumne", "ftr_type": "Mine Shaft", "ftr_azimut": "0", "topo_name": "Sonora", "topo_date": "1948", "topo_scale": "24000", "compiledby": "CA Dept Conserv", "gda_id": "5523721", "scanid": "300602", "url": "https://mrdata.usgs.gov/usmin/show-usmin.php?type=point&id=58823", "_layer": "points"}}, {"type": "Feature", "geometry": {"type": "Point", "coordinates": [-120.478585, 37.999551]}, "properties": {"lowerCorner": "37.999551 -120.478585", "upperCorner": "37.999551 -120.478585", "state": "CA", "county": "Tuolumne", "ftr_type": "Mine Shaft", "ftr_azimut": "0", "topo_name": "Sonora", "topo_date": "1948", "topo_scale": "24000", "compiledby": "CA Dept Conserv", "gda_id": "5523721", "scanid": "300602", "url": "https://mrdata.usgs.gov/usmin/show-usmin.php?type=point&id=58826", "_layer": "points"}}, {"type": "Feature", "geometry": {"type": "Point", "coordinates": [-120.473878, 37.995754]}, "properties": {"lowerCorner": "37.995754 -120.473878", "upperCorner": "37.995754 -120.473878", "state": "CA", "county": "Tuolumne", "ftr_type": "Mine Shaft", "ftr_azimut": "0", "topo_name": "Sonora", "topo_date": "1948", "topo_scale": "24000", "compiledby": "CA Dept Conserv", "gda_id": "5523721", "scanid": "300602", "url": "https://mrdata.usgs.gov/usmin/show-usmin.php?type=point&id=58847", "_layer": "points"}}, {"type": "Feature", "geometry": {"type": "Point", "coordinates": [-120.427438, 38.027847]}, "properties": {"lowerCorner": "38.027847 -120.427438", "upperCorner": "38.027847 -120.427438", "state": "CA", "county": "Tuolumne", "ftr_type": "Mine Shaft", "ftr_name": "Springfield Mine", "ftr_azimut": "0", "topo_name": "Columbia", "topo_date": "1948", "topo_scale": "24000", "compiledby": "CA Dept Conserv", "gda_id": "5511357", "scanid": "289433", "url": "https://mrdata.usgs.gov/usmin/show-usmin.php?type=point&id=58850", "_layer": "points"}}, {"type": "Feature", "geometry": {"type": "Point", "coordinates": [-120.475188, 37.997813]}, "properties": {"lowerCorner": "37.997813 -120.475188", "upperCorner": "37.997813 -120.475188", "state": "CA", "county": "Tuolumne", "ftr_type": "Mine Shaft", "ftr_azimut": "0", "topo_name": "Sonora", "topo_date": "1948", "topo_scale": "24000", "compiledby": "CA Dept Conserv", "gda_id": "5523721", "scanid": "300602", "url": "https://mrdata.usgs.gov/usmin/show-usmin.php?type=point&id=58856", "_layer": "points"}}, {"type": "Feature", "geometry": {"type": "Point", "coordinates": [-120.45017, 37.961412]}, "properties": {"lowerCorner": "37.961412 -120.450170", "upperCorner": "37.961412 -120.450170", "state": "CA", "county": "Tuolumne", "ftr_type": "Mine Shaft", "ftr_azimut": "0", "topo_name": "Sonora", "topo_date": "1948", "topo_scale": "24000", "compiledby": "CA Dept Conserv", "gda_id": "5523721", "scanid": "300602", "url": "https://mrdata.usgs.gov/usmin/show-usmin.php?type=point&id=58863", "_layer": "points"}}, {"type": "Feature", "geometry": {"type": "Point", "coordinates": [-120.476861, 37.998049]}, "properties": {"lowerCorner": "37.998049 -120.476861", "upperCorner": "37.998049 -120.476861", "state": "CA", "county": "Tuolumne", "ftr_type": "Mine Shaft", "ftr_azimut": "0", "topo_name": "Sonora", "topo_date": "1948", "topo_scale": "24000", "compiledby": "CA Dept Conserv", "gda_id": "5523721", "scanid": "300602", "url": "https://mrdata.usgs.gov/usmin/show-usmin.php?type=point&id=58874", "_layer": "points"}}, {"type": "Feature", "geometry": {"type": "Point", "coordinates": [-120.460832, 37.993012]}, "properties": {"lowerCorner": "37.993012 -120.460832", "upperCorner": "37.993012 -120.460832", "state": "CA", "county": "Tuolumne", "ftr_type": "Mine Shaft", "ftr_azimut": "0", "topo_name": "Sonora", "topo_date": "1948", "topo_scale": "24000", "compiledby": "CA Dept Conserv", "gda_id": "5523721", "scanid": "300602", "url": "https://mrdata.usgs.gov/usmin/show-usmin.php?type=point&id=58875", "_layer": "points"}}, {"type": "Feature", "geometry": {"type": "Point", "coordinates": [-120.462609, 38.004248]}, "properties": {"lowerCorner": "38.004248 -120.462609", "upperCorner": "38.004248 -120.462609", "state": "CA", "county": "Tuolumne", "ftr_type": "Mine Shaft", "ftr_azimut": "0", "topo_name": "Columbia", "topo_date": "1948", "topo_scale": "24000", "compiledby": "CA Dept Conserv", "gda_id": "5511357", "scanid": "289433", "url": "https://mrdata.usgs.gov/usmin/show-usmin.php?type=point&id=58885", "_layer": "points"}}, {"type": "Feature", "geometry": {"type": "Point", "coordinates": [-120.433706, 37.942952]}, "properties": {"lowerCorner": "37.942952 -120.433706", "upperCorner": "37.942952 -120.433706", "state": "CA", "county": "Tuolumne", "ftr_type": "Mine Shaft", "ftr_azimut": "0", "topo_name": "Sonora", "topo_date": "1948", "topo_scale": "24000", "compiledby": "CA Dept Conserv", "gda_id": "5523721", "scanid": "300602", "url": "https://mrdata.usgs.gov/usmin/show-usmin.php?type=point&id=58887", "_layer": "points"}}, {"type": "Feature", "geometry": {"type": "Point", "coordinates": [-120.463106, 37.993471]}, "properties": {"lowerCorner": "37.993471 -120.463106", "upperCorner": "37.993471 -120.463106", "state": "CA", "county": "Tuolumne", "ftr_type": "Mine Shaft", "ftr_azimut": "0", "topo_name": "Sonora", "topo_date": "1948", "topo_scale": "24000", "compiledby": "CA Dept Conserv", "gda_id": "5523721", "scanid": "300602", "url": "https://mrdata.usgs.gov/usmin/show-usmin.php?type=point&id=58890", "_layer": "points"}}, {"type": "Feature", "geometry": {"type": "Point", "coordinates": [-120.420534, 38.023004]}, "properties": {"lowerCorner": "38.023004 -120.420534", "upperCorner": "38.023004 -120.420534", "state": "CA", "county": "Tuolumne", "ftr_type": "Mine Shaft", "ftr_azimut": "0", "topo_name": "Columbia", "topo_date": "1948", "topo_scale": "24000", "compiledby": "CA Dept Conserv", "gda_id": "5511357", "scanid": "289433", "url": "https://mrdata.usgs.gov/usmin/show-usmin.php?type=point&id=58898", "_layer": "points"}}, {"type": "Feature", "geometry": {"type": "Point", "coordinates": [-120.479573, 37.992435]}, "properties": {"lowerCorner": "37.992435 -120.479573", "upperCorner": "37.992435 -120.479573", "state": "CA", "county": "Tuolumne", "ftr_type": "Mine Shaft", "ftr_azimut": "0", "topo_name": "Sonora", "topo_date": "1948", "topo_scale": "24000", "compiledby": "CA Dept Conserv", "gda_id": "5523721", "scanid": "300602", "url": "https://mrdata.usgs.gov/usmin/show-usmin.php?type=point&id=58899", "_layer": "points"}}, {"type": "Feature", "geometry": {"type": "Point", "coordinates": [-120.438093, 38.035966]}, "properties": {"lowerCorner": "38.035966 -120.438093", "upperCorner": "38.035966 -120.438093", "state": "CA", "county": "Tuolumne", "ftr_type": "Mine Shaft", "ftr_azimut": "0", "topo_name": "Columbia", "topo_date": "1948", "topo_scale": "24000", "compiledby": "CA Dept Conserv", "gda_id": "5511357", "scanid": "289433", "url": "https://mrdata.usgs.gov/usmin/show-usmin.php?type=point&id=58901", "_layer": "points"}}, {"type": "Feature", "geometry": {"type": "Point", "coordinates": [-120.482028, 38.00471]}, "properties": {"lowerCorner": "38.004710 -120.482028", "upperCorner": "38.004710 -120.482028", "state": "CA", "county": "Tuolumne", "ftr_type": "Mine Shaft", "ftr_azimut": "0", "topo_name": "Columbia", "topo_date": "1948", "topo_scale": "24000", "compiledby": "CA Dept Conserv", "gda_id": "5511357", "scanid": "289433", "url": "https://mrdata.usgs.gov/usmin/show-usmin.php?type=point&id=58902", "_layer": "points"}}, {"type": "Feature", "geometry": {"type": "Point", "coordinates": [-120.479407, 37.973343]}, "properties": {"lowerCorner": "37.973343 -120.479407", "upperCorner": "37.973343 -120.479407", "state": "CA", "county": "Tuolumne", "ftr_type": "Mine Shaft", "ftr_azimut": "0", "topo_name": "Sonora", "topo_date": "1948", "topo_scale": "24000", "compiledby": "CA Dept Conserv", "gda_id": "5523721", "scanid": "300602", "url": "https://mrdata.usgs.gov/usmin/show-usmin.php?type=point&id=58904", "_layer": "points"}}, {"type": "Feature", "geometry": {"type": "Point", "coordinates": [-120.439653, 37.970574]}, "properties": {"lowerCorner": "37.970574 -120.439653", "upperCorner": "37.970574 -120.439653", "state": "CA", "county": "Tuolumne", "ftr_type": "Mine Shaft", "ftr_azimut": "0", "topo_name": "Sonora", "topo_date": "1948", "topo_scale": "24000", "compiledby": "CA Dept Conserv", "gda_id": "5523721", "scanid": "300602", "url": "https://mrdata.usgs.gov/usmin/show-usmin.php?type=point&id=58912", "_layer": "points"}}, {"type": "Feature", "geometry": {"type": "Point", "coordinates": [-120.464909, 37.993534]}, "properties": {"lowerCorner": "37.993534 -120.464909", "upperCorner": "37.993534 -120.464909", "state": "CA", "county": "Tuolumne", "ftr_type": "Mine Shaft", "ftr_azimut": "0", "topo_name": "Sonora", "topo_date": "1948", "topo_scale": "24000", "compiledby": "CA Dept Conserv", "gda_id": "5523721", "scanid": "300602", "url": "https://mrdata.usgs.gov/usmin/show-usmin.php?type=point&id=58921", "_layer": "points"}}, {"type": "Feature", "geometry": {"type": "Point", "coordinates": [-120.47562, 37.996562]}, "properties": {"lowerCorner": "37.996562 -120.475620", "upperCorner": "37.996562 -120.475620", "state": "CA", "county": "Tuolumne", "ftr_type": "Mine Shaft", "ftr_azimut": "0", "topo_name": "Sonora", "topo_date": "1948", "topo_scale": "24000", "compiledby": "CA Dept Conserv", "gda_id": "5523721", "scanid": "300602", "url": "https://mrdata.usgs.gov/usmin/show-usmin.php?type=point&id=58922", "_layer": "points"}}, {"type": "Feature", "geometry": {"type": "Point", "coordinates": [-120.465385, 37.995769]}, "properties": {"lowerCorner": "37.995769 -120.465385", "upperCorner": "37.995769 -120.465385", "state": "CA", "county": "Tuolumne", "ftr_type": "Mine Shaft", "ftr_azimut": "0", "topo_name": "Sonora", "topo_date": "1948", "topo_scale": "24000", "compiledby": "CA Dept Conserv", "gda_id": "5523721", "scanid": "300602", "url": "https://mrdata.usgs.gov/usmin/show-usmin.php?type=point&id=58924", "_layer": "points"}}, {"type": "Feature", "geometry": {"type": "Point", "coordinates": [-120.427716, 38.027589]}, "properties": {"lowerCorner": "38.027589 -120.427716", "upperCorner": "38.027589 -120.427716", "state": "CA", "county": "Tuolumne", "ftr_type": "Mine Shaft", "ftr_azimut": "0", "topo_name": "Columbia", "topo_date": "1948", "topo_scale": "24000", "compiledby": "CA Dept Conserv", "gda_id": "5511357", "scanid": "289433", "url": "https://mrdata.usgs.gov/usmin/show-usmin.php?type=point&id=58932", "_layer": "points"}}, {"type": "Feature", "geometry": {"type": "Point", "coordinates": [-120.476123, 37.992623]}, "properties": {"lowerCorner": "37.992623 -120.476123", "upperCorner": "37.992623 -120.476123", "state": "CA", "county": "Tuolumne", "ftr_type": "Mine Shaft", "ftr_azimut": "0", "topo_name": "Sonora", "topo_date": "1948", "topo_scale": "24000", "compiledby": "CA Dept Conserv", "gda_id": "5523721", "scanid": "300602", "url": "https://mrdata.usgs.gov/usmin/show-usmin.php?type=point&id=58933", "_layer": "points"}}, {"type": "Feature", "geometry": {"type": "Point", "coordinates": [-120.478746, 37.990323]}, "properties": {"lowerCorner": "37.990323 -120.478746", "upperCorner": "37.990323 -120.478746", "state": "CA", "county": "Tuolumne", "ftr_type": "Mine Shaft", "ftr_azimut": "0", "topo_name": "Sonora", "topo_date": "1948", "topo_scale": "24000", "compiledby": "CA Dept Conserv", "gda_id": "5523721", "scanid": "300602", "url": "https://mrdata.usgs.gov/usmin/show-usmin.php?type=point&id=58934", "_layer": "points"}}, {"type": "Feature", "geometry": {"type": "Point", "coordinates": [-120.430817, 38.051807]}, "properties": {"lowerCorner": "38.051807 -120.430817", "upperCorner": "38.051807 -120.430817", "state": "CA", "county": "Tuolumne", "ftr_type": "Open Pit Mine or Quarry", "ftr_azimut": "0", "topo_name": "Columbia", "topo_date": "1973", "topo_scale": "24000", "compiledby": "CA Dept Conserv", "gda_id": "5511361", "scanid": "289435", "url": "https://mrdata.usgs.gov/usmin/show-usmin.php?type=point&id=60728", "_layer": "points"}}, {"type": "Feature", "geometry": {"type": "Point", "coordinates": [-120.491603, 38.002788]}, "properties": {"lowerCorner": "38.002788 -120.491603", "upperCorner": "38.002788 -120.491603", "state": "CA", "county": "Tuolumne", "ftr_type": "Prospect Pit", "ftr_azimut": "0", "topo_name": "Columbia", "topo_date": "1948", "topo_scale": "24000", "compiledby": "CA Dept Conserv", "gda_id": "5511357", "scanid": "289433", "url": "https://mrdata.usgs.gov/usmin/show-usmin.php?type=point&id=84710", "_layer": "points"}}, {"type": "Feature", "geometry": {"type": "Point", "coordinates": [-120.437458, 38.041485]}, "properties": {"lowerCorner": "38.041485 -120.437458", "upperCorner": "38.041485 -120.437458", "state": "CA", "county": "Tuolumne", "ftr_type": "Prospect Pit", "ftr_azimut": "0", "topo_name": "Columbia", "topo_date": "1948", "topo_scale": "24000", "compiledby": "CA Dept Conserv", "gda_id": "5511357", "scanid": "289433", "url": "https://mrdata.usgs.gov/usmin/show-usmin.php?type=point&id=84756", "_layer": "points"}}, {"type": "Feature", "geometry": {"type": "Point", "coordinates": [-120.437021, 38.040912]}, "properties": {"lowerCorner": "38.040912 -120.437021", "upperCorner": "38.040912 -120.437021", "state": "CA", "county": "Tuolumne", "ftr_type": "Prospect Pit", "ftr_azimut": "0", "topo_name": "Columbia", "topo_date": "1948", "topo_scale": "24000", "compiledby": "CA Dept Conserv", "gda_id": "5511357", "scanid": "289433", "url": "https://mrdata.usgs.gov/usmin/show-usmin.php?type=point&id=84772", "_layer": "points"}}, {"type": "Feature", "geometry": {"type": "Point", "coordinates": [-120.465587, 37.996532]}, "properties": {"lowerCorner": "37.996532 -120.465587", "upperCorner": "37.996532 -120.465587", "state": "CA", "county": "Tuolumne", "ftr_type": "Prospect Pit", "ftr_azimut": "0", "topo_name": "Sonora", "topo_date": "1948", "topo_scale": "24000", "compiledby": "CA Dept Conserv", "gda_id": "5523721", "scanid": "300602", "url": "https://mrdata.usgs.gov/usmin/show-usmin.php?type=point&id=84857", "_layer": "points"}}, {"type": "Feature", "geometry": {"type": "Point", "coordinates": [-120.465279, 37.996412]}, "properties": {"lowerCorner": "37.996412 -120.465279", "upperCorner": "37.996412 -120.465279", "state": "CA", "county": "Tuolumne", "ftr_type": "Prospect Pit", "ftr_azimut": "0", "topo_name": "Sonora", "topo_date": "1948", "topo_scale": "24000", "compiledby": "CA Dept Conserv", "gda_id": "5523721", "scanid": "300602", "url": "https://mrdata.usgs.gov/usmin/show-usmin.php?type=point&id=84863", "_layer": "points"}}, {"type": "Feature", "geometry": {"type": "Point", "coordinates": [-120.426587, 38.066395]}, "properties": {"lowerCorner": "38.066395 -120.426587", "upperCorner": "38.066395 -120.426587", "state": "CA", "county": "Tuolumne", "ftr_type": "Quarry", "ftr_name": "Marble Quarry", "ftr_azimut": "0", "topo_name": "Columbia", "topo_date": "1948", "topo_scale": "24000", "compiledby": "CA Dept Conserv", "gda_id": "5511357", "scanid": "289433", "url": "https://mrdata.usgs.gov/usmin/show-usmin.php?type=point&id=85805", "_layer": "points"}}, {"type": "Feature", "geometry": {"type": "Point", "coordinates": [-120.422746, 38.056017]}, "properties": {"lowerCorner": "38.056017 -120.422746", "upperCorner": "38.056017 -120.422746", "state": "CA", "county": "Tuolumne", "ftr_type": "Mine Shaft", "ftr_name": "Vine Spring Mine", "ftr_azimut": "0", "topo_name": "Columbia", "topo_date": "1948", "topo_scale": "62500", "compiledby": "USGS", "gda_id": "5501147", "scanid": "297139", "url": "https://mrdata.usgs.gov/usmin/show-usmin.php?type=point&id=494090", "_layer": "points"}}, {"type": "Feature", "geometry": {"type": "Point", "coordinates": [-120.477054, 37.996892]}, "properties": {"lowerCorner": "37.996892 -120.477054", "upperCorner": "37.996892 -120.477054", "state": "CA", "county": "Tuolumne", "ftr_type": "Mine Shaft", "ftr_azimut": "0", "topo_name": "Sonora", "topo_date": "1948", "topo_scale": "62500", "compiledby": "USGS", "gda_id": "5958019", "scanid": "301739", "url": "https://mrdata.usgs.gov/usmin/show-usmin.php?type=point&id=494099", "_layer": "points"}}, {"type": "Feature", "geometry": {"type": "Point", "coordinates": [-120.475706, 37.999622]}, "properties": {"lowerCorner": "37.999622 -120.475706", "upperCorner": "37.999622 -120.475706", "state": "CA", "county": "Tuolumne", "ftr_type": "Mine Shaft", "ftr_azimut": "0", "topo_name": "Sonora", "topo_date": "1948", "topo_scale": "62500", "compiledby": "USGS", "gda_id": "5958019", "scanid": "301739", "url": "https://mrdata.usgs.gov/usmin/show-usmin.php?type=point&id=494106", "_layer": "points"}}, {"type": "Feature", "geometry": {"type": "Point", "coordinates": [-120.500234, 37.963144]}, "properties": {"lowerCorner": "37.963144 -120.500234", "upperCorner": "37.963144 -120.500234", "state": "CA", "county": "Tuolumne", "ftr_type": "Mine Shaft", "ftr_azimut": "0", "topo_name": "Sonora", "topo_date": "1948", "topo_scale": "62500", "compiledby": "USGS", "gda_id": "5958019", "scanid": "301739", "url": "https://mrdata.usgs.gov/usmin/show-usmin.php?type=point&id=494108", "_layer": "points"}}, {"type": "Feature", "geometry": {"type": "Point", "coordinates": [-120.474335, 37.995339]}, "properties": {"lowerCorner": "37.995339 -120.474335", "upperCorner": "37.995339 -120.474335", "state": "CA", "county": "Tuolumne", "ftr_type": "Mine Shaft", "ftr_azimut": "0", "topo_name": "Sonora", "topo_date": "1948", "topo_scale": "62500", "compiledby": "USGS", "gda_id": "5958019", "scanid": "301739", "url": "https://mrdata.usgs.gov/usmin/show-usmin.php?type=point&id=494114", "_layer": "points"}}, {"type": "Feature", "geometry": {"type": "Point", "coordinates": [-120.478801, 37.990245]}, "properties": {"lowerCorner": "37.990245 -120.478801", "upperCorner": "37.990245 -120.478801", "state": "CA", "county": "Tuolumne", "ftr_type": "Mine Shaft", "ftr_azimut": "0", "topo_name": "Sonora", "topo_date": "1948", "topo_scale": "62500", "compiledby": "USGS", "gda_id": "5958019", "scanid": "301739", "url": "https://mrdata.usgs.gov/usmin/show-usmin.php?type=point&id=494116", "_layer": "points"}}, {"type": "Feature", "geometry": {"type": "Point", "coordinates": [-120.476026, 37.997246]}, "properties": {"lowerCorner": "37.997246 -120.476026", "upperCorner": "37.997246 -120.476026", "state": "CA", "county": "Tuolumne", "ftr_type": "Mine Shaft", "ftr_azimut": "0", "topo_name": "Sonora", "topo_date": "1948", "topo_scale": "62500", "compiledby": "USGS", "gda_id": "5958019", "scanid": "301739", "url": "https://mrdata.usgs.gov/usmin/show-usmin.php?type=point&id=494120", "_layer": "points"}}, {"type": "Feature", "geometry": {"type": "Point", "coordinates": [-120.462103, 37.994323]}, "properties": {"lowerCorner": "37.994323 -120.462103", "upperCorner": "37.994323 -120.462103", "state": "CA", "county": "Tuolumne", "ftr_type": "Mine Shaft", "ftr_azimut": "0", "topo_name": "Sonora", "topo_date": "1948", "topo_scale": "62500", "compiledby": "USGS", "gda_id": "5958019", "scanid": "301739", "url": "https://mrdata.usgs.gov/usmin/show-usmin.php?type=point&id=494128", "_layer": "points"}}, {"type": "Feature", "geometry": {"type": "Point", "coordinates": [-120.478721, 37.999325]}, "properties": {"lowerCorner": "37.999325 -120.478721", "upperCorner": "37.999325 -120.478721", "state": "CA", "county": "Tuolumne", "ftr_type": "Mine Shaft", "ftr_azimut": "0", "topo_name": "Sonora", "topo_date": "1948", "topo_scale": "62500", "compiledby": "USGS", "gda_id": "5958019", "scanid": "301739", "url": "https://mrdata.usgs.gov/usmin/show-usmin.php?type=point&id=494140", "_layer": "points"}}, {"type": "Feature", "geometry": {"type": "Point", "coordinates": [-120.420395, 38.023079]}, "properties": {"lowerCorner": "38.023079 -120.420395", "upperCorner": "38.023079 -120.420395", "state": "CA", "county": "Tuolumne", "ftr_type": "Mine Shaft", "ftr_azimut": "0", "topo_name": "Columbia", "topo_date": "1948", "topo_scale": "62500", "compiledby": "USGS", "gda_id": "5501147", "scanid": "297139", "url": "https://mrdata.usgs.gov/usmin/show-usmin.php?type=point&id=494157", "_layer": "points"}}, {"type": "Feature", "geometry": {"type": "Point", "coordinates": [-120.479555, 37.992484]}, "properties": {"lowerCorner": "37.992484 -120.479555", "upperCorner": "37.992484 -120.479555", "state": "CA", "county": "Tuolumne", "ftr_type": "Mine Shaft", "ftr_azimut": "0", "topo_name": "Sonora", "topo_date": "1948", "topo_scale": "62500", "compiledby": "USGS", "gda_id": "5958019", "scanid": "301739", "url": "https://mrdata.usgs.gov/usmin/show-usmin.php?type=point&id=494176", "_layer": "points"}}, {"type": "Feature", "geometry": {"type": "Point", "coordinates": [-120.48363, 37.980998]}, "properties": {"lowerCorner": "37.980998 -120.483630", "upperCorner": "37.980998 -120.483630", "state": "CA", "county": "Tuolumne", "ftr_type": "Mine Shaft", "ftr_name": "Toledo Mine", "ftr_azimut": "0", "topo_name": "Sonora", "topo_date": "1948", "topo_scale": "62500", "compiledby": "USGS", "gda_id": "5958019", "scanid": "301739", "url": "https://mrdata.usgs.gov/usmin/show-usmin.php?type=point&id=494177", "_layer": "points"}}, {"type": "Feature", "geometry": {"type": "Point", "coordinates": [-120.465244, 37.99591]}, "properties": {"lowerCorner": "37.995910 -120.465244", "upperCorner": "37.995910 -120.465244", "state": "CA", "county": "Tuolumne", "ftr_type": "Mine Shaft", "ftr_azimut": "0", "topo_name": "Sonora", "topo_date": "1948", "topo_scale": "62500", "compiledby": "USGS", "gda_id": "5958019", "scanid": "301739", "url": "https://mrdata.usgs.gov/usmin/show-usmin.php?type=point&id=494179", "_layer": "points"}}, {"type": "Feature", "geometry": {"type": "Point", "coordinates": [-120.476334, 37.992598]}, "properties": {"lowerCorner": "37.992598 -120.476334", "upperCorner": "37.992598 -120.476334", "state": "CA", "county": "Tuolumne", "ftr_type": "Mine Shaft", "ftr_azimut": "0", "topo_name": "Sonora", "topo_date": "1948", "topo_scale": "62500", "compiledby": "USGS", "gda_id": "5958019", "scanid": "301739", "url": "https://mrdata.usgs.gov/usmin/show-usmin.php?type=point&id=494215", "_layer": "points"}}, {"type": "Feature", "geometry": {"type": "Point", "coordinates": [-120.462472, 38.00428]}, "properties": {"lowerCorner": "38.004280 -120.462472", "upperCorner": "38.004280 -120.462472", "state": "CA", "county": "Tuolumne", "ftr_type": "Mine Shaft", "ftr_azimut": "0", "topo_name": "Columbia", "topo_date": "1948", "topo_scale": "62500", "compiledby": "USGS", "gda_id": "5501147", "scanid": "297139", "url": "https://mrdata.usgs.gov/usmin/show-usmin.php?type=point&id=494219", "_layer": "points"}}, {"type": "Feature", "geometry": {"type": "Point", "coordinates": [-120.426727, 38.028335]}, "properties": {"lowerCorner": "38.028335 -120.426727", "upperCorner": "38.028335 -120.426727", "state": "CA", "county": "Tuolumne", "ftr_type": "Mine Shaft", "ftr_azimut": "0", "topo_name": "Columbia", "topo_date": "1948", "topo_scale": "62500", "compiledby": "USGS", "gda_id": "5501147", "scanid": "297139", "url": "https://mrdata.usgs.gov/usmin/show-usmin.php?type=point&id=494220", "_layer": "points"}}, {"type": "Feature", "geometry": {"type": "Point", "coordinates": [-120.481913, 38.004743]}, "properties": {"lowerCorner": "38.004743 -120.481913", "upperCorner": "38.004743 -120.481913", "state": "CA", "county": "Tuolumne", "ftr_type": "Mine Shaft", "ftr_azimut": "0", "topo_name": "Columbia", "topo_date": "1948", "topo_scale": "62500", "compiledby": "USGS", "gda_id": "5501147", "scanid": "297139", "url": "https://mrdata.usgs.gov/usmin/show-usmin.php?type=point&id=494226", "_layer": "points"}}, {"type": "Feature", "geometry": {"type": "Point", "coordinates": [-120.4271, 38.027739]}, "properties": {"lowerCorner": "38.027739 -120.427100", "upperCorner": "38.027739 -120.427100", "state": "CA", "county": "Tuolumne", "ftr_type": "Mine Shaft", "ftr_name": "Springfield Mine", "ftr_azimut": "0", "topo_name": "Columbia", "topo_date": "1948", "topo_scale": "62500", "compiledby": "USGS", "gda_id": "5501147", "scanid": "297139", "url": "https://mrdata.usgs.gov/usmin/show-usmin.php?type=point&id=494234", "_layer": "points"}}, {"type": "Feature", "geometry": {"type": "Point", "coordinates": [-120.437401, 38.041321]}, "properties": {"lowerCorner": "38.041321 -120.437401", "upperCorner": "38.041321 -120.437401", "state": "CA", "county": "Tuolumne", "ftr_type": "Prospect Pit", "ftr_azimut": "0", "topo_name": "Columbia", "topo_date": "1948", "topo_scale": "62500", "compiledby": "USGS", "gda_id": "5501147", "scanid": "297139", "url": "https://mrdata.usgs.gov/usmin/show-usmin.php?type=point&id=501446", "_layer": "points"}}, {"type": "Feature", "geometry": {"type": "Point", "coordinates": [-120.436896, 38.040818]}, "properties": {"lowerCorner": "38.040818 -120.436896", "upperCorner": "38.040818 -120.436896", "state": "CA", "county": "Tuolumne", "ftr_type": "Prospect Pit", "ftr_azimut": "0", "topo_name": "Columbia", "topo_date": "1948", "topo_scale": "62500", "compiledby": "USGS", "gda_id": "5501147", "scanid": "297139", "url": "https://mrdata.usgs.gov/usmin/show-usmin.php?type=point&id=501450", "_layer": "points"}}, {"type": "Feature", "geometry": {"type": "Point", "coordinates": [-120.426527, 38.066362]}, "properties": {"lowerCorner": "38.066362 -120.426527", "upperCorner": "38.066362 -120.426527", "state": "CA", "county": "Tuolumne", "ftr_type": "Quarry", "ftr_name": "Marble Quarries", "ftr_azimut": "0", "topo_name": "Columbia", "topo_date": "1948", "topo_scale": "62500", "compiledby": "USGS", "gda_id": "5501147", "scanid": "297139", "url": "https://mrdata.usgs.gov/usmin/show-usmin.php?type=point&id=501883", "_layer": "points"}}, {"type": "Feature", "geometry": {"type": "Point", "coordinates": [-120.470726, 37.990165]}, "properties": {"lowerCorner": "37.990165 -120.470726", "upperCorner": "37.990165 -120.470726", "state": "CA", "county": "Tuolumne", "ftr_type": "Adit", "ftr_azimut": "51", "topo_name": "Sonora", "topo_date": "1948", "topo_scale": "62500", "compiledby": "USGS", "gda_id": "5958019", "scanid": "301739", "dir": "ne", "url": "https://mrdata.usgs.gov/usmin/show-usmin.php?type=point&id=490224", "_layer": "points"}}, {"type": "Feature", "geometry": {"type": "Point", "coordinates": [-120.423222, 38.008221]}, "properties": {"lowerCorner": "38.008221 -120.423222", "upperCorner": "38.008221 -120.423222", "state": "CA", "county": "Tuolumne", "ftr_type": "Adit", "ftr_name": "Crystal Springs Mine", "ftr_azimut": "116", "topo_name": "Columbia", "topo_date": "1948", "topo_scale": "24000", "compiledby": "CA Dept Conserv", "gda_id": "5511357", "scanid": "289433", "dir": "se", "url": "https://mrdata.usgs.gov/usmin/show-usmin.php?type=point&id=49118", "_layer": "points"}}, {"type": "Feature", "geometry": {"type": "Point", "coordinates": [-120.477608, 37.991073]}, "properties": {"lowerCorner": "37.991073 -120.477608", "upperCorner": "37.991073 -120.477608", "state": "CA", "county": "Tuolumne", "ftr_type": "Adit", "ftr_azimut": "120", "topo_name": "Sonora", "topo_date": "1948", "topo_scale": "24000", "compiledby": "CA Dept Conserv", "gda_id": "5523721", "scanid": "300602", "dir": "se", "url": "https://mrdata.usgs.gov/usmin/show-usmin.php?type=point&id=49154", "_layer": "points"}}, {"type": "Feature", "geometry": {"type": "Point", "coordinates": [-120.440803, 38.056508]}, "properties": {"lowerCorner": "38.056508 -120.440803", "upperCorner": "38.056508 -120.440803", "state": "CA", "county": "Tuolumne", "ftr_type": "Adit", "ftr_azimut": "128", "topo_name": "Columbia", "topo_date": "1948", "topo_scale": "24000", "compiledby": "CA Dept Conserv", "gda_id": "5511357", "scanid": "289433", "dir": "se", "url": "https://mrdata.usgs.gov/usmin/show-usmin.php?type=point&id=49160", "_layer": "points"}}, {"type": "Feature", "geometry": {"type": "Point", "coordinates": [-120.43274, 38.032467]}, "properties": {"lowerCorner": "38.032467 -120.432740", "upperCorner": "38.032467 -120.432740", "state": "CA", "county": "Tuolumne", "ftr_type": "Adit", "ftr_azimut": "136", "topo_name": "Columbia", "topo_date": "1948", "topo_scale": "24000", "compiledby": "CA Dept Conserv", "gda_id": "5511357", "scanid": "289433", "dir": "se", "url": "https://mrdata.usgs.gov/usmin/show-usmin.php?type=point&id=49166", "_layer": "points"}}, {"type": "Feature", "geometry": {"type": "Point", "coordinates": [-120.432716, 37.992214]}, "properties": {"lowerCorner": "37.992214 -120.432716", "upperCorner": "37.992214 -120.432716", "state": "CA", "county": "Tuolumne", "ftr_type": "Adit", "ftr_azimut": "119", "topo_name": "Sonora", "topo_date": "1948", "topo_scale": "24000", "compiledby": "CA Dept Conserv", "gda_id": "5523721", "scanid": "300602", "dir": "se", "url": "https://mrdata.usgs.gov/usmin/show-usmin.php?type=point&id=49223", "_layer": "points"}}, {"type": "Feature", "geometry": {"type": "Point", "coordinates": [-120.439352, 38.055099]}, "properties": {"lowerCorner": "38.055099 -120.439352", "upperCorner": "38.055099 -120.439352", "state": "CA", "county": "Tuolumne", "ftr_type": "Adit", "ftr_azimut": "125", "topo_name": "Columbia", "topo_date": "1948", "topo_scale": "24000", "compiledby": "CA Dept Conserv", "gda_id": "5511357", "scanid": "289433", "dir": "se", "url": "https://mrdata.usgs.gov/usmin/show-usmin.php?type=point&id=49225", "_layer": "points"}}, {"type": "Feature", "geometry": {"type": "Point", "coordinates": [-120.443752, 38.049074]}, "properties": {"lowerCorner": "38.049074 -120.443752", "upperCorner": "38.049074 -120.443752", "state": "CA", "county": "Tuolumne", "ftr_type": "Adit", "ftr_azimut": "124", "topo_name": "Columbia", "topo_date": "1948", "topo_scale": "24000", "compiledby": "CA Dept Conserv", "gda_id": "5511357", "scanid": "289433", "dir": "se", "url": "https://mrdata.usgs.gov/usmin/show-usmin.php?type=point&id=49228", "_layer": "points"}}, {"type": "Feature", "geometry": {"type": "Point", "coordinates": [-120.443589, 38.049066]}, "properties": {"lowerCorner": "38.049066 -120.443589", "upperCorner": "38.049066 -120.443589", "state": "CA", "county": "Tuolumne", "ftr_type": "Adit", "ftr_azimut": "133", "topo_name": "Columbia", "topo_date": "1948", "topo_scale": "62500", "compiledby": "USGS", "gda_id": "5501147", "scanid": "297139", "dir": "se", "url": "https://mrdata.usgs.gov/usmin/show-usmin.php?type=point&id=490177", "_layer": "points"}}, {"type": "Feature", "geometry": {"type": "Point", "coordinates": [-120.461533, 38.008165]}, "properties": {"lowerCorner": "38.008165 -120.461533", "upperCorner": "38.008165 -120.461533", "state": "CA", "county": "Tuolumne", "ftr_type": "Adit", "ftr_azimut": "134", "topo_name": "Columbia", "topo_date": "1948", "topo_scale": "62500", "compiledby": "USGS", "gda_id": "5501147", "scanid": "297139", "dir": "se", "url": "https://mrdata.usgs.gov/usmin/show-usmin.php?type=point&id=490201", "_layer": "points"}}, {"type": "Feature", "geometry": {"type": "Point", "coordinates": [-120.441148, 38.056454]}, "properties": {"lowerCorner": "38.056454 -120.441148", "upperCorner": "38.056454 -120.441148", "state": "CA", "county": "Tuolumne", "ftr_type": "Adit", "ftr_azimut": "119", "topo_name": "Columbia", "topo_date": "1948", "topo_scale": "62500", "compiledby": "USGS", "gda_id": "5501147", "scanid": "297139", "dir": "se", "url": "https://mrdata.usgs.gov/usmin/show-usmin.php?type=point&id=490212", "_layer": "points"}}, {"type": "Feature", "geometry": {"type": "Point", "coordinates": [-120.44047, 38.056361]}, "properties": {"lowerCorner": "38.056361 -120.440470", "upperCorner": "38.056361 -120.440470", "state": "CA", "county": "Tuolumne", "ftr_type": "Adit", "ftr_azimut": "119", "topo_name": "Columbia", "topo_date": "1948", "topo_scale": "62500", "compiledby": "USGS", "gda_id": "5501147", "scanid": "297139", "dir": "se", "url": "https://mrdata.usgs.gov/usmin/show-usmin.php?type=point&id=490273", "_layer": "points"}}, {"type": "Feature", "geometry": {"type": "Point", "coordinates": [-120.439299, 38.054962]}, "properties": {"lowerCorner": "38.054962 -120.439299", "upperCorner": "38.054962 -120.439299", "state": "CA", "county": "Tuolumne", "ftr_type": "Adit", "ftr_azimut": "124", "topo_name": "Columbia", "topo_date": "1948", "topo_scale": "62500", "compiledby": "USGS", "gda_id": "5501147", "scanid": "297139", "dir": "se", "url": "https://mrdata.usgs.gov/usmin/show-usmin.php?type=point&id=490320", "_layer": "points"}}, {"type": "Feature", "geometry": {"type": "Point", "coordinates": [-120.432296, 37.992663]}, "properties": {"lowerCorner": "37.992663 -120.432296", "upperCorner": "37.992663 -120.432296", "state": "CA", "county": "Tuolumne", "ftr_type": "Adit", "ftr_azimut": "118", "topo_name": "Sonora", "topo_date": "1948", "topo_scale": "62500", "compiledby": "USGS", "gda_id": "5958019", "scanid": "301739", "dir": "se", "url": "https://mrdata.usgs.gov/usmin/show-usmin.php?type=point&id=490344", "_layer": "points"}}, {"type": "Feature", "geometry": {"type": "Point", "coordinates": [-120.464227, 38.005814]}, "properties": {"lowerCorner": "38.005814 -120.464227", "upperCorner": "38.005814 -120.464227", "state": "CA", "county": "Tuolumne", "ftr_type": "Adit", "ftr_azimut": "168", "topo_name": "Columbia", "topo_date": "1948", "topo_scale": "24000", "compiledby": "CA Dept Conserv", "gda_id": "5511357", "scanid": "289433", "dir": "s", "url": "https://mrdata.usgs.gov/usmin/show-usmin.php?type=point&id=49194", "_layer": "points"}}, {"type": "Feature", "geometry": {"type": "Point", "coordinates": [-120.469767, 37.991901]}, "properties": {"lowerCorner": "37.991901 -120.469767", "upperCorner": "37.991901 -120.469767", "state": "CA", "county": "Tuolumne", "ftr_type": "Adit", "ftr_azimut": "226", "topo_name": "Sonora", "topo_date": "1948", "topo_scale": "62500", "compiledby": "USGS", "gda_id": "5958019", "scanid": "301739", "dir": "sw", "url": "https://mrdata.usgs.gov/usmin/show-usmin.php?type=point&id=490248", "_layer": "points"}}, {"type": "Feature", "geometry": {"type": "Point", "coordinates": [-120.460047, 37.972483]}, "properties": {"lowerCorner": "37.972483 -120.460047", "upperCorner": "37.972483 -120.460047", "state": "CA", "county": "Tuolumne", "ftr_type": "Adit", "ftr_azimut": "310", "topo_name": "Sonora", "topo_date": "1948", "topo_scale": "24000", "compiledby": "CA Dept Conserv", "gda_id": "5523721", "scanid": "300602", "dir": "nw", "url": "https://mrdata.usgs.gov/usmin/show-usmin.php?type=point&id=49264", "_layer": "points"}}, {"type": "Feature", "geometry": {"type": "Point", "coordinates": [-120.446484, 38.049132]}, "properties": {"lowerCorner": "38.049132 -120.446484", "upperCorner": "38.049132 -120.446484", "state": "CA", "county": "Tuolumne", "ftr_type": "Adit", "ftr_azimut": "313", "topo_name": "Columbia", "topo_date": "1948", "topo_scale": "24000", "compiledby": "CA Dept Conserv", "gda_id": "5511357", "scanid": "289433", "dir": "nw", "url": "https://mrdata.usgs.gov/usmin/show-usmin.php?type=point&id=49270", "_layer": "points"}}, {"type": "Feature", "geometry": {"type": "Point", "coordinates": [-119.211622, 37.848087]}, "properties": {"lowerCorner": "37.848087 -119.211622", "upperCorner": "37.848087 -119.211622", "state": "CA", "county": "Mono", "ftr_type": "Adit", "ftr_azimut": "108", "topo_name": "Koip Peak", "topo_date": "1988", "topo_scale": "24000", "compiledby": "CA Dept Conserv", "gda_id": "5516597", "scanid": "291918", "dir": "e", "url": "https://mrdata.usgs.gov/usmin/show-usmin.php?type=point&id=45325", "_layer": "points"}}, {"type": "Feature", "geometry": {"type": "Point", "coordinates": [-119.211189, 37.846596]}, "properties": {"lowerCorner": "37.846596 -119.211189", "upperCorner": "37.846596 -119.211189", "state": "CA", "county": "Mono", "ftr_type": "Adit", "ftr_azimut": "118", "topo_name": "Mono Craters", "topo_date": "1953", "topo_scale": "62500", "compiledby": "USGS", "gda_id": "5503047", "scanid": "298220", "dir": "se", "url": "https://mrdata.usgs.gov/usmin/show-usmin.php?type=point&id=487605", "_layer": "points"}}, {"type": "Feature", "geometry": {"type": "Point", "coordinates": [-119.213595, 37.850767]}, "properties": {"lowerCorner": "37.850767 -119.213595", "upperCorner": "37.850767 -119.213595", "state": "CA", "county": "Mono", "ftr_type": "Adit", "ftr_azimut": "186", "topo_name": "Koip Peak", "topo_date": "1988", "topo_scale": "24000", "compiledby": "CA Dept Conserv", "gda_id": "5516597", "scanid": "291918", "dir": "s", "url": "https://mrdata.usgs.gov/usmin/show-usmin.php?type=point&id=45286", "_layer": "points"}}, {"type": "Feature", "geometry": {"type": "Point", "coordinates": [-120.494187, 37.907117]}, "properties": {"lowerCorner": "37.907117 -120.494187", "upperCorner": "37.907117 -120.494187", "state": "CA", "county": "Tuolumne", "ftr_type": "Mine Shaft", "ftr_azimut": "0", "topo_name": "Sonora", "topo_date": "1948", "topo_scale": "24000", "compiledby": "CA Dept Conserv", "gda_id": "5523721", "scanid": "300602", "url": "https://mrdata.usgs.gov/usmin/show-usmin.php?type=point&id=58860", "_layer": "points"}}, {"type": "Feature", "geometry": {"type": "Point", "coordinates": [-120.512107, 37.881821]}, "properties": {"lowerCorner": "37.881821 -120.512107", "upperCorner": "37.881821 -120.512107", "state": "CA", "county": "Tuolumne", "ftr_type": "Mine Shaft", "ftr_name": "McCormick Mine", "ftr_azimut": "0", "topo_name": "New Melones Dam", "topo_date": "1962", "topo_scale": "24000", "compiledby": "CA Dept Conserv", "gda_id": "5519517", "scanid": "293487", "url": "https://mrdata.usgs.gov/usmin/show-usmin.php?type=point&id=58905", "_layer": "points"}}, {"type": "Feature", "geometry": {"type": "Point", "coordinates": [-120.460866, 37.916345]}, "properties": {"lowerCorner": "37.916345 -120.460866", "upperCorner": "37.916345 -120.460866", "state": "CA", "county": "Tuolumne", "ftr_type": "Mine Shaft", "ftr_azimut": "0", "topo_name": "Sonora", "topo_date": "1948", "topo_scale": "24000", "compiledby": "CA Dept Conserv", "gda_id": "5523721", "scanid": "300602", "url": "https://mrdata.usgs.gov/usmin/show-usmin.php?type=point&id=58929", "_layer": "points"}}, {"type": "Feature", "geometry": {"type": "Point", "coordinates": [-120.425364, 37.929717]}, "properties": {"lowerCorner": "37.929717 -120.425364", "upperCorner": "37.929717 -120.425364", "state": "CA", "county": "Tuolumne", "ftr_type": "Mine Shaft", "ftr_azimut": "0", "topo_name": "Sonora", "topo_date": "1948", "topo_scale": "24000", "compiledby": "CA Dept Conserv", "gda_id": "5523721", "scanid": "300602", "url": "https://mrdata.usgs.gov/usmin/show-usmin.php?type=point&id=58931", "_layer": "points"}}, {"type": "Feature", "geometry": {"type": "Point", "coordinates": [-120.423033, 37.92551]}, "properties": {"lowerCorner": "37.925510 -120.423033", "upperCorner": "37.925510 -120.423033", "state": "CA", "county": "Tuolumne", "ftr_type": "Mine Shaft", "ftr_azimut": "0", "topo_name": "Sonora", "topo_date": "1948", "topo_scale": "24000", "compiledby": "CA Dept Conserv", "gda_id": "5523721", "scanid": "300602", "url": "https://mrdata.usgs.gov/usmin/show-usmin.php?type=point&id=58935", "_layer": "points"}}, {"type": "Feature", "geometry": {"type": "Point", "coordinates": [-120.607254, 37.820629]}, "properties": {"lowerCorner": "37.820629 -120.607254", "upperCorner": "37.820629 -120.607254", "state": "CA", "county": "Tuolumne", "ftr_type": "Mine Shaft", "ftr_azimut": "0", "topo_name": "Keystone", "topo_date": "1962", "topo_scale": "24000", "compiledby": "CA Dept Conserv", "gda_id": "5516461", "scanid": "291854", "url": "https://mrdata.usgs.gov/usmin/show-usmin.php?type=point&id=58938", "_layer": "points"}}, {"type": "Feature", "geometry": {"type": "Point", "coordinates": [-120.582316, 37.889963]}, "properties": {"lowerCorner": "37.889963 -120.582316", "upperCorner": "37.889963 -120.582316", "state": "CA", "county": "Tuolumne", "ftr_type": "Open Pit Mine", "ftr_name": "Valencia Mine", "ftr_azimut": "0", "topo_name": "New Melones Dam", "topo_date": "1962", "topo_scale": "24000", "compiledby": "CA Dept Conserv", "gda_id": "5519517", "scanid": "293487", "url": "https://mrdata.usgs.gov/usmin/show-usmin.php?type=point&id=60320", "_layer": "points"}}, {"type": "Feature", "geometry": {"type": "Point", "coordinates": [-120.450699, 37.852177]}, "properties": {"lowerCorner": "37.852177 -120.450699", "upperCorner": "37.852177 -120.450699", "state": "CA", "county": "Tuolumne", "ftr_type": "Open Pit Mine or Quarry", "ftr_azimut": "0", "topo_name": "Chinese Camp", "topo_date": "1947", "topo_scale": "24000", "compiledby": "CA Dept Conserv", "gda_id": "5510809", "scanid": "289215", "url": "https://mrdata.usgs.gov/usmin/show-usmin.php?type=point&id=60727", "_layer": "points"}}, {"type": "Feature", "geometry": {"type": "Point", "coordinates": [-120.497166, 37.813914]}, "properties": {"lowerCorner": "37.813914 -120.497166", "upperCorner": "37.813914 -120.497166", "state": "CA", "county": "Tuolumne", "ftr_type": "Open Pit Mine or Quarry", "ftr_azimut": "0", "topo_name": "Chinese Camp", "topo_date": "1947", "topo_scale": "24000", "compiledby": "CA Dept Conserv", "gda_id": "5510809", "scanid": "289215", "url": "https://mrdata.usgs.gov/usmin/show-usmin.php?type=point&id=60731", "_layer": "points"}}, {"type": "Feature", "geometry": {"type": "Point", "coordinates": [-120.446355, 37.874563]}, "properties": {"lowerCorner": "37.874563 -120.446355", "upperCorner": "37.874563 -120.446355", "state": "CA", "county": "Tuolumne", "ftr_type": "Prospect Pit", "ftr_azimut": "0", "topo_name": "Chinese Camp", "topo_date": "1947", "topo_scale": "24000", "compiledby": "CA Dept Conserv", "gda_id": "5510809", "scanid": "289215", "url": "https://mrdata.usgs.gov/usmin/show-usmin.php?type=point&id=84691", "_layer": "points"}}, {"type": "Feature", "geometry": {"type": "Point", "coordinates": [-120.492455, 37.907488]}, "properties": {"lowerCorner": "37.907488 -120.492455", "upperCorner": "37.907488 -120.492455", "state": "CA", "county": "Tuolumne", "ftr_type": "Prospect Pit", "ftr_azimut": "0", "topo_name": "Sonora", "topo_date": "1948", "topo_scale": "24000", "compiledby": "CA Dept Conserv", "gda_id": "5523721", "scanid": "300602", "url": "https://mrdata.usgs.gov/usmin/show-usmin.php?type=point&id=84714", "_layer": "points"}}, {"type": "Feature", "geometry": {"type": "Point", "coordinates": [-120.445873, 37.874634]}, "properties": {"lowerCorner": "37.874634 -120.445873", "upperCorner": "37.874634 -120.445873", "state": "CA", "county": "Tuolumne", "ftr_type": "Prospect Pit", "ftr_azimut": "0", "topo_name": "Chinese Camp", "topo_date": "1947", "topo_scale": "24000", "compiledby": "CA Dept Conserv", "gda_id": "5510809", "scanid": "289215", "url": "https://mrdata.usgs.gov/usmin/show-usmin.php?type=point&id=84742", "_layer": "points"}}, {"type": "Feature", "geometry": {"type": "Point", "coordinates": [-120.453633, 37.868205]}, "properties": {"lowerCorner": "37.868205 -120.453633", "upperCorner": "37.868205 -120.453633", "state": "CA", "county": "Tuolumne", "ftr_type": "Prospect Pit", "ftr_azimut": "0", "topo_name": "Chinese Camp", "topo_date": "1947", "topo_scale": "24000", "compiledby": "CA Dept Conserv", "gda_id": "5510809", "scanid": "289215", "url": "https://mrdata.usgs.gov/usmin/show-usmin.php?type=point&id=84751", "_layer": "points"}}, {"type": "Feature", "geometry": {"type": "Point", "coordinates": [-120.528504, 37.915544]}, "properties": {"lowerCorner": "37.915544 -120.528504", "upperCorner": "37.915544 -120.528504", "state": "CA", "county": "Tuolumne", "ftr_type": "Prospect Pit", "ftr_azimut": "0", "topo_name": "New Melones Dam", "topo_date": "1962", "topo_scale": "24000", "compiledby": "CA Dept Conserv", "gda_id": "5519517", "scanid": "293487", "url": "https://mrdata.usgs.gov/usmin/show-usmin.php?type=point&id=84774", "_layer": "points"}}, {"type": "Feature", "geometry": {"type": "Point", "coordinates": [-120.498707, 37.851016]}, "properties": {"lowerCorner": "37.851016 -120.498707", "upperCorner": "37.851016 -120.498707", "state": "CA", "county": "Tuolumne", "ftr_type": "Prospect Pit", "ftr_azimut": "0", "topo_name": "Chinese Camp", "topo_date": "1947", "topo_scale": "24000", "compiledby": "CA Dept Conserv", "gda_id": "5510809", "scanid": "289215", "url": "https://mrdata.usgs.gov/usmin/show-usmin.php?type=point&id=84775", "_layer": "points"}}, {"type": "Feature", "geometry": {"type": "Point", "coordinates": [-120.466946, 37.84106]}, "properties": {"lowerCorner": "37.841060 -120.466946", "upperCorner": "37.841060 -120.466946", "state": "CA", "county": "Tuolumne", "ftr_type": "Prospect Pit", "ftr_azimut": "0", "topo_name": "Chinese Camp", "topo_date": "1947", "topo_scale": "24000", "compiledby": "CA Dept Conserv", "gda_id": "5510809", "scanid": "289215", "url": "https://mrdata.usgs.gov/usmin/show-usmin.php?type=point&id=84777", "_layer": "points"}}, {"type": "Feature", "geometry": {"type": "Point", "coordinates": [-120.474147, 37.845247]}, "properties": {"lowerCorner": "37.845247 -120.474147", "upperCorner": "37.845247 -120.474147", "state": "CA", "county": "Tuolumne", "ftr_type": "Prospect Pit", "ftr_azimut": "0", "topo_name": "Chinese Camp", "topo_date": "1947", "topo_scale": "24000", "compiledby": "CA Dept Conserv", "gda_id": "5510809", "scanid": "289215", "url": "https://mrdata.usgs.gov/usmin/show-usmin.php?type=point&id=84782", "_layer": "points"}}, {"type": "Feature", "geometry": {"type": "Point", "coordinates": [-120.469164, 37.87295]}, "properties": {"lowerCorner": "37.872950 -120.469164", "upperCorner": "37.872950 -120.469164", "state": "CA", "county": "Tuolumne", "ftr_type": "Prospect Pit", "ftr_azimut": "0", "topo_name": "Chinese Camp", "topo_date": "1947", "topo_scale": "24000", "compiledby": "CA Dept Conserv", "gda_id": "5510809", "scanid": "289215", "url": "https://mrdata.usgs.gov/usmin/show-usmin.php?type=point&id=84817", "_layer": "points"}}, {"type": "Feature", "geometry": {"type": "Point", "coordinates": [-120.531957, 37.866389]}, "properties": {"lowerCorner": "37.866389 -120.531957", "upperCorner": "37.866389 -120.531957", "state": "CA", "county": "Tuolumne", "ftr_type": "Prospect Pit", "ftr_azimut": "0", "topo_name": "Keystone", "topo_date": "1962", "topo_scale": "24000", "compiledby": "CA Dept Conserv", "gda_id": "5516461", "scanid": "291854", "url": "https://mrdata.usgs.gov/usmin/show-usmin.php?type=point&id=84818", "_layer": "points"}}, {"type": "Feature", "geometry": {"type": "Point", "coordinates": [-120.455146, 37.868009]}, "properties": {"lowerCorner": "37.868009 -120.455146", "upperCorner": "37.868009 -120.455146", "state": "CA", "county": "Tuolumne", "ftr_type": "Prospect Pit", "ftr_azimut": "0", "topo_name": "Chinese Camp", "topo_date": "1947", "topo_scale": "24000", "compiledby": "CA Dept Conserv", "gda_id": "5510809", "scanid": "289215", "url": "https://mrdata.usgs.gov/usmin/show-usmin.php?type=point&id=84837", "_layer": "points"}}, {"type": "Feature", "geometry": {"type": "Point", "coordinates": [-120.450254, 37.872086]}, "properties": {"lowerCorner": "37.872086 -120.450254", "upperCorner": "37.872086 -120.450254", "state": "CA", "county": "Tuolumne", "ftr_type": "Prospect Pit", "ftr_azimut": "0", "topo_name": "Chinese Camp", "topo_date": "1947", "topo_scale": "24000", "compiledby": "CA Dept Conserv", "gda_id": "5510809", "scanid": "289215", "url": "https://mrdata.usgs.gov/usmin/show-usmin.php?type=point&id=84858", "_layer": "points"}}, {"type": "Feature", "geometry": {"type": "Point", "coordinates": [-120.427778, 37.935959]}, "properties": {"lowerCorner": "37.935959 -120.427778", "upperCorner": "37.935959 -120.427778", "state": "CA", "county": "Tuolumne", "ftr_type": "Prospect Pit", "ftr_azimut": "0", "topo_name": "Sonora", "topo_date": "1948", "topo_scale": "24000", "compiledby": "CA Dept Conserv", "gda_id": "5523721", "scanid": "300602", "url": "https://mrdata.usgs.gov/usmin/show-usmin.php?type=point&id=84867", "_layer": "points"}}, {"type": "Feature", "geometry": {"type": "Point", "coordinates": [-120.560081, 37.762964]}, "properties": {"lowerCorner": "37.762964 -120.560081", "upperCorner": "37.762964 -120.560081", "state": "CA", "county": "Tuolumne", "ftr_type": "Clay Pit", "ftr_azimut": "0", "topo_name": "Copperopolis", "topo_date": "1962", "topo_scale": "62500", "compiledby": "USGS", "gda_id": "5501219", "scanid": "297185", "url": "https://mrdata.usgs.gov/usmin/show-usmin.php?type=point&id=490534", "_layer": "points"}}, {"type": "Feature", "geometry": {"type": "Point", "coordinates": [-120.425262, 37.929722]}, "properties": {"lowerCorner": "37.929722 -120.425262", "upperCorner": "37.929722 -120.425262", "state": "CA", "county": "Tuolumne", "ftr_type": "Mine Shaft", "ftr_azimut": "0", "topo_name": "Sonora", "topo_date": "1948", "topo_scale": "62500", "compiledby": "USGS", "gda_id": "5958019", "scanid": "301739", "url": "https://mrdata.usgs.gov/usmin/show-usmin.php?type=point&id=494091", "_layer": "points"}}, {"type": "Feature", "geometry": {"type": "Point", "coordinates": [-120.607282, 37.820541]}, "properties": {"lowerCorner": "37.820541 -120.607282", "upperCorner": "37.820541 -120.607282", "state": "CA", "county": "Tuolumne", "ftr_type": "Mine Shaft", "ftr_azimut": "0", "topo_name": "Copperopolis", "topo_date": "1962", "topo_scale": "62500", "compiledby": "USGS", "gda_id": "5501219", "scanid": "297185", "url": "https://mrdata.usgs.gov/usmin/show-usmin.php?type=point&id=494155", "_layer": "points"}}, {"type": "Feature", "geometry": {"type": "Point", "coordinates": [-120.423029, 37.925627]}, "properties": {"lowerCorner": "37.925627 -120.423029", "upperCorner": "37.925627 -120.423029", "state": "CA", "county": "Tuolumne", "ftr_type": "Mine Shaft", "ftr_azimut": "0", "topo_name": "Sonora", "topo_date": "1948", "topo_scale": "62500", "compiledby": "USGS", "gda_id": "5958019", "scanid": "301739", "url": "https://mrdata.usgs.gov/usmin/show-usmin.php?type=point&id=494183", "_layer": "points"}}, {"type": "Feature", "geometry": {"type": "Point", "coordinates": [-120.459638, 37.893317]}, "properties": {"lowerCorner": "37.893317 -120.459638", "upperCorner": "37.893317 -120.459638", "state": "CA", "county": "Tuolumne", "ftr_type": "Mine Shaft", "ftr_azimut": "0", "topo_name": "Sonora", "topo_date": "1948", "topo_scale": "62500", "compiledby": "USGS", "gda_id": "5958019", "scanid": "301739", "url": "https://mrdata.usgs.gov/usmin/show-usmin.php?type=point&id=494188", "_layer": "points"}}, {"type": "Feature", "geometry": {"type": "Point", "coordinates": [-120.450878, 37.852158]}, "properties": {"lowerCorner": "37.852158 -120.450878", "upperCorner": "37.852158 -120.450878", "state": "CA", "county": "Tuolumne", "ftr_type": "Open Pit Mine or Quarry", "ftr_azimut": "0", "topo_name": "Sonora", "topo_date": "1948", "topo_scale": "62500", "compiledby": "USGS", "gda_id": "5958019", "scanid": "301739", "url": "https://mrdata.usgs.gov/usmin/show-usmin.php?type=point&id=496011", "_layer": "points"}}, {"type": "Feature", "geometry": {"type": "Point", "coordinates": [-120.488085, 37.908363]}, "properties": {"lowerCorner": "37.908363 -120.488085", "upperCorner": "37.908363 -120.488085", "state": "CA", "county": "Tuolumne", "ftr_type": "Prospect Pit", "ftr_azimut": "0", "topo_name": "Sonora", "topo_date": "1948", "topo_scale": "62500", "compiledby": "USGS", "gda_id": "5958019", "scanid": "301739", "url": "https://mrdata.usgs.gov/usmin/show-usmin.php?type=point&id=501379", "_layer": "points"}}, {"type": "Feature", "geometry": {"type": "Point", "coordinates": [-120.453651, 37.868196]}, "properties": {"lowerCorner": "37.868196 -120.453651", "upperCorner": "37.868196 -120.453651", "state": "CA", "county": "Tuolumne", "ftr_type": "Prospect Pit", "ftr_azimut": "0", "topo_name": "Sonora", "topo_date": "1948", "topo_scale": "62500", "compiledby": "USGS", "gda_id": "5958019", "scanid": "301739", "url": "https://mrdata.usgs.gov/usmin/show-usmin.php?type=point&id=501432", "_layer": "points"}}, {"type": "Feature", "geometry": {"type": "Point", "coordinates": [-120.492404, 37.907644]}, "properties": {"lowerCorner": "37.907644 -120.492404", "upperCorner": "37.907644 -120.492404", "state": "CA", "county": "Tuolumne", "ftr_type": "Prospect Pit", "ftr_azimut": "0", "topo_name": "Sonora", "topo_date": "1948", "topo_scale": "62500", "compiledby": "USGS", "gda_id": "5958019", "scanid": "301739", "url": "https://mrdata.usgs.gov/usmin/show-usmin.php?type=point&id=501482", "_layer": "points"}}, {"type": "Feature", "geometry": {"type": "Point", "coordinates": [-120.450086, 37.871989]}, "properties": {"lowerCorner": "37.871989 -120.450086", "upperCorner": "37.871989 -120.450086", "state": "CA", "county": "Tuolumne", "ftr_type": "Prospect Pit", "ftr_azimut": "0", "topo_name": "Sonora", "topo_date": "1948", "topo_scale": "62500", "compiledby": "USGS", "gda_id": "5958019", "scanid": "301739", "url": "https://mrdata.usgs.gov/usmin/show-usmin.php?type=point&id=501492", "_layer": "points"}}, {"type": "Feature", "geometry": {"type": "Point", "coordinates": [-120.498734, 37.85092]}, "properties": {"lowerCorner": "37.850920 -120.498734", "upperCorner": "37.850920 -120.498734", "state": "CA", "county": "Tuolumne", "ftr_type": "Prospect Pit", "ftr_azimut": "0", "topo_name": "Sonora", "topo_date": "1948", "topo_scale": "62500", "compiledby": "USGS", "gda_id": "5958019", "scanid": "301739", "url": "https://mrdata.usgs.gov/usmin/show-usmin.php?type=point&id=501509", "_layer": "points"}}, {"type": "Feature", "geometry": {"type": "Point", "coordinates": [-120.46679, 37.841131]}, "properties": {"lowerCorner": "37.841131 -120.466790", "upperCorner": "37.841131 -120.466790", "state": "CA", "county": "Tuolumne", "ftr_type": "Prospect Pit", "ftr_azimut": "0", "topo_name": "Sonora", "topo_date": "1948", "topo_scale": "62500", "compiledby": "USGS", "gda_id": "5958019", "scanid": "301739", "url": "https://mrdata.usgs.gov/usmin/show-usmin.php?type=point&id=501516", "_layer": "points"}}, {"type": "Feature", "geometry": {"type": "Point", "coordinates": [-120.464818, 37.928786]}, "properties": {"lowerCorner": "37.928786 -120.464818", "upperCorner": "37.928786 -120.464818", "state": "CA", "county": "Tuolumne", "ftr_type": "Adit", "ftr_azimut": "117", "topo_name": "Sonora", "topo_date": "1948", "topo_scale": "24000", "compiledby": "CA Dept Conserv", "gda_id": "5523721", "scanid": "300602", "dir": "se", "url": "https://mrdata.usgs.gov/usmin/show-usmin.php?type=point&id=49294", "_layer": "points"}}, {"type": "Feature", "geometry": {"type": "Point", "coordinates": [-120.55667, 37.763411]}, "properties": {"lowerCorner": "37.763411 -120.556670", "upperCorner": "37.763411 -120.556670", "state": "CA", "county": "Tuolumne", "ftr_type": "Clay Pit", "ftr_azimut": "0", "topo_name": "Copperopolis", "topo_date": "1962", "topo_scale": "62500", "compiledby": "USGS", "gda_id": "5501219", "scanid": "297185", "url": "https://mrdata.usgs.gov/usmin/show-usmin.php?type=point&id=490533", "_layer": "points"}}, {"type": "Feature", "geometry": {"type": "Point", "coordinates": [-120.462948, 37.994574]}, "properties": {"lowerCorner": "37.994574 -120.462948", "upperCorner": "37.994574 -120.462948", "state": "CA", "county": "Tuolumne", "ftr_type": "Mine Shaft", "ftr_azimut": "0", "topo_name": "Sonora", "topo_date": "1948", "topo_scale": "62500", "compiledby": "USGS", "gda_id": "5958019", "scanid": "301739", "url": "https://mrdata.usgs.gov/usmin/show-usmin.php?type=point&id=494131", "_layer": "points"}}, {"type": "Feature", "geometry": {"type": "Point", "coordinates": [-120.460504, 37.99302]}, "properties": {"lowerCorner": "37.993020 -120.460504", "upperCorner": "37.993020 -120.460504", "state": "CA", "county": "Tuolumne", "ftr_type": "Mine Shaft", "ftr_azimut": "0", "topo_name": "Sonora", "topo_date": "1948", "topo_scale": "62500", "compiledby": "USGS", "gda_id": "5958019", "scanid": "301739", "url": "https://mrdata.usgs.gov/usmin/show-usmin.php?type=point&id=494152", "_layer": "points"}}, {"type": "Feature", "geometry": {"type": "Point", "coordinates": [-120.455752, 37.721538]}, "properties": {"lowerCorner": "37.721538 -120.455752", "upperCorner": "37.721538 -120.455752", "state": "CA", "county": "Tuolumne", "ftr_type": "Mine Shaft", "ftr_azimut": "0", "topo_name": "Merced Falls", "topo_date": "1962", "topo_scale": "62500", "compiledby": "USGS", "gda_id": "5502939", "scanid": "298167", "url": "https://mrdata.usgs.gov/usmin/show-usmin.php?type=point&id=494169", "_layer": "points"}}, {"type": "Feature", "geometry": {"type": "Point", "coordinates": [-120.56324, 37.890484]}, "properties": {"lowerCorner": "37.890484 -120.563240", "upperCorner": "37.890484 -120.563240", "state": "CA", "county": "Tuolumne", "ftr_type": "Mine Shaft", "ftr_name": "Green Spring Mine", "ftr_azimut": "0", "topo_name": "Copperopolis", "topo_date": "1962", "topo_scale": "62500", "compiledby": "USGS", "gda_id": "5501219", "scanid": "297185", "url": "https://mrdata.usgs.gov/usmin/show-usmin.php?type=point&id=494224", "_layer": "points"}}, {"type": "Feature", "geometry": {"type": "Point", "coordinates": [-120.512002, 37.88178]}, "properties": {"lowerCorner": "37.881780 -120.512002", "upperCorner": "37.881780 -120.512002", "state": "CA", "county": "Tuolumne", "ftr_type": "Open Pit Mine", "ftr_name": "McCormick Mine", "ftr_azimut": "0", "topo_name": "Copperopolis", "topo_date": "1962", "topo_scale": "62500", "compiledby": "USGS", "gda_id": "5501219", "scanid": "297185", "url": "https://mrdata.usgs.gov/usmin/show-usmin.php?type=point&id=495078", "_layer": "points"}}, {"type": "Feature", "geometry": {"type": "Point", "coordinates": [-120.582478, 37.890413]}, "properties": {"lowerCorner": "37.890413 -120.582478", "upperCorner": "37.890413 -120.582478", "state": "CA", "county": "Tuolumne", "ftr_type": "Open Pit Mine", "ftr_name": "Valencia Mine", "ftr_azimut": "0", "topo_name": "Copperopolis", "topo_date": "1942", "topo_scale": "62500", "compiledby": "USGS", "remarks": "Named on 1962 map.", "gda_id": "5501213", "scanid": "297182", "url": "https://mrdata.usgs.gov/usmin/show-usmin.php?type=point&id=495081", "_layer": "points"}}, {"type": "Feature", "geometry": {"type": "Point", "coordinates": [-120.495644, 37.847333]}, "properties": {"lowerCorner": "37.847333 -120.495644", "upperCorner": "37.847333 -120.495644", "state": "CA", "county": "Tuolumne", "ftr_type": "Open Pit Mine or Quarry", "ftr_azimut": "0", "topo_name": "Sonora", "topo_date": "1948", "topo_scale": "62500", "compiledby": "USGS", "gda_id": "5958019", "scanid": "301739", "url": "https://mrdata.usgs.gov/usmin/show-usmin.php?type=point&id=496004", "_layer": "points"}}, {"type": "Feature", "geometry": {"type": "Point", "coordinates": [-120.528571, 37.915469]}, "properties": {"lowerCorner": "37.915469 -120.528571", "upperCorner": "37.915469 -120.528571", "state": "CA", "county": "Tuolumne", "ftr_type": "Prospect Pit", "ftr_azimut": "0", "topo_name": "Copperopolis", "topo_date": "1962", "topo_scale": "62500", "compiledby": "USGS", "gda_id": "5501219", "scanid": "297185", "url": "https://mrdata.usgs.gov/usmin/show-usmin.php?type=point&id=501457", "_layer": "points"}}, {"type": "Feature", "geometry": {"type": "Point", "coordinates": [-120.45605, 37.721839]}, "properties": {"lowerCorner": "37.721839 -120.456050", "upperCorner": "37.721839 -120.456050", "state": "CA", "county": "Tuolumne", "ftr_type": "Prospect Pit", "ftr_azimut": "0", "topo_name": "Merced Falls", "topo_date": "1954", "topo_scale": "62500", "compiledby": "USGS", "gda_id": "5502937", "scanid": "298166", "url": "https://mrdata.usgs.gov/usmin/show-usmin.php?type=point&id=501473", "_layer": "points"}}, {"type": "Feature", "geometry": {"type": "Point", "coordinates": [-120.56117, 37.908775]}, "properties": {"lowerCorner": "37.908775 -120.561170", "upperCorner": "37.908775 -120.561170", "state": "CA", "county": "Tuolumne", "ftr_type": "Adit", "ftr_azimut": "91", "topo_name": "New Melones Dam", "topo_date": "1962", "topo_scale": "24000", "compiledby": "CA Dept Conserv", "gda_id": "5519517", "scanid": "293487", "dir": "e", "url": "https://mrdata.usgs.gov/usmin/show-usmin.php?type=point&id=49145", "_layer": "points"}}, {"type": "Feature", "geometry": {"type": "Point", "coordinates": [-120.465667, 37.992027]}, "properties": {"lowerCorner": "37.992027 -120.465667", "upperCorner": "37.992027 -120.465667", "state": "CA", "county": "Tuolumne", "ftr_type": "Adit", "ftr_azimut": "72", "topo_name": "Sonora", "topo_date": "1948", "topo_scale": "62500", "compiledby": "USGS", "gda_id": "5958019", "scanid": "301739", "dir": "e", "url": "https://mrdata.usgs.gov/usmin/show-usmin.php?type=point&id=490200", "_layer": "points"}}, {"type": "Feature", "geometry": {"type": "Point", "coordinates": [-120.458487, 37.93112]}, "properties": {"lowerCorner": "37.931120 -120.458487", "upperCorner": "37.931120 -120.458487", "state": "CA", "county": "Tuolumne", "ftr_type": "Adit", "ftr_azimut": "109", "topo_name": "Sonora", "topo_date": "1948", "topo_scale": "62500", "compiledby": "USGS", "gda_id": "5958019", "scanid": "301739", "dir": "e", "url": "https://mrdata.usgs.gov/usmin/show-usmin.php?type=point&id=490293", "_layer": "points"}}, {"type": "Feature", "geometry": {"type": "Point", "coordinates": [-120.561275, 37.908689]}, "properties": {"lowerCorner": "37.908689 -120.561275", "upperCorner": "37.908689 -120.561275", "state": "CA", "county": "Tuolumne", "ftr_type": "Adit", "ftr_azimut": "94", "topo_name": "Copperopolis", "topo_date": "1962", "topo_scale": "62500", "compiledby": "USGS", "gda_id": "5501219", "scanid": "297185", "dir": "e", "url": "https://mrdata.usgs.gov/usmin/show-usmin.php?type=point&id=490332", "_layer": "points"}}, {"type": "Feature", "geometry": {"type": "Point", "coordinates": [-120.502859, 37.908547]}, "properties": {"lowerCorner": "37.908547 -120.502859", "upperCorner": "37.908547 -120.502859", "state": "CA", "county": "Tuolumne", "ftr_type": "Adit", "ftr_azimut": "172", "topo_name": "New Melones Dam", "topo_date": "1962", "topo_scale": "24000", "compiledby": "CA Dept Conserv", "gda_id": "5519517", "scanid": "293487", "dir": "s", "url": "https://mrdata.usgs.gov/usmin/show-usmin.php?type=point&id=49243", "_layer": "points"}}, {"type": "Feature", "geometry": {"type": "Point", "coordinates": [-120.469385, 37.992094]}, "properties": {"lowerCorner": "37.992094 -120.469385", "upperCorner": "37.992094 -120.469385", "state": "CA", "county": "Tuolumne", "ftr_type": "Adit", "ftr_azimut": "226", "topo_name": "Sonora", "topo_date": "1948", "topo_scale": "24000", "compiledby": "CA Dept Conserv", "gda_id": "5523721", "scanid": "300602", "dir": "sw", "url": "https://mrdata.usgs.gov/usmin/show-usmin.php?type=point&id=49135", "_layer": "points"}}, {"type": "Feature", "geometry": {"type": "Point", "coordinates": [-120.490062, 37.972665]}, "properties": {"lowerCorner": "37.972665 -120.490062", "upperCorner": "37.972665 -120.490062", "state": "CA", "county": "Tuolumne", "ftr_type": "Adit", "ftr_azimut": "332", "topo_name": "Sonora", "topo_date": "1948", "topo_scale": "24000", "compiledby": "CA Dept Conserv", "gda_id": "5523721", "scanid": "300602", "dir": "nw", "url": "https://mrdata.usgs.gov/usmin/show-usmin.php?type=point&id=49296", "_layer": "points"}}, {"type": "Feature", "geometry": {"type": "Point", "coordinates": [-120.340871, 37.704191]}, "properties": {"lowerCorner": "37.704191 -120.340871", "upperCorner": "37.704191 -120.340871", "state": "CA", "county": "Tuolumne", "ftr_type": "Mine Shaft", "ftr_azimut": "0", "topo_name": "Merced Falls", "topo_date": "1962", "topo_scale": "62500", "compiledby": "USGS", "gda_id": "5502939", "scanid": "298167", "url": "https://mrdata.usgs.gov/usmin/show-usmin.php?type=point&id=494206", "_layer": "points"}}, {"type": "Feature", "geometry": {"type": "Point", "coordinates": [-120.248514, 37.753593]}, "properties": {"lowerCorner": "37.753593 -120.248514", "upperCorner": "37.753593 -120.248514", "state": "CA", "county": "Tuolumne", "ftr_type": "Open Pit Mine or Quarry", "ftr_azimut": "0", "topo_name": "Tuolumne", "topo_date": "1948", "topo_scale": "62500", "compiledby": "USGS", "gda_id": "5504909", "scanid": "301880", "url": "https://mrdata.usgs.gov/usmin/show-usmin.php?type=point&id=496012", "_layer": "points"}}, {"type": "Feature", "geometry": {"type": "Point", "coordinates": [-120.259124, 37.775368]}, "properties": {"lowerCorner": "37.775368 -120.259124", "upperCorner": "37.775368 -120.259124", "state": "CA", "county": "Tuolumne", "ftr_type": "Prospect Pit", "ftr_azimut": "0", "topo_name": "Sonora", "topo_date": "1948", "topo_scale": "62500", "compiledby": "USGS", "gda_id": "5958019", "scanid": "301739", "url": "https://mrdata.usgs.gov/usmin/show-usmin.php?type=point&id=501391", "_layer": "points"}}, {"type": "Feature", "geometry": {"type": "Point", "coordinates": [-120.244265, 37.753995]}, "properties": {"lowerCorner": "37.753995 -120.244265", "upperCorner": "37.753995 -120.244265", "state": "CA", "county": "Tuolumne", "ftr_type": "Prospect Pit", "ftr_azimut": "0", "topo_name": "Tuolumne", "topo_date": "1948", "topo_scale": "62500", "compiledby": "USGS", "gda_id": "5504909", "scanid": "301880", "url": "https://mrdata.usgs.gov/usmin/show-usmin.php?type=point&id=501453", "_layer": "points"}}, {"type": "Feature", "geometry": {"type": "Point", "coordinates": [-120.267969, 37.789074]}, "properties": {"lowerCorner": "37.789074 -120.267969", "upperCorner": "37.789074 -120.267969", "state": "CA", "county": "Tuolumne", "ftr_type": "Prospect Pit", "ftr_azimut": "0", "topo_name": "Sonora", "topo_date": "1948", "topo_scale": "62500", "compiledby": "USGS", "gda_id": "5958019", "scanid": "301739", "url": "https://mrdata.usgs.gov/usmin/show-usmin.php?type=point&id=501459", "_layer": "points"}}, {"type": "Feature", "geometry": {"type": "Point", "coordinates": [-120.2476, 37.757758]}, "properties": {"lowerCorner": "37.757758 -120.247600", "upperCorner": "37.757758 -120.247600", "state": "CA", "county": "Tuolumne", "ftr_type": "Adit", "ftr_azimut": "46", "topo_name": "Groveland", "topo_date": "1947", "topo_scale": "24000", "compiledby": "CA Dept Conserv", "gda_id": "5514901", "scanid": "291049", "dir": "ne", "url": "https://mrdata.usgs.gov/usmin/show-usmin.php?type=point&id=49239", "_layer": "points"}}, {"type": "Feature", "geometry": {"type": "Point", "coordinates": [-120.118255, 37.830514]}, "properties": {"lowerCorner": "37.830514 -120.118255", "upperCorner": "37.830514 -120.118255", "state": "CA", "county": "Tuolumne", "ftr_type": "Gravel/Borrow Pit - Undifferentiated", "ftr_azimut": "0", "topo_name": "Jawbone Ridge", "topo_date": "2001", "topo_scale": "24000", "compiledby": "USGS", "gda_id": "5516107", "scanid": "100852", "url": "https://mrdata.usgs.gov/usmin/show-usmin.php?type=point&id=52891", "_layer": "points"}}, {"type": "Feature", "geometry": {"type": "Point", "coordinates": [-120.121003, 37.835071]}, "properties": {"lowerCorner": "37.835071 -120.121003", "upperCorner": "37.835071 -120.121003", "state": "CA", "county": "Tuolumne", "ftr_type": "Mine Shaft", "ftr_name": "Gold Queen", "ftr_azimut": "0", "topo_name": "Jawbone Ridge", "topo_date": "1947", "topo_scale": "24000", "compiledby": "CA Dept Conserv", "remarks": "Labeled as abandoned.", "gda_id": "5516111", "scanid": "291678", "url": "https://mrdata.usgs.gov/usmin/show-usmin.php?type=point&id=58824", "_layer": "points"}}, {"type": "Feature", "geometry": {"type": "Point", "coordinates": [-120.145653, 37.813675]}, "properties": {"lowerCorner": "37.813675 -120.145653", "upperCorner": "37.813675 -120.145653", "state": "CA", "county": "Tuolumne", "ftr_type": "Mine Shaft", "ftr_azimut": "0", "topo_name": "Groveland", "topo_date": "1947", "topo_scale": "24000", "compiledby": "CA Dept Conserv", "gda_id": "5514901", "scanid": "291049", "url": "https://mrdata.usgs.gov/usmin/show-usmin.php?type=point&id=58843", "_layer": "points"}}, {"type": "Feature", "geometry": {"type": "Point", "coordinates": [-120.176655, 37.841769]}, "properties": {"lowerCorner": "37.841769 -120.176655", "upperCorner": "37.841769 -120.176655", "state": "CA", "county": "Tuolumne", "ftr_type": "Prospect Pit", "ftr_azimut": "0", "topo_name": "Groveland", "topo_date": "1947", "topo_scale": "24000", "compiledby": "USGS", "gda_id": "5514901", "scanid": "291049", "url": "https://mrdata.usgs.gov/usmin/show-usmin.php?type=point&id=84763", "_layer": "points"}}, {"type": "Feature", "geometry": {"type": "Point", "coordinates": [-120.166398, 37.870113]}, "properties": {"lowerCorner": "37.870113 -120.166398", "upperCorner": "37.870113 -120.166398", "state": "CA", "county": "Tuolumne", "ftr_type": "Prospect Pit", "ftr_azimut": "0", "topo_name": "Groveland", "topo_date": "1947", "topo_scale": "24000", "compiledby": "CA Dept Conserv", "gda_id": "5514901", "scanid": "291049", "url": "https://mrdata.usgs.gov/usmin/show-usmin.php?type=point&id=84804", "_layer": "points"}}, {"type": "Feature", "geometry": {"type": "Point", "coordinates": [-120.191045, 37.826578]}, "properties": {"lowerCorner": "37.826578 -120.191045", "upperCorner": "37.826578 -120.191045", "state": "CA", "county": "Tuolumne", "ftr_type": "Prospect Pit", "ftr_azimut": "0", "topo_name": "Groveland", "topo_date": "1947", "topo_scale": "24000", "compiledby": "CA Dept Conserv", "gda_id": "5514901", "scanid": "291049", "url": "https://mrdata.usgs.gov/usmin/show-usmin.php?type=point&id=84834", "_layer": "points"}}, {"type": "Feature", "geometry": {"type": "Point", "coordinates": [-120.145484, 37.813551]}, "properties": {"lowerCorner": "37.813551 -120.145484", "upperCorner": "37.813551 -120.145484", "state": "CA", "county": "Tuolumne", "ftr_type": "Mine Shaft", "ftr_azimut": "0", "topo_name": "Tuolumne", "topo_date": "1948", "topo_scale": "62500", "compiledby": "USGS", "gda_id": "5504909", "scanid": "301880", "url": "https://mrdata.usgs.gov/usmin/show-usmin.php?type=point&id=494141", "_layer": "points"}}, {"type": "Feature", "geometry": {"type": "Point", "coordinates": [-120.17149, 37.852187]}, "properties": {"lowerCorner": "37.852187 -120.171490", "upperCorner": "37.852187 -120.171490", "state": "CA", "county": "Tuolumne", "ftr_type": "Prospect Pit", "ftr_azimut": "0", "topo_name": "Tuolumne", "topo_date": "1948", "topo_scale": "62500", "compiledby": "USGS", "gda_id": "5504909", "scanid": "301880", "url": "https://mrdata.usgs.gov/usmin/show-usmin.php?type=point&id=501452", "_layer": "points"}}, {"type": "Feature", "geometry": {"type": "Point", "coordinates": [-120.179049, 37.865708]}, "properties": {"lowerCorner": "37.865708 -120.179049", "upperCorner": "37.865708 -120.179049", "state": "CA", "county": "Tuolumne", "ftr_type": "Prospect Pit", "ftr_azimut": "0", "topo_name": "Tuolumne", "topo_date": "1948", "topo_scale": "62500", "compiledby": "USGS", "gda_id": "5504909", "scanid": "301880", "url": "https://mrdata.usgs.gov/usmin/show-usmin.php?type=point&id=501527", "_layer": "points"}}, {"type": "Feature", "geometry": {"type": "Point", "coordinates": [-120.160738, 37.870117]}, "properties": {"lowerCorner": "37.870117 -120.160738", "upperCorner": "37.870117 -120.160738", "state": "CA", "county": "Tuolumne", "ftr_type": "Adit", "ftr_name": "Kanaka Mine", "ftr_azimut": "171", "topo_name": "Tuolumne", "topo_date": "1948", "topo_scale": "62500", "compiledby": "USGS", "gda_id": "5504909", "scanid": "301880", "dir": "s", "url": "https://mrdata.usgs.gov/usmin/show-usmin.php?type=point&id=490353", "_layer": "points"}}, {"type": "Feature", "geometry": {"type": "Point", "coordinates": [-120.159362, 37.870245]}, "properties": {"lowerCorner": "37.870245 -120.159362", "upperCorner": "37.870245 -120.159362", "state": "CA", "county": "Tuolumne", "ftr_type": "Adit", "ftr_azimut": "219", "topo_name": "Groveland", "topo_date": "1947", "topo_scale": "24000", "compiledby": "CA Dept Conserv", "gda_id": "5514901", "scanid": "291049", "dir": "sw", "url": "https://mrdata.usgs.gov/usmin/show-usmin.php?type=point&id=49161", "_layer": "points"}}, {"type": "Feature", "geometry": {"type": "Point", "coordinates": [-120.158673, 37.86988]}, "properties": {"lowerCorner": "37.869880 -120.158673", "upperCorner": "37.869880 -120.158673", "state": "CA", "county": "Tuolumne", "ftr_type": "Adit", "ftr_azimut": "231", "topo_name": "Tuolumne", "topo_date": "1948", "topo_scale": "62500", "compiledby": "USGS", "gda_id": "5504909", "scanid": "301880", "dir": "sw", "url": "https://mrdata.usgs.gov/usmin/show-usmin.php?type=point&id=490333", "_layer": "points"}}, {"type": "Feature", "geometry": {"type": "Point", "coordinates": [-120.440511, 37.95002]}, "properties": {"lowerCorner": "37.950020 -120.440511", "upperCorner": "37.950020 -120.440511", "state": "CA", "county": "Tuolumne", "ftr_type": "Mine Shaft", "ftr_azimut": "0", "topo_name": "Sonora", "topo_date": "1948", "topo_scale": "62500", "compiledby": "USGS", "gda_id": "5958019", "scanid": "301739", "url": "https://mrdata.usgs.gov/usmin/show-usmin.php?type=point&id=494096", "_layer": "points"}}, {"type": "Feature", "geometry": {"type": "Point", "coordinates": [-120.428745, 38.029447]}, "properties": {"lowerCorner": "38.029447 -120.428745", "upperCorner": "38.029447 -120.428745", "state": "CA", "county": "Tuolumne", "ftr_type": "Mine Shaft", "ftr_azimut": "0", "topo_name": "Columbia", "topo_date": "1948", "topo_scale": "62500", "compiledby": "USGS", "gda_id": "5501147", "scanid": "297139", "url": "https://mrdata.usgs.gov/usmin/show-usmin.php?type=point&id=494097", "_layer": "points"}}, {"type": "Feature", "geometry": {"type": "Point", "coordinates": [-120.47381, 37.995956]}, "properties": {"lowerCorner": "37.995956 -120.473810", "upperCorner": "37.995956 -120.473810", "state": "CA", "county": "Tuolumne", "ftr_type": "Mine Shaft", "ftr_azimut": "0", "topo_name": "Sonora", "topo_date": "1948", "topo_scale": "62500", "compiledby": "USGS", "gda_id": "5958019", "scanid": "301739", "url": "https://mrdata.usgs.gov/usmin/show-usmin.php?type=point&id=494100", "_layer": "points"}}, {"type": "Feature", "geometry": {"type": "Point", "coordinates": [-120.463325, 37.993306]}, "properties": {"lowerCorner": "37.993306 -120.463325", "upperCorner": "37.993306 -120.463325", "state": "CA", "county": "Tuolumne", "ftr_type": "Mine Shaft", "ftr_azimut": "0", "topo_name": "Sonora", "topo_date": "1948", "topo_scale": "62500", "compiledby": "USGS", "gda_id": "5958019", "scanid": "301739", "url": "https://mrdata.usgs.gov/usmin/show-usmin.php?type=point&id=494119", "_layer": "points"}}, {"type": "Feature", "geometry": {"type": "Point", "coordinates": [-120.438059, 38.035904]}, "properties": {"lowerCorner": "38.035904 -120.438059", "upperCorner": "38.035904 -120.438059", "state": "CA", "county": "Tuolumne", "ftr_type": "Mine Shaft", "ftr_azimut": "0", "topo_name": "Columbia", "topo_date": "1948", "topo_scale": "62500", "compiledby": "USGS", "gda_id": "5501147", "scanid": "297139", "url": "https://mrdata.usgs.gov/usmin/show-usmin.php?type=point&id=494130", "_layer": "points"}}, {"type": "Feature", "geometry": {"type": "Point", "coordinates": [-120.47678, 37.998046]}, "properties": {"lowerCorner": "37.998046 -120.476780", "upperCorner": "37.998046 -120.476780", "state": "CA", "county": "Tuolumne", "ftr_type": "Mine Shaft", "ftr_azimut": "0", "topo_name": "Sonora", "topo_date": "1948", "topo_scale": "62500", "compiledby": "USGS", "gda_id": "5958019", "scanid": "301739", "url": "https://mrdata.usgs.gov/usmin/show-usmin.php?type=point&id=494133", "_layer": "points"}}, {"type": "Feature", "geometry": {"type": "Point", "coordinates": [-120.465187, 37.993523]}, "properties": {"lowerCorner": "37.993523 -120.465187", "upperCorner": "37.993523 -120.465187", "state": "CA", "county": "Tuolumne", "ftr_type": "Mine Shaft", "ftr_azimut": "0", "topo_name": "Sonora", "topo_date": "1948", "topo_scale": "62500", "compiledby": "USGS", "gda_id": "5958019", "scanid": "301739", "url": "https://mrdata.usgs.gov/usmin/show-usmin.php?type=point&id=494146", "_layer": "points"}}, {"type": "Feature", "geometry": {"type": "Point", "coordinates": [-120.461909, 37.989354]}, "properties": {"lowerCorner": "37.989354 -120.461909", "upperCorner": "37.989354 -120.461909", "state": "CA", "county": "Tuolumne", "ftr_type": "Mine Shaft", "ftr_azimut": "0", "topo_name": "Sonora", "topo_date": "1948", "topo_scale": "62500", "compiledby": "USGS", "gda_id": "5958019", "scanid": "301739", "url": "https://mrdata.usgs.gov/usmin/show-usmin.php?type=point&id=494164", "_layer": "points"}}, {"type": "Feature", "geometry": {"type": "Point", "coordinates": [-120.474827, 37.997772]}, "properties": {"lowerCorner": "37.997772 -120.474827", "upperCorner": "37.997772 -120.474827", "state": "CA", "county": "Tuolumne", "ftr_type": "Mine Shaft", "ftr_azimut": "0", "topo_name": "Sonora", "topo_date": "1948", "topo_scale": "62500", "compiledby": "USGS", "gda_id": "5958019", "scanid": "301739", "url": "https://mrdata.usgs.gov/usmin/show-usmin.php?type=point&id=494182", "_layer": "points"}}, {"type": "Feature", "geometry": {"type": "Point", "coordinates": [-120.475763, 37.996595]}, "properties": {"lowerCorner": "37.996595 -120.475763", "upperCorner": "37.996595 -120.475763", "state": "CA", "county": "Tuolumne", "ftr_type": "Mine Shaft", "ftr_azimut": "0", "topo_name": "Sonora", "topo_date": "1948", "topo_scale": "62500", "compiledby": "USGS", "gda_id": "5958019", "scanid": "301739", "url": "https://mrdata.usgs.gov/usmin/show-usmin.php?type=point&id=494197", "_layer": "points"}}, {"type": "Feature", "geometry": {"type": "Point", "coordinates": [-120.460691, 37.916367]}, "properties": {"lowerCorner": "37.916367 -120.460691", "upperCorner": "37.916367 -120.460691", "state": "CA", "county": "Tuolumne", "ftr_type": "Mine Shaft", "ftr_azimut": "0", "topo_name": "Sonora", "topo_date": "1948", "topo_scale": "62500", "compiledby": "USGS", "gda_id": "5958019", "scanid": "301739", "url": "https://mrdata.usgs.gov/usmin/show-usmin.php?type=point&id=494199", "_layer": "points"}}, {"type": "Feature", "geometry": {"type": "Point", "coordinates": [-120.450289, 37.961599]}, "properties": {"lowerCorner": "37.961599 -120.450289", "upperCorner": "37.961599 -120.450289", "state": "CA", "county": "Tuolumne", "ftr_type": "Mine Shaft", "ftr_azimut": "0", "topo_name": "Sonora", "topo_date": "1948", "topo_scale": "62500", "compiledby": "USGS", "gda_id": "5958019", "scanid": "301739", "url": "https://mrdata.usgs.gov/usmin/show-usmin.php?type=point&id=494201", "_layer": "points"}}, {"type": "Feature", "geometry": {"type": "Point", "coordinates": [-120.419611, 37.927838]}, "properties": {"lowerCorner": "37.927838 -120.419611", "upperCorner": "37.927838 -120.419611", "state": "CA", "county": "Tuolumne", "ftr_type": "Mine Shaft", "ftr_azimut": "0", "topo_name": "Sonora", "topo_date": "1948", "topo_scale": "62500", "compiledby": "USGS", "gda_id": "5958019", "scanid": "301739", "url": "https://mrdata.usgs.gov/usmin/show-usmin.php?type=point&id=494216", "_layer": "points"}}, {"type": "Feature", "geometry": {"type": "Point", "coordinates": [-120.465735, 37.997041]}, "properties": {"lowerCorner": "37.997041 -120.465735", "upperCorner": "37.997041 -120.465735", "state": "CA", "county": "Tuolumne", "ftr_type": "Prospect Pit", "ftr_azimut": "0", "topo_name": "Sonora", "topo_date": "1948", "topo_scale": "62500", "compiledby": "USGS", "gda_id": "5958019", "scanid": "301739", "url": "https://mrdata.usgs.gov/usmin/show-usmin.php?type=point&id=501394", "_layer": "points"}}, {"type": "Feature", "geometry": {"type": "Point", "coordinates": [-120.464936, 37.996824]}, "properties": {"lowerCorner": "37.996824 -120.464936", "upperCorner": "37.996824 -120.464936", "state": "CA", "county": "Tuolumne", "ftr_type": "Prospect Pit", "ftr_azimut": "0", "topo_name": "Sonora", "topo_date": "1948", "topo_scale": "62500", "compiledby": "USGS", "gda_id": "5958019", "scanid": "301739", "url": "https://mrdata.usgs.gov/usmin/show-usmin.php?type=point&id=501496", "_layer": "points"}}, {"type": "Feature", "geometry": {"type": "Point", "coordinates": [-120.427017, 38.07081]}, "properties": {"lowerCorner": "38.070810 -120.427017", "upperCorner": "38.070810 -120.427017", "state": "CA", "county": "Tuolumne", "ftr_type": "Quarry", "ftr_name": "Marble Quarries", "ftr_azimut": "0", "topo_name": "Columbia", "topo_date": "1948", "topo_scale": "62500", "compiledby": "USGS", "gda_id": "5501147", "scanid": "297139", "url": "https://mrdata.usgs.gov/usmin/show-usmin.php?type=point&id=501887", "_layer": "points"}}, {"type": "Feature", "geometry": {"type": "Point", "coordinates": [-120.470779, 37.990018]}, "properties": {"lowerCorner": "37.990018 -120.470779", "upperCorner": "37.990018 -120.470779", "state": "CA", "county": "Tuolumne", "ftr_type": "Adit", "ftr_azimut": "54", "topo_name": "Sonora", "topo_date": "1948", "topo_scale": "24000", "compiledby": "CA Dept Conserv", "gda_id": "5523721", "scanid": "300602", "dir": "ne", "url": "https://mrdata.usgs.gov/usmin/show-usmin.php?type=point&id=49108", "_layer": "points"}}, {"type": "Feature", "geometry": {"type": "Point", "coordinates": [-120.44308, 38.049683]}, "properties": {"lowerCorner": "38.049683 -120.443080", "upperCorner": "38.049683 -120.443080", "state": "CA", "county": "Tuolumne", "ftr_type": "Adit", "ftr_name": "Republic Mine", "ftr_azimut": "96", "topo_name": "Columbia", "topo_date": "1948", "topo_scale": "24000", "compiledby": "CA Dept Conserv", "gda_id": "5511357", "scanid": "289433", "dir": "e", "url": "https://mrdata.usgs.gov/usmin/show-usmin.php?type=point&id=49105", "_layer": "points"}}, {"type": "Feature", "geometry": {"type": "Point", "coordinates": [-120.465954, 37.991812]}, "properties": {"lowerCorner": "37.991812 -120.465954", "upperCorner": "37.991812 -120.465954", "state": "CA", "county": "Tuolumne", "ftr_type": "Adit", "ftr_azimut": "76", "topo_name": "Sonora", "topo_date": "1948", "topo_scale": "24000", "compiledby": "CA Dept Conserv", "gda_id": "5523721", "scanid": "300602", "dir": "e", "url": "https://mrdata.usgs.gov/usmin/show-usmin.php?type=point&id=49269", "_layer": "points"}}, {"type": "Feature", "geometry": {"type": "Point", "coordinates": [-120.442904, 38.049801]}, "properties": {"lowerCorner": "38.049801 -120.442904", "upperCorner": "38.049801 -120.442904", "state": "CA", "county": "Tuolumne", "ftr_type": "Adit", "ftr_name": "Republic Mine", "ftr_azimut": "107", "topo_name": "Columbia", "topo_date": "1948", "topo_scale": "62500", "compiledby": "USGS", "gda_id": "5501147", "scanid": "297139", "dir": "e", "url": "https://mrdata.usgs.gov/usmin/show-usmin.php?type=point&id=490206", "_layer": "points"}}, {"type": "Feature", "geometry": {"type": "Point", "coordinates": [-120.423309, 38.008151]}, "properties": {"lowerCorner": "38.008151 -120.423309", "upperCorner": "38.008151 -120.423309", "state": "CA", "county": "Tuolumne", "ftr_type": "Adit", "ftr_name": "Crystal Springs Mine", "ftr_azimut": "111", "topo_name": "Columbia", "topo_date": "1948", "topo_scale": "62500", "compiledby": "USGS", "gda_id": "5501147", "scanid": "297139", "dir": "e", "url": "https://mrdata.usgs.gov/usmin/show-usmin.php?type=point&id=490346", "_layer": "points"}}, {"type": "Feature", "geometry": {"type": "Point", "coordinates": [-120.437307, 38.053604]}, "properties": {"lowerCorner": "38.053604 -120.437307", "upperCorner": "38.053604 -120.437307", "state": "CA", "county": "Tuolumne", "ftr_type": "Adit", "ftr_name": "Densmore Mine", "ftr_azimut": "127", "topo_name": "Columbia", "topo_date": "1948", "topo_scale": "24000", "compiledby": "CA Dept Conserv", "gda_id": "5511357", "scanid": "289433", "dir": "se", "url": "https://mrdata.usgs.gov/usmin/show-usmin.php?type=point&id=49134", "_layer": "points"}}, {"type": "Feature", "geometry": {"type": "Point", "coordinates": [-120.441152, 38.056649]}, "properties": {"lowerCorner": "38.056649 -120.441152", "upperCorner": "38.056649 -120.441152", "state": "CA", "county": "Tuolumne", "ftr_type": "Adit", "ftr_azimut": "124", "topo_name": "Columbia", "topo_date": "1948", "topo_scale": "24000", "compiledby": "CA Dept Conserv", "gda_id": "5511357", "scanid": "289433", "dir": "se", "url": "https://mrdata.usgs.gov/usmin/show-usmin.php?type=point&id=49179", "_layer": "points"}}, {"type": "Feature", "geometry": {"type": "Point", "coordinates": [-120.442021, 38.048102]}, "properties": {"lowerCorner": "38.048102 -120.442021", "upperCorner": "38.048102 -120.442021", "state": "CA", "county": "Tuolumne", "ftr_type": "Adit", "ftr_name": "Henning Mine", "ftr_azimut": "150", "topo_name": "Columbia", "topo_date": "1948", "topo_scale": "24000", "compiledby": "CA Dept Conserv", "gda_id": "5511357", "scanid": "289433", "dir": "se", "url": "https://mrdata.usgs.gov/usmin/show-usmin.php?type=point&id=49183", "_layer": "points"}}, {"type": "Feature", "geometry": {"type": "Point", "coordinates": [-120.46159, 38.008123]}, "properties": {"lowerCorner": "38.008123 -120.461590", "upperCorner": "38.008123 -120.461590", "state": "CA", "county": "Tuolumne", "ftr_type": "Adit", "ftr_azimut": "126", "topo_name": "Columbia", "topo_date": "1948", "topo_scale": "24000", "compiledby": "CA Dept Conserv", "gda_id": "5511357", "scanid": "289433", "dir": "se", "url": "https://mrdata.usgs.gov/usmin/show-usmin.php?type=point&id=49282", "_layer": "points"}}, {"type": "Feature", "geometry": {"type": "Point", "coordinates": [-120.463951, 38.00585]}, "properties": {"lowerCorner": "38.005850 -120.463951", "upperCorner": "38.005850 -120.463951", "state": "CA", "county": "Tuolumne", "ftr_type": "Adit", "ftr_azimut": "130", "topo_name": "Columbia", "topo_date": "1948", "topo_scale": "62500", "compiledby": "USGS", "gda_id": "5501147", "scanid": "297139", "dir": "se", "url": "https://mrdata.usgs.gov/usmin/show-usmin.php?type=point&id=490185", "_layer": "points"}}, {"type": "Feature", "geometry": {"type": "Point", "coordinates": [-120.459206, 37.930601]}, "properties": {"lowerCorner": "37.930601 -120.459206", "upperCorner": "37.930601 -120.459206", "state": "CA", "county": "Tuolumne", "ftr_type": "Adit", "ftr_azimut": "146", "topo_name": "Sonora", "topo_date": "1948", "topo_scale": "62500", "compiledby": "USGS", "gda_id": "5958019", "scanid": "301739", "dir": "se", "url": "https://mrdata.usgs.gov/usmin/show-usmin.php?type=point&id=490197", "_layer": "points"}}, {"type": "Feature", "geometry": {"type": "Point", "coordinates": [-120.441983, 38.048052]}, "properties": {"lowerCorner": "38.048052 -120.441983", "upperCorner": "38.048052 -120.441983", "state": "CA", "county": "Tuolumne", "ftr_type": "Adit", "ftr_name": "Henning Mine", "ftr_azimut": "139", "topo_name": "Columbia", "topo_date": "1948", "topo_scale": "62500", "compiledby": "USGS", "gda_id": "5501147", "scanid": "297139", "dir": "se", "url": "https://mrdata.usgs.gov/usmin/show-usmin.php?type=point&id=490217", "_layer": "points"}}, {"type": "Feature", "geometry": {"type": "Point", "coordinates": [-120.477362, 37.990474]}, "properties": {"lowerCorner": "37.990474 -120.477362", "upperCorner": "37.990474 -120.477362", "state": "CA", "county": "Tuolumne", "ftr_type": "Adit", "ftr_azimut": "132", "topo_name": "Sonora", "topo_date": "1948", "topo_scale": "62500", "compiledby": "USGS", "gda_id": "5958019", "scanid": "301739", "dir": "se", "url": "https://mrdata.usgs.gov/usmin/show-usmin.php?type=point&id=490262", "_layer": "points"}}, {"type": "Feature", "geometry": {"type": "Point", "coordinates": [-120.437251, 38.053656]}, "properties": {"lowerCorner": "38.053656 -120.437251", "upperCorner": "38.053656 -120.437251", "state": "CA", "county": "Tuolumne", "ftr_type": "Adit", "ftr_name": "Densmore Mine", "ftr_azimut": "140", "topo_name": "Columbia", "topo_date": "1948", "topo_scale": "62500", "compiledby": "USGS", "gda_id": "5501147", "scanid": "297139", "dir": "se", "url": "https://mrdata.usgs.gov/usmin/show-usmin.php?type=point&id=490355", "_layer": "points"}}, {"type": "Feature", "geometry": {"type": "Point", "coordinates": [-120.433433, 38.052917]}, "properties": {"lowerCorner": "38.052917 -120.433433", "upperCorner": "38.052917 -120.433433", "state": "CA", "county": "Tuolumne", "ftr_type": "Adit", "ftr_azimut": "168", "topo_name": "Columbia", "topo_date": "1948", "topo_scale": "24000", "compiledby": "CA Dept Conserv", "gda_id": "5511357", "scanid": "289433", "dir": "s", "url": "https://mrdata.usgs.gov/usmin/show-usmin.php?type=point&id=49167", "_layer": "points"}}, {"type": "Feature", "geometry": {"type": "Point", "coordinates": [-120.451376, 37.937954]}, "properties": {"lowerCorner": "37.937954 -120.451376", "upperCorner": "37.937954 -120.451376", "state": "CA", "county": "Tuolumne", "ftr_type": "Adit", "ftr_azimut": "263", "topo_name": "Sonora", "topo_date": "1948", "topo_scale": "24000", "compiledby": "CA Dept Conserv", "gda_id": "5523721", "scanid": "300602", "dir": "w", "url": "https://mrdata.usgs.gov/usmin/show-usmin.php?type=point&id=49126", "_layer": "points"}}, {"type": "Feature", "geometry": {"type": "Point", "coordinates": [-120.435244, 37.943958]}, "properties": {"lowerCorner": "37.943958 -120.435244", "upperCorner": "37.943958 -120.435244", "state": "CA", "county": "Tuolumne", "ftr_type": "Adit", "ftr_azimut": "280", "topo_name": "Sonora", "topo_date": "1948", "topo_scale": "62500", "compiledby": "USGS", "gda_id": "5958019", "scanid": "301739", "dir": "w", "url": "https://mrdata.usgs.gov/usmin/show-usmin.php?type=point&id=490198", "_layer": "points"}}, {"type": "Feature", "geometry": {"type": "Point", "coordinates": [-120.443621, 37.954442]}, "properties": {"lowerCorner": "37.954442 -120.443621", "upperCorner": "37.954442 -120.443621", "state": "CA", "county": "Tuolumne", "ftr_type": "Adit", "ftr_azimut": "282", "topo_name": "Sonora", "topo_date": "1948", "topo_scale": "62500", "compiledby": "USGS", "gda_id": "5958019", "scanid": "301739", "dir": "w", "url": "https://mrdata.usgs.gov/usmin/show-usmin.php?type=point&id=490335", "_layer": "points"}}, {"type": "Feature", "geometry": {"type": "Point", "coordinates": [-120.452105, 38.050991]}, "properties": {"lowerCorner": "38.050991 -120.452105", "upperCorner": "38.050991 -120.452105", "state": "CA", "county": "Calaveras", "ftr_type": "Adit", "ftr_name": "Dutchess Mine", "ftr_azimut": "324", "topo_name": "Columbia", "topo_date": "1948", "topo_scale": "62500", "compiledby": "USGS", "gda_id": "5501147", "scanid": "297139", "dir": "nw", "url": "https://mrdata.usgs.gov/usmin/show-usmin.php?type=point&id=485750", "_layer": "points"}}, {"type": "Feature", "geometry": {"type": "Point", "coordinates": [-120.44643, 38.049183]}, "properties": {"lowerCorner": "38.049183 -120.446430", "upperCorner": "38.049183 -120.446430", "state": "CA", "county": "Tuolumne", "ftr_type": "Adit", "ftr_azimut": "318", "topo_name": "Columbia", "topo_date": "1948", "topo_scale": "62500", "compiledby": "USGS", "gda_id": "5501147", "scanid": "297139", "dir": "nw", "url": "https://mrdata.usgs.gov/usmin/show-usmin.php?type=point&id=490358", "_layer": "points"}}, {"type": "Feature", "geometry": {"type": "Point", "coordinates": [-120.430736, 37.945963]}, "properties": {"lowerCorner": "37.945963 -120.430736", "upperCorner": "37.945963 -120.430736", "state": "CA", "county": "Tuolumne", "ftr_type": "Adit", "ftr_azimut": "355", "topo_name": "Sonora", "topo_date": "1948", "topo_scale": "24000", "compiledby": "CA Dept Conserv", "gda_id": "5523721", "scanid": "300602", "dir": "n", "url": "https://mrdata.usgs.gov/usmin/show-usmin.php?type=point&id=49184", "_layer": "points"}}, {"type": "Feature", "geometry": {"type": "Point", "coordinates": [-120.265503, 37.810254]}, "properties": {"lowerCorner": "37.810254 -120.265503", "upperCorner": "37.810254 -120.265503", "state": "CA", "county": "Tuolumne", "ftr_type": "Gravel Pit", "ftr_azimut": "0", "topo_name": "Moccasin", "topo_date": "1948", "topo_scale": "24000", "compiledby": "CA Dept Conserv", "gda_id": "5518665", "scanid": "293030", "url": "https://mrdata.usgs.gov/usmin/show-usmin.php?type=point&id=52453", "_layer": "points"}}, {"type": "Feature", "geometry": {"type": "Point", "coordinates": [-120.294573, 37.793553]}, "properties": {"lowerCorner": "37.793553 -120.294573", "upperCorner": "37.793553 -120.294573", "state": "CA", "county": "Tuolumne", "ftr_type": "Gravel Pit", "ftr_azimut": "0", "topo_name": "Moccasin", "topo_date": "1948", "topo_scale": "24000", "compiledby": "CA Dept Conserv", "gda_id": "5518665", "scanid": "293030", "url": "https://mrdata.usgs.gov/usmin/show-usmin.php?type=point&id=52454", "_layer": "points"}}, {"type": "Feature", "geometry": {"type": "Point", "coordinates": [-120.226783, 37.813292]}, "properties": {"lowerCorner": "37.813292 -120.226783", "upperCorner": "37.813292 -120.226783", "state": "CA", "county": "Tuolumne", "ftr_type": "Gravel/Borrow Pit - Undifferentiated", "ftr_azimut": "0", "topo_name": "Groveland", "topo_date": "2001", "topo_scale": "24000", "compiledby": "USGS", "gda_id": "5514895", "scanid": "100654", "url": "https://mrdata.usgs.gov/usmin/show-usmin.php?type=point&id=52893", "_layer": "points"}}, {"type": "Feature", "geometry": {"type": "Point", "coordinates": [-120.256993, 37.81987]}, "properties": {"lowerCorner": "37.819870 -120.256993", "upperCorner": "37.819870 -120.256993", "state": "CA", "county": "Tuolumne", "ftr_type": "Mine Shaft", "ftr_azimut": "0", "topo_name": "Moccasin", "topo_date": "1948", "topo_scale": "24000", "compiledby": "CA Dept Conserv", "gda_id": "5518665", "scanid": "293030", "url": "https://mrdata.usgs.gov/usmin/show-usmin.php?type=point&id=58790", "_layer": "points"}}, {"type": "Feature", "geometry": {"type": "Point", "coordinates": [-120.20553, 37.826755]}, "properties": {"lowerCorner": "37.826755 -120.205530", "upperCorner": "37.826755 -120.205530", "state": "CA", "county": "Tuolumne", "ftr_type": "Mine Shaft", "ftr_azimut": "0", "topo_name": "Groveland", "topo_date": "1947", "topo_scale": "24000", "compiledby": "CA Dept Conserv", "gda_id": "5514901", "scanid": "291049", "url": "https://mrdata.usgs.gov/usmin/show-usmin.php?type=point&id=58798", "_layer": "points"}}, {"type": "Feature", "geometry": {"type": "Point", "coordinates": [-120.237276, 37.940992]}, "properties": {"lowerCorner": "37.940992 -120.237276", "upperCorner": "37.940992 -120.237276", "state": "CA", "county": "Tuolumne", "ftr_type": "Mine Shaft", "ftr_azimut": "0", "topo_name": "Tuolumne", "topo_date": "1948", "topo_scale": "24000", "compiledby": "CA Dept Conserv", "gda_id": "5525029", "scanid": "300997", "url": "https://mrdata.usgs.gov/usmin/show-usmin.php?type=point&id=58799", "_layer": "points"}}, {"type": "Feature", "geometry": {"type": "Point", "coordinates": [-120.257765, 37.834135]}, "properties": {"lowerCorner": "37.834135 -120.257765", "upperCorner": "37.834135 -120.257765", "state": "CA", "county": "Tuolumne", "ftr_type": "Mine Shaft", "ftr_azimut": "0", "topo_name": "Moccasin", "topo_date": "1948", "topo_scale": "24000", "compiledby": "CA Dept Conserv", "gda_id": "5518665", "scanid": "293030", "url": "https://mrdata.usgs.gov/usmin/show-usmin.php?type=point&id=58805", "_layer": "points"}}, {"type": "Feature", "geometry": {"type": "Point", "coordinates": [-120.295204, 37.826124]}, "properties": {"lowerCorner": "37.826124 -120.295204", "upperCorner": "37.826124 -120.295204", "state": "CA", "county": "Tuolumne", "ftr_type": "Mine Shaft", "ftr_azimut": "0", "topo_name": "Moccasin", "topo_date": "1948", "topo_scale": "24000", "compiledby": "CA Dept Conserv", "gda_id": "5518665", "scanid": "293030", "url": "https://mrdata.usgs.gov/usmin/show-usmin.php?type=point&id=58816", "_layer": "points"}}, {"type": "Feature", "geometry": {"type": "Point", "coordinates": [-120.273919, 37.82923]}, "properties": {"lowerCorner": "37.829230 -120.273919", "upperCorner": "37.829230 -120.273919", "state": "CA", "county": "Tuolumne", "ftr_type": "Mine Shaft", "ftr_azimut": "0", "topo_name": "Moccasin", "topo_date": "1948", "topo_scale": "24000", "compiledby": "CA Dept Conserv", "gda_id": "5518665", "scanid": "293030", "url": "https://mrdata.usgs.gov/usmin/show-usmin.php?type=point&id=58820", "_layer": "points"}}, {"type": "Feature", "geometry": {"type": "Point", "coordinates": [-120.191858, 37.915096]}, "properties": {"lowerCorner": "37.915096 -120.191858", "upperCorner": "37.915096 -120.191858", "state": "CA", "county": "Tuolumne", "ftr_type": "Mine Shaft", "ftr_azimut": "0", "topo_name": "Tuolumne", "topo_date": "1948", "topo_scale": "24000", "compiledby": "CA Dept Conserv", "gda_id": "5525029", "scanid": "300997", "url": "https://mrdata.usgs.gov/usmin/show-usmin.php?type=point&id=58821", "_layer": "points"}}, {"type": "Feature", "geometry": {"type": "Point", "coordinates": [-120.193433, 37.913778]}, "properties": {"lowerCorner": "37.913778 -120.193433", "upperCorner": "37.913778 -120.193433", "state": "CA", "county": "Tuolumne", "ftr_type": "Mine Shaft", "ftr_azimut": "0", "topo_name": "Tuolumne", "topo_date": "1948", "topo_scale": "24000", "compiledby": "CA Dept Conserv", "gda_id": "5525029", "scanid": "300997", "url": "https://mrdata.usgs.gov/usmin/show-usmin.php?type=point&id=58829", "_layer": "points"}}, {"type": "Feature", "geometry": {"type": "Point", "coordinates": [-120.251911, 37.800514]}, "properties": {"lowerCorner": "37.800514 -120.251911", "upperCorner": "37.800514 -120.251911", "state": "CA", "county": "Tuolumne", "ftr_type": "Mine Shaft", "ftr_azimut": "0", "topo_name": "Moccasin", "topo_date": "1948", "topo_scale": "24000", "compiledby": "CA Dept Conserv", "gda_id": "5518665", "scanid": "293030", "url": "https://mrdata.usgs.gov/usmin/show-usmin.php?type=point&id=58845", "_layer": "points"}}, {"type": "Feature", "geometry": {"type": "Point", "coordinates": [-120.21045, 37.928071]}, "properties": {"lowerCorner": "37.928071 -120.210450", "upperCorner": "37.928071 -120.210450", "state": "CA", "county": "Tuolumne", "ftr_type": "Mine Shaft", "ftr_name": "Hattie Ester Mine", "ftr_azimut": "0", "topo_name": "Tuolumne", "topo_date": "1948", "topo_scale": "24000", "compiledby": "CA Dept Conserv", "gda_id": "5525029", "scanid": "300997", "url": "https://mrdata.usgs.gov/usmin/show-usmin.php?type=point&id=58846", "_layer": "points"}}, {"type": "Feature", "geometry": {"type": "Point", "coordinates": [-120.260743, 37.826955]}, "properties": {"lowerCorner": "37.826955 -120.260743", "upperCorner": "37.826955 -120.260743", "state": "CA", "county": "Tuolumne", "ftr_type": "Mine Shaft", "ftr_azimut": "0", "topo_name": "Moccasin", "topo_date": "1948", "topo_scale": "24000", "compiledby": "CA Dept Conserv", "gda_id": "5518665", "scanid": "293030", "url": "https://mrdata.usgs.gov/usmin/show-usmin.php?type=point&id=58880", "_layer": "points"}}, {"type": "Feature", "geometry": {"type": "Point", "coordinates": [-120.283123, 37.823762]}, "properties": {"lowerCorner": "37.823762 -120.283123", "upperCorner": "37.823762 -120.283123", "state": "CA", "county": "Tuolumne", "ftr_type": "Mine Shaft", "ftr_azimut": "0", "topo_name": "Moccasin", "topo_date": "1948", "topo_scale": "24000", "compiledby": "CA Dept Conserv", "gda_id": "5518665", "scanid": "293030", "url": "https://mrdata.usgs.gov/usmin/show-usmin.php?type=point&id=58891", "_layer": "points"}}, {"type": "Feature", "geometry": {"type": "Point", "coordinates": [-120.228839, 37.84137]}, "properties": {"lowerCorner": "37.841370 -120.228839", "upperCorner": "37.841370 -120.228839", "state": "CA", "county": "Tuolumne", "ftr_type": "Mine Shaft", "ftr_azimut": "0", "topo_name": "Groveland", "topo_date": "1947", "topo_scale": "24000", "compiledby": "CA Dept Conserv", "gda_id": "5514901", "scanid": "291049", "url": "https://mrdata.usgs.gov/usmin/show-usmin.php?type=point&id=58893", "_layer": "points"}}, {"type": "Feature", "geometry": {"type": "Point", "coordinates": [-120.284552, 37.978195]}, "properties": {"lowerCorner": "37.978195 -120.284552", "upperCorner": "37.978195 -120.284552", "state": "CA", "county": "Tuolumne", "ftr_type": "Mine Shaft", "ftr_name": "Draiper Mine", "ftr_azimut": "0", "topo_name": "Standard", "topo_date": "1948", "topo_scale": "24000", "compiledby": "CA Dept Conserv", "gda_id": "5523879", "scanid": "300650", "url": "https://mrdata.usgs.gov/usmin/show-usmin.php?type=point&id=58915", "_layer": "points"}}, {"type": "Feature", "geometry": {"type": "Point", "coordinates": [-120.229057, 37.841741]}, "properties": {"lowerCorner": "37.841741 -120.229057", "upperCorner": "37.841741 -120.229057", "state": "CA", "county": "Tuolumne", "ftr_type": "Mine Shaft", "ftr_azimut": "0", "topo_name": "Groveland", "topo_date": "1947", "topo_scale": "24000", "compiledby": "CA Dept Conserv", "gda_id": "5514901", "scanid": "291049", "url": "https://mrdata.usgs.gov/usmin/show-usmin.php?type=point&id=58936", "_layer": "points"}}, {"type": "Feature", "geometry": {"type": "Point", "coordinates": [-120.204555, 37.826956]}, "properties": {"lowerCorner": "37.826956 -120.204555", "upperCorner": "37.826956 -120.204555", "state": "CA", "county": "Tuolumne", "ftr_type": "Mine Shaft", "ftr_azimut": "0", "topo_name": "Groveland", "topo_date": "1947", "topo_scale": "24000", "compiledby": "CA Dept Conserv", "gda_id": "5514901", "scanid": "291049", "url": "https://mrdata.usgs.gov/usmin/show-usmin.php?type=point&id=58937", "_layer": "points"}}, {"type": "Feature", "geometry": {"type": "Point", "coordinates": [-120.257601, 37.917261]}, "properties": {"lowerCorner": "37.917261 -120.257601", "upperCorner": "37.917261 -120.257601", "state": "CA", "county": "Tuolumne", "ftr_type": "Open Pit Mine or Quarry", "ftr_azimut": "0", "topo_name": "Standard", "topo_date": "1948", "topo_scale": "24000", "compiledby": "CA Dept Conserv", "gda_id": "5523879", "scanid": "300650", "url": "https://mrdata.usgs.gov/usmin/show-usmin.php?type=point&id=60726", "_layer": "points"}}, {"type": "Feature", "geometry": {"type": "Point", "coordinates": [-120.228629, 37.96443]}, "properties": {"lowerCorner": "37.964430 -120.228629", "upperCorner": "37.964430 -120.228629", "state": "CA", "county": "Tuolumne", "ftr_type": "Open Pit Mine or Quarry", "ftr_azimut": "0", "topo_name": "Tuolumne", "topo_date": "1948", "topo_scale": "24000", "compiledby": "CA Dept Conserv", "gda_id": "5525029", "scanid": "300997", "url": "https://mrdata.usgs.gov/usmin/show-usmin.php?type=point&id=60737", "_layer": "points"}}, {"type": "Feature", "geometry": {"type": "Point", "coordinates": [-120.265001, 37.823231]}, "properties": {"lowerCorner": "37.823231 -120.265001", "upperCorner": "37.823231 -120.265001", "state": "CA", "county": "Tuolumne", "ftr_type": "Open Pit Mine or Quarry", "ftr_azimut": "0", "topo_name": "Moccasin", "topo_date": "1948", "topo_scale": "24000", "compiledby": "CA Dept Conserv", "gda_id": "5518665", "scanid": "293030", "url": "https://mrdata.usgs.gov/usmin/show-usmin.php?type=point&id=60738", "_layer": "points"}}, {"type": "Feature", "geometry": {"type": "Point", "coordinates": [-120.214295, 37.926195]}, "properties": {"lowerCorner": "37.926195 -120.214295", "upperCorner": "37.926195 -120.214295", "state": "CA", "county": "Tuolumne", "ftr_type": "Prospect Pit", "ftr_azimut": "0", "topo_name": "Tuolumne", "topo_date": "1948", "topo_scale": "24000", "compiledby": "CA Dept Conserv", "gda_id": "5525029", "scanid": "300997", "url": "https://mrdata.usgs.gov/usmin/show-usmin.php?type=point&id=84692", "_layer": "points"}}, {"type": "Feature", "geometry": {"type": "Point", "coordinates": [-120.237689, 37.839753]}, "properties": {"lowerCorner": "37.839753 -120.237689", "upperCorner": "37.839753 -120.237689", "state": "CA", "county": "Tuolumne", "ftr_type": "Prospect Pit", "ftr_azimut": "0", "topo_name": "Groveland", "topo_date": "1947", "topo_scale": "24000", "compiledby": "CA Dept Conserv", "gda_id": "5514901", "scanid": "291049", "url": "https://mrdata.usgs.gov/usmin/show-usmin.php?type=point&id=84703", "_layer": "points"}}, {"type": "Feature", "geometry": {"type": "Point", "coordinates": [-120.246712, 37.832961]}, "properties": {"lowerCorner": "37.832961 -120.246712", "upperCorner": "37.832961 -120.246712", "state": "CA", "county": "Tuolumne", "ftr_type": "Prospect Pit", "ftr_azimut": "0", "topo_name": "Groveland", "topo_date": "1947", "topo_scale": "24000", "compiledby": "CA Dept Conserv", "gda_id": "5514901", "scanid": "291049", "url": "https://mrdata.usgs.gov/usmin/show-usmin.php?type=point&id=84707", "_layer": "points"}}, {"type": "Feature", "geometry": {"type": "Point", "coordinates": [-120.271441, 37.816592]}, "properties": {"lowerCorner": "37.816592 -120.271441", "upperCorner": "37.816592 -120.271441", "state": "CA", "county": "Tuolumne", "ftr_type": "Prospect Pit", "ftr_azimut": "0", "topo_name": "Moccasin", "topo_date": "1948", "topo_scale": "24000", "compiledby": "CA Dept Conserv", "gda_id": "5518665", "scanid": "293030", "url": "https://mrdata.usgs.gov/usmin/show-usmin.php?type=point&id=84711", "_layer": "points"}}, {"type": "Feature", "geometry": {"type": "Point", "coordinates": [-120.263203, 37.829116]}, "properties": {"lowerCorner": "37.829116 -120.263203", "upperCorner": "37.829116 -120.263203", "state": "CA", "county": "Tuolumne", "ftr_type": "Prospect Pit", "ftr_azimut": "0", "topo_name": "Moccasin", "topo_date": "1948", "topo_scale": "24000", "compiledby": "CA Dept Conserv", "gda_id": "5518665", "scanid": "293030", "url": "https://mrdata.usgs.gov/usmin/show-usmin.php?type=point&id=84716", "_layer": "points"}}, {"type": "Feature", "geometry": {"type": "Point", "coordinates": [-120.214889, 37.942356]}, "properties": {"lowerCorner": "37.942356 -120.214889", "upperCorner": "37.942356 -120.214889", "state": "CA", "county": "Tuolumne", "ftr_type": "Prospect Pit", "ftr_azimut": "0", "topo_name": "Tuolumne", "topo_date": "1948", "topo_scale": "24000", "compiledby": "CA Dept Conserv", "gda_id": "5525029", "scanid": "300997", "url": "https://mrdata.usgs.gov/usmin/show-usmin.php?type=point&id=84718", "_layer": "points"}}, {"type": "Feature", "geometry": {"type": "Point", "coordinates": [-120.279918, 37.822141]}, "properties": {"lowerCorner": "37.822141 -120.279918", "upperCorner": "37.822141 -120.279918", "state": "CA", "county": "Tuolumne", "ftr_type": "Prospect Pit", "ftr_azimut": "0", "topo_name": "Moccasin", "topo_date": "1948", "topo_scale": "24000", "compiledby": "CA Dept Conserv", "gda_id": "5518665", "scanid": "293030", "url": "https://mrdata.usgs.gov/usmin/show-usmin.php?type=point&id=84724", "_layer": "points"}}, {"type": "Feature", "geometry": {"type": "Point", "coordinates": [-120.185941, 37.885522]}, "properties": {"lowerCorner": "37.885522 -120.185941", "upperCorner": "37.885522 -120.185941", "state": "CA", "county": "Tuolumne", "ftr_type": "Prospect Pit", "ftr_name": "Duleke Mine", "ftr_azimut": "0", "topo_name": "Tuolumne", "topo_date": "1948", "topo_scale": "24000", "compiledby": "CA Dept Conserv", "gda_id": "5525029", "scanid": "300997", "url": "https://mrdata.usgs.gov/usmin/show-usmin.php?type=point&id=84725", "_layer": "points"}}, {"type": "Feature", "geometry": {"type": "Point", "coordinates": [-120.167655, 37.914699]}, "properties": {"lowerCorner": "37.914699 -120.167655", "upperCorner": "37.914699 -120.167655", "state": "CA", "county": "Tuolumne", "ftr_type": "Prospect Pit", "ftr_azimut": "0", "topo_name": "Tuolumne", "topo_date": "1948", "topo_scale": "24000", "compiledby": "CA Dept Conserv", "gda_id": "5525029", "scanid": "300997", "url": "https://mrdata.usgs.gov/usmin/show-usmin.php?type=point&id=84744", "_layer": "points"}}, {"type": "Feature", "geometry": {"type": "Point", "coordinates": [-120.246578, 37.820366]}, "properties": {"lowerCorner": "37.820366 -120.246578", "upperCorner": "37.820366 -120.246578", "state": "CA", "county": "Tuolumne", "ftr_type": "Prospect Pit", "ftr_azimut": "0", "topo_name": "Groveland", "topo_date": "1947", "topo_scale": "24000", "compiledby": "CA Dept Conserv", "gda_id": "5514901", "scanid": "291049", "url": "https://mrdata.usgs.gov/usmin/show-usmin.php?type=point&id=84746", "_layer": "points"}}, {"type": "Feature", "geometry": {"type": "Point", "coordinates": [-120.17185, 37.851741]}, "properties": {"lowerCorner": "37.851741 -120.171850", "upperCorner": "37.851741 -120.171850", "state": "CA", "county": "Tuolumne", "ftr_type": "Prospect Pit", "ftr_azimut": "0", "topo_name": "Groveland", "topo_date": "1947", "topo_scale": "24000", "compiledby": "CA Dept Conserv", "gda_id": "5514901", "scanid": "291049", "url": "https://mrdata.usgs.gov/usmin/show-usmin.php?type=point&id=84752", "_layer": "points"}}, {"type": "Feature", "geometry": {"type": "Point", "coordinates": [-120.21137, 37.943695]}, "properties": {"lowerCorner": "37.943695 -120.211370", "upperCorner": "37.943695 -120.211370", "state": "CA", "county": "Tuolumne", "ftr_type": "Prospect Pit", "ftr_azimut": "0", "topo_name": "Tuolumne", "topo_date": "1948", "topo_scale": "24000", "compiledby": "CA Dept Conserv", "gda_id": "5525029", "scanid": "300997", "url": "https://mrdata.usgs.gov/usmin/show-usmin.php?type=point&id=84754", "_layer": "points"}}, {"type": "Feature", "geometry": {"type": "Point", "coordinates": [-120.193677, 37.906623]}, "properties": {"lowerCorner": "37.906623 -120.193677", "upperCorner": "37.906623 -120.193677", "state": "CA", "county": "Tuolumne", "ftr_type": "Prospect Pit", "ftr_azimut": "0", "topo_name": "Tuolumne", "topo_date": "1948", "topo_scale": "24000", "compiledby": "CA Dept Conserv", "gda_id": "5525029", "scanid": "300997", "url": "https://mrdata.usgs.gov/usmin/show-usmin.php?type=point&id=84765", "_layer": "points"}}, {"type": "Feature", "geometry": {"type": "Point", "coordinates": [-120.282857, 37.822948]}, "properties": {"lowerCorner": "37.822948 -120.282857", "upperCorner": "37.822948 -120.282857", "state": "CA", "county": "Tuolumne", "ftr_type": "Prospect Pit", "ftr_azimut": "0", "topo_name": "Moccasin", "topo_date": "1948", "topo_scale": "24000", "compiledby": "CA Dept Conserv", "gda_id": "5518665", "scanid": "293030", "url": "https://mrdata.usgs.gov/usmin/show-usmin.php?type=point&id=84773", "_layer": "points"}}, {"type": "Feature", "geometry": {"type": "Point", "coordinates": [-120.281058, 37.822502]}, "properties": {"lowerCorner": "37.822502 -120.281058", "upperCorner": "37.822502 -120.281058", "state": "CA", "county": "Tuolumne", "ftr_type": "Prospect Pit", "ftr_azimut": "0", "topo_name": "Moccasin", "topo_date": "1948", "topo_scale": "24000", "compiledby": "CA Dept Conserv", "gda_id": "5518665", "scanid": "293030", "url": "https://mrdata.usgs.gov/usmin/show-usmin.php?type=point&id=84788", "_layer": "points"}}, {"type": "Feature", "geometry": {"type": "Point", "coordinates": [-120.25072, 37.817101]}, "properties": {"lowerCorner": "37.817101 -120.250720", "upperCorner": "37.817101 -120.250720", "state": "CA", "county": "Tuolumne", "ftr_type": "Prospect Pit", "ftr_azimut": "0", "topo_name": "Groveland", "topo_date": "1947", "topo_scale": "24000", "compiledby": "CA Dept Conserv", "gda_id": "5514901", "scanid": "291049", "url": "https://mrdata.usgs.gov/usmin/show-usmin.php?type=point&id=84793", "_layer": "points"}}, {"type": "Feature", "geometry": {"type": "Point", "coordinates": [-120.20216, 37.926666]}, "properties": {"lowerCorner": "37.926666 -120.202160", "upperCorner": "37.926666 -120.202160", "state": "CA", "county": "Tuolumne", "ftr_type": "Prospect Pit", "ftr_azimut": "0", "topo_name": "Tuolumne", "topo_date": "1948", "topo_scale": "24000", "compiledby": "CA Dept Conserv", "gda_id": "5525029", "scanid": "300997", "url": "https://mrdata.usgs.gov/usmin/show-usmin.php?type=point&id=84801", "_layer": "points"}}, {"type": "Feature", "geometry": {"type": "Point", "coordinates": [-120.295907, 37.826608]}, "properties": {"lowerCorner": "37.826608 -120.295907", "upperCorner": "37.826608 -120.295907", "state": "CA", "county": "Tuolumne", "ftr_type": "Prospect Pit", "ftr_azimut": "0", "topo_name": "Moccasin", "topo_date": "1948", "topo_scale": "24000", "compiledby": "CA Dept Conserv", "gda_id": "5518665", "scanid": "293030", "url": "https://mrdata.usgs.gov/usmin/show-usmin.php?type=point&id=84811", "_layer": "points"}}, {"type": "Feature", "geometry": {"type": "Point", "coordinates": [-120.258698, 37.818463]}, "properties": {"lowerCorner": "37.818463 -120.258698", "upperCorner": "37.818463 -120.258698", "state": "CA", "county": "Tuolumne", "ftr_type": "Prospect Pit", "ftr_azimut": "0", "topo_name": "Moccasin", "topo_date": "1948", "topo_scale": "24000", "compiledby": "CA Dept Conserv", "gda_id": "5518665", "scanid": "293030", "url": "https://mrdata.usgs.gov/usmin/show-usmin.php?type=point&id=84819", "_layer": "points"}}, {"type": "Feature", "geometry": {"type": "Point", "coordinates": [-120.252986, 37.980241]}, "properties": {"lowerCorner": "37.980241 -120.252986", "upperCorner": "37.980241 -120.252986", "state": "CA", "county": "Tuolumne", "ftr_type": "Prospect Pit", "ftr_name": "Chickenfeed Mine", "ftr_azimut": "0", "topo_name": "Standard", "topo_date": "1948", "topo_scale": "24000", "compiledby": "CA Dept Conserv", "gda_id": "5523879", "scanid": "300650", "url": "https://mrdata.usgs.gov/usmin/show-usmin.php?type=point&id=84824", "_layer": "points"}}, {"type": "Feature", "geometry": {"type": "Point", "coordinates": [-120.253367, 37.976168]}, "properties": {"lowerCorner": "37.976168 -120.253367", "upperCorner": "37.976168 -120.253367", "state": "CA", "county": "Tuolumne", "ftr_type": "Prospect Pit", "ftr_azimut": "0", "topo_name": "Standard", "topo_date": "1948", "topo_scale": "24000", "compiledby": "CA Dept Conserv", "gda_id": "5523879", "scanid": "300650", "url": "https://mrdata.usgs.gov/usmin/show-usmin.php?type=point&id=84826", "_layer": "points"}}, {"type": "Feature", "geometry": {"type": "Point", "coordinates": [-120.243075, 37.820487]}, "properties": {"lowerCorner": "37.820487 -120.243075", "upperCorner": "37.820487 -120.243075", "state": "CA", "county": "Tuolumne", "ftr_type": "Prospect Pit", "ftr_azimut": "0", "topo_name": "Groveland", "topo_date": "1947", "topo_scale": "24000", "compiledby": "CA Dept Conserv", "gda_id": "5514901", "scanid": "291049", "url": "https://mrdata.usgs.gov/usmin/show-usmin.php?type=point&id=84828", "_layer": "points"}}, {"type": "Feature", "geometry": {"type": "Point", "coordinates": [-120.271859, 37.816989]}, "properties": {"lowerCorner": "37.816989 -120.271859", "upperCorner": "37.816989 -120.271859", "state": "CA", "county": "Tuolumne", "ftr_type": "Prospect Pit", "ftr_azimut": "0", "topo_name": "Moccasin", "topo_date": "1948", "topo_scale": "24000", "compiledby": "CA Dept Conserv", "gda_id": "5518665", "scanid": "293030", "url": "https://mrdata.usgs.gov/usmin/show-usmin.php?type=point&id=84833", "_layer": "points"}}, {"type": "Feature", "geometry": {"type": "Point", "coordinates": [-120.208643, 37.948494]}, "properties": {"lowerCorner": "37.948494 -120.208643", "upperCorner": "37.948494 -120.208643", "state": "CA", "county": "Tuolumne", "ftr_type": "Prospect Pit", "ftr_azimut": "0", "topo_name": "Tuolumne", "topo_date": "1948", "topo_scale": "24000", "compiledby": "CA Dept Conserv", "gda_id": "5525029", "scanid": "300997", "url": "https://mrdata.usgs.gov/usmin/show-usmin.php?type=point&id=84836", "_layer": "points"}}, {"type": "Feature", "geometry": {"type": "Point", "coordinates": [-120.260086, 37.976102]}, "properties": {"lowerCorner": "37.976102 -120.260086", "upperCorner": "37.976102 -120.260086", "state": "CA", "county": "Tuolumne", "ftr_type": "Prospect Pit", "ftr_azimut": "0", "topo_name": "Standard", "topo_date": "1948", "topo_scale": "24000", "compiledby": "CA Dept Conserv", "gda_id": "5523879", "scanid": "300650", "url": "https://mrdata.usgs.gov/usmin/show-usmin.php?type=point&id=84841", "_layer": "points"}}, {"type": "Feature", "geometry": {"type": "Point", "coordinates": [-120.277454, 37.819582]}, "properties": {"lowerCorner": "37.819582 -120.277454", "upperCorner": "37.819582 -120.277454", "state": "CA", "county": "Tuolumne", "ftr_type": "Prospect Pit", "ftr_azimut": "0", "topo_name": "Moccasin", "topo_date": "1948", "topo_scale": "24000", "compiledby": "CA Dept Conserv", "gda_id": "5518665", "scanid": "293030", "url": "https://mrdata.usgs.gov/usmin/show-usmin.php?type=point&id=84864", "_layer": "points"}}, {"type": "Feature", "geometry": {"type": "Point", "coordinates": [-120.20875, 37.947525]}, "properties": {"lowerCorner": "37.947525 -120.208750", "upperCorner": "37.947525 -120.208750", "state": "CA", "county": "Tuolumne", "ftr_type": "Prospect Pit", "ftr_azimut": "0", "topo_name": "Tuolumne", "topo_date": "1948", "topo_scale": "24000", "compiledby": "CA Dept Conserv", "gda_id": "5525029", "scanid": "300997", "url": "https://mrdata.usgs.gov/usmin/show-usmin.php?type=point&id=84868", "_layer": "points"}}, {"type": "Feature", "geometry": {"type": "Point", "coordinates": [-120.179182, 37.865582]}, "properties": {"lowerCorner": "37.865582 -120.179182", "upperCorner": "37.865582 -120.179182", "state": "CA", "county": "Tuolumne", "ftr_type": "Prospect Pit", "ftr_azimut": "0", "topo_name": "Groveland", "topo_date": "1947", "topo_scale": "24000", "compiledby": "CA Dept Conserv", "gda_id": "5514901", "scanid": "291049", "url": "https://mrdata.usgs.gov/usmin/show-usmin.php?type=point&id=84876", "_layer": "points"}}, {"type": "Feature", "geometry": {"type": "Point", "coordinates": [-120.276223, 37.818528]}, "properties": {"lowerCorner": "37.818528 -120.276223", "upperCorner": "37.818528 -120.276223", "state": "CA", "county": "Tuolumne", "ftr_type": "Prospect Pit", "ftr_azimut": "0", "topo_name": "Moccasin", "topo_date": "1948", "topo_scale": "24000", "compiledby": "CA Dept Conserv", "gda_id": "5518665", "scanid": "293030", "url": "https://mrdata.usgs.gov/usmin/show-usmin.php?type=point&id=84877", "_layer": "points"}}, {"type": "Feature", "geometry": {"type": "Point", "coordinates": [-120.204056, 37.930626]}, "properties": {"lowerCorner": "37.930626 -120.204056", "upperCorner": "37.930626 -120.204056", "state": "CA", "county": "Tuolumne", "ftr_type": "Prospect Pit", "ftr_name": "Spring Gulch Mine", "ftr_azimut": "0", "topo_name": "Tuolumne", "topo_date": "1948", "topo_scale": "24000", "compiledby": "CA Dept Conserv", "gda_id": "5525029", "scanid": "300997", "url": "https://mrdata.usgs.gov/usmin/show-usmin.php?type=point&id=84879", "_layer": "points"}}, {"type": "Feature", "geometry": {"type": "Point", "coordinates": [-120.224181, 37.86832]}, "properties": {"lowerCorner": "37.868320 -120.224181", "upperCorner": "37.868320 -120.224181", "state": "CA", "county": "Tuolumne", "ftr_type": "Quarry", "ftr_azimut": "0", "topo_name": "Groveland", "topo_date": "2001", "topo_scale": "24000", "compiledby": "USGS", "gda_id": "5514895", "scanid": "100654", "url": "https://mrdata.usgs.gov/usmin/show-usmin.php?type=point&id=85811", "_layer": "points"}}, {"type": "Feature", "geometry": {"type": "Point", "coordinates": [-120.204378, 37.826918]}, "properties": {"lowerCorner": "37.826918 -120.204378", "upperCorner": "37.826918 -120.204378", "state": "CA", "county": "Tuolumne", "ftr_type": "Mine Shaft", "ftr_azimut": "0", "topo_name": "Tuolumne", "topo_date": "1948", "topo_scale": "62500", "compiledby": "USGS", "gda_id": "5504909", "scanid": "301880", "url": "https://mrdata.usgs.gov/usmin/show-usmin.php?type=point&id=494102", "_layer": "points"}}, {"type": "Feature", "geometry": {"type": "Point", "coordinates": [-120.260661, 37.826996]}, "properties": {"lowerCorner": "37.826996 -120.260661", "upperCorner": "37.826996 -120.260661", "state": "CA", "county": "Tuolumne", "ftr_type": "Mine Shaft", "ftr_azimut": "0", "topo_name": "Sonora", "topo_date": "1948", "topo_scale": "62500", "compiledby": "USGS", "gda_id": "5958019", "scanid": "301739", "url": "https://mrdata.usgs.gov/usmin/show-usmin.php?type=point&id=494175", "_layer": "points"}}, {"type": "Feature", "geometry": {"type": "Point", "coordinates": [-120.193286, 37.913763]}, "properties": {"lowerCorner": "37.913763 -120.193286", "upperCorner": "37.913763 -120.193286", "state": "CA", "county": "Tuolumne", "ftr_type": "Mine Shaft", "ftr_azimut": "0", "topo_name": "Tuolumne", "topo_date": "1948", "topo_scale": "62500", "compiledby": "USGS", "gda_id": "5504909", "scanid": "301880", "url": "https://mrdata.usgs.gov/usmin/show-usmin.php?type=point&id=494185", "_layer": "points"}}, {"type": "Feature", "geometry": {"type": "Point", "coordinates": [-120.273893, 37.829412]}, "properties": {"lowerCorner": "37.829412 -120.273893", "upperCorner": "37.829412 -120.273893", "state": "CA", "county": "Tuolumne", "ftr_type": "Mine Shaft", "ftr_azimut": "0", "topo_name": "Sonora", "topo_date": "1948", "topo_scale": "62500", "compiledby": "USGS", "gda_id": "5958019", "scanid": "301739", "url": "https://mrdata.usgs.gov/usmin/show-usmin.php?type=point&id=494209", "_layer": "points"}}, {"type": "Feature", "geometry": {"type": "Point", "coordinates": [-120.228412, 37.964447]}, "properties": {"lowerCorner": "37.964447 -120.228412", "upperCorner": "37.964447 -120.228412", "state": "CA", "county": "Tuolumne", "ftr_type": "Open Pit Mine or Quarry", "ftr_azimut": "0", "topo_name": "Tuolumne", "topo_date": "1948", "topo_scale": "62500", "compiledby": "USGS", "gda_id": "5504909", "scanid": "301880", "url": "https://mrdata.usgs.gov/usmin/show-usmin.php?type=point&id=496002", "_layer": "points"}}, {"type": "Feature", "geometry": {"type": "Point", "coordinates": [-120.257381, 37.91744]}, "properties": {"lowerCorner": "37.917440 -120.257381", "upperCorner": "37.917440 -120.257381", "state": "CA", "county": "Tuolumne", "ftr_type": "Open Pit Mine or Quarry", "ftr_azimut": "0", "topo_name": "Sonora", "topo_date": "1948", "topo_scale": "62500", "compiledby": "USGS", "gda_id": "5958019", "scanid": "301739", "url": "https://mrdata.usgs.gov/usmin/show-usmin.php?type=point&id=496006", "_layer": "points"}}, {"type": "Feature", "geometry": {"type": "Point", "coordinates": [-120.24329, 37.820499]}, "properties": {"lowerCorner": "37.820499 -120.243290", "upperCorner": "37.820499 -120.243290", "state": "CA", "county": "Tuolumne", "ftr_type": "Prospect Pit", "ftr_azimut": "0", "topo_name": "Tuolumne", "topo_date": "1948", "topo_scale": "62500", "compiledby": "USGS", "gda_id": "5504909", "scanid": "301880", "url": "https://mrdata.usgs.gov/usmin/show-usmin.php?type=point&id=501376", "_layer": "points"}}, {"type": "Feature", "geometry": {"type": "Point", "coordinates": [-120.276132, 37.818841]}, "properties": {"lowerCorner": "37.818841 -120.276132", "upperCorner": "37.818841 -120.276132", "state": "CA", "county": "Tuolumne", "ftr_type": "Prospect Pit", "ftr_azimut": "0", "topo_name": "Sonora", "topo_date": "1948", "topo_scale": "62500", "compiledby": "USGS", "gda_id": "5958019", "scanid": "301739", "url": "https://mrdata.usgs.gov/usmin/show-usmin.php?type=point&id=501386", "_layer": "points"}}, {"type": "Feature", "geometry": {"type": "Point", "coordinates": [-120.282623, 37.822952]}, "properties": {"lowerCorner": "37.822952 -120.282623", "upperCorner": "37.822952 -120.282623", "state": "CA", "county": "Tuolumne", "ftr_type": "Prospect Pit", "ftr_azimut": "0", "topo_name": "Sonora", "topo_date": "1948", "topo_scale": "62500", "compiledby": "USGS", "gda_id": "5958019", "scanid": "301739", "url": "https://mrdata.usgs.gov/usmin/show-usmin.php?type=point&id=501392", "_layer": "points"}}, {"type": "Feature", "geometry": {"type": "Point", "coordinates": [-120.277588, 37.819631]}, "properties": {"lowerCorner": "37.819631 -120.277588", "upperCorner": "37.819631 -120.277588", "state": "CA", "county": "Tuolumne", "ftr_type": "Prospect Pit", "ftr_azimut": "0", "topo_name": "Sonora", "topo_date": "1948", "topo_scale": "62500", "compiledby": "USGS", "gda_id": "5958019", "scanid": "301739", "url": "https://mrdata.usgs.gov/usmin/show-usmin.php?type=point&id=501417", "_layer": "points"}}, {"type": "Feature", "geometry": {"type": "Point", "coordinates": [-120.203413, 37.930594]}, "properties": {"lowerCorner": "37.930594 -120.203413", "upperCorner": "37.930594 -120.203413", "state": "CA", "county": "Tuolumne", "ftr_type": "Prospect Pit", "ftr_name": "Spring Gulch Mine", "ftr_azimut": "0", "topo_name": "Tuolumne", "topo_date": "1948", "topo_scale": "62500", "compiledby": "USGS", "gda_id": "5504909", "scanid": "301880", "url": "https://mrdata.usgs.gov/usmin/show-usmin.php?type=point&id=501418", "_layer": "points"}}, {"type": "Feature", "geometry": {"type": "Point", "coordinates": [-120.246452, 37.832853]}, "properties": {"lowerCorner": "37.832853 -120.246452", "upperCorner": "37.832853 -120.246452", "state": "CA", "county": "Tuolumne", "ftr_type": "Prospect Pit", "ftr_azimut": "0", "topo_name": "Tuolumne", "topo_date": "1948", "topo_scale": "62500", "compiledby": "USGS", "gda_id": "5504909", "scanid": "301880", "url": "https://mrdata.usgs.gov/usmin/show-usmin.php?type=point&id=501463", "_layer": "points"}}, {"type": "Feature", "geometry": {"type": "Point", "coordinates": [-120.256046, 37.977379]}, "properties": {"lowerCorner": "37.977379 -120.256046", "upperCorner": "37.977379 -120.256046", "state": "CA", "county": "Tuolumne", "ftr_type": "Prospect Pit", "ftr_azimut": "0", "topo_name": "Sonora", "topo_date": "1948", "topo_scale": "62500", "compiledby": "USGS", "gda_id": "5958019", "scanid": "301739", "url": "https://mrdata.usgs.gov/usmin/show-usmin.php?type=point&id=501465", "_layer": "points"}}, {"type": "Feature", "geometry": {"type": "Point", "coordinates": [-120.253145, 37.976134]}, "properties": {"lowerCorner": "37.976134 -120.253145", "upperCorner": "37.976134 -120.253145", "state": "CA", "county": "Tuolumne", "ftr_type": "Prospect Pit", "ftr_azimut": "0", "topo_name": "Sonora", "topo_date": "1948", "topo_scale": "62500", "compiledby": "USGS", "gda_id": "5958019", "scanid": "301739", "url": "https://mrdata.usgs.gov/usmin/show-usmin.php?type=point&id=501466", "_layer": "points"}}, {"type": "Feature", "geometry": {"type": "Point", "coordinates": [-120.2623, 37.829052]}, "properties": {"lowerCorner": "37.829052 -120.262300", "upperCorner": "37.829052 -120.262300", "state": "CA", "county": "Tuolumne", "ftr_type": "Prospect Pit", "ftr_azimut": "0", "topo_name": "Sonora", "topo_date": "1948", "topo_scale": "62500", "compiledby": "USGS", "gda_id": "5958019", "scanid": "301739", "url": "https://mrdata.usgs.gov/usmin/show-usmin.php?type=point&id=501481", "_layer": "points"}}, {"type": "Feature", "geometry": {"type": "Point", "coordinates": [-120.17657, 37.841823]}, "properties": {"lowerCorner": "37.841823 -120.176570", "upperCorner": "37.841823 -120.176570", "state": "CA", "county": "Tuolumne", "ftr_type": "Prospect Pit", "ftr_azimut": "0", "topo_name": "Tuolumne", "topo_date": "1948", "topo_scale": "62500", "compiledby": "USGS", "gda_id": "5504909", "scanid": "301880", "url": "https://mrdata.usgs.gov/usmin/show-usmin.php?type=point&id=501494", "_layer": "points"}}, {"type": "Feature", "geometry": {"type": "Point", "coordinates": [-120.25855, 37.818513]}, "properties": {"lowerCorner": "37.818513 -120.258550", "upperCorner": "37.818513 -120.258550", "state": "CA", "county": "Tuolumne", "ftr_type": "Prospect Pit", "ftr_azimut": "0", "topo_name": "Sonora", "topo_date": "1948", "topo_scale": "62500", "compiledby": "USGS", "gda_id": "5958019", "scanid": "301739", "url": "https://mrdata.usgs.gov/usmin/show-usmin.php?type=point&id=501514", "_layer": "points"}}, {"type": "Feature", "geometry": {"type": "Point", "coordinates": [-120.246648, 37.820485]}, "properties": {"lowerCorner": "37.820485 -120.246648", "upperCorner": "37.820485 -120.246648", "state": "CA", "county": "Tuolumne", "ftr_type": "Prospect Pit", "ftr_azimut": "0", "topo_name": "Tuolumne", "topo_date": "1948", "topo_scale": "62500", "compiledby": "USGS", "gda_id": "5504909", "scanid": "301880", "url": "https://mrdata.usgs.gov/usmin/show-usmin.php?type=point&id=501519", "_layer": "points"}}, {"type": "Feature", "geometry": {"type": "Point", "coordinates": [-120.167159, 37.914998]}, "properties": {"lowerCorner": "37.914998 -120.167159", "upperCorner": "37.914998 -120.167159", "state": "CA", "county": "Tuolumne", "ftr_type": "Prospect Pit", "ftr_azimut": "0", "topo_name": "Tuolumne", "topo_date": "1948", "topo_scale": "62500", "compiledby": "USGS", "gda_id": "5504909", "scanid": "301880", "url": "https://mrdata.usgs.gov/usmin/show-usmin.php?type=point&id=501520", "_layer": "points"}}, {"type": "Feature", "geometry": {"type": "Point", "coordinates": [-120.271839, 37.817051]}, "properties": {"lowerCorner": "37.817051 -120.271839", "upperCorner": "37.817051 -120.271839", "state": "CA", "county": "Tuolumne", "ftr_type": "Prospect Pit", "ftr_azimut": "0", "topo_name": "Sonora", "topo_date": "1948", "topo_scale": "62500", "compiledby": "USGS", "gda_id": "5958019", "scanid": "301739", "url": "https://mrdata.usgs.gov/usmin/show-usmin.php?type=point&id=501526", "_layer": "points"}}, {"type": "Feature", "geometry": {"type": "Point", "coordinates": [-120.262228, 37.90067]}, "properties": {"lowerCorner": "37.900670 -120.262228", "upperCorner": "37.900670 -120.262228", "state": "CA", "county": "Tuolumne", "ftr_type": "Adit", "ftr_name": "Sunnyside Mine", "ftr_azimut": "0", "topo_name": "Standard", "topo_date": "1948", "topo_scale": "24000", "compiledby": "CA Dept Conserv", "remarks": "Labeled as abandoned.", "gda_id": "5523879", "scanid": "300650", "dir": "n", "url": "https://mrdata.usgs.gov/usmin/show-usmin.php?type=point&id=49260", "_layer": "points"}}, {"type": "Feature", "geometry": {"type": "Point", "coordinates": [-120.270356, 37.831681]}, "properties": {"lowerCorner": "37.831681 -120.270356", "upperCorner": "37.831681 -120.270356", "state": "CA", "county": "Tuolumne", "ftr_type": "Adit", "ftr_azimut": "16", "topo_name": "Moccasin", "topo_date": "1948", "topo_scale": "24000", "compiledby": "CA Dept Conserv", "gda_id": "5518665", "scanid": "293030", "dir": "n", "url": "https://mrdata.usgs.gov/usmin/show-usmin.php?type=point&id=49271", "_layer": "points"}}, {"type": "Feature", "geometry": {"type": "Point", "coordinates": [-120.207112, 37.929638]}, "properties": {"lowerCorner": "37.929638 -120.207112", "upperCorner": "37.929638 -120.207112", "state": "CA", "county": "Tuolumne", "ftr_type": "Adit", "ftr_azimut": "0", "topo_name": "Tuolumne", "topo_date": "1948", "topo_scale": "62500", "compiledby": "USGS", "gda_id": "5504909", "scanid": "301880", "dir": "n", "url": "https://mrdata.usgs.gov/usmin/show-usmin.php?type=point&id=490190", "_layer": "points"}}, {"type": "Feature", "geometry": {"type": "Point", "coordinates": [-120.270231, 37.831856]}, "properties": {"lowerCorner": "37.831856 -120.270231", "upperCorner": "37.831856 -120.270231", "state": "CA", "county": "Tuolumne", "ftr_type": "Adit", "ftr_azimut": "2", "topo_name": "Sonora", "topo_date": "1948", "topo_scale": "62500", "compiledby": "USGS", "gda_id": "5958019", "scanid": "301739", "dir": "n", "url": "https://mrdata.usgs.gov/usmin/show-usmin.php?type=point&id=490282", "_layer": "points"}}, {"type": "Feature", "geometry": {"type": "Point", "coordinates": [-120.295006, 37.825761]}, "properties": {"lowerCorner": "37.825761 -120.295006", "upperCorner": "37.825761 -120.295006", "state": "CA", "county": "Tuolumne", "ftr_type": "Adit", "ftr_azimut": "64", "topo_name": "Moccasin", "topo_date": "1948", "topo_scale": "24000", "compiledby": "CA Dept Conserv", "gda_id": "5518665", "scanid": "293030", "dir": "ne", "url": "https://mrdata.usgs.gov/usmin/show-usmin.php?type=point&id=49123", "_layer": "points"}}, {"type": "Feature", "geometry": {"type": "Point", "coordinates": [-120.208798, 37.929418]}, "properties": {"lowerCorner": "37.929418 -120.208798", "upperCorner": "37.929418 -120.208798", "state": "CA", "county": "Tuolumne", "ftr_type": "Adit", "ftr_name": "Jigger Bill Brothers Mine", "ftr_azimut": "62", "topo_name": "Tuolumne", "topo_date": "1948", "topo_scale": "24000", "compiledby": "CA Dept Conserv", "gda_id": "5525029", "scanid": "300997", "dir": "ne", "url": "https://mrdata.usgs.gov/usmin/show-usmin.php?type=point&id=49148", "_layer": "points"}}, {"type": "Feature", "geometry": {"type": "Point", "coordinates": [-120.247796, 37.817564]}, "properties": {"lowerCorner": "37.817564 -120.247796", "upperCorner": "37.817564 -120.247796", "state": "CA", "county": "Tuolumne", "ftr_type": "Adit", "ftr_azimut": "30", "topo_name": "Groveland", "topo_date": "1947", "topo_scale": "24000", "compiledby": "CA Dept Conserv", "gda_id": "5514901", "scanid": "291049", "dir": "ne", "url": "https://mrdata.usgs.gov/usmin/show-usmin.php?type=point&id=49163", "_layer": "points"}}, {"type": "Feature", "geometry": {"type": "Point", "coordinates": [-120.250363, 37.818273]}, "properties": {"lowerCorner": "37.818273 -120.250363", "upperCorner": "37.818273 -120.250363", "state": "CA", "county": "Tuolumne", "ftr_type": "Adit", "ftr_azimut": "31", "topo_name": "Groveland", "topo_date": "1947", "topo_scale": "24000", "compiledby": "CA Dept Conserv", "gda_id": "5514901", "scanid": "291049", "dir": "ne", "url": "https://mrdata.usgs.gov/usmin/show-usmin.php?type=point&id=49210", "_layer": "points"}}, {"type": "Feature", "geometry": {"type": "Point", "coordinates": [-120.208521, 37.929648]}, "properties": {"lowerCorner": "37.929648 -120.208521", "upperCorner": "37.929648 -120.208521", "state": "CA", "county": "Tuolumne", "ftr_type": "Adit", "ftr_name": "Jigger Bill Brothers Mine", "ftr_azimut": "58", "topo_name": "Tuolumne", "topo_date": "1948", "topo_scale": "62500", "compiledby": "USGS", "gda_id": "5504909", "scanid": "301880", "dir": "ne", "url": "https://mrdata.usgs.gov/usmin/show-usmin.php?type=point&id=490258", "_layer": "points"}}, {"type": "Feature", "geometry": {"type": "Point", "coordinates": [-120.295026, 37.825833]}, "properties": {"lowerCorner": "37.825833 -120.295026", "upperCorner": "37.825833 -120.295026", "state": "CA", "county": "Tuolumne", "ftr_type": "Adit", "ftr_azimut": "63", "topo_name": "Sonora", "topo_date": "1948", "topo_scale": "62500", "compiledby": "USGS", "gda_id": "5958019", "scanid": "301739", "dir": "ne", "url": "https://mrdata.usgs.gov/usmin/show-usmin.php?type=point&id=490356", "_layer": "points"}}, {"type": "Feature", "geometry": {"type": "Point", "coordinates": [-120.265021, 37.828765]}, "properties": {"lowerCorner": "37.828765 -120.265021", "upperCorner": "37.828765 -120.265021", "state": "CA", "county": "Tuolumne", "ftr_type": "Adit", "ftr_azimut": "80", "topo_name": "Moccasin", "topo_date": "1948", "topo_scale": "24000", "compiledby": "CA Dept Conserv", "gda_id": "5518665", "scanid": "293030", "dir": "e", "url": "https://mrdata.usgs.gov/usmin/show-usmin.php?type=point&id=49136", "_layer": "points"}}, {"type": "Feature", "geometry": {"type": "Point", "coordinates": [-120.241027, 37.893534]}, "properties": {"lowerCorner": "37.893534 -120.241027", "upperCorner": "37.893534 -120.241027", "state": "CA", "county": "Tuolumne", "ftr_type": "Adit", "ftr_azimut": "97", "topo_name": "Tuolumne", "topo_date": "1948", "topo_scale": "24000", "compiledby": "CA Dept Conserv", "gda_id": "5525029", "scanid": "300997", "dir": "e", "url": "https://mrdata.usgs.gov/usmin/show-usmin.php?type=point&id=49140", "_layer": "points"}}, {"type": "Feature", "geometry": {"type": "Point", "coordinates": [-120.265679, 37.829023]}, "properties": {"lowerCorner": "37.829023 -120.265679", "upperCorner": "37.829023 -120.265679", "state": "CA", "county": "Tuolumne", "ftr_type": "Adit", "ftr_azimut": "77", "topo_name": "Moccasin", "topo_date": "1948", "topo_scale": "24000", "compiledby": "CA Dept Conserv", "gda_id": "5518665", "scanid": "293030", "dir": "e", "url": "https://mrdata.usgs.gov/usmin/show-usmin.php?type=point&id=49141", "_layer": "points"}}, {"type": "Feature", "geometry": {"type": "Point", "coordinates": [-120.265834, 37.829474]}, "properties": {"lowerCorner": "37.829474 -120.265834", "upperCorner": "37.829474 -120.265834", "state": "CA", "county": "Tuolumne", "ftr_type": "Adit", "ftr_azimut": "87", "topo_name": "Moccasin", "topo_date": "1948", "topo_scale": "24000", "compiledby": "CA Dept Conserv", "gda_id": "5518665", "scanid": "293030", "dir": "e", "url": "https://mrdata.usgs.gov/usmin/show-usmin.php?type=point&id=49212", "_layer": "points"}}, {"type": "Feature", "geometry": {"type": "Point", "coordinates": [-120.266999, 37.97965]}, "properties": {"lowerCorner": "37.979650 -120.266999", "upperCorner": "37.979650 -120.266999", "state": "CA", "county": "Tuolumne", "ftr_type": "Adit", "ftr_azimut": "110", "topo_name": "Standard", "topo_date": "1948", "topo_scale": "24000", "compiledby": "CA Dept Conserv", "gda_id": "5523879", "scanid": "300650", "dir": "e", "url": "https://mrdata.usgs.gov/usmin/show-usmin.php?type=point&id=49283", "_layer": "points"}}, {"type": "Feature", "geometry": {"type": "Point", "coordinates": [-120.240734, 37.893549]}, "properties": {"lowerCorner": "37.893549 -120.240734", "upperCorner": "37.893549 -120.240734", "state": "CA", "county": "Tuolumne", "ftr_type": "Adit", "ftr_azimut": "101", "topo_name": "Tuolumne", "topo_date": "1948", "topo_scale": "62500", "compiledby": "USGS", "gda_id": "5504909", "scanid": "301880", "dir": "e", "url": "https://mrdata.usgs.gov/usmin/show-usmin.php?type=point&id=490176", "_layer": "points"}}, {"type": "Feature", "geometry": {"type": "Point", "coordinates": [-120.216732, 37.95039]}, "properties": {"lowerCorner": "37.950390 -120.216732", "upperCorner": "37.950390 -120.216732", "state": "CA", "county": "Tuolumne", "ftr_type": "Adit", "ftr_name": "Providence Mine", "ftr_azimut": "70", "topo_name": "Tuolumne", "topo_date": "1948", "topo_scale": "62500", "compiledby": "USGS", "gda_id": "5504909", "scanid": "301880", "dir": "e", "url": "https://mrdata.usgs.gov/usmin/show-usmin.php?type=point&id=490216", "_layer": "points"}}, {"type": "Feature", "geometry": {"type": "Point", "coordinates": [-120.264303, 37.82859]}, "properties": {"lowerCorner": "37.828590 -120.264303", "upperCorner": "37.828590 -120.264303", "state": "CA", "county": "Tuolumne", "ftr_type": "Adit", "ftr_azimut": "89", "topo_name": "Sonora", "topo_date": "1948", "topo_scale": "62500", "compiledby": "USGS", "gda_id": "5958019", "scanid": "301739", "dir": "e", "url": "https://mrdata.usgs.gov/usmin/show-usmin.php?type=point&id=490254", "_layer": "points"}}, {"type": "Feature", "geometry": {"type": "Point", "coordinates": [-120.265587, 37.8296]}, "properties": {"lowerCorner": "37.829600 -120.265587", "upperCorner": "37.829600 -120.265587", "state": "CA", "county": "Tuolumne", "ftr_type": "Adit", "ftr_azimut": "84", "topo_name": "Sonora", "topo_date": "1948", "topo_scale": "62500", "compiledby": "USGS", "gda_id": "5958019", "scanid": "301739", "dir": "e", "url": "https://mrdata.usgs.gov/usmin/show-usmin.php?type=point&id=490269", "_layer": "points"}}, {"type": "Feature", "geometry": {"type": "Point", "coordinates": [-120.263841, 37.829929]}, "properties": {"lowerCorner": "37.829929 -120.263841", "upperCorner": "37.829929 -120.263841", "state": "CA", "county": "Tuolumne", "ftr_type": "Adit", "ftr_azimut": "129", "topo_name": "Moccasin", "topo_date": "1948", "topo_scale": "24000", "compiledby": "CA Dept Conserv", "gda_id": "5518665", "scanid": "293030", "dir": "se", "url": "https://mrdata.usgs.gov/usmin/show-usmin.php?type=point&id=49106", "_layer": "points"}}, {"type": "Feature", "geometry": {"type": "Point", "coordinates": [-120.26602, 37.886007]}, "properties": {"lowerCorner": "37.886007 -120.266020", "upperCorner": "37.886007 -120.266020", "state": "CA", "county": "Tuolumne", "ftr_type": "Adit", "ftr_name": "Russell Telegraph Mine", "ftr_azimut": "129", "topo_name": "Standard", "topo_date": "1948", "topo_scale": "24000", "compiledby": "CA Dept Conserv", "remarks": "Labeled as abandoned.", "gda_id": "5523879", "scanid": "300650", "dir": "se", "url": "https://mrdata.usgs.gov/usmin/show-usmin.php?type=point&id=49164", "_layer": "points"}}, {"type": "Feature", "geometry": {"type": "Point", "coordinates": [-120.243993, 37.821713]}, "properties": {"lowerCorner": "37.821713 -120.243993", "upperCorner": "37.821713 -120.243993", "state": "CA", "county": "Tuolumne", "ftr_type": "Adit", "ftr_azimut": "131", "topo_name": "Groveland", "topo_date": "1947", "topo_scale": "24000", "compiledby": "CA Dept Conserv", "gda_id": "5514901", "scanid": "291049", "dir": "se", "url": "https://mrdata.usgs.gov/usmin/show-usmin.php?type=point&id=49189", "_layer": "points"}}, {"type": "Feature", "geometry": {"type": "Point", "coordinates": [-120.277897, 37.820969]}, "properties": {"lowerCorner": "37.820969 -120.277897", "upperCorner": "37.820969 -120.277897", "state": "CA", "county": "Tuolumne", "ftr_type": "Adit", "ftr_azimut": "140", "topo_name": "Moccasin", "topo_date": "1948", "topo_scale": "24000", "compiledby": "CA Dept Conserv", "gda_id": "5518665", "scanid": "293030", "dir": "se", "url": "https://mrdata.usgs.gov/usmin/show-usmin.php?type=point&id=49217", "_layer": "points"}}, {"type": "Feature", "geometry": {"type": "Point", "coordinates": [-120.277759, 37.821166]}, "properties": {"lowerCorner": "37.821166 -120.277759", "upperCorner": "37.821166 -120.277759", "state": "CA", "county": "Tuolumne", "ftr_type": "Adit", "ftr_azimut": "141", "topo_name": "Moccasin", "topo_date": "1948", "topo_scale": "24000", "compiledby": "CA Dept Conserv", "gda_id": "5518665", "scanid": "293030", "dir": "se", "url": "https://mrdata.usgs.gov/usmin/show-usmin.php?type=point&id=49220", "_layer": "points"}}, {"type": "Feature", "geometry": {"type": "Point", "coordinates": [-120.257165, 37.820476]}, "properties": {"lowerCorner": "37.820476 -120.257165", "upperCorner": "37.820476 -120.257165", "state": "CA", "county": "Tuolumne", "ftr_type": "Adit", "ftr_azimut": "143", "topo_name": "Moccasin", "topo_date": "1948", "topo_scale": "24000", "compiledby": "CA Dept Conserv", "gda_id": "5518665", "scanid": "293030", "dir": "se", "url": "https://mrdata.usgs.gov/usmin/show-usmin.php?type=point&id=49231", "_layer": "points"}}, {"type": "Feature", "geometry": {"type": "Point", "coordinates": [-120.268653, 37.829684]}, "properties": {"lowerCorner": "37.829684 -120.268653", "upperCorner": "37.829684 -120.268653", "state": "CA", "county": "Tuolumne", "ftr_type": "Adit", "ftr_azimut": "126", "topo_name": "Moccasin", "topo_date": "1948", "topo_scale": "24000", "compiledby": "CA Dept Conserv", "gda_id": "5518665", "scanid": "293030", "dir": "se", "url": "https://mrdata.usgs.gov/usmin/show-usmin.php?type=point&id=49249", "_layer": "points"}}, {"type": "Feature", "geometry": {"type": "Point", "coordinates": [-120.263577, 37.830016]}, "properties": {"lowerCorner": "37.830016 -120.263577", "upperCorner": "37.830016 -120.263577", "state": "CA", "county": "Tuolumne", "ftr_type": "Adit", "ftr_azimut": "132", "topo_name": "Sonora", "topo_date": "1948", "topo_scale": "62500", "compiledby": "USGS", "gda_id": "5958019", "scanid": "301739", "dir": "se", "url": "https://mrdata.usgs.gov/usmin/show-usmin.php?type=point&id=490297", "_layer": "points"}}, {"type": "Feature", "geometry": {"type": "Point", "coordinates": [-120.277236, 37.821334]}, "properties": {"lowerCorner": "37.821334 -120.277236", "upperCorner": "37.821334 -120.277236", "state": "CA", "county": "Tuolumne", "ftr_type": "Adit", "ftr_azimut": "133", "topo_name": "Sonora", "topo_date": "1948", "topo_scale": "62500", "compiledby": "USGS", "gda_id": "5958019", "scanid": "301739", "dir": "se", "url": "https://mrdata.usgs.gov/usmin/show-usmin.php?type=point&id=490316", "_layer": "points"}}, {"type": "Feature", "geometry": {"type": "Point", "coordinates": [-120.266657, 37.979286]}, "properties": {"lowerCorner": "37.979286 -120.266657", "upperCorner": "37.979286 -120.266657", "state": "CA", "county": "Tuolumne", "ftr_type": "Adit", "ftr_azimut": "125", "topo_name": "Sonora", "topo_date": "1948", "topo_scale": "62500", "compiledby": "USGS", "gda_id": "5958019", "scanid": "301739", "dir": "se", "url": "https://mrdata.usgs.gov/usmin/show-usmin.php?type=point&id=490330", "_layer": "points"}}, {"type": "Feature", "geometry": {"type": "Point", "coordinates": [-120.243331, 37.831867]}, "properties": {"lowerCorner": "37.831867 -120.243331", "upperCorner": "37.831867 -120.243331", "state": "CA", "county": "Tuolumne", "ftr_type": "Adit", "ftr_azimut": "173", "topo_name": "Tuolumne", "topo_date": "1948", "topo_scale": "62500", "compiledby": "USGS", "gda_id": "5504909", "scanid": "301880", "dir": "s", "url": "https://mrdata.usgs.gov/usmin/show-usmin.php?type=point&id=490263", "_layer": "points"}}, {"type": "Feature", "geometry": {"type": "Point", "coordinates": [-120.262813, 37.830451]}, "properties": {"lowerCorner": "37.830451 -120.262813", "upperCorner": "37.830451 -120.262813", "state": "CA", "county": "Tuolumne", "ftr_type": "Adit", "ftr_azimut": "212", "topo_name": "Moccasin", "topo_date": "1948", "topo_scale": "24000", "compiledby": "CA Dept Conserv", "gda_id": "5518665", "scanid": "293030", "dir": "sw", "url": "https://mrdata.usgs.gov/usmin/show-usmin.php?type=point&id=49241", "_layer": "points"}}, {"type": "Feature", "geometry": {"type": "Point", "coordinates": [-120.237556, 37.829257]}, "properties": {"lowerCorner": "37.829257 -120.237556", "upperCorner": "37.829257 -120.237556", "state": "CA", "county": "Tuolumne", "ftr_type": "Adit", "ftr_azimut": "236", "topo_name": "Tuolumne", "topo_date": "1948", "topo_scale": "62500", "compiledby": "USGS", "gda_id": "5504909", "scanid": "301880", "dir": "sw", "url": "https://mrdata.usgs.gov/usmin/show-usmin.php?type=point&id=490193", "_layer": "points"}}, {"type": "Feature", "geometry": {"type": "Point", "coordinates": [-120.237592, 37.830487]}, "properties": {"lowerCorner": "37.830487 -120.237592", "upperCorner": "37.830487 -120.237592", "state": "CA", "county": "Tuolumne", "ftr_type": "Adit", "ftr_azimut": "233", "topo_name": "Tuolumne", "topo_date": "1948", "topo_scale": "62500", "compiledby": "USGS", "gda_id": "5504909", "scanid": "301880", "dir": "sw", "url": "https://mrdata.usgs.gov/usmin/show-usmin.php?type=point&id=490208", "_layer": "points"}}, {"type": "Feature", "geometry": {"type": "Point", "coordinates": [-120.262689, 37.830411]}, "properties": {"lowerCorner": "37.830411 -120.262689", "upperCorner": "37.830411 -120.262689", "state": "CA", "county": "Tuolumne", "ftr_type": "Adit", "ftr_azimut": "205", "topo_name": "Sonora", "topo_date": "1948", "topo_scale": "62500", "compiledby": "USGS", "gda_id": "5958019", "scanid": "301739", "dir": "sw", "url": "https://mrdata.usgs.gov/usmin/show-usmin.php?type=point&id=490265", "_layer": "points"}}, {"type": "Feature", "geometry": {"type": "Point", "coordinates": [-120.212415, 37.796097]}, "properties": {"lowerCorner": "37.796097 -120.212415", "upperCorner": "37.796097 -120.212415", "state": "CA", "county": "Tuolumne", "ftr_type": "Adit", "ftr_azimut": "248", "topo_name": "Groveland", "topo_date": "1947", "topo_scale": "24000", "compiledby": "CA Dept Conserv", "gda_id": "5514901", "scanid": "291049", "dir": "w", "url": "https://mrdata.usgs.gov/usmin/show-usmin.php?type=point&id=49142", "_layer": "points"}}, {"type": "Feature", "geometry": {"type": "Point", "coordinates": [-120.265133, 37.82398]}, "properties": {"lowerCorner": "37.823980 -120.265133", "upperCorner": "37.823980 -120.265133", "state": "CA", "county": "Tuolumne", "ftr_type": "Adit", "ftr_azimut": "267", "topo_name": "Sonora", "topo_date": "1948", "topo_scale": "62500", "compiledby": "USGS", "gda_id": "5958019", "scanid": "301739", "dir": "w", "url": "https://mrdata.usgs.gov/usmin/show-usmin.php?type=point&id=490327", "_layer": "points"}}, {"type": "Feature", "geometry": {"type": "Point", "coordinates": [-120.238166, 37.830156]}, "properties": {"lowerCorner": "37.830156 -120.238166", "upperCorner": "37.830156 -120.238166", "state": "CA", "county": "Tuolumne", "ftr_type": "Adit", "ftr_azimut": "324", "topo_name": "Groveland", "topo_date": "1947", "topo_scale": "24000", "compiledby": "CA Dept Conserv", "gda_id": "5514901", "scanid": "291049", "dir": "nw", "url": "https://mrdata.usgs.gov/usmin/show-usmin.php?type=point&id=49131", "_layer": "points"}}, {"type": "Feature", "geometry": {"type": "Point", "coordinates": [-120.273163, 37.8286]}, "properties": {"lowerCorner": "37.828600 -120.273163", "upperCorner": "37.828600 -120.273163", "state": "CA", "county": "Tuolumne", "ftr_type": "Adit", "ftr_azimut": "312", "topo_name": "Moccasin", "topo_date": "1948", "topo_scale": "24000", "compiledby": "CA Dept Conserv", "gda_id": "5518665", "scanid": "293030", "dir": "nw", "url": "https://mrdata.usgs.gov/usmin/show-usmin.php?type=point&id=49244", "_layer": "points"}}, {"type": "Feature", "geometry": {"type": "Point", "coordinates": [-120.270076, 37.827004]}, "properties": {"lowerCorner": "37.827004 -120.270076", "upperCorner": "37.827004 -120.270076", "state": "CA", "county": "Tuolumne", "ftr_type": "Adit", "ftr_azimut": "321", "topo_name": "Moccasin", "topo_date": "1948", "topo_scale": "24000", "compiledby": "CA Dept Conserv", "gda_id": "5518665", "scanid": "293030", "dir": "nw", "url": "https://mrdata.usgs.gov/usmin/show-usmin.php?type=point&id=49255", "_layer": "points"}}, {"type": "Feature", "geometry": {"type": "Point", "coordinates": [-120.300495, 37.82863]}, "properties": {"lowerCorner": "37.828630 -120.300495", "upperCorner": "37.828630 -120.300495", "state": "CA", "county": "Tuolumne", "ftr_type": "Adit", "ftr_azimut": "336", "topo_name": "Moccasin", "topo_date": "1948", "topo_scale": "24000", "compiledby": "CA Dept Conserv", "gda_id": "5518665", "scanid": "293030", "dir": "nw", "url": "https://mrdata.usgs.gov/usmin/show-usmin.php?type=point&id=49288", "_layer": "points"}}, {"type": "Feature", "geometry": {"type": "Point", "coordinates": [-120.262339, 37.82594]}, "properties": {"lowerCorner": "37.825940 -120.262339", "upperCorner": "37.825940 -120.262339", "state": "CA", "county": "Tuolumne", "ftr_type": "Adit", "ftr_azimut": "336", "topo_name": "Moccasin", "topo_date": "1948", "topo_scale": "24000", "compiledby": "CA Dept Conserv", "gda_id": "5518665", "scanid": "293030", "dir": "nw", "url": "https://mrdata.usgs.gov/usmin/show-usmin.php?type=point&id=49295", "_layer": "points"}}, {"type": "Feature", "geometry": {"type": "Point", "coordinates": [-120.238484, 37.830271]}, "properties": {"lowerCorner": "37.830271 -120.238484", "upperCorner": "37.830271 -120.238484", "state": "CA", "county": "Tuolumne", "ftr_type": "Adit", "ftr_azimut": "304", "topo_name": "Tuolumne", "topo_date": "1948", "topo_scale": "62500", "compiledby": "USGS", "gda_id": "5504909", "scanid": "301880", "dir": "nw", "url": "https://mrdata.usgs.gov/usmin/show-usmin.php?type=point&id=490179", "_layer": "points"}}, {"type": "Feature", "geometry": {"type": "Point", "coordinates": [-120.262243, 37.826082]}, "properties": {"lowerCorner": "37.826082 -120.262243", "upperCorner": "37.826082 -120.262243", "state": "CA", "county": "Tuolumne", "ftr_type": "Adit", "ftr_azimut": "333", "topo_name": "Sonora", "topo_date": "1948", "topo_scale": "62500", "compiledby": "USGS", "gda_id": "5958019", "scanid": "301739", "dir": "nw", "url": "https://mrdata.usgs.gov/usmin/show-usmin.php?type=point&id=490184", "_layer": "points"}}, {"type": "Feature", "geometry": {"type": "Point", "coordinates": [-120.300605, 37.828959]}, "properties": {"lowerCorner": "37.828959 -120.300605", "upperCorner": "37.828959 -120.300605", "state": "CA", "county": "Tuolumne", "ftr_type": "Adit", "ftr_azimut": "333", "topo_name": "Sonora", "topo_date": "1948", "topo_scale": "62500", "compiledby": "USGS", "gda_id": "5958019", "scanid": "301739", "dir": "nw", "url": "https://mrdata.usgs.gov/usmin/show-usmin.php?type=point&id=490205", "_layer": "points"}}, {"type": "Feature", "geometry": {"type": "Point", "coordinates": [-120.273119, 37.828892]}, "properties": {"lowerCorner": "37.828892 -120.273119", "upperCorner": "37.828892 -120.273119", "state": "CA", "county": "Tuolumne", "ftr_type": "Adit", "ftr_azimut": "322", "topo_name": "Sonora", "topo_date": "1948", "topo_scale": "62500", "compiledby": "USGS", "gda_id": "5958019", "scanid": "301739", "dir": "nw", "url": "https://mrdata.usgs.gov/usmin/show-usmin.php?type=point&id=490289", "_layer": "points"}}, {"type": "Feature", "geometry": {"type": "Point", "coordinates": [-120.26974, 37.827326]}, "properties": {"lowerCorner": "37.827326 -120.269740", "upperCorner": "37.827326 -120.269740", "state": "CA", "county": "Tuolumne", "ftr_type": "Adit", "ftr_azimut": "295", "topo_name": "Sonora", "topo_date": "1948", "topo_scale": "62500", "compiledby": "USGS", "gda_id": "5958019", "scanid": "301739", "dir": "nw", "url": "https://mrdata.usgs.gov/usmin/show-usmin.php?type=point&id=490299", "_layer": "points"}}, {"type": "Feature", "geometry": {"type": "Point", "coordinates": [-120.277573, 37.835169]}, "properties": {"lowerCorner": "37.835169 -120.277573", "upperCorner": "37.835169 -120.277573", "state": "CA", "county": "Tuolumne", "ftr_type": "Adit", "ftr_azimut": "332", "topo_name": "Sonora", "topo_date": "1948", "topo_scale": "62500", "compiledby": "USGS", "gda_id": "5958019", "scanid": "301739", "dir": "nw", "url": "https://mrdata.usgs.gov/usmin/show-usmin.php?type=point&id=490361", "_layer": "points"}}, {"type": "Feature", "geometry": {"type": "Point", "coordinates": [-120.282066, 37.822361]}, "properties": {"lowerCorner": "37.822361 -120.282066", "upperCorner": "37.822361 -120.282066", "state": "CA", "county": "Tuolumne", "ftr_type": "Adit", "ftr_azimut": "350", "topo_name": "Moccasin", "topo_date": "1948", "topo_scale": "24000", "compiledby": "CA Dept Conserv", "gda_id": "5518665", "scanid": "293030", "dir": "n", "url": "https://mrdata.usgs.gov/usmin/show-usmin.php?type=point&id=49262", "_layer": "points"}}, {"type": "Feature", "geometry": {"type": "Point", "coordinates": [-120.262306, 37.900586]}, "properties": {"lowerCorner": "37.900586 -120.262306", "upperCorner": "37.900586 -120.262306", "state": "CA", "county": "Tuolumne", "ftr_type": "Adit", "ftr_name": "Sunnyside Mine", "ftr_azimut": "358", "topo_name": "Sonora", "topo_date": "1948", "topo_scale": "62500", "compiledby": "USGS", "gda_id": "5958019", "scanid": "301739", "dir": "n", "url": "https://mrdata.usgs.gov/usmin/show-usmin.php?type=point&id=490298", "_layer": "points"}}, {"type": "Feature", "geometry": {"type": "Point", "coordinates": [-120.400919, 37.865236]}, "properties": {"lowerCorner": "37.865236 -120.400919", "upperCorner": "37.865236 -120.400919", "state": "CA", "county": "Tuolumne", "ftr_type": "Mill Site", "ftr_name": "Eagle-Shawmut Mill", "ftr_azimut": "0", "topo_name": "Chinese Camp", "topo_date": "1947", "topo_scale": "24000", "compiledby": "CA Dept Conserv", "remarks": "Label without symbol. Point placed on building symbol and feature type inferred from label.", "gda_id": "5510809", "scanid": "289215", "url": "https://mrdata.usgs.gov/usmin/show-usmin.php?type=point&id=52926", "_layer": "points"}}, {"type": "Feature", "geometry": {"type": "Point", "coordinates": [-120.425158, 37.92833]}, "properties": {"lowerCorner": "37.928330 -120.425158", "upperCorner": "37.928330 -120.425158", "state": "CA", "county": "Tuolumne", "ftr_type": "Mine Shaft", "ftr_azimut": "0", "topo_name": "Sonora", "topo_date": "1948", "topo_scale": "24000", "compiledby": "CA Dept Conserv", "gda_id": "5523721", "scanid": "300602", "url": "https://mrdata.usgs.gov/usmin/show-usmin.php?type=point&id=58792", "_layer": "points"}}, {"type": "Feature", "geometry": {"type": "Point", "coordinates": [-120.361745, 37.904858]}, "properties": {"lowerCorner": "37.904858 -120.361745", "upperCorner": "37.904858 -120.361745", "state": "CA", "county": "Tuolumne", "ftr_type": "Mine Shaft", "ftr_azimut": "0", "topo_name": "Standard", "topo_date": "1948", "topo_scale": "24000", "compiledby": "CA Dept Conserv", "gda_id": "5523879", "scanid": "300650", "url": "https://mrdata.usgs.gov/usmin/show-usmin.php?type=point&id=58800", "_layer": "points"}}, {"type": "Feature", "geometry": {"type": "Point", "coordinates": [-120.40121, 37.879551]}, "properties": {"lowerCorner": "37.879551 -120.401210", "upperCorner": "37.879551 -120.401210", "state": "CA", "county": "Tuolumne", "ftr_type": "Mine Shaft", "ftr_azimut": "0", "topo_name": "Sonora", "topo_date": "1948", "topo_scale": "24000", "compiledby": "CA Dept Conserv", "gda_id": "5523721", "scanid": "300602", "url": "https://mrdata.usgs.gov/usmin/show-usmin.php?type=point&id=58801", "_layer": "points"}}, {"type": "Feature", "geometry": {"type": "Point", "coordinates": [-120.403243, 37.881939]}, "properties": {"lowerCorner": "37.881939 -120.403243", "upperCorner": "37.881939 -120.403243", "state": "CA", "county": "Tuolumne", "ftr_type": "Mine Shaft", "ftr_azimut": "0", "topo_name": "Sonora", "topo_date": "1948", "topo_scale": "24000", "compiledby": "CA Dept Conserv", "gda_id": "5523721", "scanid": "300602", "url": "https://mrdata.usgs.gov/usmin/show-usmin.php?type=point&id=58803", "_layer": "points"}}, {"type": "Feature", "geometry": {"type": "Point", "coordinates": [-120.490227, 37.973178]}, "properties": {"lowerCorner": "37.973178 -120.490227", "upperCorner": "37.973178 -120.490227", "state": "CA", "county": "Tuolumne", "ftr_type": "Mine Shaft", "ftr_azimut": "0", "topo_name": "Sonora", "topo_date": "1948", "topo_scale": "24000", "compiledby": "CA Dept Conserv", "gda_id": "5523721", "scanid": "300602", "url": "https://mrdata.usgs.gov/usmin/show-usmin.php?type=point&id=58808", "_layer": "points"}}, {"type": "Feature", "geometry": {"type": "Point", "coordinates": [-120.437836, 37.945486]}, "properties": {"lowerCorner": "37.945486 -120.437836", "upperCorner": "37.945486 -120.437836", "state": "CA", "county": "Tuolumne", "ftr_type": "Mine Shaft", "ftr_name": "Harvard Mine", "ftr_azimut": "0", "topo_name": "Sonora", "topo_date": "1948", "topo_scale": "24000", "compiledby": "CA Dept Conserv", "gda_id": "5523721", "scanid": "300602", "url": "https://mrdata.usgs.gov/usmin/show-usmin.php?type=point&id=58809", "_layer": "points"}}, {"type": "Feature", "geometry": {"type": "Point", "coordinates": [-120.397306, 37.868491]}, "properties": {"lowerCorner": "37.868491 -120.397306", "upperCorner": "37.868491 -120.397306", "state": "CA", "county": "Tuolumne", "ftr_type": "Mine Shaft", "ftr_azimut": "0", "topo_name": "Chinese Camp", "topo_date": "1947", "topo_scale": "24000", "compiledby": "CA Dept Conserv", "gda_id": "5510809", "scanid": "289215", "url": "https://mrdata.usgs.gov/usmin/show-usmin.php?type=point&id=58812", "_layer": "points"}}, {"type": "Feature", "geometry": {"type": "Point", "coordinates": [-120.395828, 37.867039]}, "properties": {"lowerCorner": "37.867039 -120.395828", "upperCorner": "37.867039 -120.395828", "state": "CA", "county": "Tuolumne", "ftr_type": "Mine Shaft", "ftr_azimut": "0", "topo_name": "Chinese Camp", "topo_date": "1947", "topo_scale": "24000", "compiledby": "CA Dept Conserv", "gda_id": "5510809", "scanid": "289215", "url": "https://mrdata.usgs.gov/usmin/show-usmin.php?type=point&id=58818", "_layer": "points"}}, {"type": "Feature", "geometry": {"type": "Point", "coordinates": [-120.483479, 37.980959]}, "properties": {"lowerCorner": "37.980959 -120.483479", "upperCorner": "37.980959 -120.483479", "state": "CA", "county": "Tuolumne", "ftr_type": "Mine Shaft", "ftr_name": "Toledo Mine", "ftr_azimut": "0", "topo_name": "Sonora", "topo_date": "1948", "topo_scale": "24000", "compiledby": "CA Dept Conserv", "gda_id": "5523721", "scanid": "300602", "url": "https://mrdata.usgs.gov/usmin/show-usmin.php?type=point&id=58822", "_layer": "points"}}, {"type": "Feature", "geometry": {"type": "Point", "coordinates": [-120.411406, 37.905243]}, "properties": {"lowerCorner": "37.905243 -120.411406", "upperCorner": "37.905243 -120.411406", "state": "CA", "county": "Tuolumne", "ftr_type": "Mine Shaft", "ftr_azimut": "0", "topo_name": "Sonora", "topo_date": "1948", "topo_scale": "24000", "compiledby": "CA Dept Conserv", "gda_id": "5523721", "scanid": "300602", "url": "https://mrdata.usgs.gov/usmin/show-usmin.php?type=point&id=58830", "_layer": "points"}}, {"type": "Feature", "geometry": {"type": "Point", "coordinates": [-120.413784, 37.909328]}, "properties": {"lowerCorner": "37.909328 -120.413784", "upperCorner": "37.909328 -120.413784", "state": "CA", "county": "Tuolumne", "ftr_type": "Mine Shaft", "ftr_azimut": "0", "topo_name": "Sonora", "topo_date": "1948", "topo_scale": "24000", "compiledby": "CA Dept Conserv", "gda_id": "5523721", "scanid": "300602", "url": "https://mrdata.usgs.gov/usmin/show-usmin.php?type=point&id=58831", "_layer": "points"}}, {"type": "Feature", "geometry": {"type": "Point", "coordinates": [-120.563339, 37.890453]}, "properties": {"lowerCorner": "37.890453 -120.563339", "upperCorner": "37.890453 -120.563339", "state": "CA", "county": "Tuolumne", "ftr_type": "Mine Shaft", "ftr_name": "Green Spring Mine", "ftr_azimut": "0", "topo_name": "New Melones Dam", "topo_date": "1962", "topo_scale": "24000", "compiledby": "CA Dept Conserv", "gda_id": "5519517", "scanid": "293487", "url": "https://mrdata.usgs.gov/usmin/show-usmin.php?type=point&id=58833", "_layer": "points"}}, {"type": "Feature", "geometry": {"type": "Point", "coordinates": [-120.500294, 37.96298]}, "properties": {"lowerCorner": "37.962980 -120.500294", "upperCorner": "37.962980 -120.500294", "state": "CA", "county": "Tuolumne", "ftr_type": "Mine Shaft", "ftr_azimut": "0", "topo_name": "Sonora", "topo_date": "1948", "topo_scale": "24000", "compiledby": "USGS", "gda_id": "5523721", "scanid": "300602", "url": "https://mrdata.usgs.gov/usmin/show-usmin.php?type=point&id=58835", "_layer": "points"}}, {"type": "Feature", "geometry": {"type": "Point", "coordinates": [-120.440499, 37.949987]}, "properties": {"lowerCorner": "37.949987 -120.440499", "upperCorner": "37.949987 -120.440499", "state": "CA", "county": "Tuolumne", "ftr_type": "Mine Shaft", "ftr_azimut": "0", "topo_name": "Sonora", "topo_date": "1948", "topo_scale": "24000", "compiledby": "CA Dept Conserv", "gda_id": "5523721", "scanid": "300602", "url": "https://mrdata.usgs.gov/usmin/show-usmin.php?type=point&id=58842", "_layer": "points"}}, {"type": "Feature", "geometry": {"type": "Point", "coordinates": [-120.36142, 37.858682]}, "properties": {"lowerCorner": "37.858682 -120.361420", "upperCorner": "37.858682 -120.361420", "state": "CA", "county": "Tuolumne", "ftr_type": "Mine Shaft", "ftr_azimut": "0", "topo_name": "Moccasin", "topo_date": "1948", "topo_scale": "24000", "compiledby": "CA Dept Conserv", "gda_id": "5518665", "scanid": "293030", "url": "https://mrdata.usgs.gov/usmin/show-usmin.php?type=point&id=58844", "_layer": "points"}}, {"type": "Feature", "geometry": {"type": "Point", "coordinates": [-120.459715, 37.893364]}, "properties": {"lowerCorner": "37.893364 -120.459715", "upperCorner": "37.893364 -120.459715", "state": "CA", "county": "Tuolumne", "ftr_type": "Mine Shaft", "ftr_azimut": "0", "topo_name": "Sonora", "topo_date": "1948", "topo_scale": "24000", "compiledby": "CA Dept Conserv", "gda_id": "5523721", "scanid": "300602", "url": "https://mrdata.usgs.gov/usmin/show-usmin.php?type=point&id=58848", "_layer": "points"}}, {"type": "Feature", "geometry": {"type": "Point", "coordinates": [-120.37358, 37.907127]}, "properties": {"lowerCorner": "37.907127 -120.373580", "upperCorner": "37.907127 -120.373580", "state": "CA", "county": "Tuolumne", "ftr_type": "Mine Shaft", "ftr_azimut": "0", "topo_name": "Standard", "topo_date": "1948", "topo_scale": "24000", "compiledby": "CA Dept Conserv", "gda_id": "5523879", "scanid": "300650", "url": "https://mrdata.usgs.gov/usmin/show-usmin.php?type=point&id=58849", "_layer": "points"}}, {"type": "Feature", "geometry": {"type": "Point", "coordinates": [-120.412383, 37.914144]}, "properties": {"lowerCorner": "37.914144 -120.412383", "upperCorner": "37.914144 -120.412383", "state": "CA", "county": "Tuolumne", "ftr_type": "Mine Shaft", "ftr_azimut": "0", "topo_name": "Sonora", "topo_date": "1948", "topo_scale": "24000", "compiledby": "CA Dept Conserv", "gda_id": "5523721", "scanid": "300602", "url": "https://mrdata.usgs.gov/usmin/show-usmin.php?type=point&id=58854", "_layer": "points"}}, {"type": "Feature", "geometry": {"type": "Point", "coordinates": [-120.367279, 37.846581]}, "properties": {"lowerCorner": "37.846581 -120.367279", "upperCorner": "37.846581 -120.367279", "state": "CA", "county": "Tuolumne", "ftr_type": "Mine Shaft", "ftr_name": "Clio Mine", "ftr_azimut": "0", "topo_name": "Moccasin", "topo_date": "1948", "topo_scale": "24000", "compiledby": "CA Dept Conserv", "gda_id": "5518665", "scanid": "293030", "url": "https://mrdata.usgs.gov/usmin/show-usmin.php?type=point&id=58857", "_layer": "points"}}, {"type": "Feature", "geometry": {"type": "Point", "coordinates": [-120.418143, 37.91912]}, "properties": {"lowerCorner": "37.919120 -120.418143", "upperCorner": "37.919120 -120.418143", "state": "CA", "county": "Tuolumne", "ftr_type": "Mine Shaft", "ftr_azimut": "0", "topo_name": "Sonora", "topo_date": "1948", "topo_scale": "24000", "compiledby": "CA Dept Conserv", "gda_id": "5523721", "scanid": "300602", "url": "https://mrdata.usgs.gov/usmin/show-usmin.php?type=point&id=58858", "_layer": "points"}}, {"type": "Feature", "geometry": {"type": "Point", "coordinates": [-120.361794, 37.858837]}, "properties": {"lowerCorner": "37.858837 -120.361794", "upperCorner": "37.858837 -120.361794", "state": "CA", "county": "Tuolumne", "ftr_type": "Mine Shaft", "ftr_azimut": "0", "topo_name": "Moccasin", "topo_date": "1948", "topo_scale": "24000", "compiledby": "CA Dept Conserv", "gda_id": "5518665", "scanid": "293030", "url": "https://mrdata.usgs.gov/usmin/show-usmin.php?type=point&id=58873", "_layer": "points"}}, {"type": "Feature", "geometry": {"type": "Point", "coordinates": [-120.413879, 37.91049]}, "properties": {"lowerCorner": "37.910490 -120.413879", "upperCorner": "37.910490 -120.413879", "state": "CA", "county": "Tuolumne", "ftr_type": "Mine Shaft", "ftr_azimut": "0", "topo_name": "Sonora", "topo_date": "1948", "topo_scale": "24000", "compiledby": "CA Dept Conserv", "gda_id": "5523721", "scanid": "300602", "url": "https://mrdata.usgs.gov/usmin/show-usmin.php?type=point&id=58876", "_layer": "points"}}, {"type": "Feature", "geometry": {"type": "Point", "coordinates": [-120.416248, 37.914062]}, "properties": {"lowerCorner": "37.914062 -120.416248", "upperCorner": "37.914062 -120.416248", "state": "CA", "county": "Tuolumne", "ftr_type": "Mine Shaft", "ftr_azimut": "0", "topo_name": "Sonora", "topo_date": "1948", "topo_scale": "24000", "compiledby": "CA Dept Conserv", "gda_id": "5523721", "scanid": "300602", "url": "https://mrdata.usgs.gov/usmin/show-usmin.php?type=point&id=58883", "_layer": "points"}}, {"type": "Feature", "geometry": {"type": "Point", "coordinates": [-120.419708, 37.927846]}, "properties": {"lowerCorner": "37.927846 -120.419708", "upperCorner": "37.927846 -120.419708", "state": "CA", "county": "Tuolumne", "ftr_type": "Mine Shaft", "ftr_azimut": "0", "topo_name": "Sonora", "topo_date": "1948", "topo_scale": "24000", "compiledby": "CA Dept Conserv", "gda_id": "5523721", "scanid": "300602", "url": "https://mrdata.usgs.gov/usmin/show-usmin.php?type=point&id=58886", "_layer": "points"}}, {"type": "Feature", "geometry": {"type": "Point", "coordinates": [-120.402831, 37.882808]}, "properties": {"lowerCorner": "37.882808 -120.402831", "upperCorner": "37.882808 -120.402831", "state": "CA", "county": "Tuolumne", "ftr_type": "Mine Shaft", "ftr_azimut": "0", "topo_name": "Sonora", "topo_date": "1948", "topo_scale": "24000", "compiledby": "CA Dept Conserv", "gda_id": "5523721", "scanid": "300602", "url": "https://mrdata.usgs.gov/usmin/show-usmin.php?type=point&id=58888", "_layer": "points"}}, {"type": "Feature", "geometry": {"type": "Point", "coordinates": [-120.410645, 37.926836]}, "properties": {"lowerCorner": "37.926836 -120.410645", "upperCorner": "37.926836 -120.410645", "state": "CA", "county": "Tuolumne", "ftr_type": "Mine Shaft", "ftr_azimut": "0", "topo_name": "Sonora", "topo_date": "1948", "topo_scale": "24000", "compiledby": "CA Dept Conserv", "gda_id": "5523721", "scanid": "300602", "url": "https://mrdata.usgs.gov/usmin/show-usmin.php?type=point&id=58889", "_layer": "points"}}, {"type": "Feature", "geometry": {"type": "Point", "coordinates": [-120.392868, 37.889039]}, "properties": {"lowerCorner": "37.889039 -120.392868", "upperCorner": "37.889039 -120.392868", "state": "CA", "county": "Tuolumne", "ftr_type": "Mine Shaft", "ftr_azimut": "0", "topo_name": "Sonora", "topo_date": "1948", "topo_scale": "24000", "compiledby": "CA Dept Conserv", "gda_id": "5523721", "scanid": "300602", "url": "https://mrdata.usgs.gov/usmin/show-usmin.php?type=point&id=58897", "_layer": "points"}}, {"type": "Feature", "geometry": {"type": "Point", "coordinates": [-120.414146, 37.911131]}, "properties": {"lowerCorner": "37.911131 -120.414146", "upperCorner": "37.911131 -120.414146", "state": "CA", "county": "Tuolumne", "ftr_type": "Mine Shaft", "ftr_azimut": "0", "topo_name": "Sonora", "topo_date": "1948", "topo_scale": "24000", "compiledby": "CA Dept Conserv", "gda_id": "5523721", "scanid": "300602", "url": "https://mrdata.usgs.gov/usmin/show-usmin.php?type=point&id=58907", "_layer": "points"}}, {"type": "Feature", "geometry": {"type": "Point", "coordinates": [-120.413656, 37.910005]}, "properties": {"lowerCorner": "37.910005 -120.413656", "upperCorner": "37.910005 -120.413656", "state": "CA", "county": "Tuolumne", "ftr_type": "Mine Shaft", "ftr_name": "Golden Rule Mine", "ftr_azimut": "0", "topo_name": "Sonora", "topo_date": "1948", "topo_scale": "24000", "compiledby": "CA Dept Conserv", "gda_id": "5523721", "scanid": "300602", "url": "https://mrdata.usgs.gov/usmin/show-usmin.php?type=point&id=58908", "_layer": "points"}}, {"type": "Feature", "geometry": {"type": "Point", "coordinates": [-120.400838, 37.879726]}, "properties": {"lowerCorner": "37.879726 -120.400838", "upperCorner": "37.879726 -120.400838", "state": "CA", "county": "Tuolumne", "ftr_type": "Mine Shaft", "ftr_azimut": "0", "topo_name": "Sonora", "topo_date": "1948", "topo_scale": "24000", "compiledby": "CA Dept Conserv", "gda_id": "5523721", "scanid": "300602", "url": "https://mrdata.usgs.gov/usmin/show-usmin.php?type=point&id=58909", "_layer": "points"}}, {"type": "Feature", "geometry": {"type": "Point", "coordinates": [-120.41236, 37.913832]}, "properties": {"lowerCorner": "37.913832 -120.412360", "upperCorner": "37.913832 -120.412360", "state": "CA", "county": "Tuolumne", "ftr_type": "Mine Shaft", "ftr_azimut": "0", "topo_name": "Sonora", "topo_date": "1948", "topo_scale": "24000", "compiledby": "CA Dept Conserv", "gda_id": "5523721", "scanid": "300602", "url": "https://mrdata.usgs.gov/usmin/show-usmin.php?type=point&id=58911", "_layer": "points"}}, {"type": "Feature", "geometry": {"type": "Point", "coordinates": [-120.444986, 37.954417]}, "properties": {"lowerCorner": "37.954417 -120.444986", "upperCorner": "37.954417 -120.444986", "state": "CA", "county": "Tuolumne", "ftr_type": "Mine Shaft", "ftr_azimut": "0", "topo_name": "Sonora", "topo_date": "1948", "topo_scale": "24000", "compiledby": "CA Dept Conserv", "gda_id": "5523721", "scanid": "300602", "url": "https://mrdata.usgs.gov/usmin/show-usmin.php?type=point&id=58913", "_layer": "points"}}, {"type": "Feature", "geometry": {"type": "Point", "coordinates": [-120.375434, 37.953433]}, "properties": {"lowerCorner": "37.953433 -120.375434", "upperCorner": "37.953433 -120.375434", "state": "CA", "county": "Tuolumne", "ftr_type": "Mine Shaft", "ftr_azimut": "0", "topo_name": "Standard", "topo_date": "1948", "topo_scale": "24000", "compiledby": "CA Dept Conserv", "gda_id": "5523879", "scanid": "300650", "url": "https://mrdata.usgs.gov/usmin/show-usmin.php?type=point&id=58914", "_layer": "points"}}, {"type": "Feature", "geometry": {"type": "Point", "coordinates": [-120.402325, 37.882705]}, "properties": {"lowerCorner": "37.882705 -120.402325", "upperCorner": "37.882705 -120.402325", "state": "CA", "county": "Tuolumne", "ftr_type": "Mine Shaft", "ftr_azimut": "0", "topo_name": "Sonora", "topo_date": "1948", "topo_scale": "24000", "compiledby": "CA Dept Conserv", "gda_id": "5523721", "scanid": "300602", "url": "https://mrdata.usgs.gov/usmin/show-usmin.php?type=point&id=58916", "_layer": "points"}}, {"type": "Feature", "geometry": {"type": "Point", "coordinates": [-120.404936, 37.890491]}, "properties": {"lowerCorner": "37.890491 -120.404936", "upperCorner": "37.890491 -120.404936", "state": "CA", "county": "Tuolumne", "ftr_type": "Mine Shaft", "ftr_azimut": "0", "topo_name": "Sonora", "topo_date": "1948", "topo_scale": "24000", "compiledby": "CA Dept Conserv", "gda_id": "5523721", "scanid": "300602", "url": "https://mrdata.usgs.gov/usmin/show-usmin.php?type=point&id=58918", "_layer": "points"}}, {"type": "Feature", "geometry": {"type": "Point", "coordinates": [-120.413428, 37.904421]}, "properties": {"lowerCorner": "37.904421 -120.413428", "upperCorner": "37.904421 -120.413428", "state": "CA", "county": "Tuolumne", "ftr_type": "Mine Shaft", "ftr_azimut": "0", "topo_name": "Sonora", "topo_date": "1948", "topo_scale": "24000", "compiledby": "CA Dept Conserv", "gda_id": "5523721", "scanid": "300602", "url": "https://mrdata.usgs.gov/usmin/show-usmin.php?type=point&id=58919", "_layer": "points"}}, {"type": "Feature", "geometry": {"type": "Point", "coordinates": [-120.459758, 37.972084]}, "properties": {"lowerCorner": "37.972084 -120.459758", "upperCorner": "37.972084 -120.459758", "state": "CA", "county": "Tuolumne", "ftr_type": "Mine Shaft", "ftr_azimut": "0", "topo_name": "Sonora", "topo_date": "1948", "topo_scale": "24000", "compiledby": "CA Dept Conserv", "gda_id": "5523721", "scanid": "300602", "url": "https://mrdata.usgs.gov/usmin/show-usmin.php?type=point&id=58920", "_layer": "points"}}, {"type": "Feature", "geometry": {"type": "Point", "coordinates": [-120.367825, 37.846164]}, "properties": {"lowerCorner": "37.846164 -120.367825", "upperCorner": "37.846164 -120.367825", "state": "CA", "county": "Tuolumne", "ftr_type": "Mine Shaft", "ftr_azimut": "0", "topo_name": "Moccasin", "topo_date": "1948", "topo_scale": "24000", "compiledby": "CA Dept Conserv", "gda_id": "5518665", "scanid": "293030", "url": "https://mrdata.usgs.gov/usmin/show-usmin.php?type=point&id=58923", "_layer": "points"}}, {"type": "Feature", "geometry": {"type": "Point", "coordinates": [-120.3486, 37.83815]}, "properties": {"lowerCorner": "37.838150 -120.348600", "upperCorner": "37.838150 -120.348600", "state": "CA", "county": "Tuolumne", "ftr_type": "Mine Shaft", "ftr_name": "Harriman Mine", "ftr_azimut": "0", "topo_name": "Moccasin", "topo_date": "1948", "topo_scale": "24000", "compiledby": "USGS", "gda_id": "5518665", "scanid": "293030", "url": "https://mrdata.usgs.gov/usmin/show-usmin.php?type=point&id=58925", "_layer": "points"}}, {"type": "Feature", "geometry": {"type": "Point", "coordinates": [-120.390265, 37.971196]}, "properties": {"lowerCorner": "37.971196 -120.390265", "upperCorner": "37.971196 -120.390265", "state": "CA", "county": "Tuolumne", "ftr_type": "Mine Shaft", "ftr_azimut": "0", "topo_name": "Sonora", "topo_date": "1948", "topo_scale": "24000", "compiledby": "CA Dept Conserv", "gda_id": "5523721", "scanid": "300602", "url": "https://mrdata.usgs.gov/usmin/show-usmin.php?type=point&id=58927", "_layer": "points"}}, {"type": "Feature", "geometry": {"type": "Point", "coordinates": [-120.349589, 37.838425]}, "properties": {"lowerCorner": "37.838425 -120.349589", "upperCorner": "37.838425 -120.349589", "state": "CA", "county": "Tuolumne", "ftr_type": "Mine Shaft", "ftr_azimut": "0", "topo_name": "Moccasin", "topo_date": "1948", "topo_scale": "24000", "compiledby": "USGS", "gda_id": "5518665", "scanid": "293030", "url": "https://mrdata.usgs.gov/usmin/show-usmin.php?type=point&id=58930", "_layer": "points"}}, {"type": "Feature", "geometry": {"type": "Point", "coordinates": [-120.495677, 37.847473]}, "properties": {"lowerCorner": "37.847473 -120.495677", "upperCorner": "37.847473 -120.495677", "state": "CA", "county": "Tuolumne", "ftr_type": "Open Pit Mine or Quarry", "ftr_azimut": "0", "topo_name": "Chinese Camp", "topo_date": "1947", "topo_scale": "24000", "compiledby": "CA Dept Conserv", "gda_id": "5510809", "scanid": "289215", "url": "https://mrdata.usgs.gov/usmin/show-usmin.php?type=point&id=60729", "_layer": "points"}}, {"type": "Feature", "geometry": {"type": "Point", "coordinates": [-120.449845, 37.852423]}, "properties": {"lowerCorner": "37.852423 -120.449845", "upperCorner": "37.852423 -120.449845", "state": "CA", "county": "Tuolumne", "ftr_type": "Open Pit Mine or Quarry", "ftr_azimut": "0", "topo_name": "Chinese Camp", "topo_date": "1947", "topo_scale": "24000", "compiledby": "CA Dept Conserv", "gda_id": "5510809", "scanid": "289215", "url": "https://mrdata.usgs.gov/usmin/show-usmin.php?type=point&id=60734", "_layer": "points"}}, {"type": "Feature", "geometry": {"type": "Point", "coordinates": [-120.386565, 37.855366]}, "properties": {"lowerCorner": "37.855366 -120.386565", "upperCorner": "37.855366 -120.386565", "state": "CA", "county": "Tuolumne", "ftr_type": "Prospect Pit", "ftr_azimut": "0", "topo_name": "Chinese Camp", "topo_date": "1947", "topo_scale": "24000", "compiledby": "CA Dept Conserv", "gda_id": "5510809", "scanid": "289215", "url": "https://mrdata.usgs.gov/usmin/show-usmin.php?type=point&id=84683", "_layer": "points"}}, {"type": "Feature", "geometry": {"type": "Point", "coordinates": [-120.385345, 37.853843]}, "properties": {"lowerCorner": "37.853843 -120.385345", "upperCorner": "37.853843 -120.385345", "state": "CA", "county": "Tuolumne", "ftr_type": "Prospect Pit", "ftr_name": "Mammoth Mine", "ftr_azimut": "0", "topo_name": "Chinese Camp", "topo_date": "1947", "topo_scale": "24000", "compiledby": "USGS", "gda_id": "5510809", "scanid": "289215", "url": "https://mrdata.usgs.gov/usmin/show-usmin.php?type=point&id=84685", "_layer": "points"}}, {"type": "Feature", "geometry": {"type": "Point", "coordinates": [-120.367695, 37.84651]}, "properties": {"lowerCorner": "37.846510 -120.367695", "upperCorner": "37.846510 -120.367695", "state": "CA", "county": "Tuolumne", "ftr_type": "Prospect Pit", "ftr_azimut": "0", "topo_name": "Moccasin", "topo_date": "1948", "topo_scale": "24000", "compiledby": "CA Dept Conserv", "gda_id": "5518665", "scanid": "293030", "url": "https://mrdata.usgs.gov/usmin/show-usmin.php?type=point&id=84690", "_layer": "points"}}, {"type": "Feature", "geometry": {"type": "Point", "coordinates": [-120.380703, 37.851976]}, "properties": {"lowerCorner": "37.851976 -120.380703", "upperCorner": "37.851976 -120.380703", "state": "CA", "county": "Tuolumne", "ftr_type": "Prospect Pit", "ftr_name": "Orcutt Mine", "ftr_azimut": "0", "topo_name": "Chinese Camp", "topo_date": "1947", "topo_scale": "24000", "compiledby": "USGS", "gda_id": "5510809", "scanid": "289215", "url": "https://mrdata.usgs.gov/usmin/show-usmin.php?type=point&id=84699", "_layer": "points"}}, {"type": "Feature", "geometry": {"type": "Point", "coordinates": [-120.420824, 37.92317]}, "properties": {"lowerCorner": "37.923170 -120.420824", "upperCorner": "37.923170 -120.420824", "state": "CA", "county": "Tuolumne", "ftr_type": "Prospect Pit", "ftr_azimut": "0", "topo_name": "Sonora", "topo_date": "1948", "topo_scale": "24000", "compiledby": "CA Dept Conserv", "gda_id": "5523721", "scanid": "300602", "url": "https://mrdata.usgs.gov/usmin/show-usmin.php?type=point&id=84717", "_layer": "points"}}, {"type": "Feature", "geometry": {"type": "Point", "coordinates": [-120.376501, 37.85264]}, "properties": {"lowerCorner": "37.852640 -120.376501", "upperCorner": "37.852640 -120.376501", "state": "CA", "county": "Tuolumne", "ftr_type": "Prospect Pit", "ftr_azimut": "0", "topo_name": "Chinese Camp", "topo_date": "1947", "topo_scale": "24000", "compiledby": "CA Dept Conserv", "gda_id": "5510809", "scanid": "289215", "url": "https://mrdata.usgs.gov/usmin/show-usmin.php?type=point&id=84729", "_layer": "points"}}, {"type": "Feature", "geometry": {"type": "Point", "coordinates": [-120.376227, 37.854775]}, "properties": {"lowerCorner": "37.854775 -120.376227", "upperCorner": "37.854775 -120.376227", "state": "CA", "county": "Tuolumne", "ftr_type": "Prospect Pit", "ftr_azimut": "0", "topo_name": "Chinese Camp", "topo_date": "1947", "topo_scale": "24000", "compiledby": "CA Dept Conserv", "gda_id": "5510809", "scanid": "289215", "url": "https://mrdata.usgs.gov/usmin/show-usmin.php?type=point&id=84738", "_layer": "points"}}, {"type": "Feature", "geometry": {"type": "Point", "coordinates": [-120.487951, 37.908166]}, "properties": {"lowerCorner": "37.908166 -120.487951", "upperCorner": "37.908166 -120.487951", "state": "CA", "county": "Tuolumne", "ftr_type": "Prospect Pit", "ftr_azimut": "0", "topo_name": "Sonora", "topo_date": "1948", "topo_scale": "24000", "compiledby": "CA Dept Conserv", "gda_id": "5523721", "scanid": "300602", "url": "https://mrdata.usgs.gov/usmin/show-usmin.php?type=point&id=84739", "_layer": "points"}}, {"type": "Feature", "geometry": {"type": "Point", "coordinates": [-120.380069, 37.851959]}, "properties": {"lowerCorner": "37.851959 -120.380069", "upperCorner": "37.851959 -120.380069", "state": "CA", "county": "Tuolumne", "ftr_type": "Prospect Pit", "ftr_azimut": "0", "topo_name": "Chinese Camp", "topo_date": "1947", "topo_scale": "24000", "compiledby": "USGS", "gda_id": "5510809", "scanid": "289215", "url": "https://mrdata.usgs.gov/usmin/show-usmin.php?type=point&id=84743", "_layer": "points"}}, {"type": "Feature", "geometry": {"type": "Point", "coordinates": [-120.377647, 37.853487]}, "properties": {"lowerCorner": "37.853487 -120.377647", "upperCorner": "37.853487 -120.377647", "state": "CA", "county": "Tuolumne", "ftr_type": "Prospect Pit", "ftr_azimut": "0", "topo_name": "Chinese Camp", "topo_date": "1947", "topo_scale": "24000", "compiledby": "CA Dept Conserv", "gda_id": "5510809", "scanid": "289215", "url": "https://mrdata.usgs.gov/usmin/show-usmin.php?type=point&id=84750", "_layer": "points"}}, {"type": "Feature", "geometry": {"type": "Point", "coordinates": [-120.459327, 37.869762]}, "properties": {"lowerCorner": "37.869762 -120.459327", "upperCorner": "37.869762 -120.459327", "state": "CA", "county": "Tuolumne", "ftr_type": "Prospect Pit", "ftr_azimut": "0", "topo_name": "Chinese Camp", "topo_date": "1947", "topo_scale": "24000", "compiledby": "CA Dept Conserv", "gda_id": "5510809", "scanid": "289215", "url": "https://mrdata.usgs.gov/usmin/show-usmin.php?type=point&id=84753", "_layer": "points"}}, {"type": "Feature", "geometry": {"type": "Point", "coordinates": [-120.427913, 37.936513]}, "properties": {"lowerCorner": "37.936513 -120.427913", "upperCorner": "37.936513 -120.427913", "state": "CA", "county": "Tuolumne", "ftr_type": "Prospect Pit", "ftr_azimut": "0", "topo_name": "Sonora", "topo_date": "1948", "topo_scale": "24000", "compiledby": "CA Dept Conserv", "gda_id": "5523721", "scanid": "300602", "url": "https://mrdata.usgs.gov/usmin/show-usmin.php?type=point&id=84761", "_layer": "points"}}, {"type": "Feature", "geometry": {"type": "Point", "coordinates": [-120.377219, 37.851372]}, "properties": {"lowerCorner": "37.851372 -120.377219", "upperCorner": "37.851372 -120.377219", "state": "CA", "county": "Tuolumne", "ftr_type": "Prospect Pit", "ftr_azimut": "0", "topo_name": "Chinese Camp", "topo_date": "1947", "topo_scale": "24000", "compiledby": "CA Dept Conserv", "gda_id": "5510809", "scanid": "289215", "url": "https://mrdata.usgs.gov/usmin/show-usmin.php?type=point&id=84764", "_layer": "points"}}, {"type": "Feature", "geometry": {"type": "Point", "coordinates": [-120.378105, 37.852982]}, "properties": {"lowerCorner": "37.852982 -120.378105", "upperCorner": "37.852982 -120.378105", "state": "CA", "county": "Tuolumne", "ftr_type": "Prospect Pit", "ftr_azimut": "0", "topo_name": "Chinese Camp", "topo_date": "1947", "topo_scale": "24000", "compiledby": "CA Dept Conserv", "gda_id": "5510809", "scanid": "289215", "url": "https://mrdata.usgs.gov/usmin/show-usmin.php?type=point&id=84768", "_layer": "points"}}, {"type": "Feature", "geometry": {"type": "Point", "coordinates": [-120.361003, 37.858475]}, "properties": {"lowerCorner": "37.858475 -120.361003", "upperCorner": "37.858475 -120.361003", "state": "CA", "county": "Tuolumne", "ftr_type": "Prospect Pit", "ftr_azimut": "0", "topo_name": "Moccasin", "topo_date": "1948", "topo_scale": "24000", "compiledby": "CA Dept Conserv", "gda_id": "5518665", "scanid": "293030", "url": "https://mrdata.usgs.gov/usmin/show-usmin.php?type=point&id=84769", "_layer": "points"}}, {"type": "Feature", "geometry": {"type": "Point", "coordinates": [-120.376701, 37.853108]}, "properties": {"lowerCorner": "37.853108 -120.376701", "upperCorner": "37.853108 -120.376701", "state": "CA", "county": "Tuolumne", "ftr_type": "Prospect Pit", "ftr_azimut": "0", "topo_name": "Chinese Camp", "topo_date": "1947", "topo_scale": "24000", "compiledby": "CA Dept Conserv", "gda_id": "5510809", "scanid": "289215", "url": "https://mrdata.usgs.gov/usmin/show-usmin.php?type=point&id=84792", "_layer": "points"}}, {"type": "Feature", "geometry": {"type": "Point", "coordinates": [-120.504936, 37.913313]}, "properties": {"lowerCorner": "37.913313 -120.504936", "upperCorner": "37.913313 -120.504936", "state": "CA", "county": "Tuolumne", "ftr_type": "Prospect Pit", "ftr_azimut": "0", "topo_name": "New Melones Dam", "topo_date": "1962", "topo_scale": "24000", "compiledby": "CA Dept Conserv", "gda_id": "5519517", "scanid": "293487", "url": "https://mrdata.usgs.gov/usmin/show-usmin.php?type=point&id=84809", "_layer": "points"}}, {"type": "Feature", "geometry": {"type": "Point", "coordinates": [-120.37359, 37.979754]}, "properties": {"lowerCorner": "37.979754 -120.373590", "upperCorner": "37.979754 -120.373590", "state": "CA", "county": "Tuolumne", "ftr_type": "Prospect Pit", "ftr_azimut": "0", "topo_name": "Standard", "topo_date": "1948", "topo_scale": "24000", "compiledby": "CA Dept Conserv", "gda_id": "5523879", "scanid": "300650", "url": "https://mrdata.usgs.gov/usmin/show-usmin.php?type=point&id=84814", "_layer": "points"}}, {"type": "Feature", "geometry": {"type": "Point", "coordinates": [-120.387098, 37.85655]}, "properties": {"lowerCorner": "37.856550 -120.387098", "upperCorner": "37.856550 -120.387098", "state": "CA", "county": "Tuolumne", "ftr_type": "Prospect Pit", "ftr_azimut": "0", "topo_name": "Chinese Camp", "topo_date": "1947", "topo_scale": "24000", "compiledby": "CA Dept Conserv", "gda_id": "5510809", "scanid": "289215", "url": "https://mrdata.usgs.gov/usmin/show-usmin.php?type=point&id=84825", "_layer": "points"}}, {"type": "Feature", "geometry": {"type": "Point", "coordinates": [-120.377135, 37.852187]}, "properties": {"lowerCorner": "37.852187 -120.377135", "upperCorner": "37.852187 -120.377135", "state": "CA", "county": "Tuolumne", "ftr_type": "Prospect Pit", "ftr_azimut": "0", "topo_name": "Chinese Camp", "topo_date": "1947", "topo_scale": "24000", "compiledby": "CA Dept Conserv", "gda_id": "5510809", "scanid": "289215", "url": "https://mrdata.usgs.gov/usmin/show-usmin.php?type=point&id=84832", "_layer": "points"}}, {"type": "Feature", "geometry": {"type": "Point", "coordinates": [-120.40088, 37.879224]}, "properties": {"lowerCorner": "37.879224 -120.400880", "upperCorner": "37.879224 -120.400880", "state": "CA", "county": "Tuolumne", "ftr_type": "Prospect Pit", "ftr_azimut": "0", "topo_name": "Sonora", "topo_date": "1948", "topo_scale": "24000", "compiledby": "CA Dept Conserv", "gda_id": "5523721", "scanid": "300602", "url": "https://mrdata.usgs.gov/usmin/show-usmin.php?type=point&id=84843", "_layer": "points"}}, {"type": "Feature", "geometry": {"type": "Point", "coordinates": [-120.375872, 37.798475]}, "properties": {"lowerCorner": "37.798475 -120.375872", "upperCorner": "37.798475 -120.375872", "state": "CA", "county": "Tuolumne", "ftr_type": "Prospect Pit", "ftr_name": "Brown Adit", "ftr_azimut": "0", "topo_name": "Moccasin", "topo_date": "1948", "topo_scale": "24000", "compiledby": "CA Dept Conserv", "gda_id": "5518665", "scanid": "293030", "url": "https://mrdata.usgs.gov/usmin/show-usmin.php?type=point&id=84844", "_layer": "points"}}, {"type": "Feature", "geometry": {"type": "Point", "coordinates": [-120.367037, 37.850948]}, "properties": {"lowerCorner": "37.850948 -120.367037", "upperCorner": "37.850948 -120.367037", "state": "CA", "county": "Tuolumne", "ftr_type": "Prospect Pit", "ftr_azimut": "0", "topo_name": "Moccasin", "topo_date": "1948", "topo_scale": "24000", "compiledby": "CA Dept Conserv", "gda_id": "5518665", "scanid": "293030", "url": "https://mrdata.usgs.gov/usmin/show-usmin.php?type=point&id=84849", "_layer": "points"}}, {"type": "Feature", "geometry": {"type": "Point", "coordinates": [-120.345002, 37.836081]}, "properties": {"lowerCorner": "37.836081 -120.345002", "upperCorner": "37.836081 -120.345002", "state": "CA", "county": "Tuolumne", "ftr_type": "Prospect Pit", "ftr_azimut": "0", "topo_name": "Moccasin", "topo_date": "1948", "topo_scale": "24000", "compiledby": "USGS", "gda_id": "5518665", "scanid": "293030", "url": "https://mrdata.usgs.gov/usmin/show-usmin.php?type=point&id=84850", "_layer": "points"}}, {"type": "Feature", "geometry": {"type": "Point", "coordinates": [-120.402141, 37.881093]}, "properties": {"lowerCorner": "37.881093 -120.402141", "upperCorner": "37.881093 -120.402141", "state": "CA", "county": "Tuolumne", "ftr_type": "Prospect Pit", "ftr_azimut": "0", "topo_name": "Sonora", "topo_date": "1948", "topo_scale": "24000", "compiledby": "CA Dept Conserv", "gda_id": "5523721", "scanid": "300602", "url": "https://mrdata.usgs.gov/usmin/show-usmin.php?type=point&id=84855", "_layer": "points"}}, {"type": "Feature", "geometry": {"type": "Point", "coordinates": [-120.412075, 37.914041]}, "properties": {"lowerCorner": "37.914041 -120.412075", "upperCorner": "37.914041 -120.412075", "state": "CA", "county": "Tuolumne", "ftr_type": "Prospect Pit", "ftr_azimut": "0", "topo_name": "Sonora", "topo_date": "1948", "topo_scale": "24000", "compiledby": "CA Dept Conserv", "gda_id": "5523721", "scanid": "300602", "url": "https://mrdata.usgs.gov/usmin/show-usmin.php?type=point&id=84859", "_layer": "points"}}, {"type": "Feature", "geometry": {"type": "Point", "coordinates": [-120.411263, 37.89927]}, "properties": {"lowerCorner": "37.899270 -120.411263", "upperCorner": "37.899270 -120.411263", "state": "CA", "county": "Tuolumne", "ftr_type": "Prospect Pit", "ftr_azimut": "0", "topo_name": "Sonora", "topo_date": "1948", "topo_scale": "24000", "compiledby": "CA Dept Conserv", "gda_id": "5523721", "scanid": "300602", "url": "https://mrdata.usgs.gov/usmin/show-usmin.php?type=point&id=84861", "_layer": "points"}}, {"type": "Feature", "geometry": {"type": "Point", "coordinates": [-120.503793, 37.913387]}, "properties": {"lowerCorner": "37.913387 -120.503793", "upperCorner": "37.913387 -120.503793", "state": "CA", "county": "Tuolumne", "ftr_type": "Prospect Pit", "ftr_azimut": "0", "topo_name": "New Melones Dam", "topo_date": "1962", "topo_scale": "24000", "compiledby": "CA Dept Conserv", "gda_id": "5519517", "scanid": "293487", "url": "https://mrdata.usgs.gov/usmin/show-usmin.php?type=point&id=84862", "_layer": "points"}}, {"type": "Feature", "geometry": {"type": "Point", "coordinates": [-120.376281, 37.967216]}, "properties": {"lowerCorner": "37.967216 -120.376281", "upperCorner": "37.967216 -120.376281", "state": "CA", "county": "Tuolumne", "ftr_type": "Quarry", "ftr_azimut": "0", "topo_name": "Sonora", "topo_date": "1948", "topo_scale": "24000", "compiledby": "CA Dept Conserv", "gda_id": "5523721", "scanid": "300602", "url": "https://mrdata.usgs.gov/usmin/show-usmin.php?type=point&id=85799", "_layer": "points"}}, {"type": "Feature", "geometry": {"type": "Point", "coordinates": [-120.527011, 37.918919]}, "properties": {"lowerCorner": "37.918919 -120.527011", "upperCorner": "37.918919 -120.527011", "state": "CA", "county": "Tuolumne", "ftr_type": "Quarry", "ftr_azimut": "0", "topo_name": "New Melones Dam", "topo_date": "1962", "topo_scale": "24000", "compiledby": "CA Dept Conserv", "gda_id": "5519517", "scanid": "293487", "url": "https://mrdata.usgs.gov/usmin/show-usmin.php?type=point&id=85810", "_layer": "points"}}, {"type": "Feature", "geometry": {"type": "Point", "coordinates": [-120.425135, 37.92841]}, "properties": {"lowerCorner": "37.928410 -120.425135", "upperCorner": "37.928410 -120.425135", "state": "CA", "county": "Tuolumne", "ftr_type": "Mine Shaft", "ftr_azimut": "0", "topo_name": "Sonora", "topo_date": "1948", "topo_scale": "62500", "compiledby": "USGS", "gda_id": "5958019", "scanid": "301739", "url": "https://mrdata.usgs.gov/usmin/show-usmin.php?type=point&id=494092", "_layer": "points"}}, {"type": "Feature", "geometry": {"type": "Point", "coordinates": [-120.402091, 37.882749]}, "properties": {"lowerCorner": "37.882749 -120.402091", "upperCorner": "37.882749 -120.402091", "state": "CA", "county": "Tuolumne", "ftr_type": "Mine Shaft", "ftr_azimut": "0", "topo_name": "Sonora", "topo_date": "1948", "topo_scale": "62500", "compiledby": "USGS", "gda_id": "5958019", "scanid": "301739", "url": "https://mrdata.usgs.gov/usmin/show-usmin.php?type=point&id=494093", "_layer": "points"}}, {"type": "Feature", "geometry": {"type": "Point", "coordinates": [-120.34975, 37.838077]}, "properties": {"lowerCorner": "37.838077 -120.349750", "upperCorner": "37.838077 -120.349750", "state": "CA", "county": "Tuolumne", "ftr_type": "Mine Shaft", "ftr_name": "Harriman Mine", "ftr_azimut": "0", "topo_name": "Sonora", "topo_date": "1948", "topo_scale": "62500", "compiledby": "USGS", "gda_id": "5958019", "scanid": "301739", "url": "https://mrdata.usgs.gov/usmin/show-usmin.php?type=point&id=494109", "_layer": "points"}}, {"type": "Feature", "geometry": {"type": "Point", "coordinates": [-120.413426, 37.908636]}, "properties": {"lowerCorner": "37.908636 -120.413426", "upperCorner": "37.908636 -120.413426", "state": "CA", "county": "Tuolumne", "ftr_type": "Mine Shaft", "ftr_azimut": "0", "topo_name": "Sonora", "topo_date": "1948", "topo_scale": "62500", "compiledby": "USGS", "gda_id": "5958019", "scanid": "301739", "url": "https://mrdata.usgs.gov/usmin/show-usmin.php?type=point&id=494111", "_layer": "points"}}, {"type": "Feature", "geometry": {"type": "Point", "coordinates": [-120.405079, 37.890592]}, "properties": {"lowerCorner": "37.890592 -120.405079", "upperCorner": "37.890592 -120.405079", "state": "CA", "county": "Tuolumne", "ftr_type": "Mine Shaft", "ftr_azimut": "0", "topo_name": "Sonora", "topo_date": "1948", "topo_scale": "62500", "compiledby": "USGS", "gda_id": "5958019", "scanid": "301739", "url": "https://mrdata.usgs.gov/usmin/show-usmin.php?type=point&id=494117", "_layer": "points"}}, {"type": "Feature", "geometry": {"type": "Point", "coordinates": [-120.439564, 37.970557]}, "properties": {"lowerCorner": "37.970557 -120.439564", "upperCorner": "37.970557 -120.439564", "state": "CA", "county": "Tuolumne", "ftr_type": "Mine Shaft", "ftr_azimut": "0", "topo_name": "Sonora", "topo_date": "1948", "topo_scale": "62500", "compiledby": "USGS", "gda_id": "5958019", "scanid": "301739", "url": "https://mrdata.usgs.gov/usmin/show-usmin.php?type=point&id=494126", "_layer": "points"}}, {"type": "Feature", "geometry": {"type": "Point", "coordinates": [-120.444828, 37.954349]}, "properties": {"lowerCorner": "37.954349 -120.444828", "upperCorner": "37.954349 -120.444828", "state": "CA", "county": "Tuolumne", "ftr_type": "Mine Shaft", "ftr_azimut": "0", "topo_name": "Sonora", "topo_date": "1948", "topo_scale": "62500", "compiledby": "USGS", "gda_id": "5958019", "scanid": "301739", "url": "https://mrdata.usgs.gov/usmin/show-usmin.php?type=point&id=494145", "_layer": "points"}}, {"type": "Feature", "geometry": {"type": "Point", "coordinates": [-120.361564, 37.90493]}, "properties": {"lowerCorner": "37.904930 -120.361564", "upperCorner": "37.904930 -120.361564", "state": "CA", "county": "Tuolumne", "ftr_type": "Mine Shaft", "ftr_azimut": "0", "topo_name": "Sonora", "topo_date": "1948", "topo_scale": "62500", "compiledby": "USGS", "gda_id": "5958019", "scanid": "301739", "url": "https://mrdata.usgs.gov/usmin/show-usmin.php?type=point&id=494150", "_layer": "points"}}, {"type": "Feature", "geometry": {"type": "Point", "coordinates": [-120.413454, 37.904477]}, "properties": {"lowerCorner": "37.904477 -120.413454", "upperCorner": "37.904477 -120.413454", "state": "CA", "county": "Tuolumne", "ftr_type": "Mine Shaft", "ftr_azimut": "0", "topo_name": "Sonora", "topo_date": "1948", "topo_scale": "62500", "compiledby": "USGS", "gda_id": "5958019", "scanid": "301739", "url": "https://mrdata.usgs.gov/usmin/show-usmin.php?type=point&id=494159", "_layer": "points"}}, {"type": "Feature", "geometry": {"type": "Point", "coordinates": [-120.433677, 37.942983]}, "properties": {"lowerCorner": "37.942983 -120.433677", "upperCorner": "37.942983 -120.433677", "state": "CA", "county": "Tuolumne", "ftr_type": "Mine Shaft", "ftr_azimut": "0", "topo_name": "Sonora", "topo_date": "1948", "topo_scale": "62500", "compiledby": "USGS", "gda_id": "5958019", "scanid": "301739", "url": "https://mrdata.usgs.gov/usmin/show-usmin.php?type=point&id=494161", "_layer": "points"}}, {"type": "Feature", "geometry": {"type": "Point", "coordinates": [-120.479319, 37.973519]}, "properties": {"lowerCorner": "37.973519 -120.479319", "upperCorner": "37.973519 -120.479319", "state": "CA", "county": "Tuolumne", "ftr_type": "Mine Shaft", "ftr_azimut": "0", "topo_name": "Sonora", "topo_date": "1948", "topo_scale": "62500", "compiledby": "USGS", "gda_id": "5958019", "scanid": "301739", "url": "https://mrdata.usgs.gov/usmin/show-usmin.php?type=point&id=494163", "_layer": "points"}}, {"type": "Feature", "geometry": {"type": "Point", "coordinates": [-120.490339, 37.973343]}, "properties": {"lowerCorner": "37.973343 -120.490339", "upperCorner": "37.973343 -120.490339", "state": "CA", "county": "Tuolumne", "ftr_type": "Mine Shaft", "ftr_azimut": "0", "topo_name": "Sonora", "topo_date": "1948", "topo_scale": "62500", "compiledby": "USGS", "gda_id": "5958019", "scanid": "301739", "url": "https://mrdata.usgs.gov/usmin/show-usmin.php?type=point&id=494165", "_layer": "points"}}, {"type": "Feature", "geometry": {"type": "Point", "coordinates": [-120.413835, 37.910264]}, "properties": {"lowerCorner": "37.910264 -120.413835", "upperCorner": "37.910264 -120.413835", "state": "CA", "county": "Tuolumne", "ftr_type": "Mine Shaft", "ftr_azimut": "0", "topo_name": "Sonora", "topo_date": "1948", "topo_scale": "62500", "compiledby": "USGS", "gda_id": "5958019", "scanid": "301739", "url": "https://mrdata.usgs.gov/usmin/show-usmin.php?type=point&id=494180", "_layer": "points"}}, {"type": "Feature", "geometry": {"type": "Point", "coordinates": [-120.412255, 37.914442]}, "properties": {"lowerCorner": "37.914442 -120.412255", "upperCorner": "37.914442 -120.412255", "state": "CA", "county": "Tuolumne", "ftr_type": "Mine Shaft", "ftr_azimut": "0", "topo_name": "Sonora", "topo_date": "1948", "topo_scale": "62500", "compiledby": "USGS", "gda_id": "5958019", "scanid": "301739", "url": "https://mrdata.usgs.gov/usmin/show-usmin.php?type=point&id=494181", "_layer": "points"}}, {"type": "Feature", "geometry": {"type": "Point", "coordinates": [-120.459479, 37.972012]}, "properties": {"lowerCorner": "37.972012 -120.459479", "upperCorner": "37.972012 -120.459479", "state": "CA", "county": "Tuolumne", "ftr_type": "Mine Shaft", "ftr_azimut": "0", "topo_name": "Sonora", "topo_date": "1948", "topo_scale": "62500", "compiledby": "USGS", "gda_id": "5958019", "scanid": "301739", "url": "https://mrdata.usgs.gov/usmin/show-usmin.php?type=point&id=494207", "_layer": "points"}}, {"type": "Feature", "geometry": {"type": "Point", "coordinates": [-120.41414, 37.911044]}, "properties": {"lowerCorner": "37.911044 -120.414140", "upperCorner": "37.911044 -120.414140", "state": "CA", "county": "Tuolumne", "ftr_type": "Mine Shaft", "ftr_name": "Golden Rule Mine", "ftr_azimut": "0", "topo_name": "Sonora", "topo_date": "1948", "topo_scale": "62500", "compiledby": "USGS", "gda_id": "5958019", "scanid": "301739", "url": "https://mrdata.usgs.gov/usmin/show-usmin.php?type=point&id=494211", "_layer": "points"}}, {"type": "Feature", "geometry": {"type": "Point", "coordinates": [-120.373006, 37.907532]}, "properties": {"lowerCorner": "37.907532 -120.373006", "upperCorner": "37.907532 -120.373006", "state": "CA", "county": "Tuolumne", "ftr_type": "Mine Shaft", "ftr_azimut": "0", "topo_name": "Sonora", "topo_date": "1948", "topo_scale": "62500", "compiledby": "USGS", "gda_id": "5958019", "scanid": "301739", "url": "https://mrdata.usgs.gov/usmin/show-usmin.php?type=point&id=494212", "_layer": "points"}}, {"type": "Feature", "geometry": {"type": "Point", "coordinates": [-120.41631, 37.914014]}, "properties": {"lowerCorner": "37.914014 -120.416310", "upperCorner": "37.914014 -120.416310", "state": "CA", "county": "Tuolumne", "ftr_type": "Mine Shaft", "ftr_azimut": "0", "topo_name": "Sonora", "topo_date": "1948", "topo_scale": "62500", "compiledby": "USGS", "gda_id": "5958019", "scanid": "301739", "url": "https://mrdata.usgs.gov/usmin/show-usmin.php?type=point&id=494213", "_layer": "points"}}, {"type": "Feature", "geometry": {"type": "Point", "coordinates": [-120.494282, 37.90716]}, "properties": {"lowerCorner": "37.907160 -120.494282", "upperCorner": "37.907160 -120.494282", "state": "CA", "county": "Tuolumne", "ftr_type": "Mine Shaft", "ftr_azimut": "0", "topo_name": "Sonora", "topo_date": "1948", "topo_scale": "62500", "compiledby": "USGS", "gda_id": "5958019", "scanid": "301739", "url": "https://mrdata.usgs.gov/usmin/show-usmin.php?type=point&id=494223", "_layer": "points"}}, {"type": "Feature", "geometry": {"type": "Point", "coordinates": [-120.348482, 37.838134]}, "properties": {"lowerCorner": "37.838134 -120.348482", "upperCorner": "37.838134 -120.348482", "state": "CA", "county": "Tuolumne", "ftr_type": "Mine Shaft", "ftr_azimut": "0", "topo_name": "Sonora", "topo_date": "1948", "topo_scale": "62500", "compiledby": "USGS", "gda_id": "5958019", "scanid": "301739", "url": "https://mrdata.usgs.gov/usmin/show-usmin.php?type=point&id=494231", "_layer": "points"}}, {"type": "Feature", "geometry": {"type": "Point", "coordinates": [-120.392841, 37.888955]}, "properties": {"lowerCorner": "37.888955 -120.392841", "upperCorner": "37.888955 -120.392841", "state": "CA", "county": "Tuolumne", "ftr_type": "Mine Shaft", "ftr_azimut": "0", "topo_name": "Sonora", "topo_date": "1948", "topo_scale": "62500", "compiledby": "USGS", "gda_id": "5958019", "scanid": "301739", "url": "https://mrdata.usgs.gov/usmin/show-usmin.php?type=point&id=494233", "_layer": "points"}}, {"type": "Feature", "geometry": {"type": "Point", "coordinates": [-120.366993, 37.85102]}, "properties": {"lowerCorner": "37.851020 -120.366993", "upperCorner": "37.851020 -120.366993", "state": "CA", "county": "Tuolumne", "ftr_type": "Prospect Pit", "ftr_azimut": "0", "topo_name": "Sonora", "topo_date": "1948", "topo_scale": "62500", "compiledby": "USGS", "gda_id": "5958019", "scanid": "301739", "url": "https://mrdata.usgs.gov/usmin/show-usmin.php?type=point&id=501380", "_layer": "points"}}, {"type": "Feature", "geometry": {"type": "Point", "coordinates": [-120.377402, 37.85217]}, "properties": {"lowerCorner": "37.852170 -120.377402", "upperCorner": "37.852170 -120.377402", "state": "CA", "county": "Tuolumne", "ftr_type": "Prospect Pit", "ftr_azimut": "0", "topo_name": "Sonora", "topo_date": "1948", "topo_scale": "62500", "compiledby": "USGS", "gda_id": "5958019", "scanid": "301739", "url": "https://mrdata.usgs.gov/usmin/show-usmin.php?type=point&id=501396", "_layer": "points"}}, {"type": "Feature", "geometry": {"type": "Point", "coordinates": [-120.503924, 37.913595]}, "properties": {"lowerCorner": "37.913595 -120.503924", "upperCorner": "37.913595 -120.503924", "state": "CA", "county": "Tuolumne", "ftr_type": "Prospect Pit", "ftr_azimut": "0", "topo_name": "Copperopolis", "topo_date": "1962", "topo_scale": "62500", "compiledby": "USGS", "gda_id": "5501219", "scanid": "297185", "url": "https://mrdata.usgs.gov/usmin/show-usmin.php?type=point&id=501440", "_layer": "points"}}, {"type": "Feature", "geometry": {"type": "Point", "coordinates": [-120.375751, 37.798533]}, "properties": {"lowerCorner": "37.798533 -120.375751", "upperCorner": "37.798533 -120.375751", "state": "CA", "county": "Tuolumne", "ftr_type": "Prospect Pit", "ftr_name": "Brown Adit", "ftr_azimut": "0", "topo_name": "Sonora", "topo_date": "1948", "topo_scale": "62500", "compiledby": "USGS", "gda_id": "5958019", "scanid": "301739", "url": "https://mrdata.usgs.gov/usmin/show-usmin.php?type=point&id=501445", "_layer": "points"}}, {"type": "Feature", "geometry": {"type": "Point", "coordinates": [-120.38695, 37.85643]}, "properties": {"lowerCorner": "37.856430 -120.386950", "upperCorner": "37.856430 -120.386950", "state": "CA", "county": "Tuolumne", "ftr_type": "Prospect Pit", "ftr_azimut": "0", "topo_name": "Sonora", "topo_date": "1948", "topo_scale": "62500", "compiledby": "USGS", "gda_id": "5958019", "scanid": "301739", "url": "https://mrdata.usgs.gov/usmin/show-usmin.php?type=point&id=501454", "_layer": "points"}}, {"type": "Feature", "geometry": {"type": "Point", "coordinates": [-120.420817, 37.923193]}, "properties": {"lowerCorner": "37.923193 -120.420817", "upperCorner": "37.923193 -120.420817", "state": "CA", "county": "Tuolumne", "ftr_type": "Prospect Pit", "ftr_azimut": "0", "topo_name": "Sonora", "topo_date": "1948", "topo_scale": "62500", "compiledby": "USGS", "gda_id": "5958019", "scanid": "301739", "url": "https://mrdata.usgs.gov/usmin/show-usmin.php?type=point&id=501460", "_layer": "points"}}, {"type": "Feature", "geometry": {"type": "Point", "coordinates": [-120.377379, 37.851234]}, "properties": {"lowerCorner": "37.851234 -120.377379", "upperCorner": "37.851234 -120.377379", "state": "CA", "county": "Tuolumne", "ftr_type": "Prospect Pit", "ftr_azimut": "0", "topo_name": "Sonora", "topo_date": "1948", "topo_scale": "62500", "compiledby": "USGS", "gda_id": "5958019", "scanid": "301739", "url": "https://mrdata.usgs.gov/usmin/show-usmin.php?type=point&id=501467", "_layer": "points"}}, {"type": "Feature", "geometry": {"type": "Point", "coordinates": [-120.504922, 37.913313]}, "properties": {"lowerCorner": "37.913313 -120.504922", "upperCorner": "37.913313 -120.504922", "state": "CA", "county": "Tuolumne", "ftr_type": "Prospect Pit", "ftr_azimut": "0", "topo_name": "Copperopolis", "topo_date": "1962", "topo_scale": "62500", "compiledby": "USGS", "gda_id": "5501219", "scanid": "297185", "url": "https://mrdata.usgs.gov/usmin/show-usmin.php?type=point&id=501472", "_layer": "points"}}, {"type": "Feature", "geometry": {"type": "Point", "coordinates": [-120.469024, 37.873038]}, "properties": {"lowerCorner": "37.873038 -120.469024", "upperCorner": "37.873038 -120.469024", "state": "CA", "county": "Tuolumne", "ftr_type": "Prospect Pit", "ftr_azimut": "0", "topo_name": "Sonora", "topo_date": "1948", "topo_scale": "62500", "compiledby": "USGS", "gda_id": "5958019", "scanid": "301739", "url": "https://mrdata.usgs.gov/usmin/show-usmin.php?type=point&id=501474", "_layer": "points"}}, {"type": "Feature", "geometry": {"type": "Point", "coordinates": [-120.360581, 37.858413]}, "properties": {"lowerCorner": "37.858413 -120.360581", "upperCorner": "37.858413 -120.360581", "state": "CA", "county": "Tuolumne", "ftr_type": "Prospect Pit", "ftr_azimut": "0", "topo_name": "Sonora", "topo_date": "1948", "topo_scale": "62500", "compiledby": "USGS", "gda_id": "5958019", "scanid": "301739", "url": "https://mrdata.usgs.gov/usmin/show-usmin.php?type=point&id=501475", "_layer": "points"}}, {"type": "Feature", "geometry": {"type": "Point", "coordinates": [-120.427772, 37.936367]}, "properties": {"lowerCorner": "37.936367 -120.427772", "upperCorner": "37.936367 -120.427772", "state": "CA", "county": "Tuolumne", "ftr_type": "Prospect Pit", "ftr_azimut": "0", "topo_name": "Sonora", "topo_date": "1948", "topo_scale": "62500", "compiledby": "USGS", "gda_id": "5958019", "scanid": "301739", "url": "https://mrdata.usgs.gov/usmin/show-usmin.php?type=point&id=501480", "_layer": "points"}}, {"type": "Feature", "geometry": {"type": "Point", "coordinates": [-120.402161, 37.881349]}, "properties": {"lowerCorner": "37.881349 -120.402161", "upperCorner": "37.881349 -120.402161", "state": "CA", "county": "Tuolumne", "ftr_type": "Prospect Pit", "ftr_azimut": "0", "topo_name": "Sonora", "topo_date": "1948", "topo_scale": "62500", "compiledby": "USGS", "gda_id": "5958019", "scanid": "301739", "url": "https://mrdata.usgs.gov/usmin/show-usmin.php?type=point&id=501487", "_layer": "points"}}, {"type": "Feature", "geometry": {"type": "Point", "coordinates": [-120.446298, 37.874552]}, "properties": {"lowerCorner": "37.874552 -120.446298", "upperCorner": "37.874552 -120.446298", "state": "CA", "county": "Tuolumne", "ftr_type": "Prospect Pit", "ftr_azimut": "0", "topo_name": "Sonora", "topo_date": "1948", "topo_scale": "62500", "compiledby": "USGS", "gda_id": "5958019", "scanid": "301739", "url": "https://mrdata.usgs.gov/usmin/show-usmin.php?type=point&id=501500", "_layer": "points"}}, {"type": "Feature", "geometry": {"type": "Point", "coordinates": [-120.410961, 37.914242]}, "properties": {"lowerCorner": "37.914242 -120.410961", "upperCorner": "37.914242 -120.410961", "state": "CA", "county": "Tuolumne", "ftr_type": "Prospect Pit", "ftr_azimut": "0", "topo_name": "Sonora", "topo_date": "1948", "topo_scale": "62500", "compiledby": "USGS", "gda_id": "5958019", "scanid": "301739", "url": "https://mrdata.usgs.gov/usmin/show-usmin.php?type=point&id=501524", "_layer": "points"}}, {"type": "Feature", "geometry": {"type": "Point", "coordinates": [-120.411337, 37.899633]}, "properties": {"lowerCorner": "37.899633 -120.411337", "upperCorner": "37.899633 -120.411337", "state": "CA", "county": "Tuolumne", "ftr_type": "Prospect Pit", "ftr_azimut": "0", "topo_name": "Sonora", "topo_date": "1948", "topo_scale": "62500", "compiledby": "USGS", "gda_id": "5958019", "scanid": "301739", "url": "https://mrdata.usgs.gov/usmin/show-usmin.php?type=point&id=501529", "_layer": "points"}}, {"type": "Feature", "geometry": {"type": "Point", "coordinates": [-120.527031, 37.918853]}, "properties": {"lowerCorner": "37.918853 -120.527031", "upperCorner": "37.918853 -120.527031", "state": "CA", "county": "Tuolumne", "ftr_type": "Quarry", "ftr_azimut": "0", "topo_name": "Copperopolis", "topo_date": "1962", "topo_scale": "62500", "compiledby": "USGS", "gda_id": "5501219", "scanid": "297185", "url": "https://mrdata.usgs.gov/usmin/show-usmin.php?type=point&id=501884", "_layer": "points"}}, {"type": "Feature", "geometry": {"type": "Point", "coordinates": [-120.410874, 37.898496]}, "properties": {"lowerCorner": "37.898496 -120.410874", "upperCorner": "37.898496 -120.410874", "state": "CA", "county": "Tuolumne", "ftr_type": "Adit", "ftr_azimut": "3", "topo_name": "Sonora", "topo_date": "1948", "topo_scale": "62500", "compiledby": "USGS", "gda_id": "5958019", "scanid": "301739", "dir": "n", "url": "https://mrdata.usgs.gov/usmin/show-usmin.php?type=point&id=490317", "_layer": "points"}}, {"type": "Feature", "geometry": {"type": "Point", "coordinates": [-120.366904, 37.845362]}, "properties": {"lowerCorner": "37.845362 -120.366904", "upperCorner": "37.845362 -120.366904", "state": "CA", "county": "Tuolumne", "ftr_type": "Adit", "ftr_azimut": "49", "topo_name": "Moccasin", "topo_date": "1948", "topo_scale": "24000", "compiledby": "USGS", "gda_id": "5518665", "scanid": "293030", "dir": "ne", "url": "https://mrdata.usgs.gov/usmin/show-usmin.php?type=point&id=49109", "_layer": "points"}}, {"type": "Feature", "geometry": {"type": "Point", "coordinates": [-120.367434, 37.845417]}, "properties": {"lowerCorner": "37.845417 -120.367434", "upperCorner": "37.845417 -120.367434", "state": "CA", "county": "Tuolumne", "ftr_type": "Adit", "ftr_azimut": "33", "topo_name": "Moccasin", "topo_date": "1948", "topo_scale": "24000", "compiledby": "USGS", "gda_id": "5518665", "scanid": "293030", "dir": "ne", "url": "https://mrdata.usgs.gov/usmin/show-usmin.php?type=point&id=49120", "_layer": "points"}}, {"type": "Feature", "geometry": {"type": "Point", "coordinates": [-120.376396, 37.85077]}, "properties": {"lowerCorner": "37.850770 -120.376396", "upperCorner": "37.850770 -120.376396", "state": "CA", "county": "Tuolumne", "ftr_type": "Adit", "ftr_name": "Republican Mine", "ftr_azimut": "36", "topo_name": "Chinese Camp", "topo_date": "1947", "topo_scale": "24000", "compiledby": "CA Dept Conserv", "gda_id": "5510809", "scanid": "289215", "dir": "ne", "url": "https://mrdata.usgs.gov/usmin/show-usmin.php?type=point&id=49138", "_layer": "points"}}, {"type": "Feature", "geometry": {"type": "Point", "coordinates": [-120.366596, 37.845907]}, "properties": {"lowerCorner": "37.845907 -120.366596", "upperCorner": "37.845907 -120.366596", "state": "CA", "county": "Tuolumne", "ftr_type": "Adit", "ftr_azimut": "36", "topo_name": "Moccasin", "topo_date": "1948", "topo_scale": "24000", "compiledby": "CA Dept Conserv", "gda_id": "5518665", "scanid": "293030", "dir": "ne", "url": "https://mrdata.usgs.gov/usmin/show-usmin.php?type=point&id=49256", "_layer": "points"}}, {"type": "Feature", "geometry": {"type": "Point", "coordinates": [-120.374352, 37.852456]}, "properties": {"lowerCorner": "37.852456 -120.374352", "upperCorner": "37.852456 -120.374352", "state": "CA", "county": "Tuolumne", "ftr_type": "Adit", "ftr_azimut": "58", "topo_name": "Sonora", "topo_date": "1948", "topo_scale": "62500", "compiledby": "USGS", "gda_id": "5958019", "scanid": "301739", "dir": "ne", "url": "https://mrdata.usgs.gov/usmin/show-usmin.php?type=point&id=490183", "_layer": "points"}}, {"type": "Feature", "geometry": {"type": "Point", "coordinates": [-120.366536, 37.845253]}, "properties": {"lowerCorner": "37.845253 -120.366536", "upperCorner": "37.845253 -120.366536", "state": "CA", "county": "Tuolumne", "ftr_type": "Adit", "ftr_azimut": "45", "topo_name": "Sonora", "topo_date": "1948", "topo_scale": "62500", "compiledby": "USGS", "gda_id": "5958019", "scanid": "301739", "dir": "ne", "url": "https://mrdata.usgs.gov/usmin/show-usmin.php?type=point&id=490295", "_layer": "points"}}, {"type": "Feature", "geometry": {"type": "Point", "coordinates": [-120.376214, 37.850823]}, "properties": {"lowerCorner": "37.850823 -120.376214", "upperCorner": "37.850823 -120.376214", "state": "CA", "county": "Tuolumne", "ftr_type": "Adit", "ftr_azimut": "38", "topo_name": "Sonora", "topo_date": "1948", "topo_scale": "62500", "compiledby": "USGS", "gda_id": "5958019", "scanid": "301739", "dir": "ne", "url": "https://mrdata.usgs.gov/usmin/show-usmin.php?type=point&id=490304", "_layer": "points"}}, {"type": "Feature", "geometry": {"type": "Point", "coordinates": [-120.402426, 37.871651]}, "properties": {"lowerCorner": "37.871651 -120.402426", "upperCorner": "37.871651 -120.402426", "state": "CA", "county": "Tuolumne", "ftr_type": "Adit", "ftr_name": "Tarantula Mine", "ftr_azimut": "40", "topo_name": "Sonora", "topo_date": "1948", "topo_scale": "62500", "compiledby": "USGS", "gda_id": "5958019", "scanid": "301739", "dir": "ne", "url": "https://mrdata.usgs.gov/usmin/show-usmin.php?type=point&id=490309", "_layer": "points"}}, {"type": "Feature", "geometry": {"type": "Point", "coordinates": [-120.561129, 37.909123]}, "properties": {"lowerCorner": "37.909123 -120.561129", "upperCorner": "37.909123 -120.561129", "state": "CA", "county": "Tuolumne", "ftr_type": "Adit", "ftr_name": "If I Can Mine", "ftr_azimut": "92", "topo_name": "New Melones Dam", "topo_date": "1962", "topo_scale": "24000", "compiledby": "CA Dept Conserv", "gda_id": "5519517", "scanid": "293487", "dir": "e", "url": "https://mrdata.usgs.gov/usmin/show-usmin.php?type=point&id=49155", "_layer": "points"}}, {"type": "Feature", "geometry": {"type": "Point", "coordinates": [-120.414838, 37.908022]}, "properties": {"lowerCorner": "37.908022 -120.414838", "upperCorner": "37.908022 -120.414838", "state": "CA", "county": "Tuolumne", "ftr_type": "Adit", "ftr_azimut": "91", "topo_name": "Sonora", "topo_date": "1948", "topo_scale": "24000", "compiledby": "CA Dept Conserv", "gda_id": "5523721", "scanid": "300602", "dir": "e", "url": "https://mrdata.usgs.gov/usmin/show-usmin.php?type=point&id=49165", "_layer": "points"}}, {"type": "Feature", "geometry": {"type": "Point", "coordinates": [-120.458851, 37.931099]}, "properties": {"lowerCorner": "37.931099 -120.458851", "upperCorner": "37.931099 -120.458851", "state": "CA", "county": "Tuolumne", "ftr_type": "Adit", "ftr_azimut": "112", "topo_name": "Sonora", "topo_date": "1948", "topo_scale": "24000", "compiledby": "CA Dept Conserv", "gda_id": "5523721", "scanid": "300602", "dir": "e", "url": "https://mrdata.usgs.gov/usmin/show-usmin.php?type=point&id=49261", "_layer": "points"}}, {"type": "Feature", "geometry": {"type": "Point", "coordinates": [-120.336596, 37.84512]}, "properties": {"lowerCorner": "37.845120 -120.336596", "upperCorner": "37.845120 -120.336596", "state": "CA", "county": "Tuolumne", "ftr_type": "Adit", "ftr_azimut": "101", "topo_name": "Sonora", "topo_date": "1948", "topo_scale": "62500", "compiledby": "USGS", "gda_id": "5958019", "scanid": "301739", "dir": "e", "url": "https://mrdata.usgs.gov/usmin/show-usmin.php?type=point&id=490256", "_layer": "points"}}, {"type": "Feature", "geometry": {"type": "Point", "coordinates": [-120.332306, 37.856666]}, "properties": {"lowerCorner": "37.856666 -120.332306", "upperCorner": "37.856666 -120.332306", "state": "CA", "county": "Tuolumne", "ftr_type": "Adit", "ftr_azimut": "76", "topo_name": "Sonora", "topo_date": "1948", "topo_scale": "62500", "compiledby": "USGS", "gda_id": "5958019", "scanid": "301739", "dir": "e", "url": "https://mrdata.usgs.gov/usmin/show-usmin.php?type=point&id=490312", "_layer": "points"}}, {"type": "Feature", "geometry": {"type": "Point", "coordinates": [-120.561287, 37.909034]}, "properties": {"lowerCorner": "37.909034 -120.561287", "upperCorner": "37.909034 -120.561287", "state": "CA", "county": "Tuolumne", "ftr_type": "Adit", "ftr_name": "If I Can Mine", "ftr_azimut": "94", "topo_name": "Copperopolis", "topo_date": "1962", "topo_scale": "62500", "compiledby": "USGS", "gda_id": "5501219", "scanid": "297185", "dir": "e", "url": "https://mrdata.usgs.gov/usmin/show-usmin.php?type=point&id=490328", "_layer": "points"}}, {"type": "Feature", "geometry": {"type": "Point", "coordinates": [-120.340791, 37.838311]}, "properties": {"lowerCorner": "37.838311 -120.340791", "upperCorner": "37.838311 -120.340791", "state": "CA", "county": "Tuolumne", "ftr_type": "Adit", "ftr_azimut": "138", "topo_name": "Moccasin", "topo_date": "1948", "topo_scale": "24000", "compiledby": "USGS", "gda_id": "5518665", "scanid": "293030", "dir": "se", "url": "https://mrdata.usgs.gov/usmin/show-usmin.php?type=point&id=49144", "_layer": "points"}}, {"type": "Feature", "geometry": {"type": "Point", "coordinates": [-120.459354, 37.930767]}, "properties": {"lowerCorner": "37.930767 -120.459354", "upperCorner": "37.930767 -120.459354", "state": "CA", "county": "Tuolumne", "ftr_type": "Adit", "ftr_azimut": "146", "topo_name": "Sonora", "topo_date": "1948", "topo_scale": "24000", "compiledby": "CA Dept Conserv", "gda_id": "5523721", "scanid": "300602", "dir": "se", "url": "https://mrdata.usgs.gov/usmin/show-usmin.php?type=point&id=49180", "_layer": "points"}}, {"type": "Feature", "geometry": {"type": "Point", "coordinates": [-120.341851, 37.837691]}, "properties": {"lowerCorner": "37.837691 -120.341851", "upperCorner": "37.837691 -120.341851", "state": "CA", "county": "Tuolumne", "ftr_type": "Adit", "ftr_azimut": "138", "topo_name": "Moccasin", "topo_date": "1948", "topo_scale": "24000", "compiledby": "USGS", "gda_id": "5518665", "scanid": "293030", "dir": "se", "url": "https://mrdata.usgs.gov/usmin/show-usmin.php?type=point&id=49213", "_layer": "points"}}, {"type": "Feature", "geometry": {"type": "Point", "coordinates": [-120.343612, 37.836863]}, "properties": {"lowerCorner": "37.836863 -120.343612", "upperCorner": "37.836863 -120.343612", "state": "CA", "county": "Tuolumne", "ftr_type": "Adit", "ftr_azimut": "113", "topo_name": "Moccasin", "topo_date": "1948", "topo_scale": "24000", "compiledby": "USGS", "gda_id": "5518665", "scanid": "293030", "dir": "se", "url": "https://mrdata.usgs.gov/usmin/show-usmin.php?type=point&id=49301", "_layer": "points"}}, {"type": "Feature", "geometry": {"type": "Point", "coordinates": [-120.340578, 37.838077]}, "properties": {"lowerCorner": "37.838077 -120.340578", "upperCorner": "37.838077 -120.340578", "state": "CA", "county": "Tuolumne", "ftr_type": "Adit", "ftr_azimut": "135", "topo_name": "Sonora", "topo_date": "1948", "topo_scale": "62500", "compiledby": "USGS", "gda_id": "5958019", "scanid": "301739", "dir": "se", "url": "https://mrdata.usgs.gov/usmin/show-usmin.php?type=point&id=490218", "_layer": "points"}}, {"type": "Feature", "geometry": {"type": "Point", "coordinates": [-120.464755, 37.928687]}, "properties": {"lowerCorner": "37.928687 -120.464755", "upperCorner": "37.928687 -120.464755", "state": "CA", "county": "Tuolumne", "ftr_type": "Adit", "ftr_azimut": "128", "topo_name": "Sonora", "topo_date": "1948", "topo_scale": "62500", "compiledby": "USGS", "gda_id": "5958019", "scanid": "301739", "dir": "se", "url": "https://mrdata.usgs.gov/usmin/show-usmin.php?type=point&id=490350", "_layer": "points"}}, {"type": "Feature", "geometry": {"type": "Point", "coordinates": [-120.502839, 37.908547]}, "properties": {"lowerCorner": "37.908547 -120.502839", "upperCorner": "37.908547 -120.502839", "state": "CA", "county": "Tuolumne", "ftr_type": "Adit", "ftr_azimut": "176", "topo_name": "Copperopolis", "topo_date": "1962", "topo_scale": "62500", "compiledby": "USGS", "gda_id": "5501219", "scanid": "297185", "dir": "s", "url": "https://mrdata.usgs.gov/usmin/show-usmin.php?type=point&id=490195", "_layer": "points"}}, {"type": "Feature", "geometry": {"type": "Point", "coordinates": [-120.337573, 37.858821]}, "properties": {"lowerCorner": "37.858821 -120.337573", "upperCorner": "37.858821 -120.337573", "state": "CA", "county": "Tuolumne", "ftr_type": "Adit", "ftr_azimut": "247", "topo_name": "Moccasin", "topo_date": "1948", "topo_scale": "24000", "compiledby": "CA Dept Conserv", "gda_id": "5518665", "scanid": "293030", "dir": "sw", "url": "https://mrdata.usgs.gov/usmin/show-usmin.php?type=point&id=49162", "_layer": "points"}}, {"type": "Feature", "geometry": {"type": "Point", "coordinates": [-120.374324, 37.902491]}, "properties": {"lowerCorner": "37.902491 -120.374324", "upperCorner": "37.902491 -120.374324", "state": "CA", "county": "Tuolumne", "ftr_type": "Adit", "ftr_azimut": "210", "topo_name": "Standard", "topo_date": "1948", "topo_scale": "24000", "compiledby": "CA Dept Conserv", "gda_id": "5523879", "scanid": "300650", "dir": "sw", "url": "https://mrdata.usgs.gov/usmin/show-usmin.php?type=point&id=49200", "_layer": "points"}}, {"type": "Feature", "geometry": {"type": "Point", "coordinates": [-120.43474, 37.943113]}, "properties": {"lowerCorner": "37.943113 -120.434740", "upperCorner": "37.943113 -120.434740", "state": "CA", "county": "Tuolumne", "ftr_type": "Adit", "ftr_azimut": "237", "topo_name": "Sonora", "topo_date": "1948", "topo_scale": "62500", "compiledby": "USGS", "gda_id": "5958019", "scanid": "301739", "dir": "sw", "url": "https://mrdata.usgs.gov/usmin/show-usmin.php?type=point&id=490236", "_layer": "points"}}, {"type": "Feature", "geometry": {"type": "Point", "coordinates": [-120.374245, 37.902451]}, "properties": {"lowerCorner": "37.902451 -120.374245", "upperCorner": "37.902451 -120.374245", "state": "CA", "county": "Tuolumne", "ftr_type": "Adit", "ftr_azimut": "218", "topo_name": "Sonora", "topo_date": "1948", "topo_scale": "62500", "compiledby": "USGS", "gda_id": "5958019", "scanid": "301739", "dir": "sw", "url": "https://mrdata.usgs.gov/usmin/show-usmin.php?type=point&id=490322", "_layer": "points"}}, {"type": "Feature", "geometry": {"type": "Point", "coordinates": [-120.337742, 37.858773]}, "properties": {"lowerCorner": "37.858773 -120.337742", "upperCorner": "37.858773 -120.337742", "state": "CA", "county": "Tuolumne", "ftr_type": "Adit", "ftr_azimut": "240", "topo_name": "Sonora", "topo_date": "1948", "topo_scale": "62500", "compiledby": "USGS", "gda_id": "5958019", "scanid": "301739", "dir": "sw", "url": "https://mrdata.usgs.gov/usmin/show-usmin.php?type=point&id=490345", "_layer": "points"}}, {"type": "Feature", "geometry": {"type": "Point", "coordinates": [-120.434965, 37.944023]}, "properties": {"lowerCorner": "37.944023 -120.434965", "upperCorner": "37.944023 -120.434965", "state": "CA", "county": "Tuolumne", "ftr_type": "Adit", "ftr_azimut": "275", "topo_name": "Sonora", "topo_date": "1948", "topo_scale": "24000", "compiledby": "CA Dept Conserv", "gda_id": "5523721", "scanid": "300602", "dir": "w", "url": "https://mrdata.usgs.gov/usmin/show-usmin.php?type=point&id=49119", "_layer": "points"}}, {"type": "Feature", "geometry": {"type": "Point", "coordinates": [-120.338164, 37.849023]}, "properties": {"lowerCorner": "37.849023 -120.338164", "upperCorner": "37.849023 -120.338164", "state": "CA", "county": "Tuolumne", "ftr_type": "Adit", "ftr_azimut": "257", "topo_name": "Moccasin", "topo_date": "1948", "topo_scale": "24000", "compiledby": "CA Dept Conserv", "gda_id": "5518665", "scanid": "293030", "dir": "w", "url": "https://mrdata.usgs.gov/usmin/show-usmin.php?type=point&id=49215", "_layer": "points"}}, {"type": "Feature", "geometry": {"type": "Point", "coordinates": [-120.339629, 37.84371]}, "properties": {"lowerCorner": "37.843710 -120.339629", "upperCorner": "37.843710 -120.339629", "state": "CA", "county": "Tuolumne", "ftr_type": "Adit", "ftr_azimut": "292", "topo_name": "Moccasin", "topo_date": "1948", "topo_scale": "24000", "compiledby": "CA Dept Conserv", "gda_id": "5518665", "scanid": "293030", "dir": "w", "url": "https://mrdata.usgs.gov/usmin/show-usmin.php?type=point&id=49263", "_layer": "points"}}, {"type": "Feature", "geometry": {"type": "Point", "coordinates": [-120.47366, 37.911255]}, "properties": {"lowerCorner": "37.911255 -120.473660", "upperCorner": "37.911255 -120.473660", "state": "CA", "county": "Tuolumne", "ftr_type": "Adit", "ftr_azimut": "285", "topo_name": "Sonora", "topo_date": "1948", "topo_scale": "62500", "compiledby": "USGS", "gda_id": "5958019", "scanid": "301739", "dir": "w", "url": "https://mrdata.usgs.gov/usmin/show-usmin.php?type=point&id=490180", "_layer": "points"}}, {"type": "Feature", "geometry": {"type": "Point", "coordinates": [-120.33839, 37.849014]}, "properties": {"lowerCorner": "37.849014 -120.338390", "upperCorner": "37.849014 -120.338390", "state": "CA", "county": "Tuolumne", "ftr_type": "Adit", "ftr_azimut": "258", "topo_name": "Sonora", "topo_date": "1948", "topo_scale": "62500", "compiledby": "USGS", "gda_id": "5958019", "scanid": "301739", "dir": "w", "url": "https://mrdata.usgs.gov/usmin/show-usmin.php?type=point&id=490220", "_layer": "points"}}, {"type": "Feature", "geometry": {"type": "Point", "coordinates": [-120.396798, 37.973004]}, "properties": {"lowerCorner": "37.973004 -120.396798", "upperCorner": "37.973004 -120.396798", "state": "CA", "county": "Tuolumne", "ftr_type": "Adit", "ftr_azimut": "264", "topo_name": "Sonora", "topo_date": "1948", "topo_scale": "62500", "compiledby": "USGS", "gda_id": "5958019", "scanid": "301739", "dir": "w", "url": "https://mrdata.usgs.gov/usmin/show-usmin.php?type=point&id=490280", "_layer": "points"}}, {"type": "Feature", "geometry": {"type": "Point", "coordinates": [-120.35985, 37.858428]}, "properties": {"lowerCorner": "37.858428 -120.359850", "upperCorner": "37.858428 -120.359850", "state": "CA", "county": "Tuolumne", "ftr_type": "Adit", "ftr_azimut": "319", "topo_name": "Sonora", "topo_date": "1948", "topo_scale": "62500", "compiledby": "USGS", "gda_id": "5958019", "scanid": "301739", "dir": "nw", "url": "https://mrdata.usgs.gov/usmin/show-usmin.php?type=point&id=490276", "_layer": "points"}}, {"type": "Feature", "geometry": {"type": "Point", "coordinates": [-120.460122, 37.972904]}, "properties": {"lowerCorner": "37.972904 -120.460122", "upperCorner": "37.972904 -120.460122", "state": "CA", "county": "Tuolumne", "ftr_type": "Adit", "ftr_azimut": "295", "topo_name": "Sonora", "topo_date": "1948", "topo_scale": "62500", "compiledby": "USGS", "gda_id": "5958019", "scanid": "301739", "dir": "nw", "url": "https://mrdata.usgs.gov/usmin/show-usmin.php?type=point&id=490307", "_layer": "points"}}, {"type": "Feature", "geometry": {"type": "Point", "coordinates": [-120.338682, 37.833063]}, "properties": {"lowerCorner": "37.833063 -120.338682", "upperCorner": "37.833063 -120.338682", "state": "CA", "county": "Tuolumne", "ftr_type": "Adit", "ftr_azimut": "329", "topo_name": "Sonora", "topo_date": "1948", "topo_scale": "62500", "compiledby": "USGS", "gda_id": "5958019", "scanid": "301739", "dir": "nw", "url": "https://mrdata.usgs.gov/usmin/show-usmin.php?type=point&id=490342", "_layer": "points"}}, {"type": "Feature", "geometry": {"type": "Point", "coordinates": [-120.412002, 37.898766]}, "properties": {"lowerCorner": "37.898766 -120.412002", "upperCorner": "37.898766 -120.412002", "state": "CA", "county": "Tuolumne", "ftr_type": "Adit", "ftr_azimut": "357", "topo_name": "Sonora", "topo_date": "1948", "topo_scale": "62500", "compiledby": "USGS", "gda_id": "5958019", "scanid": "301739", "dir": "n", "url": "https://mrdata.usgs.gov/usmin/show-usmin.php?type=point&id=490181", "_layer": "points"}}, {"type": "Feature", "geometry": {"type": "Point", "coordinates": [-120.249708, 37.757916]}, "properties": {"lowerCorner": "37.757916 -120.249708", "upperCorner": "37.757916 -120.249708", "state": "CA", "county": "Tuolumne", "ftr_type": "Gravel Pit", "ftr_azimut": "0", "topo_name": "Groveland", "topo_date": "1947", "topo_scale": "24000", "compiledby": "CA Dept Conserv", "gda_id": "5514901", "scanid": "291049", "url": "https://mrdata.usgs.gov/usmin/show-usmin.php?type=point&id=52455", "_layer": "points"}}, {"type": "Feature", "geometry": {"type": "Point", "coordinates": [-120.248255, 37.753492]}, "properties": {"lowerCorner": "37.753492 -120.248255", "upperCorner": "37.753492 -120.248255", "state": "CA", "county": "Tuolumne", "ftr_type": "Gravel Pit", "ftr_azimut": "0", "topo_name": "Groveland", "topo_date": "1947", "topo_scale": "24000", "compiledby": "CA Dept Conserv", "gda_id": "5514901", "scanid": "291049", "url": "https://mrdata.usgs.gov/usmin/show-usmin.php?type=point&id=52457", "_layer": "points"}}, {"type": "Feature", "geometry": {"type": "Point", "coordinates": [-120.2537, 37.765779]}, "properties": {"lowerCorner": "37.765779 -120.253700", "upperCorner": "37.765779 -120.253700", "state": "CA", "county": "Tuolumne", "ftr_type": "Mine Shaft", "ftr_name": "McAlpine Mine", "ftr_azimut": "0", "topo_name": "Moccasin", "topo_date": "1948", "topo_scale": "24000", "compiledby": "CA Dept Conserv", "gda_id": "5518665", "scanid": "293030", "url": "https://mrdata.usgs.gov/usmin/show-usmin.php?type=point&id=58802", "_layer": "points"}}, {"type": "Feature", "geometry": {"type": "Point", "coordinates": [-120.26614, 37.779574]}, "properties": {"lowerCorner": "37.779574 -120.266140", "upperCorner": "37.779574 -120.266140", "state": "CA", "county": "Tuolumne", "ftr_type": "Mine Shaft", "ftr_azimut": "0", "topo_name": "Moccasin", "topo_date": "1948", "topo_scale": "24000", "compiledby": "CA Dept Conserv", "gda_id": "5518665", "scanid": "293030", "url": "https://mrdata.usgs.gov/usmin/show-usmin.php?type=point&id=58859", "_layer": "points"}}, {"type": "Feature", "geometry": {"type": "Point", "coordinates": [-120.243143, 37.751912]}, "properties": {"lowerCorner": "37.751912 -120.243143", "upperCorner": "37.751912 -120.243143", "state": "CA", "county": "Tuolumne", "ftr_type": "Mine Shaft", "ftr_azimut": "0", "topo_name": "Groveland", "topo_date": "1947", "topo_scale": "24000", "compiledby": "CA Dept Conserv", "gda_id": "5514901", "scanid": "291049", "url": "https://mrdata.usgs.gov/usmin/show-usmin.php?type=point&id=58861", "_layer": "points"}}, {"type": "Feature", "geometry": {"type": "Point", "coordinates": [-120.248254, 37.759185]}, "properties": {"lowerCorner": "37.759185 -120.248254", "upperCorner": "37.759185 -120.248254", "state": "CA", "county": "Tuolumne", "ftr_type": "Mine Shaft", "ftr_azimut": "0", "topo_name": "Groveland", "topo_date": "1947", "topo_scale": "24000", "compiledby": "CA Dept Conserv", "gda_id": "5514901", "scanid": "291049", "url": "https://mrdata.usgs.gov/usmin/show-usmin.php?type=point&id=58872", "_layer": "points"}}, {"type": "Feature", "geometry": {"type": "Point", "coordinates": [-120.253508, 37.767183]}, "properties": {"lowerCorner": "37.767183 -120.253508", "upperCorner": "37.767183 -120.253508", "state": "CA", "county": "Tuolumne", "ftr_type": "Mine Shaft", "ftr_azimut": "0", "topo_name": "Moccasin", "topo_date": "1948", "topo_scale": "24000", "compiledby": "CA Dept Conserv", "gda_id": "5518665", "scanid": "293030", "url": "https://mrdata.usgs.gov/usmin/show-usmin.php?type=point&id=58928", "_layer": "points"}}, {"type": "Feature", "geometry": {"type": "Point", "coordinates": [-120.243654, 37.753939]}, "properties": {"lowerCorner": "37.753939 -120.243654", "upperCorner": "37.753939 -120.243654", "state": "CA", "county": "Tuolumne", "ftr_type": "Prospect Pit", "ftr_azimut": "0", "topo_name": "Groveland", "topo_date": "1947", "topo_scale": "24000", "compiledby": "CA Dept Conserv", "gda_id": "5514901", "scanid": "291049", "url": "https://mrdata.usgs.gov/usmin/show-usmin.php?type=point&id=84705", "_layer": "points"}}, {"type": "Feature", "geometry": {"type": "Point", "coordinates": [-120.266124, 37.781307]}, "properties": {"lowerCorner": "37.781307 -120.266124", "upperCorner": "37.781307 -120.266124", "state": "CA", "county": "Tuolumne", "ftr_type": "Prospect Pit", "ftr_azimut": "0", "topo_name": "Moccasin", "topo_date": "1948", "topo_scale": "24000", "compiledby": "CA Dept Conserv", "gda_id": "5518665", "scanid": "293030", "url": "https://mrdata.usgs.gov/usmin/show-usmin.php?type=point&id=84708", "_layer": "points"}}, {"type": "Feature", "geometry": {"type": "Point", "coordinates": [-120.249519, 37.759697]}, "properties": {"lowerCorner": "37.759697 -120.249519", "upperCorner": "37.759697 -120.249519", "state": "CA", "county": "Tuolumne", "ftr_type": "Prospect Pit", "ftr_azimut": "0", "topo_name": "Groveland", "topo_date": "1947", "topo_scale": "24000", "compiledby": "CA Dept Conserv", "gda_id": "5514901", "scanid": "291049", "url": "https://mrdata.usgs.gov/usmin/show-usmin.php?type=point&id=84715", "_layer": "points"}}, {"type": "Feature", "geometry": {"type": "Point", "coordinates": [-120.257065, 37.770301]}, "properties": {"lowerCorner": "37.770301 -120.257065", "upperCorner": "37.770301 -120.257065", "state": "CA", "county": "Tuolumne", "ftr_type": "Prospect Pit", "ftr_azimut": "0", "topo_name": "Moccasin", "topo_date": "1948", "topo_scale": "24000", "compiledby": "CA Dept Conserv", "gda_id": "5518665", "scanid": "293030", "url": "https://mrdata.usgs.gov/usmin/show-usmin.php?type=point&id=84721", "_layer": "points"}}, {"type": "Feature", "geometry": {"type": "Point", "coordinates": [-120.259469, 37.775147]}, "properties": {"lowerCorner": "37.775147 -120.259469", "upperCorner": "37.775147 -120.259469", "state": "CA", "county": "Tuolumne", "ftr_type": "Prospect Pit", "ftr_azimut": "0", "topo_name": "Moccasin", "topo_date": "1948", "topo_scale": "24000", "compiledby": "CA Dept Conserv", "gda_id": "5518665", "scanid": "293030", "url": "https://mrdata.usgs.gov/usmin/show-usmin.php?type=point&id=84728", "_layer": "points"}}, {"type": "Feature", "geometry": {"type": "Point", "coordinates": [-120.254317, 37.766921]}, "properties": {"lowerCorner": "37.766921 -120.254317", "upperCorner": "37.766921 -120.254317", "state": "CA", "county": "Tuolumne", "ftr_type": "Prospect Pit", "ftr_azimut": "0", "topo_name": "Moccasin", "topo_date": "1948", "topo_scale": "24000", "compiledby": "CA Dept Conserv", "gda_id": "5518665", "scanid": "293030", "url": "https://mrdata.usgs.gov/usmin/show-usmin.php?type=point&id=84736", "_layer": "points"}}, {"type": "Feature", "geometry": {"type": "Point", "coordinates": [-120.245139, 37.755621]}, "properties": {"lowerCorner": "37.755621 -120.245139", "upperCorner": "37.755621 -120.245139", "state": "CA", "county": "Tuolumne", "ftr_type": "Prospect Pit", "ftr_azimut": "0", "topo_name": "Groveland", "topo_date": "1947", "topo_scale": "24000", "compiledby": "CA Dept Conserv", "gda_id": "5514901", "scanid": "291049", "url": "https://mrdata.usgs.gov/usmin/show-usmin.php?type=point&id=84755", "_layer": "points"}}, {"type": "Feature", "geometry": {"type": "Point", "coordinates": [-120.244232, 37.75391]}, "properties": {"lowerCorner": "37.753910 -120.244232", "upperCorner": "37.753910 -120.244232", "state": "CA", "county": "Tuolumne", "ftr_type": "Prospect Pit", "ftr_azimut": "0", "topo_name": "Groveland", "topo_date": "1947", "topo_scale": "24000", "compiledby": "CA Dept Conserv", "gda_id": "5514901", "scanid": "291049", "url": "https://mrdata.usgs.gov/usmin/show-usmin.php?type=point&id=84791", "_layer": "points"}}, {"type": "Feature", "geometry": {"type": "Point", "coordinates": [-120.263246, 37.778714]}, "properties": {"lowerCorner": "37.778714 -120.263246", "upperCorner": "37.778714 -120.263246", "state": "CA", "county": "Tuolumne", "ftr_type": "Prospect Pit", "ftr_azimut": "0", "topo_name": "Moccasin", "topo_date": "1948", "topo_scale": "24000", "compiledby": "CA Dept Conserv", "gda_id": "5518665", "scanid": "293030", "url": "https://mrdata.usgs.gov/usmin/show-usmin.php?type=point&id=84810", "_layer": "points"}}, {"type": "Feature", "geometry": {"type": "Point", "coordinates": [-120.25282, 37.764655]}, "properties": {"lowerCorner": "37.764655 -120.252820", "upperCorner": "37.764655 -120.252820", "state": "CA", "county": "Tuolumne", "ftr_type": "Prospect Pit", "ftr_azimut": "0", "topo_name": "Moccasin", "topo_date": "1948", "topo_scale": "24000", "compiledby": "CA Dept Conserv", "gda_id": "5518665", "scanid": "293030", "url": "https://mrdata.usgs.gov/usmin/show-usmin.php?type=point&id=84813", "_layer": "points"}}, {"type": "Feature", "geometry": {"type": "Point", "coordinates": [-120.252425, 37.764222]}, "properties": {"lowerCorner": "37.764222 -120.252425", "upperCorner": "37.764222 -120.252425", "state": "CA", "county": "Tuolumne", "ftr_type": "Prospect Pit", "ftr_azimut": "0", "topo_name": "Moccasin", "topo_date": "1948", "topo_scale": "24000", "compiledby": "CA Dept Conserv", "gda_id": "5518665", "scanid": "293030", "url": "https://mrdata.usgs.gov/usmin/show-usmin.php?type=point&id=84815", "_layer": "points"}}, {"type": "Feature", "geometry": {"type": "Point", "coordinates": [-120.254358, 37.766176]}, "properties": {"lowerCorner": "37.766176 -120.254358", "upperCorner": "37.766176 -120.254358", "state": "CA", "county": "Tuolumne", "ftr_type": "Prospect Pit", "ftr_azimut": "0", "topo_name": "Moccasin", "topo_date": "1948", "topo_scale": "24000", "compiledby": "CA Dept Conserv", "gda_id": "5518665", "scanid": "293030", "url": "https://mrdata.usgs.gov/usmin/show-usmin.php?type=point&id=84816", "_layer": "points"}}, {"type": "Feature", "geometry": {"type": "Point", "coordinates": [-120.249084, 37.759212]}, "properties": {"lowerCorner": "37.759212 -120.249084", "upperCorner": "37.759212 -120.249084", "state": "CA", "county": "Tuolumne", "ftr_type": "Prospect Pit", "ftr_azimut": "0", "topo_name": "Groveland", "topo_date": "1947", "topo_scale": "24000", "compiledby": "CA Dept Conserv", "gda_id": "5514901", "scanid": "291049", "url": "https://mrdata.usgs.gov/usmin/show-usmin.php?type=point&id=84830", "_layer": "points"}}, {"type": "Feature", "geometry": {"type": "Point", "coordinates": [-120.250026, 37.760095]}, "properties": {"lowerCorner": "37.760095 -120.250026", "upperCorner": "37.760095 -120.250026", "state": "CA", "county": "Tuolumne", "ftr_type": "Prospect Pit", "ftr_azimut": "0", "topo_name": "Groveland", "topo_date": "1947", "topo_scale": "24000", "compiledby": "CA Dept Conserv", "gda_id": "5514901", "scanid": "291049", "url": "https://mrdata.usgs.gov/usmin/show-usmin.php?type=point&id=84866", "_layer": "points"}}, {"type": "Feature", "geometry": {"type": "Point", "coordinates": [-120.24302, 37.751926]}, "properties": {"lowerCorner": "37.751926 -120.243020", "upperCorner": "37.751926 -120.243020", "state": "CA", "county": "Mariposa", "ftr_type": "Mine Shaft", "ftr_azimut": "0", "topo_name": "Tuolumne", "topo_date": "1948", "topo_scale": "62500", "compiledby": "USGS", "gda_id": "5504909", "scanid": "301880", "url": "https://mrdata.usgs.gov/usmin/show-usmin.php?type=point&id=492373", "_layer": "points"}}, {"type": "Feature", "geometry": {"type": "Point", "coordinates": [-120.265939, 37.779594]}, "properties": {"lowerCorner": "37.779594 -120.265939", "upperCorner": "37.779594 -120.265939", "state": "CA", "county": "Tuolumne", "ftr_type": "Mine Shaft", "ftr_azimut": "0", "topo_name": "Sonora", "topo_date": "1948", "topo_scale": "62500", "compiledby": "USGS", "gda_id": "5958019", "scanid": "301739", "url": "https://mrdata.usgs.gov/usmin/show-usmin.php?type=point&id=494094", "_layer": "points"}}, {"type": "Feature", "geometry": {"type": "Point", "coordinates": [-120.248313, 37.759398]}, "properties": {"lowerCorner": "37.759398 -120.248313", "upperCorner": "37.759398 -120.248313", "state": "CA", "county": "Tuolumne", "ftr_type": "Mine Shaft", "ftr_azimut": "0", "topo_name": "Tuolumne", "topo_date": "1948", "topo_scale": "62500", "compiledby": "USGS", "gda_id": "5504909", "scanid": "301880", "url": "https://mrdata.usgs.gov/usmin/show-usmin.php?type=point&id=494148", "_layer": "points"}}, {"type": "Feature", "geometry": {"type": "Point", "coordinates": [-120.2536, 37.765398]}, "properties": {"lowerCorner": "37.765398 -120.253600", "upperCorner": "37.765398 -120.253600", "state": "CA", "county": "Tuolumne", "ftr_type": "Mine Shaft", "ftr_name": "McAlpine Mine", "ftr_azimut": "0", "topo_name": "Sonora", "topo_date": "1948", "topo_scale": "62500", "compiledby": "USGS", "gda_id": "5958019", "scanid": "301739", "url": "https://mrdata.usgs.gov/usmin/show-usmin.php?type=point&id=494172", "_layer": "points"}}, {"type": "Feature", "geometry": {"type": "Point", "coordinates": [-120.249729, 37.757922]}, "properties": {"lowerCorner": "37.757922 -120.249729", "upperCorner": "37.757922 -120.249729", "state": "CA", "county": "Tuolumne", "ftr_type": "Open Pit Mine or Quarry", "ftr_azimut": "0", "topo_name": "Tuolumne", "topo_date": "1948", "topo_scale": "62500", "compiledby": "USGS", "gda_id": "5504909", "scanid": "301880", "url": "https://mrdata.usgs.gov/usmin/show-usmin.php?type=point&id=496000", "_layer": "points"}}, {"type": "Feature", "geometry": {"type": "Point", "coordinates": [-120.254356, 37.766711]}, "properties": {"lowerCorner": "37.766711 -120.254356", "upperCorner": "37.766711 -120.254356", "state": "CA", "county": "Tuolumne", "ftr_type": "Prospect Pit", "ftr_azimut": "0", "topo_name": "Sonora", "topo_date": "1948", "topo_scale": "62500", "compiledby": "USGS", "gda_id": "5958019", "scanid": "301739", "url": "https://mrdata.usgs.gov/usmin/show-usmin.php?type=point&id=501378", "_layer": "points"}}, {"type": "Feature", "geometry": {"type": "Point", "coordinates": [-120.254372, 37.765841]}, "properties": {"lowerCorner": "37.765841 -120.254372", "upperCorner": "37.765841 -120.254372", "state": "CA", "county": "Tuolumne", "ftr_type": "Prospect Pit", "ftr_azimut": "0", "topo_name": "Sonora", "topo_date": "1948", "topo_scale": "62500", "compiledby": "USGS", "gda_id": "5958019", "scanid": "301739", "url": "https://mrdata.usgs.gov/usmin/show-usmin.php?type=point&id=501390", "_layer": "points"}}, {"type": "Feature", "geometry": {"type": "Point", "coordinates": [-120.252829, 37.764618]}, "properties": {"lowerCorner": "37.764618 -120.252829", "upperCorner": "37.764618 -120.252829", "state": "CA", "county": "Tuolumne", "ftr_type": "Prospect Pit", "ftr_azimut": "0", "topo_name": "Sonora", "topo_date": "1948", "topo_scale": "62500", "compiledby": "USGS", "gda_id": "5958019", "scanid": "301739", "url": "https://mrdata.usgs.gov/usmin/show-usmin.php?type=point&id=501402", "_layer": "points"}}, {"type": "Feature", "geometry": {"type": "Point", "coordinates": [-120.24528, 37.755511]}, "properties": {"lowerCorner": "37.755511 -120.245280", "upperCorner": "37.755511 -120.245280", "state": "CA", "county": "Tuolumne", "ftr_type": "Prospect Pit", "ftr_azimut": "0", "topo_name": "Tuolumne", "topo_date": "1948", "topo_scale": "62500", "compiledby": "USGS", "gda_id": "5504909", "scanid": "301880", "url": "https://mrdata.usgs.gov/usmin/show-usmin.php?type=point&id=501406", "_layer": "points"}}, {"type": "Feature", "geometry": {"type": "Point", "coordinates": [-120.250332, 37.760162]}, "properties": {"lowerCorner": "37.760162 -120.250332", "upperCorner": "37.760162 -120.250332", "state": "CA", "county": "Tuolumne", "ftr_type": "Prospect Pit", "ftr_azimut": "0", "topo_name": "Tuolumne", "topo_date": "1948", "topo_scale": "62500", "compiledby": "USGS", "gda_id": "5504909", "scanid": "301880", "url": "https://mrdata.usgs.gov/usmin/show-usmin.php?type=point&id=501437", "_layer": "points"}}, {"type": "Feature", "geometry": {"type": "Point", "coordinates": [-120.25204, 37.764207]}, "properties": {"lowerCorner": "37.764207 -120.252040", "upperCorner": "37.764207 -120.252040", "state": "CA", "county": "Tuolumne", "ftr_type": "Prospect Pit", "ftr_azimut": "0", "topo_name": "Sonora", "topo_date": "1948", "topo_scale": "62500", "compiledby": "USGS", "gda_id": "5958019", "scanid": "301739", "url": "https://mrdata.usgs.gov/usmin/show-usmin.php?type=point&id=501451", "_layer": "points"}}, {"type": "Feature", "geometry": {"type": "Point", "coordinates": [-120.248966, 37.759268]}, "properties": {"lowerCorner": "37.759268 -120.248966", "upperCorner": "37.759268 -120.248966", "state": "CA", "county": "Tuolumne", "ftr_type": "Prospect Pit", "ftr_azimut": "0", "topo_name": "Tuolumne", "topo_date": "1948", "topo_scale": "62500", "compiledby": "USGS", "gda_id": "5504909", "scanid": "301880", "url": "https://mrdata.usgs.gov/usmin/show-usmin.php?type=point&id=501488", "_layer": "points"}}, {"type": "Feature", "geometry": {"type": "Point", "coordinates": [-120.243462, 37.754145]}, "properties": {"lowerCorner": "37.754145 -120.243462", "upperCorner": "37.754145 -120.243462", "state": "CA", "county": "Tuolumne", "ftr_type": "Prospect Pit", "ftr_azimut": "0", "topo_name": "Tuolumne", "topo_date": "1948", "topo_scale": "62500", "compiledby": "USGS", "gda_id": "5504909", "scanid": "301880", "url": "https://mrdata.usgs.gov/usmin/show-usmin.php?type=point&id=501498", "_layer": "points"}}, {"type": "Feature", "geometry": {"type": "Point", "coordinates": [-120.247626, 37.759571]}, "properties": {"lowerCorner": "37.759571 -120.247626", "upperCorner": "37.759571 -120.247626", "state": "CA", "county": "Tuolumne", "ftr_type": "Adit", "ftr_azimut": "8", "topo_name": "Groveland", "topo_date": "1947", "topo_scale": "24000", "compiledby": "CA Dept Conserv", "gda_id": "5514901", "scanid": "291049", "dir": "n", "url": "https://mrdata.usgs.gov/usmin/show-usmin.php?type=point&id=49218", "_layer": "points"}}, {"type": "Feature", "geometry": {"type": "Point", "coordinates": [-120.257379, 37.772488]}, "properties": {"lowerCorner": "37.772488 -120.257379", "upperCorner": "37.772488 -120.257379", "state": "CA", "county": "Tuolumne", "ftr_type": "Adit", "ftr_azimut": "40", "topo_name": "Sonora", "topo_date": "1948", "topo_scale": "62500", "compiledby": "USGS", "gda_id": "5958019", "scanid": "301739", "dir": "ne", "url": "https://mrdata.usgs.gov/usmin/show-usmin.php?type=point&id=490315", "_layer": "points"}}, {"type": "Feature", "geometry": {"type": "Point", "coordinates": [-120.24763, 37.757902]}, "properties": {"lowerCorner": "37.757902 -120.247630", "upperCorner": "37.757902 -120.247630", "state": "CA", "county": "Tuolumne", "ftr_type": "Adit", "ftr_azimut": "47", "topo_name": "Tuolumne", "topo_date": "1948", "topo_scale": "62500", "compiledby": "USGS", "gda_id": "5504909", "scanid": "301880", "dir": "ne", "url": "https://mrdata.usgs.gov/usmin/show-usmin.php?type=point&id=490347", "_layer": "points"}}, {"type": "Feature", "geometry": {"type": "Point", "coordinates": [-120.257131, 37.769865]}, "properties": {"lowerCorner": "37.769865 -120.257131", "upperCorner": "37.769865 -120.257131", "state": "CA", "county": "Tuolumne", "ftr_type": "Adit", "ftr_azimut": "115", "topo_name": "Moccasin", "topo_date": "1948", "topo_scale": "24000", "compiledby": "CA Dept Conserv", "gda_id": "5518665", "scanid": "293030", "dir": "se", "url": "https://mrdata.usgs.gov/usmin/show-usmin.php?type=point&id=49177", "_layer": "points"}}, {"type": "Feature", "geometry": {"type": "Point", "coordinates": [-120.243617, 37.753531]}, "properties": {"lowerCorner": "37.753531 -120.243617", "upperCorner": "37.753531 -120.243617", "state": "CA", "county": "Tuolumne", "ftr_type": "Adit", "ftr_azimut": "146", "topo_name": "Groveland", "topo_date": "1947", "topo_scale": "24000", "compiledby": "CA Dept Conserv", "gda_id": "5514901", "scanid": "291049", "dir": "se", "url": "https://mrdata.usgs.gov/usmin/show-usmin.php?type=point&id=49206", "_layer": "points"}}, {"type": "Feature", "geometry": {"type": "Point", "coordinates": [-120.243662, 37.753452]}, "properties": {"lowerCorner": "37.753452 -120.243662", "upperCorner": "37.753452 -120.243662", "state": "CA", "county": "Tuolumne", "ftr_type": "Adit", "ftr_azimut": "146", "topo_name": "Tuolumne", "topo_date": "1948", "topo_scale": "62500", "compiledby": "USGS", "gda_id": "5504909", "scanid": "301880", "dir": "se", "url": "https://mrdata.usgs.gov/usmin/show-usmin.php?type=point&id=490171", "_layer": "points"}}, {"type": "Feature", "geometry": {"type": "Point", "coordinates": [-120.24304, 37.752669]}, "properties": {"lowerCorner": "37.752669 -120.243040", "upperCorner": "37.752669 -120.243040", "state": "CA", "county": "Tuolumne", "ftr_type": "Adit", "ftr_azimut": "143", "topo_name": "Tuolumne", "topo_date": "1948", "topo_scale": "62500", "compiledby": "USGS", "gda_id": "5504909", "scanid": "301880", "dir": "se", "url": "https://mrdata.usgs.gov/usmin/show-usmin.php?type=point&id=490305", "_layer": "points"}}, {"type": "Feature", "geometry": {"type": "Point", "coordinates": [-120.25663, 37.770524]}, "properties": {"lowerCorner": "37.770524 -120.256630", "upperCorner": "37.770524 -120.256630", "state": "CA", "county": "Tuolumne", "ftr_type": "Adit", "ftr_azimut": "167", "topo_name": "Moccasin", "topo_date": "1948", "topo_scale": "24000", "compiledby": "CA Dept Conserv", "gda_id": "5518665", "scanid": "293030", "dir": "s", "url": "https://mrdata.usgs.gov/usmin/show-usmin.php?type=point&id=49192", "_layer": "points"}}, {"type": "Feature", "geometry": {"type": "Point", "coordinates": [-120.261305, 37.779794]}, "properties": {"lowerCorner": "37.779794 -120.261305", "upperCorner": "37.779794 -120.261305", "state": "CA", "county": "Tuolumne", "ftr_type": "Adit", "ftr_azimut": "175", "topo_name": "Sonora", "topo_date": "1948", "topo_scale": "62500", "compiledby": "USGS", "gda_id": "5958019", "scanid": "301739", "dir": "s", "url": "https://mrdata.usgs.gov/usmin/show-usmin.php?type=point&id=490277", "_layer": "points"}}, {"type": "Feature", "geometry": {"type": "Point", "coordinates": [-120.256523, 37.77034]}, "properties": {"lowerCorner": "37.770340 -120.256523", "upperCorner": "37.770340 -120.256523", "state": "CA", "county": "Tuolumne", "ftr_type": "Adit", "ftr_azimut": "164", "topo_name": "Sonora", "topo_date": "1948", "topo_scale": "62500", "compiledby": "USGS", "gda_id": "5958019", "scanid": "301739", "dir": "s", "url": "https://mrdata.usgs.gov/usmin/show-usmin.php?type=point&id=490313", "_layer": "points"}}, {"type": "Feature", "geometry": {"type": "Point", "coordinates": [-120.25443, 37.76837]}, "properties": {"lowerCorner": "37.768370 -120.254430", "upperCorner": "37.768370 -120.254430", "state": "CA", "county": "Tuolumne", "ftr_type": "Adit", "ftr_azimut": "225", "topo_name": "Sonora", "topo_date": "1948", "topo_scale": "62500", "compiledby": "USGS", "gda_id": "5958019", "scanid": "301739", "dir": "sw", "url": "https://mrdata.usgs.gov/usmin/show-usmin.php?type=point&id=490223", "_layer": "points"}}, {"type": "Feature", "geometry": {"type": "Point", "coordinates": [-120.253986, 37.767319]}, "properties": {"lowerCorner": "37.767319 -120.253986", "upperCorner": "37.767319 -120.253986", "state": "CA", "county": "Tuolumne", "ftr_type": "Adit", "ftr_azimut": "220", "topo_name": "Sonora", "topo_date": "1948", "topo_scale": "62500", "compiledby": "USGS", "gda_id": "5958019", "scanid": "301739", "dir": "sw", "url": "https://mrdata.usgs.gov/usmin/show-usmin.php?type=point&id=490294", "_layer": "points"}}, {"type": "Feature", "geometry": {"type": "Point", "coordinates": [-120.264791, 37.763381]}, "properties": {"lowerCorner": "37.763381 -120.264791", "upperCorner": "37.763381 -120.264791", "state": "CA", "county": "Tuolumne", "ftr_type": "Adit", "ftr_azimut": "266", "topo_name": "Moccasin", "topo_date": "1948", "topo_scale": "24000", "compiledby": "CA Dept Conserv", "gda_id": "5518665", "scanid": "293030", "dir": "w", "url": "https://mrdata.usgs.gov/usmin/show-usmin.php?type=point&id=49248", "_layer": "points"}}, {"type": "Feature", "geometry": {"type": "Point", "coordinates": [-120.251127, 37.762458]}, "properties": {"lowerCorner": "37.762458 -120.251127", "upperCorner": "37.762458 -120.251127", "state": "CA", "county": "Tuolumne", "ftr_type": "Adit", "ftr_azimut": "321", "topo_name": "Moccasin", "topo_date": "1948", "topo_scale": "24000", "compiledby": "CA Dept Conserv", "gda_id": "5518665", "scanid": "293030", "dir": "nw", "url": "https://mrdata.usgs.gov/usmin/show-usmin.php?type=point&id=49149", "_layer": "points"}}, {"type": "Feature", "geometry": {"type": "Point", "coordinates": [-120.251285, 37.762581]}, "properties": {"lowerCorner": "37.762581 -120.251285", "upperCorner": "37.762581 -120.251285", "state": "CA", "county": "Tuolumne", "ftr_type": "Adit", "ftr_azimut": "315", "topo_name": "Sonora", "topo_date": "1948", "topo_scale": "62500", "compiledby": "USGS", "gda_id": "5958019", "scanid": "301739", "dir": "nw", "url": "https://mrdata.usgs.gov/usmin/show-usmin.php?type=point&id=490232", "_layer": "points"}}, {"type": "Feature", "geometry": {"type": "Point", "coordinates": [-120.537376, 37.745508]}, "properties": {"lowerCorner": "37.745508 -120.537376", "upperCorner": "37.745508 -120.537376", "state": "CA", "county": "Tuolumne", "ftr_type": "Clay Pit", "ftr_azimut": "0", "topo_name": "Cooperstown", "topo_date": "1968", "topo_scale": "24000", "compiledby": "CA Dept Conserv", "gda_id": "5511473", "scanid": "100252", "url": "https://mrdata.usgs.gov/usmin/show-usmin.php?type=point&id=50816", "_layer": "points"}}, {"type": "Feature", "geometry": {"type": "Point", "coordinates": [-120.556664, 37.76338]}, "properties": {"lowerCorner": "37.763380 -120.556664", "upperCorner": "37.763380 -120.556664", "state": "CA", "county": "Tuolumne", "ftr_type": "Clay Pit", "ftr_azimut": "0", "topo_name": "Keystone", "topo_date": "1962", "topo_scale": "24000", "compiledby": "CA Dept Conserv", "gda_id": "5516461", "scanid": "291854", "url": "https://mrdata.usgs.gov/usmin/show-usmin.php?type=point&id=50817", "_layer": "points"}}, {"type": "Feature", "geometry": {"type": "Point", "coordinates": [-120.559491, 37.762829]}, "properties": {"lowerCorner": "37.762829 -120.559491", "upperCorner": "37.762829 -120.559491", "state": "CA", "county": "Tuolumne", "ftr_type": "Clay Pit", "ftr_azimut": "0", "topo_name": "Keystone", "topo_date": "1962", "topo_scale": "24000", "compiledby": "CA Dept Conserv", "gda_id": "5516461", "scanid": "291854", "url": "https://mrdata.usgs.gov/usmin/show-usmin.php?type=point&id=50818", "_layer": "points"}}, {"type": "Feature", "geometry": {"type": "Point", "coordinates": [-120.352416, 37.722967]}, "properties": {"lowerCorner": "37.722967 -120.352416", "upperCorner": "37.722967 -120.352416", "state": "CA", "county": "Tuolumne", "ftr_type": "Mine Shaft", "ftr_azimut": "0", "topo_name": "Penon Blanco Peak", "topo_date": "1962", "topo_scale": "24000", "compiledby": "CA Dept Conserv", "gda_id": "5520575", "scanid": "294044", "url": "https://mrdata.usgs.gov/usmin/show-usmin.php?type=point&id=58810", "_layer": "points"}}, {"type": "Feature", "geometry": {"type": "Point", "coordinates": [-120.344487, 37.712569]}, "properties": {"lowerCorner": "37.712569 -120.344487", "upperCorner": "37.712569 -120.344487", "state": "CA", "county": "Tuolumne", "ftr_type": "Mine Shaft", "ftr_azimut": "0", "topo_name": "Penon Blanco Peak", "topo_date": "1962", "topo_scale": "24000", "compiledby": "CA Dept Conserv", "gda_id": "5520575", "scanid": "294044", "url": "https://mrdata.usgs.gov/usmin/show-usmin.php?type=point&id=58811", "_layer": "points"}}, {"type": "Feature", "geometry": {"type": "Point", "coordinates": [-120.473688, 37.728874]}, "properties": {"lowerCorner": "37.728874 -120.473688", "upperCorner": "37.728874 -120.473688", "state": "CA", "county": "Tuolumne", "ftr_type": "Mine Shaft", "ftr_name": "Mitchell Mine", "ftr_azimut": "0", "topo_name": "La Grange", "topo_date": "1962", "topo_scale": "24000", "compiledby": "CA Dept Conserv", "gda_id": "5516665", "scanid": "291963", "url": "https://mrdata.usgs.gov/usmin/show-usmin.php?type=point&id=58814", "_layer": "points"}}, {"type": "Feature", "geometry": {"type": "Point", "coordinates": [-120.353445, 37.723476]}, "properties": {"lowerCorner": "37.723476 -120.353445", "upperCorner": "37.723476 -120.353445", "state": "CA", "county": "Tuolumne", "ftr_type": "Mine Shaft", "ftr_azimut": "0", "topo_name": "Penon Blanco Peak", "topo_date": "1962", "topo_scale": "24000", "compiledby": "CA Dept Conserv", "gda_id": "5520575", "scanid": "294044", "url": "https://mrdata.usgs.gov/usmin/show-usmin.php?type=point&id=58852", "_layer": "points"}}, {"type": "Feature", "geometry": {"type": "Point", "coordinates": [-120.454981, 37.720914]}, "properties": {"lowerCorner": "37.720914 -120.454981", "upperCorner": "37.720914 -120.454981", "state": "CA", "county": "Tuolumne", "ftr_type": "Mine Shaft", "ftr_name": "Oak Hill Mine", "ftr_azimut": "0", "topo_name": "La Grange", "topo_date": "1962", "topo_scale": "24000", "compiledby": "CA Dept Conserv", "gda_id": "5516665", "scanid": "291963", "url": "https://mrdata.usgs.gov/usmin/show-usmin.php?type=point&id=58855", "_layer": "points"}}, {"type": "Feature", "geometry": {"type": "Point", "coordinates": [-120.40777, 37.735191]}, "properties": {"lowerCorner": "37.735191 -120.407770", "upperCorner": "37.735191 -120.407770", "state": "CA", "county": "Tuolumne", "ftr_type": "Mine Shaft", "ftr_name": "Fortynine Mine", "ftr_azimut": "0", "topo_name": "La Grange", "topo_date": "1962", "topo_scale": "24000", "compiledby": "USGS", "gda_id": "5516665", "scanid": "291963", "url": "https://mrdata.usgs.gov/usmin/show-usmin.php?type=point&id=58864", "_layer": "points"}}, {"type": "Feature", "geometry": {"type": "Point", "coordinates": [-120.352733, 37.723128]}, "properties": {"lowerCorner": "37.723128 -120.352733", "upperCorner": "37.723128 -120.352733", "state": "CA", "county": "Tuolumne", "ftr_type": "Mine Shaft", "ftr_name": "Solambo Mine", "ftr_azimut": "0", "topo_name": "Penon Blanco Peak", "topo_date": "1962", "topo_scale": "24000", "compiledby": "CA Dept Conserv", "gda_id": "5520575", "scanid": "294044", "url": "https://mrdata.usgs.gov/usmin/show-usmin.php?type=point&id=58878", "_layer": "points"}}, {"type": "Feature", "geometry": {"type": "Point", "coordinates": [-120.455819, 37.721531]}, "properties": {"lowerCorner": "37.721531 -120.455819", "upperCorner": "37.721531 -120.455819", "state": "CA", "county": "Tuolumne", "ftr_type": "Mine Shaft", "ftr_azimut": "0", "topo_name": "La Grange", "topo_date": "1962", "topo_scale": "24000", "compiledby": "CA Dept Conserv", "gda_id": "5516665", "scanid": "291963", "url": "https://mrdata.usgs.gov/usmin/show-usmin.php?type=point&id=58881", "_layer": "points"}}, {"type": "Feature", "geometry": {"type": "Point", "coordinates": [-120.340879, 37.704224]}, "properties": {"lowerCorner": "37.704224 -120.340879", "upperCorner": "37.704224 -120.340879", "state": "CA", "county": "Tuolumne", "ftr_type": "Mine Shaft", "ftr_azimut": "0", "topo_name": "Penon Blanco Peak", "topo_date": "1962", "topo_scale": "24000", "compiledby": "CA Dept Conserv", "gda_id": "5520575", "scanid": "294044", "url": "https://mrdata.usgs.gov/usmin/show-usmin.php?type=point&id=58906", "_layer": "points"}}, {"type": "Feature", "geometry": {"type": "Point", "coordinates": [-120.368249, 37.685959]}, "properties": {"lowerCorner": "37.685959 -120.368249", "upperCorner": "37.685959 -120.368249", "state": "CA", "county": "Tuolumne", "ftr_type": "Prospect Pit", "ftr_azimut": "0", "topo_name": "Penon Blanco Peak", "topo_date": "1962", "topo_scale": "24000", "compiledby": "CA Dept Conserv", "gda_id": "5520575", "scanid": "294044", "url": "https://mrdata.usgs.gov/usmin/show-usmin.php?type=point&id=84686", "_layer": "points"}}, {"type": "Feature", "geometry": {"type": "Point", "coordinates": [-120.351329, 37.716683]}, "properties": {"lowerCorner": "37.716683 -120.351329", "upperCorner": "37.716683 -120.351329", "state": "CA", "county": "Tuolumne", "ftr_type": "Prospect Pit", "ftr_azimut": "0", "topo_name": "Penon Blanco Peak", "topo_date": "1962", "topo_scale": "24000", "compiledby": "CA Dept Conserv", "gda_id": "5520575", "scanid": "294044", "url": "https://mrdata.usgs.gov/usmin/show-usmin.php?type=point&id=84712", "_layer": "points"}}, {"type": "Feature", "geometry": {"type": "Point", "coordinates": [-120.351416, 37.72162]}, "properties": {"lowerCorner": "37.721620 -120.351416", "upperCorner": "37.721620 -120.351416", "state": "CA", "county": "Tuolumne", "ftr_type": "Prospect Pit", "ftr_azimut": "0", "topo_name": "Penon Blanco Peak", "topo_date": "1962", "topo_scale": "24000", "compiledby": "CA Dept Conserv", "gda_id": "5520575", "scanid": "294044", "url": "https://mrdata.usgs.gov/usmin/show-usmin.php?type=point&id=84762", "_layer": "points"}}, {"type": "Feature", "geometry": {"type": "Point", "coordinates": [-120.394513, 37.65949]}, "properties": {"lowerCorner": "37.659490 -120.394513", "upperCorner": "37.659490 -120.394513", "state": "CA", "county": "Tuolumne", "ftr_type": "Prospect Pit", "ftr_azimut": "0", "topo_name": "La Grange", "topo_date": "1962", "topo_scale": "24000", "compiledby": "CA Dept Conserv", "gda_id": "5516665", "scanid": "291963", "url": "https://mrdata.usgs.gov/usmin/show-usmin.php?type=point&id=84771", "_layer": "points"}}, {"type": "Feature", "geometry": {"type": "Point", "coordinates": [-120.36195, 37.735868]}, "properties": {"lowerCorner": "37.735868 -120.361950", "upperCorner": "37.735868 -120.361950", "state": "CA", "county": "Tuolumne", "ftr_type": "Prospect Pit", "ftr_azimut": "0", "topo_name": "Penon Blanco Peak", "topo_date": "1962", "topo_scale": "24000", "compiledby": "CA Dept Conserv", "gda_id": "5520575", "scanid": "294044", "url": "https://mrdata.usgs.gov/usmin/show-usmin.php?type=point&id=84784", "_layer": "points"}}, {"type": "Feature", "geometry": {"type": "Point", "coordinates": [-120.370534, 37.693105]}, "properties": {"lowerCorner": "37.693105 -120.370534", "upperCorner": "37.693105 -120.370534", "state": "CA", "county": "Tuolumne", "ftr_type": "Prospect Pit", "ftr_azimut": "0", "topo_name": "Penon Blanco Peak", "topo_date": "1962", "topo_scale": "24000", "compiledby": "CA Dept Conserv", "gda_id": "5520575", "scanid": "294044", "url": "https://mrdata.usgs.gov/usmin/show-usmin.php?type=point&id=84785", "_layer": "points"}}, {"type": "Feature", "geometry": {"type": "Point", "coordinates": [-120.368367, 37.685285]}, "properties": {"lowerCorner": "37.685285 -120.368367", "upperCorner": "37.685285 -120.368367", "state": "CA", "county": "Tuolumne", "ftr_type": "Prospect Pit", "ftr_azimut": "0", "topo_name": "Penon Blanco Peak", "topo_date": "1962", "topo_scale": "24000", "compiledby": "CA Dept Conserv", "gda_id": "5520575", "scanid": "294044", "url": "https://mrdata.usgs.gov/usmin/show-usmin.php?type=point&id=84786", "_layer": "points"}}, {"type": "Feature", "geometry": {"type": "Point", "coordinates": [-120.390401, 37.654543]}, "properties": {"lowerCorner": "37.654543 -120.390401", "upperCorner": "37.654543 -120.390401", "state": "CA", "county": "Tuolumne", "ftr_type": "Prospect Pit", "ftr_azimut": "0", "topo_name": "La Grange", "topo_date": "1962", "topo_scale": "24000", "compiledby": "CA Dept Conserv", "gda_id": "5516665", "scanid": "291963", "url": "https://mrdata.usgs.gov/usmin/show-usmin.php?type=point&id=84847", "_layer": "points"}}, {"type": "Feature", "geometry": {"type": "Point", "coordinates": [-120.395669, 37.660282]}, "properties": {"lowerCorner": "37.660282 -120.395669", "upperCorner": "37.660282 -120.395669", "state": "CA", "county": "Tuolumne", "ftr_type": "Prospect Pit", "ftr_azimut": "0", "topo_name": "La Grange", "topo_date": "1962", "topo_scale": "24000", "compiledby": "CA Dept Conserv", "gda_id": "5516665", "scanid": "291963", "url": "https://mrdata.usgs.gov/usmin/show-usmin.php?type=point&id=84856", "_layer": "points"}}, {"type": "Feature", "geometry": {"type": "Point", "coordinates": [-120.352519, 37.722913]}, "properties": {"lowerCorner": "37.722913 -120.352519", "upperCorner": "37.722913 -120.352519", "state": "CA", "county": "Tuolumne", "ftr_type": "Mine Shaft", "ftr_name": "Solambo Mine", "ftr_azimut": "0", "topo_name": "Merced Falls", "topo_date": "1962", "topo_scale": "62500", "compiledby": "USGS", "gda_id": "5502939", "scanid": "298167", "url": "https://mrdata.usgs.gov/usmin/show-usmin.php?type=point&id=494158", "_layer": "points"}}, {"type": "Feature", "geometry": {"type": "Point", "coordinates": [-120.454888, 37.720903]}, "properties": {"lowerCorner": "37.720903 -120.454888", "upperCorner": "37.720903 -120.454888", "state": "CA", "county": "Tuolumne", "ftr_type": "Mine Shaft", "ftr_name": "Oak Hill Mine", "ftr_azimut": "0", "topo_name": "Merced Falls", "topo_date": "1962", "topo_scale": "62500", "compiledby": "USGS", "gda_id": "5502939", "scanid": "298167", "url": "https://mrdata.usgs.gov/usmin/show-usmin.php?type=point&id=494221", "_layer": "points"}}, {"type": "Feature", "geometry": {"type": "Point", "coordinates": [-120.344304, 37.71259]}, "properties": {"lowerCorner": "37.712590 -120.344304", "upperCorner": "37.712590 -120.344304", "state": "CA", "county": "Tuolumne", "ftr_type": "Mine Shaft", "ftr_azimut": "0", "topo_name": "Merced Falls", "topo_date": "1962", "topo_scale": "62500", "compiledby": "USGS", "gda_id": "5502939", "scanid": "298167", "url": "https://mrdata.usgs.gov/usmin/show-usmin.php?type=point&id=494230", "_layer": "points"}}, {"type": "Feature", "geometry": {"type": "Point", "coordinates": [-120.408019, 37.735077]}, "properties": {"lowerCorner": "37.735077 -120.408019", "upperCorner": "37.735077 -120.408019", "state": "CA", "county": "Tuolumne", "ftr_type": "Open Pit Mine", "ftr_name": "Fortynine Mine", "ftr_azimut": "0", "topo_name": "Merced Falls", "topo_date": "1944", "topo_scale": "62500", "compiledby": "USGS", "gda_id": "5502935", "scanid": "298165", "url": "https://mrdata.usgs.gov/usmin/show-usmin.php?type=point&id=495071", "_layer": "points"}}, {"type": "Feature", "geometry": {"type": "Point", "coordinates": [-120.390687, 37.654786]}, "properties": {"lowerCorner": "37.654786 -120.390687", "upperCorner": "37.654786 -120.390687", "state": "CA", "county": "Tuolumne", "ftr_type": "Prospect Pit", "ftr_azimut": "0", "topo_name": "Merced Falls", "topo_date": "1944", "topo_scale": "62500", "compiledby": "USGS", "gda_id": "5502935", "scanid": "298165", "url": "https://mrdata.usgs.gov/usmin/show-usmin.php?type=point&id=501382", "_layer": "points"}}, {"type": "Feature", "geometry": {"type": "Point", "coordinates": [-120.315992, 37.73736]}, "properties": {"lowerCorner": "37.737360 -120.315992", "upperCorner": "37.737360 -120.315992", "state": "CA", "county": "Tuolumne", "ftr_type": "Prospect Pit", "ftr_azimut": "0", "topo_name": "Merced Falls", "topo_date": "1944", "topo_scale": "62500", "compiledby": "USGS", "gda_id": "5502935", "scanid": "298165", "url": "https://mrdata.usgs.gov/usmin/show-usmin.php?type=point&id=501405", "_layer": "points"}}, {"type": "Feature", "geometry": {"type": "Point", "coordinates": [-120.473955, 37.728785]}, "properties": {"lowerCorner": "37.728785 -120.473955", "upperCorner": "37.728785 -120.473955", "state": "CA", "county": "Tuolumne", "ftr_type": "Prospect Pit", "ftr_azimut": "0", "topo_name": "Merced Falls", "topo_date": "1954", "topo_scale": "62500", "compiledby": "USGS", "gda_id": "5502937", "scanid": "298166", "url": "https://mrdata.usgs.gov/usmin/show-usmin.php?type=point&id=501421", "_layer": "points"}}, {"type": "Feature", "geometry": {"type": "Point", "coordinates": [-120.3956, 37.66028]}, "properties": {"lowerCorner": "37.660280 -120.395600", "upperCorner": "37.660280 -120.395600", "state": "CA", "county": "Tuolumne", "ftr_type": "Prospect Pit", "ftr_azimut": "0", "topo_name": "Merced Falls", "topo_date": "1962", "topo_scale": "62500", "compiledby": "USGS", "gda_id": "5502939", "scanid": "298167", "url": "https://mrdata.usgs.gov/usmin/show-usmin.php?type=point&id=501430", "_layer": "points"}}, {"type": "Feature", "geometry": {"type": "Point", "coordinates": [-120.344668, 37.712259]}, "properties": {"lowerCorner": "37.712259 -120.344668", "upperCorner": "37.712259 -120.344668", "state": "CA", "county": "Tuolumne", "ftr_type": "Prospect Pit", "ftr_azimut": "0", "topo_name": "Merced Falls", "topo_date": "1944", "topo_scale": "62500", "compiledby": "USGS", "gda_id": "5502935", "scanid": "298165", "url": "https://mrdata.usgs.gov/usmin/show-usmin.php?type=point&id=501438", "_layer": "points"}}, {"type": "Feature", "geometry": {"type": "Point", "coordinates": [-120.348102, 37.677459]}, "properties": {"lowerCorner": "37.677459 -120.348102", "upperCorner": "37.677459 -120.348102", "state": "CA", "county": "Tuolumne", "ftr_type": "Prospect Pit", "ftr_azimut": "0", "topo_name": "Merced Falls", "topo_date": "1944", "topo_scale": "62500", "compiledby": "USGS", "gda_id": "5502935", "scanid": "298165", "url": "https://mrdata.usgs.gov/usmin/show-usmin.php?type=point&id=501469", "_layer": "points"}}, {"type": "Feature", "geometry": {"type": "Point", "coordinates": [-120.408067, 37.735312]}, "properties": {"lowerCorner": "37.735312 -120.408067", "upperCorner": "37.735312 -120.408067", "state": "CA", "county": "Tuolumne", "ftr_type": "Prospect Pit", "ftr_azimut": "0", "topo_name": "Merced Falls", "topo_date": "1954", "topo_scale": "62500", "compiledby": "USGS", "gda_id": "5502937", "scanid": "298166", "url": "https://mrdata.usgs.gov/usmin/show-usmin.php?type=point&id=501493", "_layer": "points"}}, {"type": "Feature", "geometry": {"type": "Point", "coordinates": [-120.32754, 37.732359]}, "properties": {"lowerCorner": "37.732359 -120.327540", "upperCorner": "37.732359 -120.327540", "state": "CA", "county": "Tuolumne", "ftr_type": "Prospect Pit", "ftr_name": "Buzzard Roost Mine", "ftr_azimut": "0", "topo_name": "Merced Falls", "topo_date": "1944", "topo_scale": "62500", "compiledby": "USGS", "gda_id": "5502935", "scanid": "298165", "url": "https://mrdata.usgs.gov/usmin/show-usmin.php?type=point&id=501507", "_layer": "points"}}, {"type": "Feature", "geometry": {"type": "Point", "coordinates": [-120.369913, 37.692875]}, "properties": {"lowerCorner": "37.692875 -120.369913", "upperCorner": "37.692875 -120.369913", "state": "CA", "county": "Tuolumne", "ftr_type": "Prospect Pit", "ftr_azimut": "0", "topo_name": "Merced Falls", "topo_date": "1944", "topo_scale": "62500", "compiledby": "USGS", "gda_id": "5502935", "scanid": "298165", "url": "https://mrdata.usgs.gov/usmin/show-usmin.php?type=point&id=501528", "_layer": "points"}}, {"type": "Feature", "geometry": {"type": "Point", "coordinates": [-120.351274, 37.716676]}, "properties": {"lowerCorner": "37.716676 -120.351274", "upperCorner": "37.716676 -120.351274", "state": "CA", "county": "Tuolumne", "ftr_type": "Prospect Pit", "ftr_azimut": "0", "topo_name": "Merced Falls", "topo_date": "1962", "topo_scale": "62500", "compiledby": "USGS", "gda_id": "5502939", "scanid": "298167", "url": "https://mrdata.usgs.gov/usmin/show-usmin.php?type=point&id=501531", "_layer": "points"}}, {"type": "Feature", "geometry": {"type": "Point", "coordinates": [-120.32751, 37.732408]}, "properties": {"lowerCorner": "37.732408 -120.327510", "upperCorner": "37.732408 -120.327510", "state": "CA", "county": "Tuolumne", "ftr_type": "Adit", "ftr_name": "Buzzard Roost Mine", "ftr_azimut": "266", "topo_name": "Penon Blanco Peak", "topo_date": "1962", "topo_scale": "24000", "compiledby": "CA Dept Conserv", "gda_id": "5520575", "scanid": "294044", "dir": "w", "url": "https://mrdata.usgs.gov/usmin/show-usmin.php?type=point&id=49111", "_layer": "points"}}, {"type": "Feature", "geometry": {"type": "Point", "coordinates": [-120.327515, 37.732333]}, "properties": {"lowerCorner": "37.732333 -120.327515", "upperCorner": "37.732333 -120.327515", "state": "CA", "county": "Tuolumne", "ftr_type": "Adit", "ftr_name": "Buzzard Roost Mine", "ftr_azimut": "267", "topo_name": "Merced Falls", "topo_date": "1962", "topo_scale": "62500", "compiledby": "USGS", "gda_id": "5502939", "scanid": "298167", "dir": "w", "url": "https://mrdata.usgs.gov/usmin/show-usmin.php?type=point&id=490253", "_layer": "points"}}, {"type": "Feature", "geometry": {"type": "Point", "coordinates": [-119.78939, 38.298672]}, "properties": {"lowerCorner": "38.298672 -119.789390", "upperCorner": "38.298672 -119.789390", "state": "CA", "county": "Tuolumne", "ftr_type": "Prospect Pit", "ftr_azimut": "0", "topo_name": "Dardanelles Cone", "topo_date": "1956", "topo_scale": "62500", "compiledby": "USGS", "gda_id": "5501401", "scanid": "297284", "url": "https://mrdata.usgs.gov/usmin/show-usmin.php?type=point&id=501429", "_layer": "points"}}, {"type": "Feature", "geometry": {"type": "Point", "coordinates": [-120.370597, 38.007277]}, "properties": {"lowerCorner": "38.007277 -120.370597", "upperCorner": "38.007277 -120.370597", "state": "CA", "county": "Tuolumne", "ftr_type": "Mine Shaft", "ftr_azimut": "0", "topo_name": "Columbia", "topo_date": "1948", "topo_scale": "62500", "compiledby": "USGS", "gda_id": "5501147", "scanid": "297139", "url": "https://mrdata.usgs.gov/usmin/show-usmin.php?type=point&id=494103", "_layer": "points"}}, {"type": "Feature", "geometry": {"type": "Point", "coordinates": [-120.35592, 38.14097]}, "properties": {"lowerCorner": "38.140970 -120.355920", "upperCorner": "38.140970 -120.355920", "state": "CA", "county": "Tuolumne", "ftr_type": "Mine Shaft", "ftr_azimut": "0", "topo_name": "Columbia", "topo_date": "1948", "topo_scale": "62500", "compiledby": "USGS", "gda_id": "5501147", "scanid": "297139", "url": "https://mrdata.usgs.gov/usmin/show-usmin.php?type=point&id=494105", "_layer": "points"}}, {"type": "Feature", "geometry": {"type": "Point", "coordinates": [-120.361624, 38.090924]}, "properties": {"lowerCorner": "38.090924 -120.361624", "upperCorner": "38.090924 -120.361624", "state": "CA", "county": "Tuolumne", "ftr_type": "Mine Shaft", "ftr_azimut": "0", "topo_name": "Columbia", "topo_date": "1948", "topo_scale": "62500", "compiledby": "USGS", "gda_id": "5501147", "scanid": "297139", "url": "https://mrdata.usgs.gov/usmin/show-usmin.php?type=point&id=494113", "_layer": "points"}}, {"type": "Feature", "geometry": {"type": "Point", "coordinates": [-120.365907, 38.049534]}, "properties": {"lowerCorner": "38.049534 -120.365907", "upperCorner": "38.049534 -120.365907", "state": "CA", "county": "Tuolumne", "ftr_type": "Mine Shaft", "ftr_name": "Shanghai Mine", "ftr_azimut": "0", "topo_name": "Columbia", "topo_date": "1948", "topo_scale": "62500", "compiledby": "USGS", "gda_id": "5501147", "scanid": "297139", "url": "https://mrdata.usgs.gov/usmin/show-usmin.php?type=point&id=494124", "_layer": "points"}}, {"type": "Feature", "geometry": {"type": "Point", "coordinates": [-120.382663, 37.988761]}, "properties": {"lowerCorner": "37.988761 -120.382663", "upperCorner": "37.988761 -120.382663", "state": "CA", "county": "Tuolumne", "ftr_type": "Mine Shaft", "ftr_azimut": "0", "topo_name": "Sonora", "topo_date": "1948", "topo_scale": "62500", "compiledby": "USGS", "gda_id": "5958019", "scanid": "301739", "url": "https://mrdata.usgs.gov/usmin/show-usmin.php?type=point&id=494134", "_layer": "points"}}, {"type": "Feature", "geometry": {"type": "Point", "coordinates": [-120.23682, 37.941342]}, "properties": {"lowerCorner": "37.941342 -120.236820", "upperCorner": "37.941342 -120.236820", "state": "CA", "county": "Tuolumne", "ftr_type": "Mine Shaft", "ftr_azimut": "0", "topo_name": "Tuolumne", "topo_date": "1948", "topo_scale": "62500", "compiledby": "USGS", "gda_id": "5504909", "scanid": "301880", "url": "https://mrdata.usgs.gov/usmin/show-usmin.php?type=point&id=494151", "_layer": "points"}}, {"type": "Feature", "geometry": {"type": "Point", "coordinates": [-120.398466, 38.066351]}, "properties": {"lowerCorner": "38.066351 -120.398466", "upperCorner": "38.066351 -120.398466", "state": "CA", "county": "Tuolumne", "ftr_type": "Mine Shaft", "ftr_azimut": "0", "topo_name": "Columbia", "topo_date": "1948", "topo_scale": "62500", "compiledby": "USGS", "gda_id": "5501147", "scanid": "297139", "url": "https://mrdata.usgs.gov/usmin/show-usmin.php?type=point&id=494154", "_layer": "points"}}, {"type": "Feature", "geometry": {"type": "Point", "coordinates": [-120.376875, 38.017239]}, "properties": {"lowerCorner": "38.017239 -120.376875", "upperCorner": "38.017239 -120.376875", "state": "CA", "county": "Tuolumne", "ftr_type": "Mine Shaft", "ftr_azimut": "0", "topo_name": "Columbia", "topo_date": "1948", "topo_scale": "62500", "compiledby": "USGS", "gda_id": "5501147", "scanid": "297139", "url": "https://mrdata.usgs.gov/usmin/show-usmin.php?type=point&id=494160", "_layer": "points"}}, {"type": "Feature", "geometry": {"type": "Point", "coordinates": [-120.320816, 38.086821]}, "properties": {"lowerCorner": "38.086821 -120.320816", "upperCorner": "38.086821 -120.320816", "state": "CA", "county": "Tuolumne", "ftr_type": "Mine Shaft", "ftr_azimut": "0", "topo_name": "Columbia", "topo_date": "1948", "topo_scale": "62500", "compiledby": "USGS", "gda_id": "5501147", "scanid": "297139", "url": "https://mrdata.usgs.gov/usmin/show-usmin.php?type=point&id=494162", "_layer": "points"}}, {"type": "Feature", "geometry": {"type": "Point", "coordinates": [-120.341235, 38.05688]}, "properties": {"lowerCorner": "38.056880 -120.341235", "upperCorner": "38.056880 -120.341235", "state": "CA", "county": "Tuolumne", "ftr_type": "Mine Shaft", "ftr_azimut": "0", "topo_name": "Columbia", "topo_date": "1948", "topo_scale": "62500", "compiledby": "USGS", "gda_id": "5501147", "scanid": "297139", "url": "https://mrdata.usgs.gov/usmin/show-usmin.php?type=point&id=494171", "_layer": "points"}}, {"type": "Feature", "geometry": {"type": "Point", "coordinates": [-120.385997, 38.017827]}, "properties": {"lowerCorner": "38.017827 -120.385997", "upperCorner": "38.017827 -120.385997", "state": "CA", "county": "Tuolumne", "ftr_type": "Mine Shaft", "ftr_azimut": "0", "topo_name": "Columbia", "topo_date": "1948", "topo_scale": "62500", "compiledby": "USGS", "gda_id": "5501147", "scanid": "297139", "url": "https://mrdata.usgs.gov/usmin/show-usmin.php?type=point&id=494190", "_layer": "points"}}, {"type": "Feature", "geometry": {"type": "Point", "coordinates": [-120.410418, 37.92674]}, "properties": {"lowerCorner": "37.926740 -120.410418", "upperCorner": "37.926740 -120.410418", "state": "CA", "county": "Tuolumne", "ftr_type": "Mine Shaft", "ftr_azimut": "0", "topo_name": "Sonora", "topo_date": "1948", "topo_scale": "62500", "compiledby": "USGS", "gda_id": "5958019", "scanid": "301739", "url": "https://mrdata.usgs.gov/usmin/show-usmin.php?type=point&id=494191", "_layer": "points"}}, {"type": "Feature", "geometry": {"type": "Point", "coordinates": [-120.375459, 37.953568]}, "properties": {"lowerCorner": "37.953568 -120.375459", "upperCorner": "37.953568 -120.375459", "state": "CA", "county": "Tuolumne", "ftr_type": "Mine Shaft", "ftr_azimut": "0", "topo_name": "Sonora", "topo_date": "1948", "topo_scale": "62500", "compiledby": "USGS", "gda_id": "5958019", "scanid": "301739", "url": "https://mrdata.usgs.gov/usmin/show-usmin.php?type=point&id=494202", "_layer": "points"}}, {"type": "Feature", "geometry": {"type": "Point", "coordinates": [-120.348745, 38.059257]}, "properties": {"lowerCorner": "38.059257 -120.348745", "upperCorner": "38.059257 -120.348745", "state": "CA", "county": "Tuolumne", "ftr_type": "Mine Shaft", "ftr_azimut": "0", "topo_name": "Columbia", "topo_date": "1948", "topo_scale": "62500", "compiledby": "USGS", "gda_id": "5501147", "scanid": "297139", "url": "https://mrdata.usgs.gov/usmin/show-usmin.php?type=point&id=494208", "_layer": "points"}}, {"type": "Feature", "geometry": {"type": "Point", "coordinates": [-120.305989, 38.089177]}, "properties": {"lowerCorner": "38.089177 -120.305989", "upperCorner": "38.089177 -120.305989", "state": "CA", "county": "Tuolumne", "ftr_type": "Mine Shaft", "ftr_azimut": "0", "topo_name": "Columbia", "topo_date": "1948", "topo_scale": "62500", "compiledby": "USGS", "gda_id": "5501147", "scanid": "297139", "url": "https://mrdata.usgs.gov/usmin/show-usmin.php?type=point&id=494227", "_layer": "points"}}, {"type": "Feature", "geometry": {"type": "Point", "coordinates": [-120.242587, 38.050623]}, "properties": {"lowerCorner": "38.050623 -120.242587", "upperCorner": "38.050623 -120.242587", "state": "CA", "county": "Tuolumne", "ftr_type": "Open Pit Mine", "ftr_name": "Thunderbolt Mine", "ftr_azimut": "0", "topo_name": "Long Barn", "topo_date": "1956", "topo_scale": "62500", "compiledby": "USGS", "gda_id": "5502745", "scanid": "298049", "url": "https://mrdata.usgs.gov/usmin/show-usmin.php?type=point&id=495077", "_layer": "points"}}, {"type": "Feature", "geometry": {"type": "Point", "coordinates": [-120.406837, 38.011345]}, "properties": {"lowerCorner": "38.011345 -120.406837", "upperCorner": "38.011345 -120.406837", "state": "CA", "county": "Tuolumne", "ftr_type": "Open Pit Mine or Quarry", "ftr_azimut": "0", "topo_name": "Columbia", "topo_date": "1948", "topo_scale": "62500", "compiledby": "USGS", "gda_id": "5501147", "scanid": "297139", "url": "https://mrdata.usgs.gov/usmin/show-usmin.php?type=point&id=496001", "_layer": "points"}}, {"type": "Feature", "geometry": {"type": "Point", "coordinates": [-120.403771, 38.020188]}, "properties": {"lowerCorner": "38.020188 -120.403771", "upperCorner": "38.020188 -120.403771", "state": "CA", "county": "Tuolumne", "ftr_type": "Open Pit Mine or Quarry", "ftr_azimut": "0", "topo_name": "Columbia", "topo_date": "1948", "topo_scale": "62500", "compiledby": "USGS", "gda_id": "5501147", "scanid": "297139", "url": "https://mrdata.usgs.gov/usmin/show-usmin.php?type=point&id=496003", "_layer": "points"}}, {"type": "Feature", "geometry": {"type": "Point", "coordinates": [-120.256595, 37.975563]}, "properties": {"lowerCorner": "37.975563 -120.256595", "upperCorner": "37.975563 -120.256595", "state": "CA", "county": "Tuolumne", "ftr_type": "Prospect Pit", "ftr_azimut": "0", "topo_name": "Sonora", "topo_date": "1948", "topo_scale": "62500", "compiledby": "USGS", "gda_id": "5958019", "scanid": "301739", "url": "https://mrdata.usgs.gov/usmin/show-usmin.php?type=point&id=501371", "_layer": "points"}}, {"type": "Feature", "geometry": {"type": "Point", "coordinates": [-120.369334, 38.055045]}, "properties": {"lowerCorner": "38.055045 -120.369334", "upperCorner": "38.055045 -120.369334", "state": "CA", "county": "Tuolumne", "ftr_type": "Prospect Pit", "ftr_azimut": "0", "topo_name": "Columbia", "topo_date": "1948", "topo_scale": "62500", "compiledby": "USGS", "gda_id": "5501147", "scanid": "297139", "url": "https://mrdata.usgs.gov/usmin/show-usmin.php?type=point&id=501377", "_layer": "points"}}, {"type": "Feature", "geometry": {"type": "Point", "coordinates": [-120.260661, 37.975255]}, "properties": {"lowerCorner": "37.975255 -120.260661", "upperCorner": "37.975255 -120.260661", "state": "CA", "county": "Tuolumne", "ftr_type": "Prospect Pit", "ftr_azimut": "0", "topo_name": "Sonora", "topo_date": "1948", "topo_scale": "62500", "compiledby": "USGS", "gda_id": "5958019", "scanid": "301739", "url": "https://mrdata.usgs.gov/usmin/show-usmin.php?type=point&id=501381", "_layer": "points"}}, {"type": "Feature", "geometry": {"type": "Point", "coordinates": [-120.246609, 37.967326]}, "properties": {"lowerCorner": "37.967326 -120.246609", "upperCorner": "37.967326 -120.246609", "state": "CA", "county": "Tuolumne", "ftr_type": "Prospect Pit", "ftr_azimut": "0", "topo_name": "Tuolumne", "topo_date": "1948", "topo_scale": "62500", "compiledby": "USGS", "gda_id": "5504909", "scanid": "301880", "url": "https://mrdata.usgs.gov/usmin/show-usmin.php?type=point&id=501407", "_layer": "points"}}, {"type": "Feature", "geometry": {"type": "Point", "coordinates": [-120.374212, 38.044028]}, "properties": {"lowerCorner": "38.044028 -120.374212", "upperCorner": "38.044028 -120.374212", "state": "CA", "county": "Tuolumne", "ftr_type": "Prospect Pit", "ftr_azimut": "0", "topo_name": "Columbia", "topo_date": "1948", "topo_scale": "62500", "compiledby": "USGS", "gda_id": "5501147", "scanid": "297139", "url": "https://mrdata.usgs.gov/usmin/show-usmin.php?type=point&id=501409", "_layer": "points"}}, {"type": "Feature", "geometry": {"type": "Point", "coordinates": [-120.29071, 37.954058]}, "properties": {"lowerCorner": "37.954058 -120.290710", "upperCorner": "37.954058 -120.290710", "state": "CA", "county": "Tuolumne", "ftr_type": "Prospect Pit", "ftr_azimut": "0", "topo_name": "Sonora", "topo_date": "1948", "topo_scale": "62500", "compiledby": "USGS", "gda_id": "5958019", "scanid": "301739", "url": "https://mrdata.usgs.gov/usmin/show-usmin.php?type=point&id=501423", "_layer": "points"}}, {"type": "Feature", "geometry": {"type": "Point", "coordinates": [-120.314223, 38.108403]}, "properties": {"lowerCorner": "38.108403 -120.314223", "upperCorner": "38.108403 -120.314223", "state": "CA", "county": "Tuolumne", "ftr_type": "Prospect Pit", "ftr_azimut": "0", "topo_name": "Columbia", "topo_date": "1948", "topo_scale": "62500", "compiledby": "USGS", "gda_id": "5501147", "scanid": "297139", "url": "https://mrdata.usgs.gov/usmin/show-usmin.php?type=point&id=501449", "_layer": "points"}}, {"type": "Feature", "geometry": {"type": "Point", "coordinates": [-120.292542, 37.948197]}, "properties": {"lowerCorner": "37.948197 -120.292542", "upperCorner": "37.948197 -120.292542", "state": "CA", "county": "Tuolumne", "ftr_type": "Prospect Pit", "ftr_azimut": "0", "topo_name": "Sonora", "topo_date": "1948", "topo_scale": "62500", "compiledby": "USGS", "gda_id": "5958019", "scanid": "301739", "url": "https://mrdata.usgs.gov/usmin/show-usmin.php?type=point&id=501458", "_layer": "points"}}, {"type": "Feature", "geometry": {"type": "Point", "coordinates": [-120.373898, 37.971598]}, "properties": {"lowerCorner": "37.971598 -120.373898", "upperCorner": "37.971598 -120.373898", "state": "CA", "county": "Tuolumne", "ftr_type": "Prospect Pit", "ftr_azimut": "0", "topo_name": "Sonora", "topo_date": "1948", "topo_scale": "62500", "compiledby": "USGS", "gda_id": "5958019", "scanid": "301739", "url": "https://mrdata.usgs.gov/usmin/show-usmin.php?type=point&id=501502", "_layer": "points"}}, {"type": "Feature", "geometry": {"type": "Point", "coordinates": [-120.35925, 38.095674]}, "properties": {"lowerCorner": "38.095674 -120.359250", "upperCorner": "38.095674 -120.359250", "state": "CA", "county": "Tuolumne", "ftr_type": "Prospect Pit", "ftr_azimut": "0", "topo_name": "Columbia", "topo_date": "1948", "topo_scale": "62500", "compiledby": "USGS", "gda_id": "5501147", "scanid": "297139", "url": "https://mrdata.usgs.gov/usmin/show-usmin.php?type=point&id=501505", "_layer": "points"}}, {"type": "Feature", "geometry": {"type": "Point", "coordinates": [-120.375188, 37.999429]}, "properties": {"lowerCorner": "37.999429 -120.375188", "upperCorner": "37.999429 -120.375188", "state": "CA", "county": "Tuolumne", "ftr_type": "Prospect Pit", "ftr_azimut": "0", "topo_name": "Sonora", "topo_date": "1948", "topo_scale": "62500", "compiledby": "USGS", "gda_id": "5958019", "scanid": "301739", "url": "https://mrdata.usgs.gov/usmin/show-usmin.php?type=point&id=501515", "_layer": "points"}}, {"type": "Feature", "geometry": {"type": "Point", "coordinates": [-120.384433, 38.062928]}, "properties": {"lowerCorner": "38.062928 -120.384433", "upperCorner": "38.062928 -120.384433", "state": "CA", "county": "Tuolumne", "ftr_type": "Quarry", "ftr_name": "Marble Quarry", "ftr_azimut": "0", "topo_name": "Columbia", "topo_date": "1948", "topo_scale": "62500", "compiledby": "USGS", "gda_id": "5501147", "scanid": "297139", "url": "https://mrdata.usgs.gov/usmin/show-usmin.php?type=point&id=501885", "_layer": "points"}}, {"type": "Feature", "geometry": {"type": "Point", "coordinates": [-120.287582, 38.094137]}, "properties": {"lowerCorner": "38.094137 -120.287582", "upperCorner": "38.094137 -120.287582", "state": "CA", "county": "Tuolumne", "ftr_type": "Adit", "ftr_azimut": "39", "topo_name": "Columbia SE", "topo_date": "1948", "topo_scale": "24000", "compiledby": "CA Dept Conserv", "gda_id": "5511347", "scanid": "289441", "dir": "ne", "url": "https://mrdata.usgs.gov/usmin/show-usmin.php?type=point&id=49127", "_layer": "points"}}, {"type": "Feature", "geometry": {"type": "Point", "coordinates": [-120.351371, 38.049627]}, "properties": {"lowerCorner": "38.049627 -120.351371", "upperCorner": "38.049627 -120.351371", "state": "CA", "county": "Tuolumne", "ftr_type": "Adit", "ftr_azimut": "59", "topo_name": "Columbia SE", "topo_date": "1948", "topo_scale": "24000", "compiledby": "CA Dept Conserv", "gda_id": "5511347", "scanid": "289441", "dir": "ne", "url": "https://mrdata.usgs.gov/usmin/show-usmin.php?type=point&id=49143", "_layer": "points"}}, {"type": "Feature", "geometry": {"type": "Point", "coordinates": [-120.350168, 38.050425]}, "properties": {"lowerCorner": "38.050425 -120.350168", "upperCorner": "38.050425 -120.350168", "state": "CA", "county": "Tuolumne", "ftr_type": "Adit", "ftr_azimut": "32", "topo_name": "Columbia SE", "topo_date": "1948", "topo_scale": "24000", "compiledby": "CA Dept Conserv", "gda_id": "5511347", "scanid": "289441", "dir": "ne", "url": "https://mrdata.usgs.gov/usmin/show-usmin.php?type=point&id=49173", "_layer": "points"}}, {"type": "Feature", "geometry": {"type": "Point", "coordinates": [-120.287084, 38.088343]}, "properties": {"lowerCorner": "38.088343 -120.287084", "upperCorner": "38.088343 -120.287084", "state": "CA", "county": "Tuolumne", "ftr_type": "Adit", "ftr_azimut": "41", "topo_name": "Columbia SE", "topo_date": "1948", "topo_scale": "24000", "compiledby": "CA Dept Conserv", "gda_id": "5511347", "scanid": "289441", "dir": "ne", "url": "https://mrdata.usgs.gov/usmin/show-usmin.php?type=point&id=49205", "_layer": "points"}}, {"type": "Feature", "geometry": {"type": "Point", "coordinates": [-120.351309, 38.06606]}, "properties": {"lowerCorner": "38.066060 -120.351309", "upperCorner": "38.066060 -120.351309", "state": "CA", "county": "Tuolumne", "ftr_type": "Adit", "ftr_azimut": "45", "topo_name": "Columbia SE", "topo_date": "1948", "topo_scale": "24000", "compiledby": "CA Dept Conserv", "gda_id": "5511347", "scanid": "289441", "dir": "ne", "url": "https://mrdata.usgs.gov/usmin/show-usmin.php?type=point&id=49208", "_layer": "points"}}, {"type": "Feature", "geometry": {"type": "Point", "coordinates": [-120.35094, 38.04986]}, "properties": {"lowerCorner": "38.049860 -120.350940", "upperCorner": "38.049860 -120.350940", "state": "CA", "county": "Tuolumne", "ftr_type": "Adit", "ftr_azimut": "56", "topo_name": "Columbia SE", "topo_date": "1948", "topo_scale": "24000", "compiledby": "CA Dept Conserv", "gda_id": "5511347", "scanid": "289441", "dir": "ne", "url": "https://mrdata.usgs.gov/usmin/show-usmin.php?type=point&id=49214", "_layer": "points"}}, {"type": "Feature", "geometry": {"type": "Point", "coordinates": [-120.350985, 38.049884]}, "properties": {"lowerCorner": "38.049884 -120.350985", "upperCorner": "38.049884 -120.350985", "state": "CA", "county": "Tuolumne", "ftr_type": "Adit", "ftr_azimut": "55", "topo_name": "Columbia", "topo_date": "1948", "topo_scale": "62500", "compiledby": "USGS", "gda_id": "5501147", "scanid": "297139", "dir": "ne", "url": "https://mrdata.usgs.gov/usmin/show-usmin.php?type=point&id=490175", "_layer": "points"}}, {"type": "Feature", "geometry": {"type": "Point", "coordinates": [-120.297348, 38.105805]}, "properties": {"lowerCorner": "38.105805 -120.297348", "upperCorner": "38.105805 -120.297348", "state": "CA", "county": "Tuolumne", "ftr_type": "Adit", "ftr_name": "Indian Girl Mine", "ftr_azimut": "34", "topo_name": "Columbia", "topo_date": "1948", "topo_scale": "62500", "compiledby": "USGS", "gda_id": "5501147", "scanid": "297139", "dir": "ne", "url": "https://mrdata.usgs.gov/usmin/show-usmin.php?type=point&id=490187", "_layer": "points"}}, {"type": "Feature", "geometry": {"type": "Point", "coordinates": [-120.349014, 38.06572]}, "properties": {"lowerCorner": "38.065720 -120.349014", "upperCorner": "38.065720 -120.349014", "state": "CA", "county": "Tuolumne", "ftr_type": "Adit", "ftr_name": "Mountain Lily Mine", "ftr_azimut": "48", "topo_name": "Columbia", "topo_date": "1948", "topo_scale": "62500", "compiledby": "USGS", "gda_id": "5501147", "scanid": "297139", "dir": "ne", "url": "https://mrdata.usgs.gov/usmin/show-usmin.php?type=point&id=490233", "_layer": "points"}}, {"type": "Feature", "geometry": {"type": "Point", "coordinates": [-120.287198, 38.088474]}, "properties": {"lowerCorner": "38.088474 -120.287198", "upperCorner": "38.088474 -120.287198", "state": "CA", "county": "Tuolumne", "ftr_type": "Adit", "ftr_azimut": "27", "topo_name": "Columbia", "topo_date": "1948", "topo_scale": "62500", "compiledby": "USGS", "gda_id": "5501147", "scanid": "297139", "dir": "ne", "url": "https://mrdata.usgs.gov/usmin/show-usmin.php?type=point&id=490237", "_layer": "points"}}, {"type": "Feature", "geometry": {"type": "Point", "coordinates": [-120.350189, 38.050474]}, "properties": {"lowerCorner": "38.050474 -120.350189", "upperCorner": "38.050474 -120.350189", "state": "CA", "county": "Tuolumne", "ftr_type": "Adit", "ftr_azimut": "26", "topo_name": "Columbia", "topo_date": "1948", "topo_scale": "62500", "compiledby": "USGS", "gda_id": "5501147", "scanid": "297139", "dir": "ne", "url": "https://mrdata.usgs.gov/usmin/show-usmin.php?type=point&id=490238", "_layer": "points"}}, {"type": "Feature", "geometry": {"type": "Point", "coordinates": [-120.296289, 38.089614]}, "properties": {"lowerCorner": "38.089614 -120.296289", "upperCorner": "38.089614 -120.296289", "state": "CA", "county": "Tuolumne", "ftr_type": "Adit", "ftr_name": "Sonnet Mine", "ftr_azimut": "67", "topo_name": "Columbia", "topo_date": "1948", "topo_scale": "62500", "compiledby": "USGS", "gda_id": "5501147", "scanid": "297139", "dir": "ne", "url": "https://mrdata.usgs.gov/usmin/show-usmin.php?type=point&id=490326", "_layer": "points"}}, {"type": "Feature", "geometry": {"type": "Point", "coordinates": [-120.349668, 38.050618]}, "properties": {"lowerCorner": "38.050618 -120.349668", "upperCorner": "38.050618 -120.349668", "state": "CA", "county": "Tuolumne", "ftr_type": "Adit", "ftr_azimut": "47", "topo_name": "Columbia", "topo_date": "1948", "topo_scale": "62500", "compiledby": "USGS", "gda_id": "5501147", "scanid": "297139", "dir": "ne", "url": "https://mrdata.usgs.gov/usmin/show-usmin.php?type=point&id=490339", "_layer": "points"}}, {"type": "Feature", "geometry": {"type": "Point", "coordinates": [-120.377865, 37.991807]}, "properties": {"lowerCorner": "37.991807 -120.377865", "upperCorner": "37.991807 -120.377865", "state": "CA", "county": "Tuolumne", "ftr_type": "Adit", "ftr_azimut": "104", "topo_name": "Sonora", "topo_date": "1948", "topo_scale": "24000", "compiledby": "CA Dept Conserv", "gda_id": "5523721", "scanid": "300602", "dir": "e", "url": "https://mrdata.usgs.gov/usmin/show-usmin.php?type=point&id=49170", "_layer": "points"}}, {"type": "Feature", "geometry": {"type": "Point", "coordinates": [-120.381485, 38.001751]}, "properties": {"lowerCorner": "38.001751 -120.381485", "upperCorner": "38.001751 -120.381485", "state": "CA", "county": "Tuolumne", "ftr_type": "Adit", "ftr_azimut": "105", "topo_name": "Columbia", "topo_date": "1948", "topo_scale": "24000", "compiledby": "CA Dept Conserv", "gda_id": "5511357", "scanid": "289433", "dir": "e", "url": "https://mrdata.usgs.gov/usmin/show-usmin.php?type=point&id=49174", "_layer": "points"}}, {"type": "Feature", "geometry": {"type": "Point", "coordinates": [-120.348358, 38.055475]}, "properties": {"lowerCorner": "38.055475 -120.348358", "upperCorner": "38.055475 -120.348358", "state": "CA", "county": "Tuolumne", "ftr_type": "Adit", "ftr_azimut": "73", "topo_name": "Columbia SE", "topo_date": "1948", "topo_scale": "24000", "compiledby": "CA Dept Conserv", "gda_id": "5511347", "scanid": "289441", "dir": "e", "url": "https://mrdata.usgs.gov/usmin/show-usmin.php?type=point&id=49203", "_layer": "points"}}, {"type": "Feature", "geometry": {"type": "Point", "coordinates": [-120.378089, 38.05838]}, "properties": {"lowerCorner": "38.058380 -120.378089", "upperCorner": "38.058380 -120.378089", "state": "CA", "county": "Tuolumne", "ftr_type": "Adit", "ftr_azimut": "82", "topo_name": "Columbia", "topo_date": "1948", "topo_scale": "24000", "compiledby": "CA Dept Conserv", "gda_id": "5511357", "scanid": "289433", "dir": "e", "url": "https://mrdata.usgs.gov/usmin/show-usmin.php?type=point&id=49236", "_layer": "points"}}, {"type": "Feature", "geometry": {"type": "Point", "coordinates": [-120.388112, 38.018653]}, "properties": {"lowerCorner": "38.018653 -120.388112", "upperCorner": "38.018653 -120.388112", "state": "CA", "county": "Tuolumne", "ftr_type": "Adit", "ftr_azimut": "85", "topo_name": "Columbia", "topo_date": "1948", "topo_scale": "24000", "compiledby": "CA Dept Conserv", "gda_id": "5511357", "scanid": "289433", "dir": "e", "url": "https://mrdata.usgs.gov/usmin/show-usmin.php?type=point&id=49254", "_layer": "points"}}, {"type": "Feature", "geometry": {"type": "Point", "coordinates": [-120.381424, 38.001797]}, "properties": {"lowerCorner": "38.001797 -120.381424", "upperCorner": "38.001797 -120.381424", "state": "CA", "county": "Tuolumne", "ftr_type": "Adit", "ftr_azimut": "101", "topo_name": "Columbia", "topo_date": "1948", "topo_scale": "62500", "compiledby": "USGS", "gda_id": "5501147", "scanid": "297139", "dir": "e", "url": "https://mrdata.usgs.gov/usmin/show-usmin.php?type=point&id=490239", "_layer": "points"}}, {"type": "Feature", "geometry": {"type": "Point", "coordinates": [-120.357023, 38.062943]}, "properties": {"lowerCorner": "38.062943 -120.357023", "upperCorner": "38.062943 -120.357023", "state": "CA", "county": "Tuolumne", "ftr_type": "Adit", "ftr_azimut": "106", "topo_name": "Columbia", "topo_date": "1948", "topo_scale": "62500", "compiledby": "USGS", "gda_id": "5501147", "scanid": "297139", "dir": "e", "url": "https://mrdata.usgs.gov/usmin/show-usmin.php?type=point&id=490266", "_layer": "points"}}, {"type": "Feature", "geometry": {"type": "Point", "coordinates": [-120.375082, 38.065756]}, "properties": {"lowerCorner": "38.065756 -120.375082", "upperCorner": "38.065756 -120.375082", "state": "CA", "county": "Tuolumne", "ftr_type": "Adit", "ftr_azimut": "154", "topo_name": "Columbia SE", "topo_date": "1948", "topo_scale": "24000", "compiledby": "CA Dept Conserv", "gda_id": "5511347", "scanid": "289441", "dir": "se", "url": "https://mrdata.usgs.gov/usmin/show-usmin.php?type=point&id=49150", "_layer": "points"}}, {"type": "Feature", "geometry": {"type": "Point", "coordinates": [-120.34103, 38.059256]}, "properties": {"lowerCorner": "38.059256 -120.341030", "upperCorner": "38.059256 -120.341030", "state": "CA", "county": "Tuolumne", "ftr_type": "Adit", "ftr_azimut": "153", "topo_name": "Columbia SE", "topo_date": "1948", "topo_scale": "24000", "compiledby": "CA Dept Conserv", "gda_id": "5511347", "scanid": "289441", "dir": "se", "url": "https://mrdata.usgs.gov/usmin/show-usmin.php?type=point&id=49152", "_layer": "points"}}, {"type": "Feature", "geometry": {"type": "Point", "coordinates": [-120.351711, 38.054024]}, "properties": {"lowerCorner": "38.054024 -120.351711", "upperCorner": "38.054024 -120.351711", "state": "CA", "county": "Tuolumne", "ftr_type": "Adit", "ftr_azimut": "142", "topo_name": "Columbia SE", "topo_date": "1948", "topo_scale": "24000", "compiledby": "CA Dept Conserv", "gda_id": "5511347", "scanid": "289441", "dir": "se", "url": "https://mrdata.usgs.gov/usmin/show-usmin.php?type=point&id=49216", "_layer": "points"}}, {"type": "Feature", "geometry": {"type": "Point", "coordinates": [-120.378114, 38.059529]}, "properties": {"lowerCorner": "38.059529 -120.378114", "upperCorner": "38.059529 -120.378114", "state": "CA", "county": "Tuolumne", "ftr_type": "Adit", "ftr_azimut": "121", "topo_name": "Columbia", "topo_date": "1948", "topo_scale": "24000", "compiledby": "CA Dept Conserv", "gda_id": "5511357", "scanid": "289433", "dir": "se", "url": "https://mrdata.usgs.gov/usmin/show-usmin.php?type=point&id=49229", "_layer": "points"}}, {"type": "Feature", "geometry": {"type": "Point", "coordinates": [-120.37773, 38.015594]}, "properties": {"lowerCorner": "38.015594 -120.377730", "upperCorner": "38.015594 -120.377730", "state": "CA", "county": "Tuolumne", "ftr_type": "Adit", "ftr_name": "Ford Mine", "ftr_azimut": "140", "topo_name": "Columbia", "topo_date": "1948", "topo_scale": "24000", "compiledby": "CA Dept Conserv", "gda_id": "5511357", "scanid": "289433", "dir": "se", "url": "https://mrdata.usgs.gov/usmin/show-usmin.php?type=point&id=49286", "_layer": "points"}}, {"type": "Feature", "geometry": {"type": "Point", "coordinates": [-120.352123, 38.054011]}, "properties": {"lowerCorner": "38.054011 -120.352123", "upperCorner": "38.054011 -120.352123", "state": "CA", "county": "Tuolumne", "ftr_type": "Adit", "ftr_name": "Rifle Mine", "ftr_azimut": "139", "topo_name": "Columbia", "topo_date": "1948", "topo_scale": "62500", "compiledby": "USGS", "gda_id": "5501147", "scanid": "297139", "dir": "se", "url": "https://mrdata.usgs.gov/usmin/show-usmin.php?type=point&id=490228", "_layer": "points"}}, {"type": "Feature", "geometry": {"type": "Point", "coordinates": [-120.377692, 37.991447]}, "properties": {"lowerCorner": "37.991447 -120.377692", "upperCorner": "37.991447 -120.377692", "state": "CA", "county": "Tuolumne", "ftr_type": "Adit", "ftr_azimut": "119", "topo_name": "Sonora", "topo_date": "1948", "topo_scale": "62500", "compiledby": "USGS", "gda_id": "5958019", "scanid": "301739", "dir": "se", "url": "https://mrdata.usgs.gov/usmin/show-usmin.php?type=point&id=490245", "_layer": "points"}}, {"type": "Feature", "geometry": {"type": "Point", "coordinates": [-120.37818, 38.059507]}, "properties": {"lowerCorner": "38.059507 -120.378180", "upperCorner": "38.059507 -120.378180", "state": "CA", "county": "Tuolumne", "ftr_type": "Adit", "ftr_azimut": "121", "topo_name": "Columbia", "topo_date": "1948", "topo_scale": "62500", "compiledby": "USGS", "gda_id": "5501147", "scanid": "297139", "dir": "se", "url": "https://mrdata.usgs.gov/usmin/show-usmin.php?type=point&id=490281", "_layer": "points"}}, {"type": "Feature", "geometry": {"type": "Point", "coordinates": [-120.354776, 38.053298]}, "properties": {"lowerCorner": "38.053298 -120.354776", "upperCorner": "38.053298 -120.354776", "state": "CA", "county": "Tuolumne", "ftr_type": "Adit", "ftr_azimut": "143", "topo_name": "Columbia", "topo_date": "1948", "topo_scale": "62500", "compiledby": "USGS", "gda_id": "5501147", "scanid": "297139", "dir": "se", "url": "https://mrdata.usgs.gov/usmin/show-usmin.php?type=point&id=490284", "_layer": "points"}}, {"type": "Feature", "geometry": {"type": "Point", "coordinates": [-120.377855, 38.061307]}, "properties": {"lowerCorner": "38.061307 -120.377855", "upperCorner": "38.061307 -120.377855", "state": "CA", "county": "Tuolumne", "ftr_type": "Adit", "ftr_azimut": "171", "topo_name": "Columbia", "topo_date": "1948", "topo_scale": "24000", "compiledby": "CA Dept Conserv", "gda_id": "5511357", "scanid": "289433", "dir": "s", "url": "https://mrdata.usgs.gov/usmin/show-usmin.php?type=point&id=49146", "_layer": "points"}}, {"type": "Feature", "geometry": {"type": "Point", "coordinates": [-120.349266, 38.060021]}, "properties": {"lowerCorner": "38.060021 -120.349266", "upperCorner": "38.060021 -120.349266", "state": "CA", "county": "Tuolumne", "ftr_type": "Adit", "ftr_azimut": "169", "topo_name": "Columbia", "topo_date": "1948", "topo_scale": "62500", "compiledby": "USGS", "gda_id": "5501147", "scanid": "297139", "dir": "s", "url": "https://mrdata.usgs.gov/usmin/show-usmin.php?type=point&id=490227", "_layer": "points"}}, {"type": "Feature", "geometry": {"type": "Point", "coordinates": [-120.341578, 38.057579]}, "properties": {"lowerCorner": "38.057579 -120.341578", "upperCorner": "38.057579 -120.341578", "state": "CA", "county": "Tuolumne", "ftr_type": "Adit", "ftr_azimut": "196", "topo_name": "Columbia", "topo_date": "1948", "topo_scale": "62500", "compiledby": "USGS", "gda_id": "5501147", "scanid": "297139", "dir": "s", "url": "https://mrdata.usgs.gov/usmin/show-usmin.php?type=point&id=490251", "_layer": "points"}}, {"type": "Feature", "geometry": {"type": "Point", "coordinates": [-120.349136, 38.061766]}, "properties": {"lowerCorner": "38.061766 -120.349136", "upperCorner": "38.061766 -120.349136", "state": "CA", "county": "Tuolumne", "ftr_type": "Adit", "ftr_azimut": "203", "topo_name": "Columbia SE", "topo_date": "1948", "topo_scale": "24000", "compiledby": "CA Dept Conserv", "gda_id": "5511347", "scanid": "289441", "dir": "sw", "url": "https://mrdata.usgs.gov/usmin/show-usmin.php?type=point&id=49221", "_layer": "points"}}, {"type": "Feature", "geometry": {"type": "Point", "coordinates": [-120.353678, 38.053869]}, "properties": {"lowerCorner": "38.053869 -120.353678", "upperCorner": "38.053869 -120.353678", "state": "CA", "county": "Tuolumne", "ftr_type": "Adit", "ftr_azimut": "219", "topo_name": "Columbia SE", "topo_date": "1948", "topo_scale": "24000", "compiledby": "CA Dept Conserv", "gda_id": "5511347", "scanid": "289441", "dir": "sw", "url": "https://mrdata.usgs.gov/usmin/show-usmin.php?type=point&id=49230", "_layer": "points"}}, {"type": "Feature", "geometry": {"type": "Point", "coordinates": [-120.349568, 38.061301]}, "properties": {"lowerCorner": "38.061301 -120.349568", "upperCorner": "38.061301 -120.349568", "state": "CA", "county": "Tuolumne", "ftr_type": "Adit", "ftr_azimut": "232", "topo_name": "Columbia SE", "topo_date": "1948", "topo_scale": "24000", "compiledby": "CA Dept Conserv", "gda_id": "5511347", "scanid": "289441", "dir": "sw", "url": "https://mrdata.usgs.gov/usmin/show-usmin.php?type=point&id=49234", "_layer": "points"}}, {"type": "Feature", "geometry": {"type": "Point", "coordinates": [-120.329268, 38.058499]}, "properties": {"lowerCorner": "38.058499 -120.329268", "upperCorner": "38.058499 -120.329268", "state": "CA", "county": "Tuolumne", "ftr_type": "Adit", "ftr_name": "Volunteer Mine", "ftr_azimut": "210", "topo_name": "Columbia SE", "topo_date": "1948", "topo_scale": "24000", "compiledby": "CA Dept Conserv", "gda_id": "5511347", "scanid": "289441", "dir": "sw", "url": "https://mrdata.usgs.gov/usmin/show-usmin.php?type=point&id=49275", "_layer": "points"}}, {"type": "Feature", "geometry": {"type": "Point", "coordinates": [-120.362327, 38.057857]}, "properties": {"lowerCorner": "38.057857 -120.362327", "upperCorner": "38.057857 -120.362327", "state": "CA", "county": "Tuolumne", "ftr_type": "Adit", "ftr_azimut": "204", "topo_name": "Columbia", "topo_date": "1948", "topo_scale": "62500", "compiledby": "USGS", "gda_id": "5501147", "scanid": "297139", "dir": "sw", "url": "https://mrdata.usgs.gov/usmin/show-usmin.php?type=point&id=490334", "_layer": "points"}}, {"type": "Feature", "geometry": {"type": "Point", "coordinates": [-120.291655, 38.089521]}, "properties": {"lowerCorner": "38.089521 -120.291655", "upperCorner": "38.089521 -120.291655", "state": "CA", "county": "Tuolumne", "ftr_type": "Adit", "ftr_name": "Lucky Strike Mine", "ftr_azimut": "289", "topo_name": "Columbia SE", "topo_date": "1948", "topo_scale": "24000", "compiledby": "CA Dept Conserv", "gda_id": "5511347", "scanid": "289441", "dir": "w", "url": "https://mrdata.usgs.gov/usmin/show-usmin.php?type=point&id=49128", "_layer": "points"}}, {"type": "Feature", "geometry": {"type": "Point", "coordinates": [-120.395589, 37.968864]}, "properties": {"lowerCorner": "37.968864 -120.395589", "upperCorner": "37.968864 -120.395589", "state": "CA", "county": "Tuolumne", "ftr_type": "Adit", "ftr_azimut": "271", "topo_name": "Sonora", "topo_date": "1948", "topo_scale": "62500", "compiledby": "USGS", "gda_id": "5958019", "scanid": "301739", "dir": "w", "url": "https://mrdata.usgs.gov/usmin/show-usmin.php?type=point&id=490186", "_layer": "points"}}, {"type": "Feature", "geometry": {"type": "Point", "coordinates": [-120.291859, 38.089595]}, "properties": {"lowerCorner": "38.089595 -120.291859", "upperCorner": "38.089595 -120.291859", "state": "CA", "county": "Tuolumne", "ftr_type": "Adit", "ftr_name": "Lucky Strike Mine", "ftr_azimut": "284", "topo_name": "Columbia", "topo_date": "1948", "topo_scale": "62500", "compiledby": "USGS", "gda_id": "5501147", "scanid": "297139", "dir": "w", "url": "https://mrdata.usgs.gov/usmin/show-usmin.php?type=point&id=490189", "_layer": "points"}}, {"type": "Feature", "geometry": {"type": "Point", "coordinates": [-120.293476, 38.0913]}, "properties": {"lowerCorner": "38.091300 -120.293476", "upperCorner": "38.091300 -120.293476", "state": "CA", "county": "Tuolumne", "ftr_type": "Adit", "ftr_name": "Gold Ridge Mine", "ftr_azimut": "329", "topo_name": "Columbia SE", "topo_date": "1948", "topo_scale": "24000", "compiledby": "CA Dept Conserv", "gda_id": "5511347", "scanid": "289441", "dir": "nw", "url": "https://mrdata.usgs.gov/usmin/show-usmin.php?type=point&id=49304", "_layer": "points"}}, {"type": "Feature", "geometry": {"type": "Point", "coordinates": [-120.365116, 38.052557]}, "properties": {"lowerCorner": "38.052557 -120.365116", "upperCorner": "38.052557 -120.365116", "state": "CA", "county": "Tuolumne", "ftr_type": "Adit", "ftr_azimut": "322", "topo_name": "Columbia", "topo_date": "1948", "topo_scale": "62500", "compiledby": "USGS", "gda_id": "5501147", "scanid": "297139", "dir": "nw", "url": "https://mrdata.usgs.gov/usmin/show-usmin.php?type=point&id=490170", "_layer": "points"}}, {"type": "Feature", "geometry": {"type": "Point", "coordinates": [-120.293607, 38.091323]}, "properties": {"lowerCorner": "38.091323 -120.293607", "upperCorner": "38.091323 -120.293607", "state": "CA", "county": "Tuolumne", "ftr_type": "Adit", "ftr_name": "Gold Ridge Mine", "ftr_azimut": "337", "topo_name": "Columbia", "topo_date": "1948", "topo_scale": "62500", "compiledby": "USGS", "gda_id": "5501147", "scanid": "297139", "dir": "nw", "url": "https://mrdata.usgs.gov/usmin/show-usmin.php?type=point&id=490210", "_layer": "points"}}, {"type": "Feature", "geometry": {"type": "Point", "coordinates": [-120.176134, 37.96405]}, "properties": {"lowerCorner": "37.964050 -120.176134", "upperCorner": "37.964050 -120.176134", "state": "CA", "county": "Tuolumne", "ftr_type": "Mine Shaft", "ftr_name": "Aqua Caliente Mine", "ftr_azimut": "0", "topo_name": "Tuolumne", "topo_date": "1948", "topo_scale": "62500", "compiledby": "USGS", "gda_id": "5504909", "scanid": "301880", "url": "https://mrdata.usgs.gov/usmin/show-usmin.php?type=point&id=494098", "_layer": "points"}}, {"type": "Feature", "geometry": {"type": "Point", "coordinates": [-119.210087, 37.855925]}, "properties": {"lowerCorner": "37.855925 -119.210087", "upperCorner": "37.855925 -119.210087", "state": "CA", "county": "Tuolumne", "ftr_type": "Mine Shaft", "ftr_azimut": "0", "topo_name": "Mono Craters", "topo_date": "1953", "topo_scale": "62500", "compiledby": "USGS", "gda_id": "5503047", "scanid": "298220", "url": "https://mrdata.usgs.gov/usmin/show-usmin.php?type=point&id=494125", "_layer": "points"}}, {"type": "Feature", "geometry": {"type": "Point", "coordinates": [-120.210361, 37.928163]}, "properties": {"lowerCorner": "37.928163 -120.210361", "upperCorner": "37.928163 -120.210361", "state": "CA", "county": "Tuolumne", "ftr_type": "Mine Shaft", "ftr_name": "Hattie Ester Mine", "ftr_azimut": "0", "topo_name": "Tuolumne", "topo_date": "1948", "topo_scale": "62500", "compiledby": "USGS", "gda_id": "5504909", "scanid": "301880", "url": "https://mrdata.usgs.gov/usmin/show-usmin.php?type=point&id=494127", "_layer": "points"}}, {"type": "Feature", "geometry": {"type": "Point", "coordinates": [-119.910263, 37.813346]}, "properties": {"lowerCorner": "37.813346 -119.910263", "upperCorner": "37.813346 -119.910263", "state": "CA", "county": "Tuolumne", "ftr_type": "Mine Shaft", "ftr_azimut": "0", "topo_name": "Lake Eleanor", "topo_date": "1956", "topo_scale": "62500", "compiledby": "USGS", "gda_id": "5502553", "scanid": "297937", "url": "https://mrdata.usgs.gov/usmin/show-usmin.php?type=point&id=494167", "_layer": "points"}}, {"type": "Feature", "geometry": {"type": "Point", "coordinates": [-120.168781, 38.059309]}, "properties": {"lowerCorner": "38.059309 -120.168781", "upperCorner": "38.059309 -120.168781", "state": "CA", "county": "Tuolumne", "ftr_type": "Mine Shaft", "ftr_azimut": "0", "topo_name": "Long Barn", "topo_date": "1956", "topo_scale": "62500", "compiledby": "USGS", "gda_id": "5502745", "scanid": "298049", "url": "https://mrdata.usgs.gov/usmin/show-usmin.php?type=point&id=494184", "_layer": "points"}}, {"type": "Feature", "geometry": {"type": "Point", "coordinates": [-120.121142, 37.835005]}, "properties": {"lowerCorner": "37.835005 -120.121142", "upperCorner": "37.835005 -120.121142", "state": "CA", "county": "Tuolumne", "ftr_type": "Mine Shaft", "ftr_name": "Gold Queen Mine", "ftr_azimut": "0", "topo_name": "Tuolumne", "topo_date": "1948", "topo_scale": "62500", "compiledby": "USGS", "gda_id": "5504909", "scanid": "301880", "url": "https://mrdata.usgs.gov/usmin/show-usmin.php?type=point&id=494194", "_layer": "points"}}, {"type": "Feature", "geometry": {"type": "Point", "coordinates": [-120.21379, 38.04034]}, "properties": {"lowerCorner": "38.040340 -120.213790", "upperCorner": "38.040340 -120.213790", "state": "CA", "county": "Tuolumne", "ftr_type": "Open Pit Mine", "ftr_name": "Geraldine Mine", "ftr_azimut": "0", "topo_name": "Long Barn", "topo_date": "1956", "topo_scale": "62500", "compiledby": "USGS", "gda_id": "5502745", "scanid": "298049", "url": "https://mrdata.usgs.gov/usmin/show-usmin.php?type=point&id=495073", "_layer": "points"}}, {"type": "Feature", "geometry": {"type": "Point", "coordinates": [-120.212708, 38.070281]}, "properties": {"lowerCorner": "38.070281 -120.212708", "upperCorner": "38.070281 -120.212708", "state": "CA", "county": "Tuolumne", "ftr_type": "Open Pit Mine", "ftr_name": "Red Cloud Mine", "ftr_azimut": "0", "topo_name": "Long Barn", "topo_date": "1956", "topo_scale": "62500", "compiledby": "USGS", "gda_id": "5502745", "scanid": "298049", "url": "https://mrdata.usgs.gov/usmin/show-usmin.php?type=point&id=495075", "_layer": "points"}}, {"type": "Feature", "geometry": {"type": "Point", "coordinates": [-119.885479, 37.82911]}, "properties": {"lowerCorner": "37.829110 -119.885479", "upperCorner": "37.829110 -119.885479", "state": "CA", "county": "Tuolumne", "ftr_type": "Open Pit Mine", "ftr_name": "Five Star Mine", "ftr_azimut": "0", "topo_name": "Lake Eleanor", "topo_date": "1956", "topo_scale": "62500", "compiledby": "USGS", "gda_id": "5502553", "scanid": "297937", "url": "https://mrdata.usgs.gov/usmin/show-usmin.php?type=point&id=495080", "_layer": "points"}}, {"type": "Feature", "geometry": {"type": "Point", "coordinates": [-119.9884, 38.176811]}, "properties": {"lowerCorner": "38.176811 -119.988400", "upperCorner": "38.176811 -119.988400", "state": "CA", "county": "Tuolumne", "ftr_type": "Open Pit Mine or Quarry", "ftr_azimut": "0", "topo_name": "Pinecrest", "topo_date": "1956", "topo_scale": "62500", "compiledby": "USGS", "gda_id": "5503655", "scanid": "298554", "url": "https://mrdata.usgs.gov/usmin/show-usmin.php?type=point&id=496007", "_layer": "points"}}, {"type": "Feature", "geometry": {"type": "Point", "coordinates": [-120.213947, 37.92645]}, "properties": {"lowerCorner": "37.926450 -120.213947", "upperCorner": "37.926450 -120.213947", "state": "CA", "county": "Tuolumne", "ftr_type": "Prospect Pit", "ftr_azimut": "0", "topo_name": "Tuolumne", "topo_date": "1948", "topo_scale": "62500", "compiledby": "USGS", "gda_id": "5504909", "scanid": "301880", "url": "https://mrdata.usgs.gov/usmin/show-usmin.php?type=point&id=501383", "_layer": "points"}}, {"type": "Feature", "geometry": {"type": "Point", "coordinates": [-119.879895, 37.798109]}, "properties": {"lowerCorner": "37.798109 -119.879895", "upperCorner": "37.798109 -119.879895", "state": "CA", "county": "Tuolumne", "ftr_type": "Prospect Pit", "ftr_azimut": "0", "topo_name": "Lake Eleanor", "topo_date": "1956", "topo_scale": "62500", "compiledby": "USGS", "gda_id": "5502553", "scanid": "297937", "url": "https://mrdata.usgs.gov/usmin/show-usmin.php?type=point&id=501385", "_layer": "points"}}, {"type": "Feature", "geometry": {"type": "Point", "coordinates": [-119.880456, 37.798563]}, "properties": {"lowerCorner": "37.798563 -119.880456", "upperCorner": "37.798563 -119.880456", "state": "CA", "county": "Tuolumne", "ftr_type": "Prospect Pit", "ftr_azimut": "0", "topo_name": "Lake Eleanor", "topo_date": "1956", "topo_scale": "62500", "compiledby": "USGS", "gda_id": "5502553", "scanid": "297937", "url": "https://mrdata.usgs.gov/usmin/show-usmin.php?type=point&id=501413", "_layer": "points"}}, {"type": "Feature", "geometry": {"type": "Point", "coordinates": [-120.214639, 37.946636]}, "properties": {"lowerCorner": "37.946636 -120.214639", "upperCorner": "37.946636 -120.214639", "state": "CA", "county": "Tuolumne", "ftr_type": "Prospect Pit", "ftr_azimut": "0", "topo_name": "Tuolumne", "topo_date": "1948", "topo_scale": "62500", "compiledby": "USGS", "gda_id": "5504909", "scanid": "301880", "url": "https://mrdata.usgs.gov/usmin/show-usmin.php?type=point&id=501422", "_layer": "points"}}, {"type": "Feature", "geometry": {"type": "Point", "coordinates": [-120.164794, 38.060663]}, "properties": {"lowerCorner": "38.060663 -120.164794", "upperCorner": "38.060663 -120.164794", "state": "CA", "county": "Tuolumne", "ftr_type": "Prospect Pit", "ftr_azimut": "0", "topo_name": "Long Barn", "topo_date": "1956", "topo_scale": "62500", "compiledby": "USGS", "gda_id": "5502745", "scanid": "298049", "url": "https://mrdata.usgs.gov/usmin/show-usmin.php?type=point&id=501436", "_layer": "points"}}, {"type": "Feature", "geometry": {"type": "Point", "coordinates": [-120.16143, 38.060736]}, "properties": {"lowerCorner": "38.060736 -120.161430", "upperCorner": "38.060736 -120.161430", "state": "CA", "county": "Tuolumne", "ftr_type": "Prospect Pit", "ftr_azimut": "0", "topo_name": "Long Barn", "topo_date": "1956", "topo_scale": "62500", "compiledby": "USGS", "gda_id": "5502745", "scanid": "298049", "url": "https://mrdata.usgs.gov/usmin/show-usmin.php?type=point&id=501483", "_layer": "points"}}, {"type": "Feature", "geometry": {"type": "Point", "coordinates": [-120.164176, 38.072079]}, "properties": {"lowerCorner": "38.072079 -120.164176", "upperCorner": "38.072079 -120.164176", "state": "CA", "county": "Tuolumne", "ftr_type": "Prospect Pit", "ftr_azimut": "0", "topo_name": "Long Barn", "topo_date": "1956", "topo_scale": "62500", "compiledby": "USGS", "gda_id": "5502745", "scanid": "298049", "url": "https://mrdata.usgs.gov/usmin/show-usmin.php?type=point&id=501491", "_layer": "points"}}, {"type": "Feature", "geometry": {"type": "Point", "coordinates": [-120.203574, 38.09802]}, "properties": {"lowerCorner": "38.098020 -120.203574", "upperCorner": "38.098020 -120.203574", "state": "CA", "county": "Tuolumne", "ftr_type": "Prospect Pit", "ftr_azimut": "0", "topo_name": "Long Barn", "topo_date": "1956", "topo_scale": "62500", "compiledby": "USGS", "gda_id": "5502745", "scanid": "298049", "url": "https://mrdata.usgs.gov/usmin/show-usmin.php?type=point&id=501501", "_layer": "points"}}, {"type": "Feature", "geometry": {"type": "Point", "coordinates": [-120.20875, 37.947478]}, "properties": {"lowerCorner": "37.947478 -120.208750", "upperCorner": "37.947478 -120.208750", "state": "CA", "county": "Tuolumne", "ftr_type": "Prospect Pit", "ftr_azimut": "0", "topo_name": "Tuolumne", "topo_date": "1948", "topo_scale": "62500", "compiledby": "USGS", "gda_id": "5504909", "scanid": "301880", "url": "https://mrdata.usgs.gov/usmin/show-usmin.php?type=point&id=501506", "_layer": "points"}}, {"type": "Feature", "geometry": {"type": "Point", "coordinates": [-120.157132, 38.075673]}, "properties": {"lowerCorner": "38.075673 -120.157132", "upperCorner": "38.075673 -120.157132", "state": "CA", "county": "Tuolumne", "ftr_type": "Sand Pit", "ftr_azimut": "0", "topo_name": "Long Barn", "topo_date": "1956", "topo_scale": "62500", "compiledby": "USGS", "remarks": "Symbolized as Open Pit Mine or Quarry, but labeled Sand Pit.", "gda_id": "5502745", "scanid": "298049", "url": "https://mrdata.usgs.gov/usmin/show-usmin.php?type=point&id=501957", "_layer": "points"}}, {"type": "Feature", "geometry": {"type": "Point", "coordinates": [-120.207072, 37.929239]}, "properties": {"lowerCorner": "37.929239 -120.207072", "upperCorner": "37.929239 -120.207072", "state": "CA", "county": "Tuolumne", "ftr_type": "Adit", "ftr_azimut": "6", "topo_name": "Tuolumne", "topo_date": "1948", "topo_scale": "24000", "compiledby": "CA Dept Conserv", "gda_id": "5525029", "scanid": "300997", "dir": "n", "url": "https://mrdata.usgs.gov/usmin/show-usmin.php?type=point&id=49169", "_layer": "points"}}, {"type": "Feature", "geometry": {"type": "Point", "coordinates": [-120.223734, 38.078223]}, "properties": {"lowerCorner": "38.078223 -120.223734", "upperCorner": "38.078223 -120.223734", "state": "CA", "county": "Tuolumne", "ftr_type": "Adit", "ftr_azimut": "14", "topo_name": "Twain Harte", "topo_date": "1979", "topo_scale": "24000", "compiledby": "CA Dept Conserv", "gda_id": "5525101", "scanid": "295556", "dir": "n", "url": "https://mrdata.usgs.gov/usmin/show-usmin.php?type=point&id=49280", "_layer": "points"}}, {"type": "Feature", "geometry": {"type": "Point", "coordinates": [-120.224436, 38.078066]}, "properties": {"lowerCorner": "38.078066 -120.224436", "upperCorner": "38.078066 -120.224436", "state": "CA", "county": "Tuolumne", "ftr_type": "Adit", "ftr_azimut": "2", "topo_name": "Twain Harte", "topo_date": "1979", "topo_scale": "24000", "compiledby": "CA Dept Conserv", "gda_id": "5525101", "scanid": "295556", "dir": "n", "url": "https://mrdata.usgs.gov/usmin/show-usmin.php?type=point&id=49291", "_layer": "points"}}, {"type": "Feature", "geometry": {"type": "Point", "coordinates": [-120.183922, 38.035103]}, "properties": {"lowerCorner": "38.035103 -120.183922", "upperCorner": "38.035103 -120.183922", "state": "CA", "county": "Tuolumne", "ftr_type": "Adit", "ftr_name": "Corona Mine", "ftr_azimut": "37", "topo_name": "Twain Harte", "topo_date": "1979", "topo_scale": "24000", "compiledby": "CA Dept Conserv", "gda_id": "5525101", "scanid": "295556", "dir": "ne", "url": "https://mrdata.usgs.gov/usmin/show-usmin.php?type=point&id=49193", "_layer": "points"}}, {"type": "Feature", "geometry": {"type": "Point", "coordinates": [-120.156067, 38.058236]}, "properties": {"lowerCorner": "38.058236 -120.156067", "upperCorner": "38.058236 -120.156067", "state": "CA", "county": "Tuolumne", "ftr_type": "Adit", "ftr_azimut": "41", "topo_name": "Twain Harte", "topo_date": "1979", "topo_scale": "24000", "compiledby": "CA Dept Conserv", "gda_id": "5525101", "scanid": "295556", "dir": "ne", "url": "https://mrdata.usgs.gov/usmin/show-usmin.php?type=point&id=49277", "_layer": "points"}}, {"type": "Feature", "geometry": {"type": "Point", "coordinates": [-120.183905, 38.035138]}, "properties": {"lowerCorner": "38.035138 -120.183905", "upperCorner": "38.035138 -120.183905", "state": "CA", "county": "Tuolumne", "ftr_type": "Adit", "ftr_name": "Corona Mine", "ftr_azimut": "67", "topo_name": "Long Barn", "topo_date": "1956", "topo_scale": "62500", "compiledby": "USGS", "gda_id": "5502745", "scanid": "298049", "dir": "ne", "url": "https://mrdata.usgs.gov/usmin/show-usmin.php?type=point&id=490166", "_layer": "points"}}, {"type": "Feature", "geometry": {"type": "Point", "coordinates": [-119.92692, 37.896719]}, "properties": {"lowerCorner": "37.896719 -119.926920", "upperCorner": "37.896719 -119.926920", "state": "CA", "county": "Tuolumne", "ftr_type": "Adit", "ftr_azimut": "109", "topo_name": "Cherry Lake South", "topo_date": "1990", "topo_scale": "24000", "compiledby": "CA Dept Conserv", "gda_id": "5510641", "scanid": "289144", "dir": "e", "url": "https://mrdata.usgs.gov/usmin/show-usmin.php?type=point&id=49278", "_layer": "points"}}, {"type": "Feature", "geometry": {"type": "Point", "coordinates": [-120.183234, 38.03231]}, "properties": {"lowerCorner": "38.032310 -120.183234", "upperCorner": "38.032310 -120.183234", "state": "CA", "county": "Tuolumne", "ftr_type": "Adit", "ftr_azimut": "68", "topo_name": "Twain Harte", "topo_date": "1979", "topo_scale": "24000", "compiledby": "CA Dept Conserv", "gda_id": "5525101", "scanid": "295556", "dir": "e", "url": "https://mrdata.usgs.gov/usmin/show-usmin.php?type=point&id=49289", "_layer": "points"}}, {"type": "Feature", "geometry": {"type": "Point", "coordinates": [-120.183315, 38.029227]}, "properties": {"lowerCorner": "38.029227 -120.183315", "upperCorner": "38.029227 -120.183315", "state": "CA", "county": "Tuolumne", "ftr_type": "Adit", "ftr_azimut": "74", "topo_name": "Long Barn", "topo_date": "1956", "topo_scale": "62500", "compiledby": "USGS", "gda_id": "5502745", "scanid": "298049", "dir": "e", "url": "https://mrdata.usgs.gov/usmin/show-usmin.php?type=point&id=490215", "_layer": "points"}}, {"type": "Feature", "geometry": {"type": "Point", "coordinates": [-119.937706, 37.898893]}, "properties": {"lowerCorner": "37.898893 -119.937706", "upperCorner": "37.898893 -119.937706", "state": "CA", "county": "Tuolumne", "ftr_type": "Adit", "ftr_azimut": "125", "topo_name": "Cherry Lake South", "topo_date": "1990", "topo_scale": "24000", "compiledby": "CA Dept Conserv", "gda_id": "5510641", "scanid": "289144", "dir": "se", "url": "https://mrdata.usgs.gov/usmin/show-usmin.php?type=point&id=49122", "_layer": "points"}}, {"type": "Feature", "geometry": {"type": "Point", "coordinates": [-119.943287, 37.894232]}, "properties": {"lowerCorner": "37.894232 -119.943287", "upperCorner": "37.894232 -119.943287", "state": "CA", "county": "Tuolumne", "ftr_type": "Adit", "ftr_azimut": "132", "topo_name": "Cherry Lake South", "topo_date": "1990", "topo_scale": "24000", "compiledby": "CA Dept Conserv", "gda_id": "5510641", "scanid": "289144", "dir": "se", "url": "https://mrdata.usgs.gov/usmin/show-usmin.php?type=point&id=49176", "_layer": "points"}}, {"type": "Feature", "geometry": {"type": "Point", "coordinates": [-119.211827, 37.846945]}, "properties": {"lowerCorner": "37.846945 -119.211827", "upperCorner": "37.846945 -119.211827", "state": "CA", "county": "Mono", "ftr_type": "Adit", "ftr_azimut": "117", "topo_name": "Mono Craters", "topo_date": "1953", "topo_scale": "62500", "compiledby": "USGS", "gda_id": "5503047", "scanid": "298220", "dir": "se", "url": "https://mrdata.usgs.gov/usmin/show-usmin.php?type=point&id=487506", "_layer": "points"}}, {"type": "Feature", "geometry": {"type": "Point", "coordinates": [-120.051635, 37.830624]}, "properties": {"lowerCorner": "37.830624 -120.051635", "upperCorner": "37.830624 -120.051635", "state": "CA", "county": "Tuolumne", "ftr_type": "Adit", "ftr_azimut": "149", "topo_name": "Tuolumne", "topo_date": "1948", "topo_scale": "62500", "compiledby": "USGS", "gda_id": "5504909", "scanid": "301880", "dir": "se", "url": "https://mrdata.usgs.gov/usmin/show-usmin.php?type=point&id=490314", "_layer": "points"}}, {"type": "Feature", "geometry": {"type": "Point", "coordinates": [-120.18249, 38.027348]}, "properties": {"lowerCorner": "38.027348 -120.182490", "upperCorner": "38.027348 -120.182490", "state": "CA", "county": "Tuolumne", "ftr_type": "Adit", "ftr_azimut": "136", "topo_name": "Long Barn", "topo_date": "1956", "topo_scale": "62500", "compiledby": "USGS", "gda_id": "5502745", "scanid": "298049", "dir": "se", "url": "https://mrdata.usgs.gov/usmin/show-usmin.php?type=point&id=490357", "_layer": "points"}}, {"type": "Feature", "geometry": {"type": "Point", "coordinates": [-120.160905, 37.87012]}, "properties": {"lowerCorner": "37.870120 -120.160905", "upperCorner": "37.870120 -120.160905", "state": "CA", "county": "Tuolumne", "ftr_type": "Adit", "ftr_name": "Kanaka Mine", "ftr_azimut": "175", "topo_name": "Groveland", "topo_date": "1947", "topo_scale": "24000", "compiledby": "CA Dept Conserv", "gda_id": "5514901", "scanid": "291049", "dir": "s", "url": "https://mrdata.usgs.gov/usmin/show-usmin.php?type=point&id=49100", "_layer": "points"}}, {"type": "Feature", "geometry": {"type": "Point", "coordinates": [-120.031076, 37.823645]}, "properties": {"lowerCorner": "37.823645 -120.031076", "upperCorner": "37.823645 -120.031076", "state": "CA", "county": "Tuolumne", "ftr_type": "Adit", "ftr_azimut": "171", "topo_name": "Jawbone Ridge", "topo_date": "1947", "topo_scale": "24000", "compiledby": "CA Dept Conserv", "gda_id": "5516111", "scanid": "291678", "dir": "s", "url": "https://mrdata.usgs.gov/usmin/show-usmin.php?type=point&id=49139", "_layer": "points"}}, {"type": "Feature", "geometry": {"type": "Point", "coordinates": [-120.160581, 37.870288]}, "properties": {"lowerCorner": "37.870288 -120.160581", "upperCorner": "37.870288 -120.160581", "state": "CA", "county": "Tuolumne", "ftr_type": "Adit", "ftr_azimut": "173", "topo_name": "Groveland", "topo_date": "1947", "topo_scale": "24000", "compiledby": "CA Dept Conserv", "gda_id": "5514901", "scanid": "291049", "dir": "s", "url": "https://mrdata.usgs.gov/usmin/show-usmin.php?type=point&id=49253", "_layer": "points"}}, {"type": "Feature", "geometry": {"type": "Point", "coordinates": [-120.031196, 37.823444]}, "properties": {"lowerCorner": "37.823444 -120.031196", "upperCorner": "37.823444 -120.031196", "state": "CA", "county": "Tuolumne", "ftr_type": "Adit", "ftr_azimut": "159", "topo_name": "Tuolumne", "topo_date": "1948", "topo_scale": "62500", "compiledby": "USGS", "gda_id": "5504909", "scanid": "301880", "dir": "s", "url": "https://mrdata.usgs.gov/usmin/show-usmin.php?type=point&id=490204", "_layer": "points"}}, {"type": "Feature", "geometry": {"type": "Point", "coordinates": [-120.160253, 37.870312]}, "properties": {"lowerCorner": "37.870312 -120.160253", "upperCorner": "37.870312 -120.160253", "state": "CA", "county": "Tuolumne", "ftr_type": "Adit", "ftr_azimut": "170", "topo_name": "Tuolumne", "topo_date": "1948", "topo_scale": "62500", "compiledby": "USGS", "gda_id": "5504909", "scanid": "301880", "dir": "s", "url": "https://mrdata.usgs.gov/usmin/show-usmin.php?type=point&id=490264", "_layer": "points"}}, {"type": "Feature", "geometry": {"type": "Point", "coordinates": [-120.159472, 37.870247]}, "properties": {"lowerCorner": "37.870247 -120.159472", "upperCorner": "37.870247 -120.159472", "state": "CA", "county": "Tuolumne", "ftr_type": "Adit", "ftr_azimut": "227", "topo_name": "Tuolumne", "topo_date": "1948", "topo_scale": "62500", "compiledby": "USGS", "gda_id": "5504909", "scanid": "301880", "dir": "sw", "url": "https://mrdata.usgs.gov/usmin/show-usmin.php?type=point&id=490268", "_layer": "points"}}, {"type": "Feature", "geometry": {"type": "Point", "coordinates": [-120.194417, 38.015412]}, "properties": {"lowerCorner": "38.015412 -120.194417", "upperCorner": "38.015412 -120.194417", "state": "CA", "county": "Tuolumne", "ftr_type": "Adit", "ftr_name": "Fair Oaks Mine", "ftr_azimut": "267", "topo_name": "Twain Harte", "topo_date": "1979", "topo_scale": "24000", "compiledby": "CA Dept Conserv", "gda_id": "5525101", "scanid": "295556", "dir": "w", "url": "https://mrdata.usgs.gov/usmin/show-usmin.php?type=point&id=49222", "_layer": "points"}}, {"type": "Feature", "geometry": {"type": "Point", "coordinates": [-120.212331, 37.796141]}, "properties": {"lowerCorner": "37.796141 -120.212331", "upperCorner": "37.796141 -120.212331", "state": "CA", "county": "Tuolumne", "ftr_type": "Adit", "ftr_azimut": "252", "topo_name": "Tuolumne", "topo_date": "1948", "topo_scale": "62500", "compiledby": "USGS", "gda_id": "5504909", "scanid": "301880", "dir": "w", "url": "https://mrdata.usgs.gov/usmin/show-usmin.php?type=point&id=490221", "_layer": "points"}}, {"type": "Feature", "geometry": {"type": "Point", "coordinates": [-119.21587, 37.850218]}, "properties": {"lowerCorner": "37.850218 -119.215870", "upperCorner": "37.850218 -119.215870", "state": "CA", "county": "Tuolumne", "ftr_type": "Prospect Pit", "ftr_azimut": "0", "topo_name": "Mono Craters", "topo_date": "1953", "topo_scale": "62500", "compiledby": "USGS", "gda_id": "5503047", "scanid": "298220", "url": "https://mrdata.usgs.gov/usmin/show-usmin.php?type=point&id=501433", "_layer": "points"}}, {"type": "Feature", "geometry": {"type": "Point", "coordinates": [-119.218386, 37.85031]}, "properties": {"lowerCorner": "37.850310 -119.218386", "upperCorner": "37.850310 -119.218386", "state": "CA", "county": "Tuolumne", "ftr_type": "Prospect Pit", "ftr_azimut": "0", "topo_name": "Mono Craters", "topo_date": "1953", "topo_scale": "62500", "compiledby": "USGS", "gda_id": "5503047", "scanid": "298220", "url": "https://mrdata.usgs.gov/usmin/show-usmin.php?type=point&id=501455", "_layer": "points"}}, {"type": "Feature", "geometry": {"type": "Point", "coordinates": [-119.2151, 37.850409]}, "properties": {"lowerCorner": "37.850409 -119.215100", "upperCorner": "37.850409 -119.215100", "state": "CA", "county": "Tuolumne", "ftr_type": "Adit", "ftr_azimut": "166", "topo_name": "Mono Craters", "topo_date": "1953", "topo_scale": "62500", "compiledby": "USGS", "gda_id": "5503047", "scanid": "298220", "dir": "s", "url": "https://mrdata.usgs.gov/usmin/show-usmin.php?type=point&id=490336", "_layer": "points"}}, {"type": "Feature", "geometry": {"type": "Point", "coordinates": [-120.264918, 38.148619]}, "properties": {"lowerCorner": "38.148619 -120.264918", "upperCorner": "38.148619 -120.264918", "state": "CA", "county": "Tuolumne", "ftr_type": "Gravel/Borrow Pit - Undifferentiated", "ftr_name": "Wisehart Pit", "ftr_azimut": "0", "topo_name": "Stanislaus", "topo_date": "2001", "topo_scale": "24000", "compiledby": "USGS", "gda_id": "5523887", "scanid": "295301", "url": "https://mrdata.usgs.gov/usmin/show-usmin.php?type=point&id=52894", "_layer": "points"}}, {"type": "Feature", "geometry": {"type": "Point", "coordinates": [-120.214205, 38.148404]}, "properties": {"lowerCorner": "38.148404 -120.214205", "upperCorner": "38.148404 -120.214205", "state": "CA", "county": "Tuolumne", "ftr_type": "Gravel/Borrow Pit - Undifferentiated", "ftr_azimut": "0", "topo_name": "Crandall Peak", "topo_date": "2001", "topo_scale": "24000", "compiledby": "USGS", "gda_id": "5511775", "scanid": "100291", "url": "https://mrdata.usgs.gov/usmin/show-usmin.php?type=point&id=52897", "_layer": "points"}}, {"type": "Feature", "geometry": {"type": "Point", "coordinates": [-120.161983, 38.231037]}, "properties": {"lowerCorner": "38.231037 -120.161983", "upperCorner": "38.231037 -120.161983", "state": "CA", "county": "Tuolumne", "ftr_type": "Gravel/Borrow Pit - Undifferentiated", "ftr_azimut": "0", "topo_name": "Crandall Peak", "topo_date": "2001", "topo_scale": "24000", "compiledby": "USGS", "gda_id": "5511775", "scanid": "100291", "url": "https://mrdata.usgs.gov/usmin/show-usmin.php?type=point&id=52898", "_layer": "points"}}, {"type": "Feature", "geometry": {"type": "Point", "coordinates": [-120.355718, 38.141]}, "properties": {"lowerCorner": "38.141000 -120.355718", "upperCorner": "38.141000 -120.355718", "state": "CA", "county": "Tuolumne", "ftr_type": "Mine Shaft", "ftr_azimut": "0", "topo_name": "Stanislaus", "topo_date": "1948", "topo_scale": "24000", "compiledby": "CA Dept Conserv", "gda_id": "5523895", "scanid": "300656", "url": "https://mrdata.usgs.gov/usmin/show-usmin.php?type=point&id=58837", "_layer": "points"}}, {"type": "Feature", "geometry": {"type": "Point", "coordinates": [-120.352038, 38.134128]}, "properties": {"lowerCorner": "38.134128 -120.352038", "upperCorner": "38.134128 -120.352038", "state": "CA", "county": "Tuolumne", "ftr_type": "Prospect Pit", "ftr_azimut": "0", "topo_name": "Stanislaus", "topo_date": "1948", "topo_scale": "24000", "compiledby": "CA Dept Conserv", "gda_id": "5523895", "scanid": "300656", "url": "https://mrdata.usgs.gov/usmin/show-usmin.php?type=point&id=84829", "_layer": "points"}}, {"type": "Feature", "geometry": {"type": "Point", "coordinates": [-120.199173, 38.260191]}, "properties": {"lowerCorner": "38.260191 -120.199173", "upperCorner": "38.260191 -120.199173", "state": "CA", "county": "Tuolumne", "ftr_type": "Quarry", "ftr_azimut": "0", "topo_name": "Boards Crossing", "topo_date": "1979", "topo_scale": "24000", "compiledby": "CA Dept Conserv", "gda_id": "5508899", "scanid": "302453", "url": "https://mrdata.usgs.gov/usmin/show-usmin.php?type=point&id=85814", "_layer": "points"}}, {"type": "Feature", "geometry": {"type": "Point", "coordinates": [-120.35223, 38.134376]}, "properties": {"lowerCorner": "38.134376 -120.352230", "upperCorner": "38.134376 -120.352230", "state": "CA", "county": "Tuolumne", "ftr_type": "Prospect Pit", "ftr_azimut": "0", "topo_name": "Columbia", "topo_date": "1948", "topo_scale": "62500", "compiledby": "USGS", "gda_id": "5501147", "scanid": "297139", "url": "https://mrdata.usgs.gov/usmin/show-usmin.php?type=point&id=501395", "_layer": "points"}}, {"type": "Feature", "geometry": {"type": "Point", "coordinates": [-120.24412, 38.127427]}, "properties": {"lowerCorner": "38.127427 -120.244120", "upperCorner": "38.127427 -120.244120", "state": "CA", "county": "Tuolumne", "ftr_type": "Prospect Pit", "ftr_azimut": "0", "topo_name": "Long Barn", "topo_date": "1956", "topo_scale": "62500", "compiledby": "USGS", "gda_id": "5502745", "scanid": "298049", "url": "https://mrdata.usgs.gov/usmin/show-usmin.php?type=point&id=501490", "_layer": "points"}}, {"type": "Feature", "geometry": {"type": "Point", "coordinates": [-120.341145, 38.120235]}, "properties": {"lowerCorner": "38.120235 -120.341145", "upperCorner": "38.120235 -120.341145", "state": "CA", "county": "Tuolumne", "ftr_type": "Adit", "ftr_name": "Contention Mine", "ftr_azimut": "182", "topo_name": "Columbia SE", "topo_date": "1948", "topo_scale": "24000", "compiledby": "CA Dept Conserv", "gda_id": "5511347", "scanid": "289441", "dir": "s", "url": "https://mrdata.usgs.gov/usmin/show-usmin.php?type=point&id=49151", "_layer": "points"}}, {"type": "Feature", "geometry": {"type": "Point", "coordinates": [-120.341216, 38.120254]}, "properties": {"lowerCorner": "38.120254 -120.341216", "upperCorner": "38.120254 -120.341216", "state": "CA", "county": "Tuolumne", "ftr_type": "Adit", "ftr_name": "Contention Mine", "ftr_azimut": "183", "topo_name": "Columbia", "topo_date": "1948", "topo_scale": "62500", "compiledby": "USGS", "gda_id": "5501147", "scanid": "297139", "dir": "s", "url": "https://mrdata.usgs.gov/usmin/show-usmin.php?type=point&id=490287", "_layer": "points"}}, {"type": "Feature", "geometry": {"type": "Point", "coordinates": [-119.988561, 37.864414]}, "properties": {"lowerCorner": "37.864414 -119.988561", "upperCorner": "37.864414 -119.988561", "state": "CA", "county": "Tuolumne", "ftr_type": "Gravel/Borrow Pit - Undifferentiated", "ftr_azimut": "0", "topo_name": "Ascension Mountain", "topo_date": "1990", "topo_scale": "24000", "compiledby": "CA Dept Conserv", "gda_id": "5507727", "scanid": "288075", "url": "https://mrdata.usgs.gov/usmin/show-usmin.php?type=point&id=52900", "_layer": "points"}}, {"type": "Feature", "geometry": {"type": "Point", "coordinates": [-119.961089, 37.790868]}, "properties": {"lowerCorner": "37.790868 -119.961089", "upperCorner": "37.790868 -119.961089", "state": "CA", "county": "Tuolumne", "ftr_type": "Gravel/Borrow Pit - Undifferentiated", "ftr_name": "Peakard Pit", "ftr_azimut": "0", "topo_name": "Ascension Mountain", "topo_date": "2001", "topo_scale": "24000", "compiledby": "USGS", "gda_id": "5507731", "scanid": "302302", "url": "https://mrdata.usgs.gov/usmin/show-usmin.php?type=point&id=52903", "_layer": "points"}}, {"type": "Feature", "geometry": {"type": "Point", "coordinates": [-119.901309, 37.81996]}, "properties": {"lowerCorner": "37.819960 -119.901309", "upperCorner": "37.819960 -119.901309", "state": "CA", "county": "Tuolumne", "ftr_type": "Open Pit Mine", "ftr_azimut": "0", "topo_name": "Ascension Mountain", "topo_date": "1990", "topo_scale": "24000", "compiledby": "CA Dept Conserv", "gda_id": "5507727", "scanid": "288075", "url": "https://mrdata.usgs.gov/usmin/show-usmin.php?type=point&id=60319", "_layer": "points"}}, {"type": "Feature", "geometry": {"type": "Point", "coordinates": [-119.955311, 37.841662]}, "properties": {"lowerCorner": "37.841662 -119.955311", "upperCorner": "37.841662 -119.955311", "state": "CA", "county": "Tuolumne", "ftr_type": "Open Pit Mine or Quarry", "ftr_azimut": "0", "topo_name": "Ascension Mountain", "topo_date": "2001", "topo_scale": "24000", "compiledby": "USGS", "gda_id": "5507731", "scanid": "302302", "url": "https://mrdata.usgs.gov/usmin/show-usmin.php?type=point&id=60739", "_layer": "points"}}, {"type": "Feature", "geometry": {"type": "Point", "coordinates": [-119.863194, 37.772958]}, "properties": {"lowerCorner": "37.772958 -119.863194", "upperCorner": "37.772958 -119.863194", "state": "CA", "county": "Tuolumne", "ftr_type": "Prospect Pit", "ftr_azimut": "0", "topo_name": "Ackerson Mountain", "topo_date": "1990", "topo_scale": "24000", "compiledby": "CA Dept Conserv", "gda_id": "5507065", "scanid": "287768", "url": "https://mrdata.usgs.gov/usmin/show-usmin.php?type=point&id=84688", "_layer": "points"}}, {"type": "Feature", "geometry": {"type": "Point", "coordinates": [-119.90288, 37.805967]}, "properties": {"lowerCorner": "37.805967 -119.902880", "upperCorner": "37.805967 -119.902880", "state": "CA", "county": "Tuolumne", "ftr_type": "Prospect Pit", "ftr_azimut": "0", "topo_name": "Ascension Mountain", "topo_date": "1990", "topo_scale": "24000", "compiledby": "CA Dept Conserv", "gda_id": "5507727", "scanid": "288075", "url": "https://mrdata.usgs.gov/usmin/show-usmin.php?type=point&id=84704", "_layer": "points"}}, {"type": "Feature", "geometry": {"type": "Point", "coordinates": [-119.901038, 37.806279]}, "properties": {"lowerCorner": "37.806279 -119.901038", "upperCorner": "37.806279 -119.901038", "state": "CA", "county": "Tuolumne", "ftr_type": "Prospect Pit", "ftr_azimut": "0", "topo_name": "Ascension Mountain", "topo_date": "1990", "topo_scale": "24000", "compiledby": "CA Dept Conserv", "gda_id": "5507727", "scanid": "288075", "url": "https://mrdata.usgs.gov/usmin/show-usmin.php?type=point&id=84732", "_layer": "points"}}, {"type": "Feature", "geometry": {"type": "Point", "coordinates": [-119.940749, 37.897684]}, "properties": {"lowerCorner": "37.897684 -119.940749", "upperCorner": "37.897684 -119.940749", "state": "CA", "county": "Tuolumne", "ftr_type": "Prospect Pit", "ftr_azimut": "0", "topo_name": "Cherry Lake South", "topo_date": "1990", "topo_scale": "24000", "compiledby": "CA Dept Conserv", "gda_id": "5510641", "scanid": "289144", "url": "https://mrdata.usgs.gov/usmin/show-usmin.php?type=point&id=84759", "_layer": "points"}}, {"type": "Feature", "geometry": {"type": "Point", "coordinates": [-119.886717, 37.812015]}, "properties": {"lowerCorner": "37.812015 -119.886717", "upperCorner": "37.812015 -119.886717", "state": "CA", "county": "Tuolumne", "ftr_type": "Prospect Pit", "ftr_azimut": "0", "topo_name": "Ascension Mountain", "topo_date": "1990", "topo_scale": "24000", "compiledby": "USGS", "gda_id": "5507727", "scanid": "288075", "url": "https://mrdata.usgs.gov/usmin/show-usmin.php?type=point&id=84770", "_layer": "points"}}, {"type": "Feature", "geometry": {"type": "Point", "coordinates": [-119.909194, 37.812079]}, "properties": {"lowerCorner": "37.812079 -119.909194", "upperCorner": "37.812079 -119.909194", "state": "CA", "county": "Tuolumne", "ftr_type": "Prospect Pit", "ftr_azimut": "0", "topo_name": "Ascension Mountain", "topo_date": "1990", "topo_scale": "24000", "compiledby": "CA Dept Conserv", "gda_id": "5507727", "scanid": "288075", "url": "https://mrdata.usgs.gov/usmin/show-usmin.php?type=point&id=84797", "_layer": "points"}}, {"type": "Feature", "geometry": {"type": "Point", "coordinates": [-120.001468, 37.863434]}, "properties": {"lowerCorner": "37.863434 -120.001468", "upperCorner": "37.863434 -120.001468", "state": "CA", "county": "Tuolumne", "ftr_type": "Prospect Pit", "ftr_azimut": "0", "topo_name": "Jawbone Ridge", "topo_date": "1947", "topo_scale": "24000", "compiledby": "CA Dept Conserv", "gda_id": "5516111", "scanid": "291678", "url": "https://mrdata.usgs.gov/usmin/show-usmin.php?type=point&id=84812", "_layer": "points"}}, {"type": "Feature", "geometry": {"type": "Point", "coordinates": [-119.901869, 37.80628]}, "properties": {"lowerCorner": "37.806280 -119.901869", "upperCorner": "37.806280 -119.901869", "state": "CA", "county": "Tuolumne", "ftr_type": "Prospect Pit", "ftr_azimut": "0", "topo_name": "Ascension Mountain", "topo_date": "1990", "topo_scale": "24000", "compiledby": "CA Dept Conserv", "gda_id": "5507727", "scanid": "288075", "url": "https://mrdata.usgs.gov/usmin/show-usmin.php?type=point&id=84839", "_layer": "points"}}, {"type": "Feature", "geometry": {"type": "Point", "coordinates": [-119.901455, 37.807682]}, "properties": {"lowerCorner": "37.807682 -119.901455", "upperCorner": "37.807682 -119.901455", "state": "CA", "county": "Tuolumne", "ftr_type": "Prospect Pit", "ftr_azimut": "0", "topo_name": "Lake Eleanor", "topo_date": "1956", "topo_scale": "62500", "compiledby": "USGS", "gda_id": "5502553", "scanid": "297937", "url": "https://mrdata.usgs.gov/usmin/show-usmin.php?type=point&id=501426", "_layer": "points"}}, {"type": "Feature", "geometry": {"type": "Point", "coordinates": [-120.001952, 37.863556]}, "properties": {"lowerCorner": "37.863556 -120.001952", "upperCorner": "37.863556 -120.001952", "state": "CA", "county": "Tuolumne", "ftr_type": "Prospect Pit", "ftr_azimut": "0", "topo_name": "Tuolumne", "topo_date": "1948", "topo_scale": "62500", "compiledby": "USGS", "gda_id": "5504909", "scanid": "301880", "url": "https://mrdata.usgs.gov/usmin/show-usmin.php?type=point&id=501489", "_layer": "points"}}, {"type": "Feature", "geometry": {"type": "Point", "coordinates": [-119.988955, 37.864501]}, "properties": {"lowerCorner": "37.864501 -119.988955", "upperCorner": "37.864501 -119.988955", "state": "CA", "county": "Tuolumne", "ftr_type": "Quarry", "ftr_azimut": "0", "topo_name": "Lake Eleanor", "topo_date": "1956", "topo_scale": "62500", "compiledby": "USGS", "gda_id": "5502553", "scanid": "297937", "url": "https://mrdata.usgs.gov/usmin/show-usmin.php?type=point&id=501886", "_layer": "points"}}, {"type": "Feature", "geometry": {"type": "Point", "coordinates": [-120.051742, 37.830689]}, "properties": {"lowerCorner": "37.830689 -120.051742", "upperCorner": "37.830689 -120.051742", "state": "CA", "county": "Tuolumne", "ftr_type": "Adit", "ftr_azimut": "155", "topo_name": "Jawbone Ridge", "topo_date": "1947", "topo_scale": "24000", "compiledby": "USGS", "gda_id": "5516111", "scanid": "291678", "dir": "se", "url": "https://mrdata.usgs.gov/usmin/show-usmin.php?type=point&id=49103", "_layer": "points"}}, {"type": "Feature", "geometry": {"type": "Point", "coordinates": [-120.067101, 37.832509]}, "properties": {"lowerCorner": "37.832509 -120.067101", "upperCorner": "37.832509 -120.067101", "state": "CA", "county": "Tuolumne", "ftr_type": "Adit", "ftr_azimut": "185", "topo_name": "Jawbone Ridge", "topo_date": "1947", "topo_scale": "24000", "compiledby": "USGS", "gda_id": "5516111", "scanid": "291678", "dir": "s", "url": "https://mrdata.usgs.gov/usmin/show-usmin.php?type=point&id=49285", "_layer": "points"}}, {"type": "Feature", "geometry": {"type": "Point", "coordinates": [-120.036751, 37.824211]}, "properties": {"lowerCorner": "37.824211 -120.036751", "upperCorner": "37.824211 -120.036751", "state": "CA", "county": "Tuolumne", "ftr_type": "Adit", "ftr_azimut": "170", "topo_name": "Jawbone Ridge", "topo_date": "1947", "topo_scale": "24000", "compiledby": "CA Dept Conserv", "gda_id": "5516111", "scanid": "291678", "dir": "s", "url": "https://mrdata.usgs.gov/usmin/show-usmin.php?type=point&id=49302", "_layer": "points"}}, {"type": "Feature", "geometry": {"type": "Point", "coordinates": [-120.036925, 37.82411]}, "properties": {"lowerCorner": "37.824110 -120.036925", "upperCorner": "37.824110 -120.036925", "state": "CA", "county": "Tuolumne", "ftr_type": "Adit", "ftr_azimut": "166", "topo_name": "Tuolumne", "topo_date": "1948", "topo_scale": "62500", "compiledby": "USGS", "gda_id": "5504909", "scanid": "301880", "dir": "s", "url": "https://mrdata.usgs.gov/usmin/show-usmin.php?type=point&id=490302", "_layer": "points"}}, {"type": "Feature", "geometry": {"type": "Point", "coordinates": [-120.086431, 37.832834]}, "properties": {"lowerCorner": "37.832834 -120.086431", "upperCorner": "37.832834 -120.086431", "state": "CA", "county": "Tuolumne", "ftr_type": "Adit", "ftr_azimut": "170", "topo_name": "Tuolumne", "topo_date": "1948", "topo_scale": "62500", "compiledby": "USGS", "gda_id": "5504909", "scanid": "301880", "dir": "s", "url": "https://mrdata.usgs.gov/usmin/show-usmin.php?type=point&id=490310", "_layer": "points"}}, {"type": "Feature", "geometry": {"type": "Point", "coordinates": [-120.043413, 37.827137]}, "properties": {"lowerCorner": "37.827137 -120.043413", "upperCorner": "37.827137 -120.043413", "state": "CA", "county": "Tuolumne", "ftr_type": "Adit", "ftr_azimut": "220", "topo_name": "Tuolumne", "topo_date": "1948", "topo_scale": "62500", "compiledby": "USGS", "gda_id": "5504909", "scanid": "301880", "dir": "sw", "url": "https://mrdata.usgs.gov/usmin/show-usmin.php?type=point&id=490192", "_layer": "points"}}, {"type": "Feature", "geometry": {"type": "Point", "coordinates": [-120.427124, 38.070569]}, "properties": {"lowerCorner": "38.070569 -120.427124", "upperCorner": "38.070569 -120.427124", "state": "CA", "county": "Tuolumne", "ftr_type": "Quarry", "ftr_name": "Marble Quarry", "ftr_azimut": "0", "topo_name": "Columbia", "topo_date": "1948", "topo_scale": "24000", "compiledby": "CA Dept Conserv", "gda_id": "5511357", "scanid": "289433", "url": "https://mrdata.usgs.gov/usmin/show-usmin.php?type=point&id=85801", "_layer": "points"}}, {"type": "Feature", "geometry": {"type": "Point", "coordinates": [-120.425491, 38.069829]}, "properties": {"lowerCorner": "38.069829 -120.425491", "upperCorner": "38.069829 -120.425491", "state": "CA", "county": "Tuolumne", "ftr_type": "Quarry", "ftr_name": "Marble Quarry", "ftr_azimut": "0", "topo_name": "Columbia", "topo_date": "1948", "topo_scale": "24000", "compiledby": "CA Dept Conserv", "gda_id": "5511357", "scanid": "289433", "url": "https://mrdata.usgs.gov/usmin/show-usmin.php?type=point&id=85803", "_layer": "points"}}, {"type": "Feature", "geometry": {"type": "Point", "coordinates": [-120.425322, 38.069952]}, "properties": {"lowerCorner": "38.069952 -120.425322", "upperCorner": "38.069952 -120.425322", "state": "CA", "county": "Tuolumne", "ftr_type": "Quarry", "ftr_name": "Marble Quarries", "ftr_azimut": "0", "topo_name": "Columbia", "topo_date": "1948", "topo_scale": "62500", "compiledby": "USGS", "gda_id": "5501147", "scanid": "297139", "url": "https://mrdata.usgs.gov/usmin/show-usmin.php?type=point&id=501888", "_layer": "points"}}, {"type": "Feature", "geometry": {"type": "Point", "coordinates": [-120.240815, 38.049236]}, "properties": {"lowerCorner": "38.049236 -120.240815", "upperCorner": "38.049236 -120.240815", "state": "CA", "county": "Tuolumne", "ftr_type": "Borrow Pit", "ftr_azimut": "0", "topo_name": "Twain Harte", "topo_date": "1979", "topo_scale": "24000", "compiledby": "CA Dept Conserv", "gda_id": "5525101", "scanid": "295556", "url": "https://mrdata.usgs.gov/usmin/show-usmin.php?type=point&id=50509", "_layer": "points"}}, {"type": "Feature", "geometry": {"type": "Point", "coordinates": [-120.245678, 38.040451]}, "properties": {"lowerCorner": "38.040451 -120.245678", "upperCorner": "38.040451 -120.245678", "state": "CA", "county": "Tuolumne", "ftr_type": "Borrow Pit", "ftr_azimut": "0", "topo_name": "Twain Harte", "topo_date": "1979", "topo_scale": "24000", "compiledby": "CA Dept Conserv", "gda_id": "5525101", "scanid": "295556", "url": "https://mrdata.usgs.gov/usmin/show-usmin.php?type=point&id=50513", "_layer": "points"}}, {"type": "Feature", "geometry": {"type": "Point", "coordinates": [-120.128117, 37.942703]}, "properties": {"lowerCorner": "37.942703 -120.128117", "upperCorner": "37.942703 -120.128117", "state": "CA", "county": "Tuolumne", "ftr_type": "Gravel/Borrow Pit - Undifferentiated", "ftr_name": "Skidmore Pit", "ftr_azimut": "0", "topo_name": "Tuolumne", "topo_date": "2001", "topo_scale": "24000", "compiledby": "USGS", "gda_id": "5525025", "scanid": "102071", "url": "https://mrdata.usgs.gov/usmin/show-usmin.php?type=point&id=52892", "_layer": "points"}}, {"type": "Feature", "geometry": {"type": "Point", "coordinates": [-120.164798, 38.038954]}, "properties": {"lowerCorner": "38.038954 -120.164798", "upperCorner": "38.038954 -120.164798", "state": "CA", "county": "Tuolumne", "ftr_type": "Gravel/Borrow Pit - Undifferentiated", "ftr_name": "Mt Lewis Pits", "ftr_azimut": "0", "topo_name": "Twain Harte", "topo_date": "2001", "topo_scale": "24000", "compiledby": "USGS", "gda_id": "5525097", "scanid": "102081", "url": "https://mrdata.usgs.gov/usmin/show-usmin.php?type=point&id=52896", "_layer": "points"}}, {"type": "Feature", "geometry": {"type": "Point", "coordinates": [-120.166756, 38.039908]}, "properties": {"lowerCorner": "38.039908 -120.166756", "upperCorner": "38.039908 -120.166756", "state": "CA", "county": "Tuolumne", "ftr_type": "Gravel/Borrow Pit - Undifferentiated", "ftr_azimut": "0", "topo_name": "Twain Harte", "topo_date": "2001", "topo_scale": "24000", "compiledby": "USGS", "gda_id": "5525097", "scanid": "102081", "url": "https://mrdata.usgs.gov/usmin/show-usmin.php?type=point&id=52902", "_layer": "points"}}, {"type": "Feature", "geometry": {"type": "Point", "coordinates": [-120.248486, 37.982838]}, "properties": {"lowerCorner": "37.982838 -120.248486", "upperCorner": "37.982838 -120.248486", "state": "CA", "county": "Tuolumne", "ftr_type": "Mine Shaft", "ftr_name": "Columbus Mine", "ftr_azimut": "0", "topo_name": "Tuolumne", "topo_date": "1948", "topo_scale": "24000", "compiledby": "CA Dept Conserv", "gda_id": "5525029", "scanid": "300997", "url": "https://mrdata.usgs.gov/usmin/show-usmin.php?type=point&id=58789", "_layer": "points"}}, {"type": "Feature", "geometry": {"type": "Point", "coordinates": [-120.348797, 38.058823]}, "properties": {"lowerCorner": "38.058823 -120.348797", "upperCorner": "38.058823 -120.348797", "state": "CA", "county": "Tuolumne", "ftr_type": "Mine Shaft", "ftr_azimut": "0", "topo_name": "Columbia SE", "topo_date": "1948", "topo_scale": "24000", "compiledby": "CA Dept Conserv", "gda_id": "5511347", "scanid": "289441", "url": "https://mrdata.usgs.gov/usmin/show-usmin.php?type=point&id=58797", "_layer": "points"}}, {"type": "Feature", "geometry": {"type": "Point", "coordinates": [-120.370795, 38.007536]}, "properties": {"lowerCorner": "38.007536 -120.370795", "upperCorner": "38.007536 -120.370795", "state": "CA", "county": "Tuolumne", "ftr_type": "Mine Shaft", "ftr_azimut": "0", "topo_name": "Columbia SE", "topo_date": "1948", "topo_scale": "24000", "compiledby": "CA Dept Conserv", "gda_id": "5511347", "scanid": "289441", "url": "https://mrdata.usgs.gov/usmin/show-usmin.php?type=point&id=58817", "_layer": "points"}}, {"type": "Feature", "geometry": {"type": "Point", "coordinates": [-120.398994, 38.083458]}, "properties": {"lowerCorner": "38.083458 -120.398994", "upperCorner": "38.083458 -120.398994", "state": "CA", "county": "Tuolumne", "ftr_type": "Mine Shaft", "ftr_azimut": "0", "topo_name": "Columbia", "topo_date": "1948", "topo_scale": "24000", "compiledby": "CA Dept Conserv", "gda_id": "5511357", "scanid": "289433", "url": "https://mrdata.usgs.gov/usmin/show-usmin.php?type=point&id=58825", "_layer": "points"}}, {"type": "Feature", "geometry": {"type": "Point", "coordinates": [-120.386248, 38.018006]}, "properties": {"lowerCorner": "38.018006 -120.386248", "upperCorner": "38.018006 -120.386248", "state": "CA", "county": "Tuolumne", "ftr_type": "Mine Shaft", "ftr_azimut": "0", "topo_name": "Columbia", "topo_date": "1948", "topo_scale": "24000", "compiledby": "CA Dept Conserv", "gda_id": "5511357", "scanid": "289433", "url": "https://mrdata.usgs.gov/usmin/show-usmin.php?type=point&id=58832", "_layer": "points"}}, {"type": "Feature", "geometry": {"type": "Point", "coordinates": [-120.265758, 37.996947]}, "properties": {"lowerCorner": "37.996947 -120.265758", "upperCorner": "37.996947 -120.265758", "state": "CA", "county": "Tuolumne", "ftr_type": "Mine Shaft", "ftr_azimut": "0", "topo_name": "Standard", "topo_date": "1948", "topo_scale": "24000", "compiledby": "CA Dept Conserv", "gda_id": "5523879", "scanid": "300650", "url": "https://mrdata.usgs.gov/usmin/show-usmin.php?type=point&id=58836", "_layer": "points"}}, {"type": "Feature", "geometry": {"type": "Point", "coordinates": [-120.27908, 37.97108]}, "properties": {"lowerCorner": "37.971080 -120.279080", "upperCorner": "37.971080 -120.279080", "state": "CA", "county": "Tuolumne", "ftr_type": "Mine Shaft", "ftr_name": "Junction Mine", "ftr_azimut": "0", "topo_name": "Standard", "topo_date": "1948", "topo_scale": "24000", "compiledby": "CA Dept Conserv", "gda_id": "5523879", "scanid": "300650", "url": "https://mrdata.usgs.gov/usmin/show-usmin.php?type=point&id=58838", "_layer": "points"}}, {"type": "Feature", "geometry": {"type": "Point", "coordinates": [-120.163551, 38.022585]}, "properties": {"lowerCorner": "38.022585 -120.163551", "upperCorner": "38.022585 -120.163551", "state": "CA", "county": "Tuolumne", "ftr_type": "Mine Shaft", "ftr_name": "Casa Madera Mine", "ftr_azimut": "0", "topo_name": "Twain Harte", "topo_date": "1979", "topo_scale": "24000", "compiledby": "CA Dept Conserv", "gda_id": "5525101", "scanid": "295556", "url": "https://mrdata.usgs.gov/usmin/show-usmin.php?type=point&id=58839", "_layer": "points"}}, {"type": "Feature", "geometry": {"type": "Point", "coordinates": [-120.320635, 38.086711]}, "properties": {"lowerCorner": "38.086711 -120.320635", "upperCorner": "38.086711 -120.320635", "state": "CA", "county": "Tuolumne", "ftr_type": "Mine Shaft", "ftr_azimut": "0", "topo_name": "Columbia SE", "topo_date": "1948", "topo_scale": "24000", "compiledby": "CA Dept Conserv", "gda_id": "5511347", "scanid": "289441", "url": "https://mrdata.usgs.gov/usmin/show-usmin.php?type=point&id=58840", "_layer": "points"}}, {"type": "Feature", "geometry": {"type": "Point", "coordinates": [-120.350809, 38.051657]}, "properties": {"lowerCorner": "38.051657 -120.350809", "upperCorner": "38.051657 -120.350809", "state": "CA", "county": "Tuolumne", "ftr_type": "Mine Shaft", "ftr_azimut": "0", "topo_name": "Columbia SE", "topo_date": "1948", "topo_scale": "24000", "compiledby": "CA Dept Conserv", "gda_id": "5511347", "scanid": "289441", "url": "https://mrdata.usgs.gov/usmin/show-usmin.php?type=point&id=58851", "_layer": "points"}}, {"type": "Feature", "geometry": {"type": "Point", "coordinates": [-120.305979, 38.089082]}, "properties": {"lowerCorner": "38.089082 -120.305979", "upperCorner": "38.089082 -120.305979", "state": "CA", "county": "Tuolumne", "ftr_type": "Mine Shaft", "ftr_azimut": "0", "topo_name": "Columbia SE", "topo_date": "1948", "topo_scale": "24000", "compiledby": "CA Dept Conserv", "gda_id": "5511347", "scanid": "289441", "url": "https://mrdata.usgs.gov/usmin/show-usmin.php?type=point&id=58853", "_layer": "points"}}, {"type": "Feature", "geometry": {"type": "Point", "coordinates": [-120.176572, 37.963738]}, "properties": {"lowerCorner": "37.963738 -120.176572", "upperCorner": "37.963738 -120.176572", "state": "CA", "county": "Tuolumne", "ftr_type": "Mine Shaft", "ftr_name": "Agua Caliente Mine", "ftr_azimut": "0", "topo_name": "Tuolumne", "topo_date": "1948", "topo_scale": "24000", "compiledby": "CA Dept Conserv", "gda_id": "5525029", "scanid": "300997", "url": "https://mrdata.usgs.gov/usmin/show-usmin.php?type=point&id=58862", "_layer": "points"}}, {"type": "Feature", "geometry": {"type": "Point", "coordinates": [-120.251824, 37.974248]}, "properties": {"lowerCorner": "37.974248 -120.251824", "upperCorner": "37.974248 -120.251824", "state": "CA", "county": "Tuolumne", "ftr_type": "Mine Shaft", "ftr_azimut": "0", "topo_name": "Standard", "topo_date": "1948", "topo_scale": "24000", "compiledby": "CA Dept Conserv", "gda_id": "5523879", "scanid": "300650", "url": "https://mrdata.usgs.gov/usmin/show-usmin.php?type=point&id=58865", "_layer": "points"}}, {"type": "Feature", "geometry": {"type": "Point", "coordinates": [-120.264169, 37.982389]}, "properties": {"lowerCorner": "37.982389 -120.264169", "upperCorner": "37.982389 -120.264169", "state": "CA", "county": "Tuolumne", "ftr_type": "Mine Shaft", "ftr_azimut": "0", "topo_name": "Standard", "topo_date": "1948", "topo_scale": "24000", "compiledby": "CA Dept Conserv", "gda_id": "5523879", "scanid": "300650", "url": "https://mrdata.usgs.gov/usmin/show-usmin.php?type=point&id=58866", "_layer": "points"}}, {"type": "Feature", "geometry": {"type": "Point", "coordinates": [-120.341689, 38.056729]}, "properties": {"lowerCorner": "38.056729 -120.341689", "upperCorner": "38.056729 -120.341689", "state": "CA", "county": "Tuolumne", "ftr_type": "Mine Shaft", "ftr_azimut": "0", "topo_name": "Columbia SE", "topo_date": "1948", "topo_scale": "24000", "compiledby": "CA Dept Conserv", "gda_id": "5511347", "scanid": "289441", "url": "https://mrdata.usgs.gov/usmin/show-usmin.php?type=point&id=58867", "_layer": "points"}}, {"type": "Feature", "geometry": {"type": "Point", "coordinates": [-120.382766, 37.988908]}, "properties": {"lowerCorner": "37.988908 -120.382766", "upperCorner": "37.988908 -120.382766", "state": "CA", "county": "Tuolumne", "ftr_type": "Mine Shaft", "ftr_azimut": "0", "topo_name": "Sonora", "topo_date": "1948", "topo_scale": "24000", "compiledby": "CA Dept Conserv", "gda_id": "5523721", "scanid": "300602", "url": "https://mrdata.usgs.gov/usmin/show-usmin.php?type=point&id=58868", "_layer": "points"}}, {"type": "Feature", "geometry": {"type": "Point", "coordinates": [-120.365982, 38.049559]}, "properties": {"lowerCorner": "38.049559 -120.365982", "upperCorner": "38.049559 -120.365982", "state": "CA", "county": "Tuolumne", "ftr_type": "Mine Shaft", "ftr_name": "Shanghai Mine", "ftr_azimut": "0", "topo_name": "Columbia SE", "topo_date": "1948", "topo_scale": "24000", "compiledby": "CA Dept Conserv", "gda_id": "5511347", "scanid": "289441", "url": "https://mrdata.usgs.gov/usmin/show-usmin.php?type=point&id=58869", "_layer": "points"}}, {"type": "Feature", "geometry": {"type": "Point", "coordinates": [-120.208991, 38.046048]}, "properties": {"lowerCorner": "38.046048 -120.208991", "upperCorner": "38.046048 -120.208991", "state": "CA", "county": "Tuolumne", "ftr_type": "Mine Shaft", "ftr_azimut": "0", "topo_name": "Twain Harte", "topo_date": "1979", "topo_scale": "24000", "compiledby": "CA Dept Conserv", "gda_id": "5525101", "scanid": "295556", "url": "https://mrdata.usgs.gov/usmin/show-usmin.php?type=point&id=58870", "_layer": "points"}}, {"type": "Feature", "geometry": {"type": "Point", "coordinates": [-120.31738, 38.09438]}, "properties": {"lowerCorner": "38.094380 -120.317380", "upperCorner": "38.094380 -120.317380", "state": "CA", "county": "Tuolumne", "ftr_type": "Mine Shaft", "ftr_name": "Noonday Mine", "ftr_azimut": "0", "topo_name": "Columbia SE", "topo_date": "1948", "topo_scale": "24000", "compiledby": "CA Dept Conserv", "gda_id": "5511347", "scanid": "289441", "url": "https://mrdata.usgs.gov/usmin/show-usmin.php?type=point&id=58871", "_layer": "points"}}, {"type": "Feature", "geometry": {"type": "Point", "coordinates": [-120.213891, 38.041463]}, "properties": {"lowerCorner": "38.041463 -120.213891", "upperCorner": "38.041463 -120.213891", "state": "CA", "county": "Tuolumne", "ftr_type": "Mine Shaft", "ftr_azimut": "0", "topo_name": "Twain Harte", "topo_date": "1979", "topo_scale": "24000", "compiledby": "CA Dept Conserv", "gda_id": "5525101", "scanid": "295556", "url": "https://mrdata.usgs.gov/usmin/show-usmin.php?type=point&id=58877", "_layer": "points"}}, {"type": "Feature", "geometry": {"type": "Point", "coordinates": [-120.398421, 38.066227]}, "properties": {"lowerCorner": "38.066227 -120.398421", "upperCorner": "38.066227 -120.398421", "state": "CA", "county": "Tuolumne", "ftr_type": "Mine Shaft", "ftr_azimut": "0", "topo_name": "Columbia", "topo_date": "1948", "topo_scale": "24000", "compiledby": "CA Dept Conserv", "gda_id": "5511357", "scanid": "289433", "url": "https://mrdata.usgs.gov/usmin/show-usmin.php?type=point&id=58879", "_layer": "points"}}, {"type": "Feature", "geometry": {"type": "Point", "coordinates": [-120.361686, 38.057979]}, "properties": {"lowerCorner": "38.057979 -120.361686", "upperCorner": "38.057979 -120.361686", "state": "CA", "county": "Tuolumne", "ftr_type": "Mine Shaft", "ftr_name": "Ridgeway Mine", "ftr_azimut": "0", "topo_name": "Columbia SE", "topo_date": "1948", "topo_scale": "24000", "compiledby": "CA Dept Conserv", "gda_id": "5511347", "scanid": "289441", "url": "https://mrdata.usgs.gov/usmin/show-usmin.php?type=point&id=58882", "_layer": "points"}}, {"type": "Feature", "geometry": {"type": "Point", "coordinates": [-120.310179, 38.088754]}, "properties": {"lowerCorner": "38.088754 -120.310179", "upperCorner": "38.088754 -120.310179", "state": "CA", "county": "Tuolumne", "ftr_type": "Mine Shaft", "ftr_name": "Grant Mine", "ftr_azimut": "0", "topo_name": "Columbia SE", "topo_date": "1948", "topo_scale": "24000", "compiledby": "CA Dept Conserv", "gda_id": "5511347", "scanid": "289441", "url": "https://mrdata.usgs.gov/usmin/show-usmin.php?type=point&id=58892", "_layer": "points"}}, {"type": "Feature", "geometry": {"type": "Point", "coordinates": [-120.361861, 38.090943]}, "properties": {"lowerCorner": "38.090943 -120.361861", "upperCorner": "38.090943 -120.361861", "state": "CA", "county": "Tuolumne", "ftr_type": "Mine Shaft", "ftr_azimut": "0", "topo_name": "Columbia SE", "topo_date": "1948", "topo_scale": "24000", "compiledby": "CA Dept Conserv", "gda_id": "5511347", "scanid": "289441", "url": "https://mrdata.usgs.gov/usmin/show-usmin.php?type=point&id=58894", "_layer": "points"}}, {"type": "Feature", "geometry": {"type": "Point", "coordinates": [-120.167781, 38.059575]}, "properties": {"lowerCorner": "38.059575 -120.167781", "upperCorner": "38.059575 -120.167781", "state": "CA", "county": "Tuolumne", "ftr_type": "Mine Shaft", "ftr_name": "Green Mine", "ftr_azimut": "0", "topo_name": "Twain Harte", "topo_date": "1979", "topo_scale": "24000", "compiledby": "CA Dept Conserv", "gda_id": "5525101", "scanid": "295556", "url": "https://mrdata.usgs.gov/usmin/show-usmin.php?type=point&id=58895", "_layer": "points"}}, {"type": "Feature", "geometry": {"type": "Point", "coordinates": [-120.249837, 37.986765]}, "properties": {"lowerCorner": "37.986765 -120.249837", "upperCorner": "37.986765 -120.249837", "state": "CA", "county": "Tuolumne", "ftr_type": "Mine Shaft", "ftr_azimut": "0", "topo_name": "Tuolumne", "topo_date": "1948", "topo_scale": "24000", "compiledby": "CA Dept Conserv", "gda_id": "5525029", "scanid": "300997", "url": "https://mrdata.usgs.gov/usmin/show-usmin.php?type=point&id=58896", "_layer": "points"}}, {"type": "Feature", "geometry": {"type": "Point", "coordinates": [-120.376864, 38.017327]}, "properties": {"lowerCorner": "38.017327 -120.376864", "upperCorner": "38.017327 -120.376864", "state": "CA", "county": "Tuolumne", "ftr_type": "Mine Shaft", "ftr_azimut": "0", "topo_name": "Columbia", "topo_date": "1948", "topo_scale": "24000", "compiledby": "CA Dept Conserv", "gda_id": "5511357", "scanid": "289433", "url": "https://mrdata.usgs.gov/usmin/show-usmin.php?type=point&id=58903", "_layer": "points"}}, {"type": "Feature", "geometry": {"type": "Point", "coordinates": [-120.244053, 37.975588]}, "properties": {"lowerCorner": "37.975588 -120.244053", "upperCorner": "37.975588 -120.244053", "state": "CA", "county": "Tuolumne", "ftr_type": "Mine Shaft", "ftr_azimut": "0", "topo_name": "Tuolumne", "topo_date": "1948", "topo_scale": "24000", "compiledby": "CA Dept Conserv", "gda_id": "5525029", "scanid": "300997", "url": "https://mrdata.usgs.gov/usmin/show-usmin.php?type=point&id=58910", "_layer": "points"}}, {"type": "Feature", "geometry": {"type": "Point", "coordinates": [-120.244416, 37.979309]}, "properties": {"lowerCorner": "37.979309 -120.244416", "upperCorner": "37.979309 -120.244416", "state": "CA", "county": "Tuolumne", "ftr_type": "Mine Shaft", "ftr_name": "North Star Mine", "ftr_azimut": "0", "topo_name": "Tuolumne", "topo_date": "1948", "topo_scale": "24000", "compiledby": "CA Dept Conserv", "gda_id": "5525029", "scanid": "300997", "url": "https://mrdata.usgs.gov/usmin/show-usmin.php?type=point&id=58917", "_layer": "points"}}, {"type": "Feature", "geometry": {"type": "Point", "coordinates": [-120.208365, 38.043498]}, "properties": {"lowerCorner": "38.043498 -120.208365", "upperCorner": "38.043498 -120.208365", "state": "CA", "county": "Tuolumne", "ftr_type": "Mine Shaft", "ftr_name": "Confidence Mine", "ftr_azimut": "0", "topo_name": "Twain Harte", "topo_date": "1979", "topo_scale": "24000", "compiledby": "CA Dept Conserv", "gda_id": "5525101", "scanid": "295556", "url": "https://mrdata.usgs.gov/usmin/show-usmin.php?type=point&id=58926", "_layer": "points"}}, {"type": "Feature", "geometry": {"type": "Point", "coordinates": [-120.213722, 38.04178]}, "properties": {"lowerCorner": "38.041780 -120.213722", "upperCorner": "38.041780 -120.213722", "state": "CA", "county": "Tuolumne", "ftr_type": "Open Pit Mine", "ftr_name": "Geraldine Mine", "ftr_azimut": "0", "topo_name": "Twain Harte", "topo_date": "1979", "topo_scale": "24000", "compiledby": "CA Dept Conserv", "gda_id": "5525101", "scanid": "295556", "url": "https://mrdata.usgs.gov/usmin/show-usmin.php?type=point&id=60317", "_layer": "points"}}, {"type": "Feature", "geometry": {"type": "Point", "coordinates": [-120.247596, 38.053994]}, "properties": {"lowerCorner": "38.053994 -120.247596", "upperCorner": "38.053994 -120.247596", "state": "CA", "county": "Tuolumne", "ftr_type": "Open Pit Mine", "ftr_azimut": "0", "topo_name": "Twain Harte", "topo_date": "1979", "topo_scale": "24000", "compiledby": "CA Dept Conserv", "gda_id": "5525101", "scanid": "295556", "url": "https://mrdata.usgs.gov/usmin/show-usmin.php?type=point&id=60321", "_layer": "points"}}, {"type": "Feature", "geometry": {"type": "Point", "coordinates": [-120.406802, 38.011298]}, "properties": {"lowerCorner": "38.011298 -120.406802", "upperCorner": "38.011298 -120.406802", "state": "CA", "county": "Tuolumne", "ftr_type": "Open Pit Mine or Quarry", "ftr_azimut": "0", "topo_name": "Columbia", "topo_date": "1948", "topo_scale": "24000", "compiledby": "CA Dept Conserv", "gda_id": "5511357", "scanid": "289433", "url": "https://mrdata.usgs.gov/usmin/show-usmin.php?type=point&id=60725", "_layer": "points"}}, {"type": "Feature", "geometry": {"type": "Point", "coordinates": [-120.380444, 38.01081]}, "properties": {"lowerCorner": "38.010810 -120.380444", "upperCorner": "38.010810 -120.380444", "state": "CA", "county": "Tuolumne", "ftr_type": "Open Pit Mine or Quarry", "ftr_azimut": "0", "topo_name": "Columbia", "topo_date": "1948", "topo_scale": "24000", "compiledby": "CA Dept Conserv", "gda_id": "5511357", "scanid": "289433", "url": "https://mrdata.usgs.gov/usmin/show-usmin.php?type=point&id=60732", "_layer": "points"}}, {"type": "Feature", "geometry": {"type": "Point", "coordinates": [-120.254412, 38.001546]}, "properties": {"lowerCorner": "38.001546 -120.254412", "upperCorner": "38.001546 -120.254412", "state": "CA", "county": "Tuolumne", "ftr_type": "Open Pit Mine or Quarry", "ftr_azimut": "0", "topo_name": "Columbia SE", "topo_date": "1948", "topo_scale": "24000", "compiledby": "CA Dept Conserv", "gda_id": "5511347", "scanid": "289441", "url": "https://mrdata.usgs.gov/usmin/show-usmin.php?type=point&id=60733", "_layer": "points"}}, {"type": "Feature", "geometry": {"type": "Point", "coordinates": [-120.394152, 38.033501]}, "properties": {"lowerCorner": "38.033501 -120.394152", "upperCorner": "38.033501 -120.394152", "state": "CA", "county": "Tuolumne", "ftr_type": "Open Pit Mine or Quarry", "ftr_azimut": "0", "topo_name": "Columbia", "topo_date": "1948", "topo_scale": "24000", "compiledby": "CA Dept Conserv", "gda_id": "5511357", "scanid": "289433", "url": "https://mrdata.usgs.gov/usmin/show-usmin.php?type=point&id=60735", "_layer": "points"}}, {"type": "Feature", "geometry": {"type": "Point", "coordinates": [-120.403765, 38.020237]}, "properties": {"lowerCorner": "38.020237 -120.403765", "upperCorner": "38.020237 -120.403765", "state": "CA", "county": "Tuolumne", "ftr_type": "Open Pit Mine or Quarry", "ftr_azimut": "0", "topo_name": "Columbia", "topo_date": "1948", "topo_scale": "24000", "compiledby": "CA Dept Conserv", "gda_id": "5511357", "scanid": "289433", "url": "https://mrdata.usgs.gov/usmin/show-usmin.php?type=point&id=60736", "_layer": "points"}}, {"type": "Feature", "geometry": {"type": "Point", "coordinates": [-120.314113, 38.107992]}, "properties": {"lowerCorner": "38.107992 -120.314113", "upperCorner": "38.107992 -120.314113", "state": "CA", "county": "Tuolumne", "ftr_type": "Prospect Pit", "ftr_azimut": "0", "topo_name": "Columbia SE", "topo_date": "2001", "topo_scale": "24000", "compiledby": "USGS", "gda_id": "5511339", "scanid": "100274", "url": "https://mrdata.usgs.gov/usmin/show-usmin.php?type=point&id=84693", "_layer": "points"}}, {"type": "Feature", "geometry": {"type": "Point", "coordinates": [-120.314198, 38.108244]}, "properties": {"lowerCorner": "38.108244 -120.314198", "upperCorner": "38.108244 -120.314198", "state": "CA", "county": "Tuolumne", "ftr_type": "Prospect Pit", "ftr_azimut": "0", "topo_name": "Columbia SE", "topo_date": "1948", "topo_scale": "24000", "compiledby": "CA Dept Conserv", "gda_id": "5511347", "scanid": "289441", "url": "https://mrdata.usgs.gov/usmin/show-usmin.php?type=point&id=84694", "_layer": "points"}}, {"type": "Feature", "geometry": {"type": "Point", "coordinates": [-120.229438, 37.985143]}, "properties": {"lowerCorner": "37.985143 -120.229438", "upperCorner": "37.985143 -120.229438", "state": "CA", "county": "Tuolumne", "ftr_type": "Prospect Pit", "ftr_azimut": "0", "topo_name": "Tuolumne", "topo_date": "1948", "topo_scale": "24000", "compiledby": "CA Dept Conserv", "gda_id": "5525029", "scanid": "300997", "url": "https://mrdata.usgs.gov/usmin/show-usmin.php?type=point&id=84695", "_layer": "points"}}, {"type": "Feature", "geometry": {"type": "Point", "coordinates": [-120.231451, 38.066756]}, "properties": {"lowerCorner": "38.066756 -120.231451", "upperCorner": "38.066756 -120.231451", "state": "CA", "county": "Tuolumne", "ftr_type": "Prospect Pit", "ftr_azimut": "0", "topo_name": "Twain Harte", "topo_date": "1979", "topo_scale": "24000", "compiledby": "CA Dept Conserv", "gda_id": "5525101", "scanid": "295556", "url": "https://mrdata.usgs.gov/usmin/show-usmin.php?type=point&id=84696", "_layer": "points"}}, {"type": "Feature", "geometry": {"type": "Point", "coordinates": [-120.228751, 37.983119]}, "properties": {"lowerCorner": "37.983119 -120.228751", "upperCorner": "37.983119 -120.228751", "state": "CA", "county": "Tuolumne", "ftr_type": "Prospect Pit", "ftr_azimut": "0", "topo_name": "Tuolumne", "topo_date": "1948", "topo_scale": "24000", "compiledby": "CA Dept Conserv", "gda_id": "5525029", "scanid": "300997", "url": "https://mrdata.usgs.gov/usmin/show-usmin.php?type=point&id=84700", "_layer": "points"}}, {"type": "Feature", "geometry": {"type": "Point", "coordinates": [-120.373879, 37.971696]}, "properties": {"lowerCorner": "37.971696 -120.373879", "upperCorner": "37.971696 -120.373879", "state": "CA", "county": "Tuolumne", "ftr_type": "Prospect Pit", "ftr_azimut": "0", "topo_name": "Standard", "topo_date": "1948", "topo_scale": "24000", "compiledby": "CA Dept Conserv", "gda_id": "5523879", "scanid": "300650", "url": "https://mrdata.usgs.gov/usmin/show-usmin.php?type=point&id=84723", "_layer": "points"}}, {"type": "Feature", "geometry": {"type": "Point", "coordinates": [-120.358981, 38.095372]}, "properties": {"lowerCorner": "38.095372 -120.358981", "upperCorner": "38.095372 -120.358981", "state": "CA", "county": "Tuolumne", "ftr_type": "Prospect Pit", "ftr_azimut": "0", "topo_name": "Columbia SE", "topo_date": "2001", "topo_scale": "24000", "compiledby": "USGS", "gda_id": "5511339", "scanid": "100274", "url": "https://mrdata.usgs.gov/usmin/show-usmin.php?type=point&id=84727", "_layer": "points"}}, {"type": "Feature", "geometry": {"type": "Point", "coordinates": [-120.386407, 38.018629]}, "properties": {"lowerCorner": "38.018629 -120.386407", "upperCorner": "38.018629 -120.386407", "state": "CA", "county": "Tuolumne", "ftr_type": "Prospect Pit", "ftr_azimut": "0", "topo_name": "Columbia", "topo_date": "1948", "topo_scale": "24000", "compiledby": "CA Dept Conserv", "gda_id": "5511357", "scanid": "289433", "url": "https://mrdata.usgs.gov/usmin/show-usmin.php?type=point&id=84731", "_layer": "points"}}, {"type": "Feature", "geometry": {"type": "Point", "coordinates": [-120.375202, 37.999168]}, "properties": {"lowerCorner": "37.999168 -120.375202", "upperCorner": "37.999168 -120.375202", "state": "CA", "county": "Tuolumne", "ftr_type": "Prospect Pit", "ftr_azimut": "0", "topo_name": "Standard", "topo_date": "1948", "topo_scale": "24000", "compiledby": "CA Dept Conserv", "gda_id": "5523879", "scanid": "300650", "url": "https://mrdata.usgs.gov/usmin/show-usmin.php?type=point&id=84733", "_layer": "points"}}, {"type": "Feature", "geometry": {"type": "Point", "coordinates": [-120.214857, 37.946424]}, "properties": {"lowerCorner": "37.946424 -120.214857", "upperCorner": "37.946424 -120.214857", "state": "CA", "county": "Tuolumne", "ftr_type": "Prospect Pit", "ftr_azimut": "0", "topo_name": "Tuolumne", "topo_date": "1948", "topo_scale": "24000", "compiledby": "CA Dept Conserv", "gda_id": "5525029", "scanid": "300997", "url": "https://mrdata.usgs.gov/usmin/show-usmin.php?type=point&id=84735", "_layer": "points"}}, {"type": "Feature", "geometry": {"type": "Point", "coordinates": [-120.223568, 37.985639]}, "properties": {"lowerCorner": "37.985639 -120.223568", "upperCorner": "37.985639 -120.223568", "state": "CA", "county": "Tuolumne", "ftr_type": "Prospect Pit", "ftr_azimut": "0", "topo_name": "Tuolumne", "topo_date": "1948", "topo_scale": "24000", "compiledby": "CA Dept Conserv", "gda_id": "5525029", "scanid": "300997", "url": "https://mrdata.usgs.gov/usmin/show-usmin.php?type=point&id=84737", "_layer": "points"}}, {"type": "Feature", "geometry": {"type": "Point", "coordinates": [-120.203592, 38.098127]}, "properties": {"lowerCorner": "38.098127 -120.203592", "upperCorner": "38.098127 -120.203592", "state": "CA", "county": "Tuolumne", "ftr_type": "Prospect Pit", "ftr_azimut": "0", "topo_name": "Twain Harte", "topo_date": "1979", "topo_scale": "24000", "compiledby": "CA Dept Conserv", "gda_id": "5525101", "scanid": "295556", "url": "https://mrdata.usgs.gov/usmin/show-usmin.php?type=point&id=84740", "_layer": "points"}}, {"type": "Feature", "geometry": {"type": "Point", "coordinates": [-120.232438, 37.947966]}, "properties": {"lowerCorner": "37.947966 -120.232438", "upperCorner": "37.947966 -120.232438", "state": "CA", "county": "Tuolumne", "ftr_type": "Prospect Pit", "ftr_azimut": "0", "topo_name": "Tuolumne", "topo_date": "1948", "topo_scale": "24000", "compiledby": "CA Dept Conserv", "gda_id": "5525029", "scanid": "300997", "url": "https://mrdata.usgs.gov/usmin/show-usmin.php?type=point&id=84747", "_layer": "points"}}, {"type": "Feature", "geometry": {"type": "Point", "coordinates": [-120.16564, 38.022778]}, "properties": {"lowerCorner": "38.022778 -120.165640", "upperCorner": "38.022778 -120.165640", "state": "CA", "county": "Tuolumne", "ftr_type": "Prospect Pit", "ftr_azimut": "0", "topo_name": "Twain Harte", "topo_date": "1979", "topo_scale": "24000", "compiledby": "CA Dept Conserv", "gda_id": "5525101", "scanid": "295556", "url": "https://mrdata.usgs.gov/usmin/show-usmin.php?type=point&id=84748", "_layer": "points"}}, {"type": "Feature", "geometry": {"type": "Point", "coordinates": [-120.255307, 37.978399]}, "properties": {"lowerCorner": "37.978399 -120.255307", "upperCorner": "37.978399 -120.255307", "state": "CA", "county": "Tuolumne", "ftr_type": "Prospect Pit", "ftr_azimut": "0", "topo_name": "Standard", "topo_date": "1948", "topo_scale": "24000", "compiledby": "CA Dept Conserv", "gda_id": "5523879", "scanid": "300650", "url": "https://mrdata.usgs.gov/usmin/show-usmin.php?type=point&id=84749", "_layer": "points"}}, {"type": "Feature", "geometry": {"type": "Point", "coordinates": [-120.314744, 38.10796]}, "properties": {"lowerCorner": "38.107960 -120.314744", "upperCorner": "38.107960 -120.314744", "state": "CA", "county": "Tuolumne", "ftr_type": "Prospect Pit", "ftr_azimut": "0", "topo_name": "Columbia SE", "topo_date": "2001", "topo_scale": "24000", "compiledby": "USGS", "gda_id": "5511339", "scanid": "100274", "url": "https://mrdata.usgs.gov/usmin/show-usmin.php?type=point&id=84757", "_layer": "points"}}, {"type": "Feature", "geometry": {"type": "Point", "coordinates": [-120.398399, 38.082506]}, "properties": {"lowerCorner": "38.082506 -120.398399", "upperCorner": "38.082506 -120.398399", "state": "CA", "county": "Tuolumne", "ftr_type": "Prospect Pit", "ftr_azimut": "0", "topo_name": "Columbia", "topo_date": "1948", "topo_scale": "24000", "compiledby": "CA Dept Conserv", "gda_id": "5511357", "scanid": "289433", "url": "https://mrdata.usgs.gov/usmin/show-usmin.php?type=point&id=84760", "_layer": "points"}}, {"type": "Feature", "geometry": {"type": "Point", "coordinates": [-120.277311, 37.973811]}, "properties": {"lowerCorner": "37.973811 -120.277311", "upperCorner": "37.973811 -120.277311", "state": "CA", "county": "Tuolumne", "ftr_type": "Prospect Pit", "ftr_azimut": "0", "topo_name": "Standard", "topo_date": "1948", "topo_scale": "24000", "compiledby": "CA Dept Conserv", "gda_id": "5523879", "scanid": "300650", "url": "https://mrdata.usgs.gov/usmin/show-usmin.php?type=point&id=84767", "_layer": "points"}}, {"type": "Feature", "geometry": {"type": "Point", "coordinates": [-120.246701, 37.967216]}, "properties": {"lowerCorner": "37.967216 -120.246701", "upperCorner": "37.967216 -120.246701", "state": "CA", "county": "Tuolumne", "ftr_type": "Prospect Pit", "ftr_azimut": "0", "topo_name": "Tuolumne", "topo_date": "1948", "topo_scale": "24000", "compiledby": "CA Dept Conserv", "gda_id": "5525029", "scanid": "300997", "url": "https://mrdata.usgs.gov/usmin/show-usmin.php?type=point&id=84778", "_layer": "points"}}, {"type": "Feature", "geometry": {"type": "Point", "coordinates": [-120.236198, 38.113495]}, "properties": {"lowerCorner": "38.113495 -120.236198", "upperCorner": "38.113495 -120.236198", "state": "CA", "county": "Tuolumne", "ftr_type": "Prospect Pit", "ftr_azimut": "0", "topo_name": "Twain Harte", "topo_date": "1979", "topo_scale": "24000", "compiledby": "CA Dept Conserv", "gda_id": "5525101", "scanid": "295556", "url": "https://mrdata.usgs.gov/usmin/show-usmin.php?type=point&id=84779", "_layer": "points"}}, {"type": "Feature", "geometry": {"type": "Point", "coordinates": [-120.321677, 38.004941]}, "properties": {"lowerCorner": "38.004941 -120.321677", "upperCorner": "38.004941 -120.321677", "state": "CA", "county": "Tuolumne", "ftr_type": "Prospect Pit", "ftr_azimut": "0", "topo_name": "Columbia SE", "topo_date": "1948", "topo_scale": "24000", "compiledby": "CA Dept Conserv", "gda_id": "5511347", "scanid": "289441", "url": "https://mrdata.usgs.gov/usmin/show-usmin.php?type=point&id=84780", "_layer": "points"}}, {"type": "Feature", "geometry": {"type": "Point", "coordinates": [-120.163722, 38.072701]}, "properties": {"lowerCorner": "38.072701 -120.163722", "upperCorner": "38.072701 -120.163722", "state": "CA", "county": "Tuolumne", "ftr_type": "Prospect Pit", "ftr_azimut": "0", "topo_name": "Twain Harte", "topo_date": "1979", "topo_scale": "24000", "compiledby": "CA Dept Conserv", "gda_id": "5525101", "scanid": "295556", "url": "https://mrdata.usgs.gov/usmin/show-usmin.php?type=point&id=84781", "_layer": "points"}}, {"type": "Feature", "geometry": {"type": "Point", "coordinates": [-120.374216, 38.044231]}, "properties": {"lowerCorner": "38.044231 -120.374216", "upperCorner": "38.044231 -120.374216", "state": "CA", "county": "Tuolumne", "ftr_type": "Prospect Pit", "ftr_azimut": "0", "topo_name": "Columbia SE", "topo_date": "1948", "topo_scale": "24000", "compiledby": "CA Dept Conserv", "gda_id": "5511347", "scanid": "289441", "url": "https://mrdata.usgs.gov/usmin/show-usmin.php?type=point&id=84783", "_layer": "points"}}, {"type": "Feature", "geometry": {"type": "Point", "coordinates": [-120.292688, 37.947748]}, "properties": {"lowerCorner": "37.947748 -120.292688", "upperCorner": "37.947748 -120.292688", "state": "CA", "county": "Tuolumne", "ftr_type": "Prospect Pit", "ftr_azimut": "0", "topo_name": "Standard", "topo_date": "1948", "topo_scale": "24000", "compiledby": "CA Dept Conserv", "gda_id": "5523879", "scanid": "300650", "url": "https://mrdata.usgs.gov/usmin/show-usmin.php?type=point&id=84789", "_layer": "points"}}, {"type": "Feature", "geometry": {"type": "Point", "coordinates": [-120.224544, 37.981846]}, "properties": {"lowerCorner": "37.981846 -120.224544", "upperCorner": "37.981846 -120.224544", "state": "CA", "county": "Tuolumne", "ftr_type": "Prospect Pit", "ftr_azimut": "0", "topo_name": "Tuolumne", "topo_date": "1948", "topo_scale": "24000", "compiledby": "CA Dept Conserv", "gda_id": "5525029", "scanid": "300997", "url": "https://mrdata.usgs.gov/usmin/show-usmin.php?type=point&id=84790", "_layer": "points"}}, {"type": "Feature", "geometry": {"type": "Point", "coordinates": [-120.255894, 37.976683]}, "properties": {"lowerCorner": "37.976683 -120.255894", "upperCorner": "37.976683 -120.255894", "state": "CA", "county": "Tuolumne", "ftr_type": "Prospect Pit", "ftr_azimut": "0", "topo_name": "Standard", "topo_date": "1948", "topo_scale": "24000", "compiledby": "CA Dept Conserv", "gda_id": "5523879", "scanid": "300650", "url": "https://mrdata.usgs.gov/usmin/show-usmin.php?type=point&id=84794", "_layer": "points"}}, {"type": "Feature", "geometry": {"type": "Point", "coordinates": [-120.262012, 37.986778]}, "properties": {"lowerCorner": "37.986778 -120.262012", "upperCorner": "37.986778 -120.262012", "state": "CA", "county": "Tuolumne", "ftr_type": "Prospect Pit", "ftr_azimut": "0", "topo_name": "Standard", "topo_date": "1948", "topo_scale": "24000", "compiledby": "CA Dept Conserv", "gda_id": "5523879", "scanid": "300650", "url": "https://mrdata.usgs.gov/usmin/show-usmin.php?type=point&id=84798", "_layer": "points"}}, {"type": "Feature", "geometry": {"type": "Point", "coordinates": [-120.290714, 37.953841]}, "properties": {"lowerCorner": "37.953841 -120.290714", "upperCorner": "37.953841 -120.290714", "state": "CA", "county": "Tuolumne", "ftr_type": "Prospect Pit", "ftr_azimut": "0", "topo_name": "Standard", "topo_date": "1948", "topo_scale": "24000", "compiledby": "CA Dept Conserv", "gda_id": "5523879", "scanid": "300650", "url": "https://mrdata.usgs.gov/usmin/show-usmin.php?type=point&id=84799", "_layer": "points"}}, {"type": "Feature", "geometry": {"type": "Point", "coordinates": [-120.241908, 37.976994]}, "properties": {"lowerCorner": "37.976994 -120.241908", "upperCorner": "37.976994 -120.241908", "state": "CA", "county": "Tuolumne", "ftr_type": "Prospect Pit", "ftr_azimut": "0", "topo_name": "Tuolumne", "topo_date": "1948", "topo_scale": "24000", "compiledby": "CA Dept Conserv", "gda_id": "5525029", "scanid": "300997", "url": "https://mrdata.usgs.gov/usmin/show-usmin.php?type=point&id=84800", "_layer": "points"}}, {"type": "Feature", "geometry": {"type": "Point", "coordinates": [-120.256614, 37.975191]}, "properties": {"lowerCorner": "37.975191 -120.256614", "upperCorner": "37.975191 -120.256614", "state": "CA", "county": "Tuolumne", "ftr_type": "Prospect Pit", "ftr_azimut": "0", "topo_name": "Standard", "topo_date": "1948", "topo_scale": "24000", "compiledby": "CA Dept Conserv", "gda_id": "5523879", "scanid": "300650", "url": "https://mrdata.usgs.gov/usmin/show-usmin.php?type=point&id=84802", "_layer": "points"}}, {"type": "Feature", "geometry": {"type": "Point", "coordinates": [-120.401838, 38.054108]}, "properties": {"lowerCorner": "38.054108 -120.401838", "upperCorner": "38.054108 -120.401838", "state": "CA", "county": "Tuolumne", "ftr_type": "Prospect Pit", "ftr_azimut": "0", "topo_name": "Columbia", "topo_date": "1948", "topo_scale": "24000", "compiledby": "CA Dept Conserv", "gda_id": "5511357", "scanid": "289433", "url": "https://mrdata.usgs.gov/usmin/show-usmin.php?type=point&id=84803", "_layer": "points"}}, {"type": "Feature", "geometry": {"type": "Point", "coordinates": [-120.325658, 38.044042]}, "properties": {"lowerCorner": "38.044042 -120.325658", "upperCorner": "38.044042 -120.325658", "state": "CA", "county": "Tuolumne", "ftr_type": "Prospect Pit", "ftr_azimut": "0", "topo_name": "Columbia SE", "topo_date": "1948", "topo_scale": "24000", "compiledby": "CA Dept Conserv", "gda_id": "5511347", "scanid": "289441", "url": "https://mrdata.usgs.gov/usmin/show-usmin.php?type=point&id=84808", "_layer": "points"}}, {"type": "Feature", "geometry": {"type": "Point", "coordinates": [-120.262102, 37.987505]}, "properties": {"lowerCorner": "37.987505 -120.262102", "upperCorner": "37.987505 -120.262102", "state": "CA", "county": "Tuolumne", "ftr_type": "Prospect Pit", "ftr_name": "Soulsby Mine", "ftr_azimut": "0", "topo_name": "Standard", "topo_date": "1948", "topo_scale": "24000", "compiledby": "CA Dept Conserv", "gda_id": "5523879", "scanid": "300650", "url": "https://mrdata.usgs.gov/usmin/show-usmin.php?type=point&id=84820", "_layer": "points"}}, {"type": "Feature", "geometry": {"type": "Point", "coordinates": [-120.276556, 37.977417]}, "properties": {"lowerCorner": "37.977417 -120.276556", "upperCorner": "37.977417 -120.276556", "state": "CA", "county": "Tuolumne", "ftr_type": "Prospect Pit", "ftr_name": "Black Oak Mine", "ftr_azimut": "0", "topo_name": "Standard", "topo_date": "1948", "topo_scale": "24000", "compiledby": "CA Dept Conserv", "gda_id": "5523879", "scanid": "300650", "url": "https://mrdata.usgs.gov/usmin/show-usmin.php?type=point&id=84821", "_layer": "points"}}, {"type": "Feature", "geometry": {"type": "Point", "coordinates": [-120.219091, 37.992767]}, "properties": {"lowerCorner": "37.992767 -120.219091", "upperCorner": "37.992767 -120.219091", "state": "CA", "county": "Tuolumne", "ftr_type": "Prospect Pit", "ftr_azimut": "0", "topo_name": "Tuolumne", "topo_date": "1948", "topo_scale": "24000", "compiledby": "CA Dept Conserv", "gda_id": "5525029", "scanid": "300997", "url": "https://mrdata.usgs.gov/usmin/show-usmin.php?type=point&id=84823", "_layer": "points"}}, {"type": "Feature", "geometry": {"type": "Point", "coordinates": [-120.373936, 38.044173]}, "properties": {"lowerCorner": "38.044173 -120.373936", "upperCorner": "38.044173 -120.373936", "state": "CA", "county": "Tuolumne", "ftr_type": "Prospect Pit", "ftr_azimut": "0", "topo_name": "Columbia SE", "topo_date": "2001", "topo_scale": "24000", "compiledby": "USGS", "gda_id": "5511339", "scanid": "100274", "url": "https://mrdata.usgs.gov/usmin/show-usmin.php?type=point&id=84842", "_layer": "points"}}, {"type": "Feature", "geometry": {"type": "Point", "coordinates": [-120.222367, 37.99496]}, "properties": {"lowerCorner": "37.994960 -120.222367", "upperCorner": "37.994960 -120.222367", "state": "CA", "county": "Tuolumne", "ftr_type": "Prospect Pit", "ftr_azimut": "0", "topo_name": "Tuolumne", "topo_date": "1948", "topo_scale": "24000", "compiledby": "CA Dept Conserv", "gda_id": "5525029", "scanid": "300997", "url": "https://mrdata.usgs.gov/usmin/show-usmin.php?type=point&id=84845", "_layer": "points"}}, {"type": "Feature", "geometry": {"type": "Point", "coordinates": [-120.359232, 38.095594]}, "properties": {"lowerCorner": "38.095594 -120.359232", "upperCorner": "38.095594 -120.359232", "state": "CA", "county": "Tuolumne", "ftr_type": "Prospect Pit", "ftr_azimut": "0", "topo_name": "Columbia SE", "topo_date": "1948", "topo_scale": "24000", "compiledby": "CA Dept Conserv", "gda_id": "5511347", "scanid": "289441", "url": "https://mrdata.usgs.gov/usmin/show-usmin.php?type=point&id=84846", "_layer": "points"}}, {"type": "Feature", "geometry": {"type": "Point", "coordinates": [-120.260895, 37.975078]}, "properties": {"lowerCorner": "37.975078 -120.260895", "upperCorner": "37.975078 -120.260895", "state": "CA", "county": "Tuolumne", "ftr_type": "Prospect Pit", "ftr_azimut": "0", "topo_name": "Standard", "topo_date": "1948", "topo_scale": "24000", "compiledby": "CA Dept Conserv", "gda_id": "5523879", "scanid": "300650", "url": "https://mrdata.usgs.gov/usmin/show-usmin.php?type=point&id=84848", "_layer": "points"}}, {"type": "Feature", "geometry": {"type": "Point", "coordinates": [-120.233557, 38.066618]}, "properties": {"lowerCorner": "38.066618 -120.233557", "upperCorner": "38.066618 -120.233557", "state": "CA", "county": "Tuolumne", "ftr_type": "Prospect Pit", "ftr_azimut": "0", "topo_name": "Twain Harte", "topo_date": "1979", "topo_scale": "24000", "compiledby": "CA Dept Conserv", "gda_id": "5525101", "scanid": "295556", "url": "https://mrdata.usgs.gov/usmin/show-usmin.php?type=point&id=84851", "_layer": "points"}}, {"type": "Feature", "geometry": {"type": "Point", "coordinates": [-120.314802, 38.108169]}, "properties": {"lowerCorner": "38.108169 -120.314802", "upperCorner": "38.108169 -120.314802", "state": "CA", "county": "Tuolumne", "ftr_type": "Prospect Pit", "ftr_azimut": "0", "topo_name": "Columbia SE", "topo_date": "1948", "topo_scale": "24000", "compiledby": "CA Dept Conserv", "gda_id": "5511347", "scanid": "289441", "url": "https://mrdata.usgs.gov/usmin/show-usmin.php?type=point&id=84852", "_layer": "points"}}, {"type": "Feature", "geometry": {"type": "Point", "coordinates": [-120.158253, 38.074161]}, "properties": {"lowerCorner": "38.074161 -120.158253", "upperCorner": "38.074161 -120.158253", "state": "CA", "county": "Tuolumne", "ftr_type": "Prospect Pit", "ftr_azimut": "0", "topo_name": "Twain Harte", "topo_date": "1979", "topo_scale": "24000", "compiledby": "CA Dept Conserv", "gda_id": "5525101", "scanid": "295556", "url": "https://mrdata.usgs.gov/usmin/show-usmin.php?type=point&id=84853", "_layer": "points"}}, {"type": "Feature", "geometry": {"type": "Point", "coordinates": [-120.369388, 38.054998]}, "properties": {"lowerCorner": "38.054998 -120.369388", "upperCorner": "38.054998 -120.369388", "state": "CA", "county": "Tuolumne", "ftr_type": "Prospect Pit", "ftr_azimut": "0", "topo_name": "Columbia SE", "topo_date": "1948", "topo_scale": "24000", "compiledby": "CA Dept Conserv", "gda_id": "5511347", "scanid": "289441", "url": "https://mrdata.usgs.gov/usmin/show-usmin.php?type=point&id=84860", "_layer": "points"}}, {"type": "Feature", "geometry": {"type": "Point", "coordinates": [-120.164433, 38.072066]}, "properties": {"lowerCorner": "38.072066 -120.164433", "upperCorner": "38.072066 -120.164433", "state": "CA", "county": "Tuolumne", "ftr_type": "Prospect Pit", "ftr_azimut": "0", "topo_name": "Twain Harte", "topo_date": "1979", "topo_scale": "24000", "compiledby": "CA Dept Conserv", "gda_id": "5525101", "scanid": "295556", "url": "https://mrdata.usgs.gov/usmin/show-usmin.php?type=point&id=84869", "_layer": "points"}}, {"type": "Feature", "geometry": {"type": "Point", "coordinates": [-120.235379, 38.006209]}, "properties": {"lowerCorner": "38.006209 -120.235379", "upperCorner": "38.006209 -120.235379", "state": "CA", "county": "Tuolumne", "ftr_type": "Quarry", "ftr_azimut": "0", "topo_name": "Twain Harte", "topo_date": "1979", "topo_scale": "24000", "compiledby": "CA Dept Conserv", "gda_id": "5525101", "scanid": "295556", "url": "https://mrdata.usgs.gov/usmin/show-usmin.php?type=point&id=85794", "_layer": "points"}}, {"type": "Feature", "geometry": {"type": "Point", "coordinates": [-120.384464, 38.062971]}, "properties": {"lowerCorner": "38.062971 -120.384464", "upperCorner": "38.062971 -120.384464", "state": "CA", "county": "Tuolumne", "ftr_type": "Quarry", "ftr_name": "Marble Quarry", "ftr_azimut": "0", "topo_name": "Columbia", "topo_date": "1948", "topo_scale": "24000", "compiledby": "CA Dept Conserv", "gda_id": "5511357", "scanid": "289433", "url": "https://mrdata.usgs.gov/usmin/show-usmin.php?type=point&id=85812", "_layer": "points"}}, {"type": "Feature", "geometry": {"type": "Point", "coordinates": [-120.122359, 38.10686]}, "properties": {"lowerCorner": "38.106860 -120.122359", "upperCorner": "38.106860 -120.122359", "state": "CA", "county": "Tuolumne", "ftr_type": "Quarry", "ftr_azimut": "0", "topo_name": "Hull Creek", "topo_date": "2001", "topo_scale": "24000", "compiledby": "USGS", "gda_id": "5515725", "scanid": "100788", "url": "https://mrdata.usgs.gov/usmin/show-usmin.php?type=point&id=85813", "_layer": "points"}}, {"type": "Feature", "geometry": {"type": "Point", "coordinates": [-120.157079, 38.075676]}, "properties": {"lowerCorner": "38.075676 -120.157079", "upperCorner": "38.075676 -120.157079", "state": "CA", "county": "Tuolumne", "ftr_type": "Sand Pit", "ftr_azimut": "0", "topo_name": "Twain Harte", "topo_date": "1979", "topo_scale": "24000", "compiledby": "CA Dept Conserv", "gda_id": "5525101", "scanid": "295556", "url": "https://mrdata.usgs.gov/usmin/show-usmin.php?type=point&id=86017", "_layer": "points"}}, {"type": "Feature", "geometry": {"type": "Point", "coordinates": [-120.350944, 38.051557]}, "properties": {"lowerCorner": "38.051557 -120.350944", "upperCorner": "38.051557 -120.350944", "state": "CA", "county": "Tuolumne", "ftr_type": "Mine Shaft", "ftr_azimut": "0", "topo_name": "Columbia", "topo_date": "1948", "topo_scale": "62500", "compiledby": "USGS", "gda_id": "5501147", "scanid": "297139", "url": "https://mrdata.usgs.gov/usmin/show-usmin.php?type=point&id=494118", "_layer": "points"}}, {"type": "Feature", "geometry": {"type": "Point", "coordinates": [-120.361339, 38.058303]}, "properties": {"lowerCorner": "38.058303 -120.361339", "upperCorner": "38.058303 -120.361339", "state": "CA", "county": "Tuolumne", "ftr_type": "Mine Shaft", "ftr_name": "Ridgeway Mine", "ftr_azimut": "0", "topo_name": "Columbia", "topo_date": "1948", "topo_scale": "62500", "compiledby": "USGS", "gda_id": "5501147", "scanid": "297139", "url": "https://mrdata.usgs.gov/usmin/show-usmin.php?type=point&id=494136", "_layer": "points"}}, {"type": "Feature", "geometry": {"type": "Point", "coordinates": [-120.263381, 37.982689]}, "properties": {"lowerCorner": "37.982689 -120.263381", "upperCorner": "37.982689 -120.263381", "state": "CA", "county": "Tuolumne", "ftr_type": "Mine Shaft", "ftr_azimut": "0", "topo_name": "Sonora", "topo_date": "1948", "topo_scale": "62500", "compiledby": "USGS", "gda_id": "5958019", "scanid": "301739", "url": "https://mrdata.usgs.gov/usmin/show-usmin.php?type=point&id=494144", "_layer": "points"}}, {"type": "Feature", "geometry": {"type": "Point", "coordinates": [-120.243898, 37.975581]}, "properties": {"lowerCorner": "37.975581 -120.243898", "upperCorner": "37.975581 -120.243898", "state": "CA", "county": "Tuolumne", "ftr_type": "Mine Shaft", "ftr_azimut": "0", "topo_name": "Tuolumne", "topo_date": "1948", "topo_scale": "62500", "compiledby": "USGS", "gda_id": "5504909", "scanid": "301880", "url": "https://mrdata.usgs.gov/usmin/show-usmin.php?type=point&id=494147", "_layer": "points"}}, {"type": "Feature", "geometry": {"type": "Point", "coordinates": [-120.244298, 37.979426]}, "properties": {"lowerCorner": "37.979426 -120.244298", "upperCorner": "37.979426 -120.244298", "state": "CA", "county": "Tuolumne", "ftr_type": "Mine Shaft", "ftr_azimut": "0", "topo_name": "Tuolumne", "topo_date": "1948", "topo_scale": "62500", "compiledby": "USGS", "gda_id": "5504909", "scanid": "301880", "url": "https://mrdata.usgs.gov/usmin/show-usmin.php?type=point&id=494156", "_layer": "points"}}, {"type": "Feature", "geometry": {"type": "Point", "coordinates": [-120.251763, 37.974044]}, "properties": {"lowerCorner": "37.974044 -120.251763", "upperCorner": "37.974044 -120.251763", "state": "CA", "county": "Tuolumne", "ftr_type": "Mine Shaft", "ftr_azimut": "0", "topo_name": "Sonora", "topo_date": "1948", "topo_scale": "62500", "compiledby": "USGS", "gda_id": "5958019", "scanid": "301739", "url": "https://mrdata.usgs.gov/usmin/show-usmin.php?type=point&id=494173", "_layer": "points"}}, {"type": "Feature", "geometry": {"type": "Point", "coordinates": [-120.265524, 37.996909]}, "properties": {"lowerCorner": "37.996909 -120.265524", "upperCorner": "37.996909 -120.265524", "state": "CA", "county": "Tuolumne", "ftr_type": "Mine Shaft", "ftr_azimut": "0", "topo_name": "Sonora", "topo_date": "1948", "topo_scale": "62500", "compiledby": "USGS", "gda_id": "5958019", "scanid": "301739", "url": "https://mrdata.usgs.gov/usmin/show-usmin.php?type=point&id=494187", "_layer": "points"}}, {"type": "Feature", "geometry": {"type": "Point", "coordinates": [-120.279076, 37.971254]}, "properties": {"lowerCorner": "37.971254 -120.279076", "upperCorner": "37.971254 -120.279076", "state": "CA", "county": "Tuolumne", "ftr_type": "Mine Shaft", "ftr_name": "Junction Mine", "ftr_azimut": "0", "topo_name": "Sonora", "topo_date": "1948", "topo_scale": "62500", "compiledby": "USGS", "gda_id": "5958019", "scanid": "301739", "url": "https://mrdata.usgs.gov/usmin/show-usmin.php?type=point&id=494198", "_layer": "points"}}, {"type": "Feature", "geometry": {"type": "Point", "coordinates": [-120.317452, 38.094373]}, "properties": {"lowerCorner": "38.094373 -120.317452", "upperCorner": "38.094373 -120.317452", "state": "CA", "county": "Tuolumne", "ftr_type": "Mine Shaft", "ftr_name": "Noonday Mine", "ftr_azimut": "0", "topo_name": "Columbia", "topo_date": "1948", "topo_scale": "62500", "compiledby": "USGS", "gda_id": "5501147", "scanid": "297139", "url": "https://mrdata.usgs.gov/usmin/show-usmin.php?type=point&id=494200", "_layer": "points"}}, {"type": "Feature", "geometry": {"type": "Point", "coordinates": [-120.39906, 38.083597]}, "properties": {"lowerCorner": "38.083597 -120.399060", "upperCorner": "38.083597 -120.399060", "state": "CA", "county": "Tuolumne", "ftr_type": "Mine Shaft", "ftr_azimut": "0", "topo_name": "Columbia", "topo_date": "1948", "topo_scale": "62500", "compiledby": "USGS", "gda_id": "5501147", "scanid": "297139", "url": "https://mrdata.usgs.gov/usmin/show-usmin.php?type=point&id=494214", "_layer": "points"}}, {"type": "Feature", "geometry": {"type": "Point", "coordinates": [-120.310218, 38.088856]}, "properties": {"lowerCorner": "38.088856 -120.310218", "upperCorner": "38.088856 -120.310218", "state": "CA", "county": "Tuolumne", "ftr_type": "Mine Shaft", "ftr_name": "Grant Mine", "ftr_azimut": "0", "topo_name": "Columbia", "topo_date": "1948", "topo_scale": "62500", "compiledby": "USGS", "gda_id": "5501147", "scanid": "297139", "url": "https://mrdata.usgs.gov/usmin/show-usmin.php?type=point&id=494229", "_layer": "points"}}, {"type": "Feature", "geometry": {"type": "Point", "coordinates": [-120.24975, 38.043877]}, "properties": {"lowerCorner": "38.043877 -120.249750", "upperCorner": "38.043877 -120.249750", "state": "CA", "county": "Tuolumne", "ftr_type": "Open Pit Mine", "ftr_name": "Ripperton Mine", "ftr_azimut": "0", "topo_name": "Long Barn", "topo_date": "1956", "topo_scale": "62500", "compiledby": "USGS", "gda_id": "5502745", "scanid": "298049", "url": "https://mrdata.usgs.gov/usmin/show-usmin.php?type=point&id=495079", "_layer": "points"}}, {"type": "Feature", "geometry": {"type": "Point", "coordinates": [-120.394136, 38.033382]}, "properties": {"lowerCorner": "38.033382 -120.394136", "upperCorner": "38.033382 -120.394136", "state": "CA", "county": "Tuolumne", "ftr_type": "Open Pit Mine or Quarry", "ftr_azimut": "0", "topo_name": "Columbia", "topo_date": "1948", "topo_scale": "62500", "compiledby": "USGS", "gda_id": "5501147", "scanid": "297139", "url": "https://mrdata.usgs.gov/usmin/show-usmin.php?type=point&id=496010", "_layer": "points"}}, {"type": "Feature", "geometry": {"type": "Point", "coordinates": [-120.380369, 38.010934]}, "properties": {"lowerCorner": "38.010934 -120.380369", "upperCorner": "38.010934 -120.380369", "state": "CA", "county": "Tuolumne", "ftr_type": "Open Pit Mine or Quarry", "ftr_azimut": "0", "topo_name": "Columbia", "topo_date": "1948", "topo_scale": "62500", "compiledby": "USGS", "gda_id": "5501147", "scanid": "297139", "url": "https://mrdata.usgs.gov/usmin/show-usmin.php?type=point&id=496015", "_layer": "points"}}, {"type": "Feature", "geometry": {"type": "Point", "coordinates": [-120.254486, 38.001566]}, "properties": {"lowerCorner": "38.001566 -120.254486", "upperCorner": "38.001566 -120.254486", "state": "CA", "county": "Tuolumne", "ftr_type": "Open Pit Mine or Quarry", "ftr_azimut": "0", "topo_name": "Columbia", "topo_date": "1948", "topo_scale": "62500", "compiledby": "USGS", "gda_id": "5501147", "scanid": "297139", "url": "https://mrdata.usgs.gov/usmin/show-usmin.php?type=point&id=496016", "_layer": "points"}}, {"type": "Feature", "geometry": {"type": "Point", "coordinates": [-120.195384, 38.054538]}, "properties": {"lowerCorner": "38.054538 -120.195384", "upperCorner": "38.054538 -120.195384", "state": "CA", "county": "Tuolumne", "ftr_type": "Placer Mine", "ftr_azimut": "0", "topo_name": "Long Barn", "topo_date": "1956", "topo_scale": "62500", "compiledby": "USGS", "gda_id": "5502745", "scanid": "298049", "url": "https://mrdata.usgs.gov/usmin/show-usmin.php?type=point&id=496039", "_layer": "points"}}, {"type": "Feature", "geometry": {"type": "Point", "coordinates": [-120.16601, 38.023476]}, "properties": {"lowerCorner": "38.023476 -120.166010", "upperCorner": "38.023476 -120.166010", "state": "CA", "county": "Tuolumne", "ftr_type": "Prospect Pit", "ftr_name": "Casa Madera Mine", "ftr_azimut": "0", "topo_name": "Long Barn", "topo_date": "1956", "topo_scale": "62500", "compiledby": "USGS", "gda_id": "5502745", "scanid": "298049", "url": "https://mrdata.usgs.gov/usmin/show-usmin.php?type=point&id=501373", "_layer": "points"}}, {"type": "Feature", "geometry": {"type": "Point", "coordinates": [-120.398311, 38.082585]}, "properties": {"lowerCorner": "38.082585 -120.398311", "upperCorner": "38.082585 -120.398311", "state": "CA", "county": "Tuolumne", "ftr_type": "Prospect Pit", "ftr_azimut": "0", "topo_name": "Columbia", "topo_date": "1948", "topo_scale": "62500", "compiledby": "USGS", "gda_id": "5501147", "scanid": "297139", "url": "https://mrdata.usgs.gov/usmin/show-usmin.php?type=point&id=501389", "_layer": "points"}}, {"type": "Feature", "geometry": {"type": "Point", "coordinates": [-120.229198, 37.985364]}, "properties": {"lowerCorner": "37.985364 -120.229198", "upperCorner": "37.985364 -120.229198", "state": "CA", "county": "Tuolumne", "ftr_type": "Prospect Pit", "ftr_azimut": "0", "topo_name": "Tuolumne", "topo_date": "1948", "topo_scale": "62500", "compiledby": "USGS", "gda_id": "5504909", "scanid": "301880", "url": "https://mrdata.usgs.gov/usmin/show-usmin.php?type=point&id=501399", "_layer": "points"}}, {"type": "Feature", "geometry": {"type": "Point", "coordinates": [-120.260272, 37.976294]}, "properties": {"lowerCorner": "37.976294 -120.260272", "upperCorner": "37.976294 -120.260272", "state": "CA", "county": "Tuolumne", "ftr_type": "Prospect Pit", "ftr_azimut": "0", "topo_name": "Sonora", "topo_date": "1948", "topo_scale": "62500", "compiledby": "USGS", "gda_id": "5958019", "scanid": "301739", "url": "https://mrdata.usgs.gov/usmin/show-usmin.php?type=point&id=501403", "_layer": "points"}}, {"type": "Feature", "geometry": {"type": "Point", "coordinates": [-120.241623, 37.977066]}, "properties": {"lowerCorner": "37.977066 -120.241623", "upperCorner": "37.977066 -120.241623", "state": "CA", "county": "Tuolumne", "ftr_type": "Prospect Pit", "ftr_azimut": "0", "topo_name": "Tuolumne", "topo_date": "1948", "topo_scale": "62500", "compiledby": "USGS", "gda_id": "5504909", "scanid": "301880", "url": "https://mrdata.usgs.gov/usmin/show-usmin.php?type=point&id=501420", "_layer": "points"}}, {"type": "Feature", "geometry": {"type": "Point", "coordinates": [-120.23235, 37.94811]}, "properties": {"lowerCorner": "37.948110 -120.232350", "upperCorner": "37.948110 -120.232350", "state": "CA", "county": "Tuolumne", "ftr_type": "Prospect Pit", "ftr_azimut": "0", "topo_name": "Tuolumne", "topo_date": "1948", "topo_scale": "62500", "compiledby": "USGS", "gda_id": "5504909", "scanid": "301880", "url": "https://mrdata.usgs.gov/usmin/show-usmin.php?type=point&id=501435", "_layer": "points"}}, {"type": "Feature", "geometry": {"type": "Point", "coordinates": [-120.261944, 37.986915]}, "properties": {"lowerCorner": "37.986915 -120.261944", "upperCorner": "37.986915 -120.261944", "state": "CA", "county": "Tuolumne", "ftr_type": "Prospect Pit", "ftr_azimut": "0", "topo_name": "Sonora", "topo_date": "1948", "topo_scale": "62500", "compiledby": "USGS", "gda_id": "5958019", "scanid": "301739", "url": "https://mrdata.usgs.gov/usmin/show-usmin.php?type=point&id=501443", "_layer": "points"}}, {"type": "Feature", "geometry": {"type": "Point", "coordinates": [-120.321837, 38.004891]}, "properties": {"lowerCorner": "38.004891 -120.321837", "upperCorner": "38.004891 -120.321837", "state": "CA", "county": "Tuolumne", "ftr_type": "Prospect Pit", "ftr_azimut": "0", "topo_name": "Columbia", "topo_date": "1948", "topo_scale": "62500", "compiledby": "USGS", "gda_id": "5501147", "scanid": "297139", "url": "https://mrdata.usgs.gov/usmin/show-usmin.php?type=point&id=501456", "_layer": "points"}}, {"type": "Feature", "geometry": {"type": "Point", "coordinates": [-120.386276, 38.018515]}, "properties": {"lowerCorner": "38.018515 -120.386276", "upperCorner": "38.018515 -120.386276", "state": "CA", "county": "Tuolumne", "ftr_type": "Prospect Pit", "ftr_azimut": "0", "topo_name": "Columbia", "topo_date": "1948", "topo_scale": "62500", "compiledby": "USGS", "gda_id": "5501147", "scanid": "297139", "url": "https://mrdata.usgs.gov/usmin/show-usmin.php?type=point&id=501461", "_layer": "points"}}, {"type": "Feature", "geometry": {"type": "Point", "coordinates": [-120.276608, 37.9773]}, "properties": {"lowerCorner": "37.977300 -120.276608", "upperCorner": "37.977300 -120.276608", "state": "CA", "county": "Tuolumne", "ftr_type": "Prospect Pit", "ftr_name": "Black Oak Mine", "ftr_azimut": "0", "topo_name": "Sonora", "topo_date": "1948", "topo_scale": "62500", "compiledby": "USGS", "gda_id": "5958019", "scanid": "301739", "url": "https://mrdata.usgs.gov/usmin/show-usmin.php?type=point&id=501464", "_layer": "points"}}, {"type": "Feature", "geometry": {"type": "Point", "coordinates": [-120.373639, 37.980058]}, "properties": {"lowerCorner": "37.980058 -120.373639", "upperCorner": "37.980058 -120.373639", "state": "CA", "county": "Tuolumne", "ftr_type": "Prospect Pit", "ftr_azimut": "0", "topo_name": "Sonora", "topo_date": "1948", "topo_scale": "62500", "compiledby": "USGS", "gda_id": "5958019", "scanid": "301739", "url": "https://mrdata.usgs.gov/usmin/show-usmin.php?type=point&id=501478", "_layer": "points"}}, {"type": "Feature", "geometry": {"type": "Point", "coordinates": [-120.401804, 38.053997]}, "properties": {"lowerCorner": "38.053997 -120.401804", "upperCorner": "38.053997 -120.401804", "state": "CA", "county": "Tuolumne", "ftr_type": "Prospect Pit", "ftr_azimut": "0", "topo_name": "Columbia", "topo_date": "1948", "topo_scale": "62500", "compiledby": "USGS", "gda_id": "5501147", "scanid": "297139", "url": "https://mrdata.usgs.gov/usmin/show-usmin.php?type=point&id=501497", "_layer": "points"}}, {"type": "Feature", "geometry": {"type": "Point", "coordinates": [-120.222009, 37.994852]}, "properties": {"lowerCorner": "37.994852 -120.222009", "upperCorner": "37.994852 -120.222009", "state": "CA", "county": "Tuolumne", "ftr_type": "Prospect Pit", "ftr_azimut": "0", "topo_name": "Tuolumne", "topo_date": "1948", "topo_scale": "62500", "compiledby": "USGS", "gda_id": "5504909", "scanid": "301880", "url": "https://mrdata.usgs.gov/usmin/show-usmin.php?type=point&id=501503", "_layer": "points"}}, {"type": "Feature", "geometry": {"type": "Point", "coordinates": [-120.228561, 37.983365]}, "properties": {"lowerCorner": "37.983365 -120.228561", "upperCorner": "37.983365 -120.228561", "state": "CA", "county": "Tuolumne", "ftr_type": "Prospect Pit", "ftr_azimut": "0", "topo_name": "Tuolumne", "topo_date": "1948", "topo_scale": "62500", "compiledby": "USGS", "gda_id": "5504909", "scanid": "301880", "url": "https://mrdata.usgs.gov/usmin/show-usmin.php?type=point&id=501510", "_layer": "points"}}, {"type": "Feature", "geometry": {"type": "Point", "coordinates": [-120.262075, 37.987788]}, "properties": {"lowerCorner": "37.987788 -120.262075", "upperCorner": "37.987788 -120.262075", "state": "CA", "county": "Tuolumne", "ftr_type": "Prospect Pit", "ftr_name": "Soulsby Mine", "ftr_azimut": "0", "topo_name": "Sonora", "topo_date": "1948", "topo_scale": "62500", "compiledby": "USGS", "gda_id": "5958019", "scanid": "301739", "url": "https://mrdata.usgs.gov/usmin/show-usmin.php?type=point&id=501512", "_layer": "points"}}, {"type": "Feature", "geometry": {"type": "Point", "coordinates": [-120.325613, 38.044028]}, "properties": {"lowerCorner": "38.044028 -120.325613", "upperCorner": "38.044028 -120.325613", "state": "CA", "county": "Tuolumne", "ftr_type": "Prospect Pit", "ftr_azimut": "0", "topo_name": "Columbia", "topo_date": "1948", "topo_scale": "62500", "compiledby": "USGS", "gda_id": "5501147", "scanid": "297139", "url": "https://mrdata.usgs.gov/usmin/show-usmin.php?type=point&id=501518", "_layer": "points"}}, {"type": "Feature", "geometry": {"type": "Point", "coordinates": [-120.314887, 38.108289]}, "properties": {"lowerCorner": "38.108289 -120.314887", "upperCorner": "38.108289 -120.314887", "state": "CA", "county": "Tuolumne", "ftr_type": "Prospect Pit", "ftr_azimut": "0", "topo_name": "Columbia", "topo_date": "1948", "topo_scale": "62500", "compiledby": "USGS", "gda_id": "5501147", "scanid": "297139", "url": "https://mrdata.usgs.gov/usmin/show-usmin.php?type=point&id=501523", "_layer": "points"}}, {"type": "Feature", "geometry": {"type": "Point", "coordinates": [-120.296214, 38.089498]}, "properties": {"lowerCorner": "38.089498 -120.296214", "upperCorner": "38.089498 -120.296214", "state": "CA", "county": "Tuolumne", "ftr_type": "Adit", "ftr_name": "Sonnet Mine", "ftr_azimut": "66", "topo_name": "Columbia SE", "topo_date": "1948", "topo_scale": "24000", "compiledby": "CA Dept Conserv", "gda_id": "5511347", "scanid": "289441", "dir": "ne", "url": "https://mrdata.usgs.gov/usmin/show-usmin.php?type=point&id=49172", "_layer": "points"}}, {"type": "Feature", "geometry": {"type": "Point", "coordinates": [-120.349781, 38.050585]}, "properties": {"lowerCorner": "38.050585 -120.349781", "upperCorner": "38.050585 -120.349781", "state": "CA", "county": "Tuolumne", "ftr_type": "Adit", "ftr_azimut": "55", "topo_name": "Columbia SE", "topo_date": "1948", "topo_scale": "24000", "compiledby": "CA Dept Conserv", "gda_id": "5511347", "scanid": "289441", "dir": "ne", "url": "https://mrdata.usgs.gov/usmin/show-usmin.php?type=point&id=49187", "_layer": "points"}}, {"type": "Feature", "geometry": {"type": "Point", "coordinates": [-120.366329, 38.070483]}, "properties": {"lowerCorner": "38.070483 -120.366329", "upperCorner": "38.070483 -120.366329", "state": "CA", "county": "Tuolumne", "ftr_type": "Adit", "ftr_azimut": "38", "topo_name": "Columbia SE", "topo_date": "1948", "topo_scale": "24000", "compiledby": "CA Dept Conserv", "gda_id": "5511347", "scanid": "289441", "dir": "ne", "url": "https://mrdata.usgs.gov/usmin/show-usmin.php?type=point&id=49197", "_layer": "points"}}, {"type": "Feature", "geometry": {"type": "Point", "coordinates": [-120.297255, 38.105769]}, "properties": {"lowerCorner": "38.105769 -120.297255", "upperCorner": "38.105769 -120.297255", "state": "CA", "county": "Tuolumne", "ftr_type": "Adit", "ftr_name": "Indian Girl Mine", "ftr_azimut": "30", "topo_name": "Columbia SE", "topo_date": "1948", "topo_scale": "24000", "compiledby": "CA Dept Conserv", "gda_id": "5511347", "scanid": "289441", "dir": "ne", "url": "https://mrdata.usgs.gov/usmin/show-usmin.php?type=point&id=49199", "_layer": "points"}}, {"type": "Feature", "geometry": {"type": "Point", "coordinates": [-120.217411, 37.950141]}, "properties": {"lowerCorner": "37.950141 -120.217411", "upperCorner": "37.950141 -120.217411", "state": "CA", "county": "Tuolumne", "ftr_type": "Adit", "ftr_name": "Providence Mine", "ftr_azimut": "65", "topo_name": "Tuolumne", "topo_date": "1948", "topo_scale": "24000", "compiledby": "CA Dept Conserv", "gda_id": "5525029", "scanid": "300997", "dir": "ne", "url": "https://mrdata.usgs.gov/usmin/show-usmin.php?type=point&id=49211", "_layer": "points"}}, {"type": "Feature", "geometry": {"type": "Point", "coordinates": [-120.183643, 38.028647]}, "properties": {"lowerCorner": "38.028647 -120.183643", "upperCorner": "38.028647 -120.183643", "state": "CA", "county": "Tuolumne", "ftr_type": "Adit", "ftr_azimut": "55", "topo_name": "Twain Harte", "topo_date": "1979", "topo_scale": "24000", "compiledby": "CA Dept Conserv", "gda_id": "5525101", "scanid": "295556", "dir": "ne", "url": "https://mrdata.usgs.gov/usmin/show-usmin.php?type=point&id=49219", "_layer": "points"}}, {"type": "Feature", "geometry": {"type": "Point", "coordinates": [-120.348844, 38.065628]}, "properties": {"lowerCorner": "38.065628 -120.348844", "upperCorner": "38.065628 -120.348844", "state": "CA", "county": "Tuolumne", "ftr_type": "Adit", "ftr_name": "Mountain Lily Mine", "ftr_azimut": "59", "topo_name": "Columbia SE", "topo_date": "1948", "topo_scale": "24000", "compiledby": "CA Dept Conserv", "gda_id": "5511347", "scanid": "289441", "dir": "ne", "url": "https://mrdata.usgs.gov/usmin/show-usmin.php?type=point&id=49293", "_layer": "points"}}, {"type": "Feature", "geometry": {"type": "Point", "coordinates": [-120.157682, 38.074768]}, "properties": {"lowerCorner": "38.074768 -120.157682", "upperCorner": "38.074768 -120.157682", "state": "CA", "county": "Tuolumne", "ftr_type": "Adit", "ftr_azimut": "53", "topo_name": "Twain Harte", "topo_date": "1979", "topo_scale": "24000", "compiledby": "CA Dept Conserv", "gda_id": "5525101", "scanid": "295556", "dir": "ne", "url": "https://mrdata.usgs.gov/usmin/show-usmin.php?type=point&id=49297", "_layer": "points"}}, {"type": "Feature", "geometry": {"type": "Point", "coordinates": [-120.373207, 38.019064]}, "properties": {"lowerCorner": "38.019064 -120.373207", "upperCorner": "38.019064 -120.373207", "state": "CA", "county": "Tuolumne", "ftr_type": "Adit", "ftr_azimut": "50", "topo_name": "Columbia SE", "topo_date": "1948", "topo_scale": "24000", "compiledby": "CA Dept Conserv", "gda_id": "5511347", "scanid": "289441", "dir": "ne", "url": "https://mrdata.usgs.gov/usmin/show-usmin.php?type=point&id=49305", "_layer": "points"}}, {"type": "Feature", "geometry": {"type": "Point", "coordinates": [-120.158449, 38.074562]}, "properties": {"lowerCorner": "38.074562 -120.158449", "upperCorner": "38.074562 -120.158449", "state": "CA", "county": "Tuolumne", "ftr_type": "Adit", "ftr_azimut": "36", "topo_name": "Long Barn", "topo_date": "1956", "topo_scale": "62500", "compiledby": "USGS", "gda_id": "5502745", "scanid": "298049", "dir": "ne", "url": "https://mrdata.usgs.gov/usmin/show-usmin.php?type=point&id=490169", "_layer": "points"}}, {"type": "Feature", "geometry": {"type": "Point", "coordinates": [-120.351369, 38.049555]}, "properties": {"lowerCorner": "38.049555 -120.351369", "upperCorner": "38.049555 -120.351369", "state": "CA", "county": "Tuolumne", "ftr_type": "Adit", "ftr_azimut": "48", "topo_name": "Columbia", "topo_date": "1948", "topo_scale": "62500", "compiledby": "USGS", "gda_id": "5501147", "scanid": "297139", "dir": "ne", "url": "https://mrdata.usgs.gov/usmin/show-usmin.php?type=point&id=490219", "_layer": "points"}}, {"type": "Feature", "geometry": {"type": "Point", "coordinates": [-120.224373, 37.997413]}, "properties": {"lowerCorner": "37.997413 -120.224373", "upperCorner": "37.997413 -120.224373", "state": "CA", "county": "Tuolumne", "ftr_type": "Adit", "ftr_name": "Ophir Mine", "ftr_azimut": "65", "topo_name": "Tuolumne", "topo_date": "1948", "topo_scale": "62500", "compiledby": "USGS", "gda_id": "5504909", "scanid": "301880", "dir": "ne", "url": "https://mrdata.usgs.gov/usmin/show-usmin.php?type=point&id=490225", "_layer": "points"}}, {"type": "Feature", "geometry": {"type": "Point", "coordinates": [-120.351454, 38.066246]}, "properties": {"lowerCorner": "38.066246 -120.351454", "upperCorner": "38.066246 -120.351454", "state": "CA", "county": "Tuolumne", "ftr_type": "Adit", "ftr_azimut": "48", "topo_name": "Columbia", "topo_date": "1948", "topo_scale": "62500", "compiledby": "USGS", "gda_id": "5501147", "scanid": "297139", "dir": "ne", "url": "https://mrdata.usgs.gov/usmin/show-usmin.php?type=point&id=490241", "_layer": "points"}}, {"type": "Feature", "geometry": {"type": "Point", "coordinates": [-120.373153, 38.019047]}, "properties": {"lowerCorner": "38.019047 -120.373153", "upperCorner": "38.019047 -120.373153", "state": "CA", "county": "Tuolumne", "ftr_type": "Adit", "ftr_azimut": "46", "topo_name": "Columbia", "topo_date": "1948", "topo_scale": "62500", "compiledby": "USGS", "gda_id": "5501147", "scanid": "297139", "dir": "ne", "url": "https://mrdata.usgs.gov/usmin/show-usmin.php?type=point&id=490286", "_layer": "points"}}, {"type": "Feature", "geometry": {"type": "Point", "coordinates": [-120.366333, 38.070559]}, "properties": {"lowerCorner": "38.070559 -120.366333", "upperCorner": "38.070559 -120.366333", "state": "CA", "county": "Tuolumne", "ftr_type": "Adit", "ftr_azimut": "32", "topo_name": "Columbia", "topo_date": "1948", "topo_scale": "62500", "compiledby": "USGS", "gda_id": "5501147", "scanid": "297139", "dir": "ne", "url": "https://mrdata.usgs.gov/usmin/show-usmin.php?type=point&id=490343", "_layer": "points"}}, {"type": "Feature", "geometry": {"type": "Point", "coordinates": [-120.287747, 38.09417]}, "properties": {"lowerCorner": "38.094170 -120.287747", "upperCorner": "38.094170 -120.287747", "state": "CA", "county": "Tuolumne", "ftr_type": "Adit", "ftr_azimut": "25", "topo_name": "Columbia", "topo_date": "1948", "topo_scale": "62500", "compiledby": "USGS", "gda_id": "5501147", "scanid": "297139", "dir": "ne", "url": "https://mrdata.usgs.gov/usmin/show-usmin.php?type=point&id=490348", "_layer": "points"}}, {"type": "Feature", "geometry": {"type": "Point", "coordinates": [-120.162764, 38.059345]}, "properties": {"lowerCorner": "38.059345 -120.162764", "upperCorner": "38.059345 -120.162764", "state": "CA", "county": "Tuolumne", "ftr_type": "Adit", "ftr_name": "Excelsior Mine", "ftr_azimut": "109", "topo_name": "Twain Harte", "topo_date": "1979", "topo_scale": "24000", "compiledby": "CA Dept Conserv", "gda_id": "5525101", "scanid": "295556", "dir": "e", "url": "https://mrdata.usgs.gov/usmin/show-usmin.php?type=point&id=49132", "_layer": "points"}}, {"type": "Feature", "geometry": {"type": "Point", "coordinates": [-120.356942, 38.062804]}, "properties": {"lowerCorner": "38.062804 -120.356942", "upperCorner": "38.062804 -120.356942", "state": "CA", "county": "Tuolumne", "ftr_type": "Adit", "ftr_azimut": "107", "topo_name": "Columbia SE", "topo_date": "1948", "topo_scale": "24000", "compiledby": "CA Dept Conserv", "gda_id": "5511347", "scanid": "289441", "dir": "e", "url": "https://mrdata.usgs.gov/usmin/show-usmin.php?type=point&id=49133", "_layer": "points"}}, {"type": "Feature", "geometry": {"type": "Point", "coordinates": [-120.347628, 38.057396]}, "properties": {"lowerCorner": "38.057396 -120.347628", "upperCorner": "38.057396 -120.347628", "state": "CA", "county": "Tuolumne", "ftr_type": "Adit", "ftr_azimut": "89", "topo_name": "Columbia SE", "topo_date": "1948", "topo_scale": "24000", "compiledby": "CA Dept Conserv", "gda_id": "5511347", "scanid": "289441", "dir": "e", "url": "https://mrdata.usgs.gov/usmin/show-usmin.php?type=point&id=49181", "_layer": "points"}}, {"type": "Feature", "geometry": {"type": "Point", "coordinates": [-120.224942, 37.997289]}, "properties": {"lowerCorner": "37.997289 -120.224942", "upperCorner": "37.997289 -120.224942", "state": "CA", "county": "Tuolumne", "ftr_type": "Adit", "ftr_name": "Ophir Mine", "ftr_azimut": "68", "topo_name": "Tuolumne", "topo_date": "1948", "topo_scale": "24000", "compiledby": "CA Dept Conserv", "gda_id": "5525029", "scanid": "300997", "dir": "e", "url": "https://mrdata.usgs.gov/usmin/show-usmin.php?type=point&id=49242", "_layer": "points"}}, {"type": "Feature", "geometry": {"type": "Point", "coordinates": [-120.376352, 38.06221]}, "properties": {"lowerCorner": "38.062210 -120.376352", "upperCorner": "38.062210 -120.376352", "state": "CA", "county": "Tuolumne", "ftr_type": "Adit", "ftr_azimut": "72", "topo_name": "Columbia", "topo_date": "1948", "topo_scale": "24000", "compiledby": "CA Dept Conserv", "gda_id": "5511357", "scanid": "289433", "dir": "e", "url": "https://mrdata.usgs.gov/usmin/show-usmin.php?type=point&id=49250", "_layer": "points"}}, {"type": "Feature", "geometry": {"type": "Point", "coordinates": [-120.183153, 38.031126]}, "properties": {"lowerCorner": "38.031126 -120.183153", "upperCorner": "38.031126 -120.183153", "state": "CA", "county": "Tuolumne", "ftr_type": "Adit", "ftr_name": "Lucky Strike Mine", "ftr_azimut": "94", "topo_name": "Twain Harte", "topo_date": "1979", "topo_scale": "24000", "compiledby": "CA Dept Conserv", "gda_id": "5525101", "scanid": "295556", "dir": "e", "url": "https://mrdata.usgs.gov/usmin/show-usmin.php?type=point&id=49268", "_layer": "points"}}, {"type": "Feature", "geometry": {"type": "Point", "coordinates": [-120.376339, 38.062008]}, "properties": {"lowerCorner": "38.062008 -120.376339", "upperCorner": "38.062008 -120.376339", "state": "CA", "county": "Tuolumne", "ftr_type": "Adit", "ftr_azimut": "69", "topo_name": "Columbia", "topo_date": "1948", "topo_scale": "62500", "compiledby": "USGS", "gda_id": "5501147", "scanid": "297139", "dir": "e", "url": "https://mrdata.usgs.gov/usmin/show-usmin.php?type=point&id=490196", "_layer": "points"}}, {"type": "Feature", "geometry": {"type": "Point", "coordinates": [-120.182762, 38.030989]}, "properties": {"lowerCorner": "38.030989 -120.182762", "upperCorner": "38.030989 -120.182762", "state": "CA", "county": "Tuolumne", "ftr_type": "Adit", "ftr_name": "Lucky Strike Mine", "ftr_azimut": "77", "topo_name": "Long Barn", "topo_date": "1956", "topo_scale": "62500", "compiledby": "USGS", "gda_id": "5502745", "scanid": "298049", "dir": "e", "url": "https://mrdata.usgs.gov/usmin/show-usmin.php?type=point&id=490203", "_layer": "points"}}, {"type": "Feature", "geometry": {"type": "Point", "coordinates": [-120.208752, 38.043364]}, "properties": {"lowerCorner": "38.043364 -120.208752", "upperCorner": "38.043364 -120.208752", "state": "CA", "county": "Tuolumne", "ftr_type": "Adit", "ftr_azimut": "75", "topo_name": "Long Barn", "topo_date": "1956", "topo_scale": "62500", "compiledby": "USGS", "gda_id": "5502745", "scanid": "298049", "dir": "e", "url": "https://mrdata.usgs.gov/usmin/show-usmin.php?type=point&id=490260", "_layer": "points"}}, {"type": "Feature", "geometry": {"type": "Point", "coordinates": [-120.37784, 38.058366]}, "properties": {"lowerCorner": "38.058366 -120.377840", "upperCorner": "38.058366 -120.377840", "state": "CA", "county": "Tuolumne", "ftr_type": "Adit", "ftr_azimut": "84", "topo_name": "Columbia", "topo_date": "1948", "topo_scale": "62500", "compiledby": "USGS", "gda_id": "5501147", "scanid": "297139", "dir": "e", "url": "https://mrdata.usgs.gov/usmin/show-usmin.php?type=point&id=490272", "_layer": "points"}}, {"type": "Feature", "geometry": {"type": "Point", "coordinates": [-120.182791, 38.03017]}, "properties": {"lowerCorner": "38.030170 -120.182791", "upperCorner": "38.030170 -120.182791", "state": "CA", "county": "Tuolumne", "ftr_type": "Adit", "ftr_azimut": "108", "topo_name": "Long Barn", "topo_date": "1956", "topo_scale": "62500", "compiledby": "USGS", "gda_id": "5502745", "scanid": "298049", "dir": "e", "url": "https://mrdata.usgs.gov/usmin/show-usmin.php?type=point&id=490308", "_layer": "points"}}, {"type": "Feature", "geometry": {"type": "Point", "coordinates": [-120.388111, 38.018585]}, "properties": {"lowerCorner": "38.018585 -120.388111", "upperCorner": "38.018585 -120.388111", "state": "CA", "county": "Tuolumne", "ftr_type": "Adit", "ftr_azimut": "83", "topo_name": "Columbia", "topo_date": "1948", "topo_scale": "62500", "compiledby": "USGS", "gda_id": "5501147", "scanid": "297139", "dir": "e", "url": "https://mrdata.usgs.gov/usmin/show-usmin.php?type=point&id=490323", "_layer": "points"}}, {"type": "Feature", "geometry": {"type": "Point", "coordinates": [-120.3483, 38.055661]}, "properties": {"lowerCorner": "38.055661 -120.348300", "upperCorner": "38.055661 -120.348300", "state": "CA", "county": "Tuolumne", "ftr_type": "Adit", "ftr_azimut": "76", "topo_name": "Columbia", "topo_date": "1948", "topo_scale": "62500", "compiledby": "USGS", "gda_id": "5501147", "scanid": "297139", "dir": "e", "url": "https://mrdata.usgs.gov/usmin/show-usmin.php?type=point&id=490338", "_layer": "points"}}, {"type": "Feature", "geometry": {"type": "Point", "coordinates": [-120.354823, 38.053379]}, "properties": {"lowerCorner": "38.053379 -120.354823", "upperCorner": "38.053379 -120.354823", "state": "CA", "county": "Tuolumne", "ftr_type": "Adit", "ftr_name": "Rifle Mine", "ftr_azimut": "138", "topo_name": "Columbia SE", "topo_date": "1948", "topo_scale": "24000", "compiledby": "CA Dept Conserv", "gda_id": "5511347", "scanid": "289441", "dir": "se", "url": "https://mrdata.usgs.gov/usmin/show-usmin.php?type=point&id=49147", "_layer": "points"}}, {"type": "Feature", "geometry": {"type": "Point", "coordinates": [-120.352052, 38.054035]}, "properties": {"lowerCorner": "38.054035 -120.352052", "upperCorner": "38.054035 -120.352052", "state": "CA", "county": "Tuolumne", "ftr_type": "Adit", "ftr_azimut": "140", "topo_name": "Columbia SE", "topo_date": "1948", "topo_scale": "24000", "compiledby": "CA Dept Conserv", "gda_id": "5511347", "scanid": "289441", "dir": "se", "url": "https://mrdata.usgs.gov/usmin/show-usmin.php?type=point&id=49153", "_layer": "points"}}, {"type": "Feature", "geometry": {"type": "Point", "coordinates": [-120.348686, 38.060957]}, "properties": {"lowerCorner": "38.060957 -120.348686", "upperCorner": "38.060957 -120.348686", "state": "CA", "county": "Tuolumne", "ftr_type": "Adit", "ftr_azimut": "143", "topo_name": "Columbia SE", "topo_date": "1948", "topo_scale": "24000", "compiledby": "CA Dept Conserv", "gda_id": "5511347", "scanid": "289441", "dir": "se", "url": "https://mrdata.usgs.gov/usmin/show-usmin.php?type=point&id=49299", "_layer": "points"}}, {"type": "Feature", "geometry": {"type": "Point", "coordinates": [-120.265033, 37.981093]}, "properties": {"lowerCorner": "37.981093 -120.265033", "upperCorner": "37.981093 -120.265033", "state": "CA", "county": "Tuolumne", "ftr_type": "Adit", "ftr_azimut": "130", "topo_name": "Sonora", "topo_date": "1948", "topo_scale": "62500", "compiledby": "USGS", "gda_id": "5958019", "scanid": "301739", "dir": "se", "url": "https://mrdata.usgs.gov/usmin/show-usmin.php?type=point&id=490214", "_layer": "points"}}, {"type": "Feature", "geometry": {"type": "Point", "coordinates": [-120.377323, 38.015364]}, "properties": {"lowerCorner": "38.015364 -120.377323", "upperCorner": "38.015364 -120.377323", "state": "CA", "county": "Tuolumne", "ftr_type": "Adit", "ftr_azimut": "139", "topo_name": "Columbia", "topo_date": "1948", "topo_scale": "62500", "compiledby": "USGS", "gda_id": "5501147", "scanid": "297139", "dir": "se", "url": "https://mrdata.usgs.gov/usmin/show-usmin.php?type=point&id=490231", "_layer": "points"}}, {"type": "Feature", "geometry": {"type": "Point", "coordinates": [-120.351739, 38.054038]}, "properties": {"lowerCorner": "38.054038 -120.351739", "upperCorner": "38.054038 -120.351739", "state": "CA", "county": "Tuolumne", "ftr_type": "Adit", "ftr_azimut": "138", "topo_name": "Columbia", "topo_date": "1948", "topo_scale": "62500", "compiledby": "USGS", "gda_id": "5501147", "scanid": "297139", "dir": "se", "url": "https://mrdata.usgs.gov/usmin/show-usmin.php?type=point&id=490242", "_layer": "points"}}, {"type": "Feature", "geometry": {"type": "Point", "coordinates": [-120.348716, 38.061077]}, "properties": {"lowerCorner": "38.061077 -120.348716", "upperCorner": "38.061077 -120.348716", "state": "CA", "county": "Tuolumne", "ftr_type": "Adit", "ftr_azimut": "136", "topo_name": "Columbia", "topo_date": "1948", "topo_scale": "62500", "compiledby": "USGS", "gda_id": "5501147", "scanid": "297139", "dir": "se", "url": "https://mrdata.usgs.gov/usmin/show-usmin.php?type=point&id=490257", "_layer": "points"}}, {"type": "Feature", "geometry": {"type": "Point", "coordinates": [-120.34125, 38.059271]}, "properties": {"lowerCorner": "38.059271 -120.341250", "upperCorner": "38.059271 -120.341250", "state": "CA", "county": "Tuolumne", "ftr_type": "Adit", "ftr_azimut": "152", "topo_name": "Columbia", "topo_date": "1948", "topo_scale": "62500", "compiledby": "USGS", "gda_id": "5501147", "scanid": "297139", "dir": "se", "url": "https://mrdata.usgs.gov/usmin/show-usmin.php?type=point&id=490301", "_layer": "points"}}, {"type": "Feature", "geometry": {"type": "Point", "coordinates": [-120.374978, 38.06576]}, "properties": {"lowerCorner": "38.065760 -120.374978", "upperCorner": "38.065760 -120.374978", "state": "CA", "county": "Tuolumne", "ftr_type": "Adit", "ftr_azimut": "152", "topo_name": "Columbia", "topo_date": "1948", "topo_scale": "62500", "compiledby": "USGS", "gda_id": "5501147", "scanid": "297139", "dir": "se", "url": "https://mrdata.usgs.gov/usmin/show-usmin.php?type=point&id=490311", "_layer": "points"}}, {"type": "Feature", "geometry": {"type": "Point", "coordinates": [-120.34144, 38.057446]}, "properties": {"lowerCorner": "38.057446 -120.341440", "upperCorner": "38.057446 -120.341440", "state": "CA", "county": "Tuolumne", "ftr_type": "Adit", "ftr_azimut": "191", "topo_name": "Columbia SE", "topo_date": "1948", "topo_scale": "24000", "compiledby": "CA Dept Conserv", "gda_id": "5511347", "scanid": "289441", "dir": "s", "url": "https://mrdata.usgs.gov/usmin/show-usmin.php?type=point&id=49101", "_layer": "points"}}, {"type": "Feature", "geometry": {"type": "Point", "coordinates": [-120.378502, 38.061479]}, "properties": {"lowerCorner": "38.061479 -120.378502", "upperCorner": "38.061479 -120.378502", "state": "CA", "county": "Tuolumne", "ftr_type": "Adit", "ftr_azimut": "158", "topo_name": "Columbia", "topo_date": "1948", "topo_scale": "24000", "compiledby": "CA Dept Conserv", "gda_id": "5511357", "scanid": "289433", "dir": "s", "url": "https://mrdata.usgs.gov/usmin/show-usmin.php?type=point&id=49240", "_layer": "points"}}, {"type": "Feature", "geometry": {"type": "Point", "coordinates": [-120.349215, 38.059907]}, "properties": {"lowerCorner": "38.059907 -120.349215", "upperCorner": "38.059907 -120.349215", "state": "CA", "county": "Tuolumne", "ftr_type": "Adit", "ftr_azimut": "166", "topo_name": "Columbia SE", "topo_date": "1948", "topo_scale": "24000", "compiledby": "CA Dept Conserv", "gda_id": "5511347", "scanid": "289441", "dir": "s", "url": "https://mrdata.usgs.gov/usmin/show-usmin.php?type=point&id=49257", "_layer": "points"}}, {"type": "Feature", "geometry": {"type": "Point", "coordinates": [-120.38959, 38.063149]}, "properties": {"lowerCorner": "38.063149 -120.389590", "upperCorner": "38.063149 -120.389590", "state": "CA", "county": "Tuolumne", "ftr_type": "Adit", "ftr_name": "Experimental Mine", "ftr_azimut": "176", "topo_name": "Columbia", "topo_date": "1948", "topo_scale": "24000", "compiledby": "CA Dept Conserv", "gda_id": "5511357", "scanid": "289433", "dir": "s", "url": "https://mrdata.usgs.gov/usmin/show-usmin.php?type=point&id=49279", "_layer": "points"}}, {"type": "Feature", "geometry": {"type": "Point", "coordinates": [-120.279619, 38.086013]}, "properties": {"lowerCorner": "38.086013 -120.279619", "upperCorner": "38.086013 -120.279619", "state": "CA", "county": "Tuolumne", "ftr_type": "Adit", "ftr_name": "Keltz Mine", "ftr_azimut": "178", "topo_name": "Columbia SE", "topo_date": "1948", "topo_scale": "24000", "compiledby": "CA Dept Conserv", "gda_id": "5511347", "scanid": "289441", "dir": "s", "url": "https://mrdata.usgs.gov/usmin/show-usmin.php?type=point&id=49284", "_layer": "points"}}, {"type": "Feature", "geometry": {"type": "Point", "coordinates": [-120.209967, 38.068066]}, "properties": {"lowerCorner": "38.068066 -120.209967", "upperCorner": "38.068066 -120.209967", "state": "CA", "county": "Tuolumne", "ftr_type": "Adit", "ftr_name": "Red Cloud Mine", "ftr_azimut": "234", "topo_name": "Twain Harte", "topo_date": "1979", "topo_scale": "24000", "compiledby": "CA Dept Conserv", "gda_id": "5525101", "scanid": "295556", "dir": "sw", "url": "https://mrdata.usgs.gov/usmin/show-usmin.php?type=point&id=49202", "_layer": "points"}}, {"type": "Feature", "geometry": {"type": "Point", "coordinates": [-120.362264, 38.057901]}, "properties": {"lowerCorner": "38.057901 -120.362264", "upperCorner": "38.057901 -120.362264", "state": "CA", "county": "Tuolumne", "ftr_type": "Adit", "ftr_azimut": "212", "topo_name": "Columbia SE", "topo_date": "1948", "topo_scale": "24000", "compiledby": "CA Dept Conserv", "gda_id": "5511347", "scanid": "289441", "dir": "sw", "url": "https://mrdata.usgs.gov/usmin/show-usmin.php?type=point&id=49292", "_layer": "points"}}, {"type": "Feature", "geometry": {"type": "Point", "coordinates": [-120.353871, 38.053764]}, "properties": {"lowerCorner": "38.053764 -120.353871", "upperCorner": "38.053764 -120.353871", "state": "CA", "county": "Tuolumne", "ftr_type": "Adit", "ftr_azimut": "208", "topo_name": "Columbia", "topo_date": "1948", "topo_scale": "62500", "compiledby": "USGS", "gda_id": "5501147", "scanid": "297139", "dir": "sw", "url": "https://mrdata.usgs.gov/usmin/show-usmin.php?type=point&id=490172", "_layer": "points"}}, {"type": "Feature", "geometry": {"type": "Point", "coordinates": [-120.340693, 38.058843]}, "properties": {"lowerCorner": "38.058843 -120.340693", "upperCorner": "38.058843 -120.340693", "state": "CA", "county": "Tuolumne", "ftr_type": "Adit", "ftr_azimut": "225", "topo_name": "Columbia", "topo_date": "1948", "topo_scale": "62500", "compiledby": "USGS", "gda_id": "5501147", "scanid": "297139", "dir": "sw", "url": "https://mrdata.usgs.gov/usmin/show-usmin.php?type=point&id=490173", "_layer": "points"}}, {"type": "Feature", "geometry": {"type": "Point", "coordinates": [-120.349666, 38.06142]}, "properties": {"lowerCorner": "38.061420 -120.349666", "upperCorner": "38.061420 -120.349666", "state": "CA", "county": "Tuolumne", "ftr_type": "Adit", "ftr_azimut": "235", "topo_name": "Columbia", "topo_date": "1948", "topo_scale": "62500", "compiledby": "USGS", "gda_id": "5501147", "scanid": "297139", "dir": "sw", "url": "https://mrdata.usgs.gov/usmin/show-usmin.php?type=point&id=490211", "_layer": "points"}}, {"type": "Feature", "geometry": {"type": "Point", "coordinates": [-120.329509, 38.058543]}, "properties": {"lowerCorner": "38.058543 -120.329509", "upperCorner": "38.058543 -120.329509", "state": "CA", "county": "Tuolumne", "ftr_type": "Adit", "ftr_name": "Volunteer Mine", "ftr_azimut": "213", "topo_name": "Columbia", "topo_date": "1948", "topo_scale": "62500", "compiledby": "USGS", "gda_id": "5501147", "scanid": "297139", "dir": "sw", "url": "https://mrdata.usgs.gov/usmin/show-usmin.php?type=point&id=490279", "_layer": "points"}}, {"type": "Feature", "geometry": {"type": "Point", "coordinates": [-120.391156, 38.055308]}, "properties": {"lowerCorner": "38.055308 -120.391156", "upperCorner": "38.055308 -120.391156", "state": "CA", "county": "Tuolumne", "ftr_type": "Adit", "ftr_azimut": "243", "topo_name": "Columbia", "topo_date": "1948", "topo_scale": "62500", "compiledby": "USGS", "gda_id": "5501147", "scanid": "297139", "dir": "sw", "url": "https://mrdata.usgs.gov/usmin/show-usmin.php?type=point&id=490349", "_layer": "points"}}, {"type": "Feature", "geometry": {"type": "Point", "coordinates": [-120.391085, 38.055334]}, "properties": {"lowerCorner": "38.055334 -120.391085", "upperCorner": "38.055334 -120.391085", "state": "CA", "county": "Tuolumne", "ftr_type": "Adit", "ftr_azimut": "250", "topo_name": "Columbia", "topo_date": "1948", "topo_scale": "24000", "compiledby": "CA Dept Conserv", "gda_id": "5511357", "scanid": "289433", "dir": "w", "url": "https://mrdata.usgs.gov/usmin/show-usmin.php?type=point&id=49188", "_layer": "points"}}, {"type": "Feature", "geometry": {"type": "Point", "coordinates": [-120.396425, 37.973137]}, "properties": {"lowerCorner": "37.973137 -120.396425", "upperCorner": "37.973137 -120.396425", "state": "CA", "county": "Tuolumne", "ftr_type": "Adit", "ftr_azimut": "261", "topo_name": "Sonora", "topo_date": "1948", "topo_scale": "24000", "compiledby": "CA Dept Conserv", "gda_id": "5523721", "scanid": "300602", "dir": "w", "url": "https://mrdata.usgs.gov/usmin/show-usmin.php?type=point&id=49235", "_layer": "points"}}, {"type": "Feature", "geometry": {"type": "Point", "coordinates": [-120.192927, 38.014274]}, "properties": {"lowerCorner": "38.014274 -120.192927", "upperCorner": "38.014274 -120.192927", "state": "CA", "county": "Tuolumne", "ftr_type": "Adit", "ftr_name": "Fair Oaks Mine", "ftr_azimut": "266", "topo_name": "Long Barn", "topo_date": "1956", "topo_scale": "62500", "compiledby": "USGS", "gda_id": "5502745", "scanid": "298049", "dir": "w", "url": "https://mrdata.usgs.gov/usmin/show-usmin.php?type=point&id=490234", "_layer": "points"}}, {"type": "Feature", "geometry": {"type": "Point", "coordinates": [-120.154889, 38.060213]}, "properties": {"lowerCorner": "38.060213 -120.154889", "upperCorner": "38.060213 -120.154889", "state": "CA", "county": "Tuolumne", "ftr_type": "Adit", "ftr_name": "Tunnel", "ftr_azimut": "265", "topo_name": "Long Barn", "topo_date": "1956", "topo_scale": "62500", "compiledby": "USGS", "gda_id": "5502745", "scanid": "298049", "dir": "w", "url": "https://mrdata.usgs.gov/usmin/show-usmin.php?type=point&id=490296", "_layer": "points"}}, {"type": "Feature", "geometry": {"type": "Point", "coordinates": [-120.351483, 38.087923]}, "properties": {"lowerCorner": "38.087923 -120.351483", "upperCorner": "38.087923 -120.351483", "state": "CA", "county": "Tuolumne", "ftr_type": "Adit", "ftr_azimut": "317", "topo_name": "Columbia SE", "topo_date": "1948", "topo_scale": "24000", "compiledby": "CA Dept Conserv", "gda_id": "5511347", "scanid": "289441", "dir": "nw", "url": "https://mrdata.usgs.gov/usmin/show-usmin.php?type=point&id=49130", "_layer": "points"}}, {"type": "Feature", "geometry": {"type": "Point", "coordinates": [-120.305682, 38.087417]}, "properties": {"lowerCorner": "38.087417 -120.305682", "upperCorner": "38.087417 -120.305682", "state": "CA", "county": "Tuolumne", "ftr_type": "Adit", "ftr_azimut": "319", "topo_name": "Columbia SE", "topo_date": "1948", "topo_scale": "24000", "compiledby": "CA Dept Conserv", "gda_id": "5511347", "scanid": "289441", "dir": "nw", "url": "https://mrdata.usgs.gov/usmin/show-usmin.php?type=point&id=49198", "_layer": "points"}}, {"type": "Feature", "geometry": {"type": "Point", "coordinates": [-120.373698, 37.990576]}, "properties": {"lowerCorner": "37.990576 -120.373698", "upperCorner": "37.990576 -120.373698", "state": "CA", "county": "Tuolumne", "ftr_type": "Adit", "ftr_azimut": "325", "topo_name": "Sonora", "topo_date": "1948", "topo_scale": "62500", "compiledby": "USGS", "gda_id": "5958019", "scanid": "301739", "dir": "nw", "url": "https://mrdata.usgs.gov/usmin/show-usmin.php?type=point&id=490274", "_layer": "points"}}, {"type": "Feature", "geometry": {"type": "Point", "coordinates": [-120.290602, 38.101452]}, "properties": {"lowerCorner": "38.101452 -120.290602", "upperCorner": "38.101452 -120.290602", "state": "CA", "county": "Tuolumne", "ftr_type": "Adit", "ftr_name": "Star Mine", "ftr_azimut": "328", "topo_name": "Columbia", "topo_date": "1948", "topo_scale": "62500", "compiledby": "USGS", "gda_id": "5501147", "scanid": "297139", "dir": "nw", "url": "https://mrdata.usgs.gov/usmin/show-usmin.php?type=point&id=490292", "_layer": "points"}}, {"type": "Feature", "geometry": {"type": "Point", "coordinates": [-120.175401, 38.024106]}, "properties": {"lowerCorner": "38.024106 -120.175401", "upperCorner": "38.024106 -120.175401", "state": "CA", "county": "Tuolumne", "ftr_type": "Adit", "ftr_name": "Poseidon Mine", "ftr_azimut": "357", "topo_name": "Twain Harte", "topo_date": "1979", "topo_scale": "24000", "compiledby": "CA Dept Conserv", "gda_id": "5525101", "scanid": "295556", "dir": "n", "url": "https://mrdata.usgs.gov/usmin/show-usmin.php?type=point&id=49104", "_layer": "points"}}, {"type": "Feature", "geometry": {"type": "Point", "coordinates": [-120.169109, 38.058283]}, "properties": {"lowerCorner": "38.058283 -120.169109", "upperCorner": "38.058283 -120.169109", "state": "CA", "county": "Tuolumne", "ftr_type": "Adit", "ftr_name": "Ryan Mine", "ftr_azimut": "353", "topo_name": "Twain Harte", "topo_date": "1979", "topo_scale": "24000", "compiledby": "CA Dept Conserv", "gda_id": "5525101", "scanid": "295556", "dir": "n", "url": "https://mrdata.usgs.gov/usmin/show-usmin.php?type=point&id=49195", "_layer": "points"}}, {"type": "Feature", "geometry": {"type": "Point", "coordinates": [-120.168939, 38.058433]}, "properties": {"lowerCorner": "38.058433 -120.168939", "upperCorner": "38.058433 -120.168939", "state": "CA", "county": "Tuolumne", "ftr_type": "Adit", "ftr_azimut": "357", "topo_name": "Long Barn", "topo_date": "1956", "topo_scale": "62500", "compiledby": "USGS", "gda_id": "5502745", "scanid": "298049", "dir": "n", "url": "https://mrdata.usgs.gov/usmin/show-usmin.php?type=point&id=490188", "_layer": "points"}}, {"type": "Feature", "geometry": {"type": "Point", "coordinates": [-120.157006, 38.057936]}, "properties": {"lowerCorner": "38.057936 -120.157006", "upperCorner": "38.057936 -120.157006", "state": "CA", "county": "Tuolumne", "ftr_type": "Adit", "ftr_name": "Tunnel", "ftr_azimut": "346", "topo_name": "Long Barn", "topo_date": "1956", "topo_scale": "62500", "compiledby": "USGS", "gda_id": "5502745", "scanid": "298049", "dir": "n", "url": "https://mrdata.usgs.gov/usmin/show-usmin.php?type=point&id=490222", "_layer": "points"}}, {"type": "Feature", "geometry": {"type": "Point", "coordinates": [-119.933144, 37.956993]}, "properties": {"lowerCorner": "37.956993 -119.933144", "upperCorner": "37.956993 -119.933144", "state": "CA", "county": "Tuolumne", "ftr_type": "Borrow Pit", "ftr_azimut": "0", "topo_name": "Cherry Lake South", "topo_date": "1990", "topo_scale": "24000", "compiledby": "CA Dept Conserv", "gda_id": "5510641", "scanid": "289144", "url": "https://mrdata.usgs.gov/usmin/show-usmin.php?type=point&id=50504", "_layer": "points"}}, {"type": "Feature", "geometry": {"type": "Point", "coordinates": [-119.928648, 37.963394]}, "properties": {"lowerCorner": "37.963394 -119.928648", "upperCorner": "37.963394 -119.928648", "state": "CA", "county": "Tuolumne", "ftr_type": "Borrow Pit", "ftr_azimut": "0", "topo_name": "Cherry Lake South", "topo_date": "1990", "topo_scale": "24000", "compiledby": "CA Dept Conserv", "gda_id": "5510641", "scanid": "289144", "url": "https://mrdata.usgs.gov/usmin/show-usmin.php?type=point&id=50505", "_layer": "points"}}, {"type": "Feature", "geometry": {"type": "Point", "coordinates": [-119.933469, 37.961893]}, "properties": {"lowerCorner": "37.961893 -119.933469", "upperCorner": "37.961893 -119.933469", "state": "CA", "county": "Tuolumne", "ftr_type": "Borrow Pit", "ftr_azimut": "0", "topo_name": "Cherry Lake South", "topo_date": "1990", "topo_scale": "24000", "compiledby": "CA Dept Conserv", "gda_id": "5510641", "scanid": "289144", "url": "https://mrdata.usgs.gov/usmin/show-usmin.php?type=point&id=50506", "_layer": "points"}}, {"type": "Feature", "geometry": {"type": "Point", "coordinates": [-120.000751, 38.20011]}, "properties": {"lowerCorner": "38.200110 -120.000751", "upperCorner": "38.200110 -120.000751", "state": "CA", "county": "Tuolumne", "ftr_type": "Borrow Pit", "ftr_azimut": "0", "topo_name": "Pinecrest", "topo_date": "1979", "topo_scale": "24000", "compiledby": "USGS", "gda_id": "5520811", "scanid": "294163", "url": "https://mrdata.usgs.gov/usmin/show-usmin.php?type=point&id=50507", "_layer": "points"}}, {"type": "Feature", "geometry": {"type": "Point", "coordinates": [-120.056647, 38.162989]}, "properties": {"lowerCorner": "38.162989 -120.056647", "upperCorner": "38.162989 -120.056647", "state": "CA", "county": "Tuolumne", "ftr_type": "Borrow Pit", "ftr_azimut": "0", "topo_name": "Strawberry", "topo_date": "1979", "topo_scale": "24000", "compiledby": "CA Dept Conserv", "gda_id": "5524047", "scanid": "300705", "url": "https://mrdata.usgs.gov/usmin/show-usmin.php?type=point&id=50508", "_layer": "points"}}, {"type": "Feature", "geometry": {"type": "Point", "coordinates": [-119.917501, 37.971726]}, "properties": {"lowerCorner": "37.971726 -119.917501", "upperCorner": "37.971726 -119.917501", "state": "CA", "county": "Tuolumne", "ftr_type": "Borrow Pit", "ftr_azimut": "0", "topo_name": "Cherry Lake South", "topo_date": "1990", "topo_scale": "24000", "compiledby": "CA Dept Conserv", "gda_id": "5510641", "scanid": "289144", "url": "https://mrdata.usgs.gov/usmin/show-usmin.php?type=point&id=50510", "_layer": "points"}}, {"type": "Feature", "geometry": {"type": "Point", "coordinates": [-119.931941, 37.955246]}, "properties": {"lowerCorner": "37.955246 -119.931941", "upperCorner": "37.955246 -119.931941", "state": "CA", "county": "Tuolumne", "ftr_type": "Borrow Pit", "ftr_azimut": "0", "topo_name": "Cherry Lake South", "topo_date": "1990", "topo_scale": "24000", "compiledby": "CA Dept Conserv", "gda_id": "5510641", "scanid": "289144", "url": "https://mrdata.usgs.gov/usmin/show-usmin.php?type=point&id=50511", "_layer": "points"}}, {"type": "Feature", "geometry": {"type": "Point", "coordinates": [-119.919256, 37.970424]}, "properties": {"lowerCorner": "37.970424 -119.919256", "upperCorner": "37.970424 -119.919256", "state": "CA", "county": "Tuolumne", "ftr_type": "Borrow Pit", "ftr_azimut": "0", "topo_name": "Cherry Lake South", "topo_date": "1990", "topo_scale": "24000", "compiledby": "CA Dept Conserv", "gda_id": "5510641", "scanid": "289144", "url": "https://mrdata.usgs.gov/usmin/show-usmin.php?type=point&id=50512", "_layer": "points"}}, {"type": "Feature", "geometry": {"type": "Point", "coordinates": [-120.064701, 38.152994]}, "properties": {"lowerCorner": "38.152994 -120.064701", "upperCorner": "38.152994 -120.064701", "state": "CA", "county": "Tuolumne", "ftr_type": "Gravel Pit", "ftr_azimut": "0", "topo_name": "Strawberry", "topo_date": "1979", "topo_scale": "24000", "compiledby": "CA Dept Conserv", "gda_id": "5524047", "scanid": "300705", "url": "https://mrdata.usgs.gov/usmin/show-usmin.php?type=point&id=52456", "_layer": "points"}}, {"type": "Feature", "geometry": {"type": "Point", "coordinates": [-120.056391, 38.162534]}, "properties": {"lowerCorner": "38.162534 -120.056391", "upperCorner": "38.162534 -120.056391", "state": "CA", "county": "Tuolumne", "ftr_type": "Gravel/Borrow Pit - Undifferentiated", "ftr_azimut": "0", "topo_name": "Strawberry", "topo_date": "2001", "topo_scale": "24000", "compiledby": "USGS", "gda_id": "5524045", "scanid": "295326", "url": "https://mrdata.usgs.gov/usmin/show-usmin.php?type=point&id=52895", "_layer": "points"}}, {"type": "Feature", "geometry": {"type": "Point", "coordinates": [-120.026126, 38.247141]}, "properties": {"lowerCorner": "38.247141 -120.026126", "upperCorner": "38.247141 -120.026126", "state": "CA", "county": "Tuolumne", "ftr_type": "Gravel/Borrow Pit - Undifferentiated", "ftr_azimut": "0", "topo_name": "Strawberry", "topo_date": "2001", "topo_scale": "24000", "compiledby": "USGS", "gda_id": "5524045", "scanid": "295326", "url": "https://mrdata.usgs.gov/usmin/show-usmin.php?type=point&id=52899", "_layer": "points"}}, {"type": "Feature", "geometry": {"type": "Point", "coordinates": [-120.037501, 38.184038]}, "properties": {"lowerCorner": "38.184038 -120.037501", "upperCorner": "38.184038 -120.037501", "state": "CA", "county": "Tuolumne", "ftr_type": "Gravel/Borrow Pit - Undifferentiated", "ftr_name": "Philadelphia Pit", "ftr_azimut": "0", "topo_name": "Strawberry", "topo_date": "2001", "topo_scale": "24000", "compiledby": "USGS", "gda_id": "5524045", "scanid": "295326", "url": "https://mrdata.usgs.gov/usmin/show-usmin.php?type=point&id=52901", "_layer": "points"}}, {"type": "Feature", "geometry": {"type": "Point", "coordinates": [-119.788852, 38.299682]}, "properties": {"lowerCorner": "38.299682 -119.788852", "upperCorner": "38.299682 -119.788852", "state": "CA", "county": "Tuolumne", "ftr_type": "Open Pit Mine", "ftr_azimut": "0", "topo_name": "Dardanelle", "topo_date": "1979", "topo_scale": "24000", "compiledby": "CA Dept Conserv", "gda_id": "5512121", "scanid": "302866", "url": "https://mrdata.usgs.gov/usmin/show-usmin.php?type=point&id=60318", "_layer": "points"}}, {"type": "Feature", "geometry": {"type": "Point", "coordinates": [-120.081301, 38.201755]}, "properties": {"lowerCorner": "38.201755 -120.081301", "upperCorner": "38.201755 -120.081301", "state": "CA", "county": "Tuolumne", "ftr_type": "Open Pit Mine or Quarry", "ftr_azimut": "0", "topo_name": "Strawberry", "topo_date": "2001", "topo_scale": "24000", "compiledby": "USGS", "gda_id": "5524045", "scanid": "295326", "url": "https://mrdata.usgs.gov/usmin/show-usmin.php?type=point&id=60730", "_layer": "points"}}, {"type": "Feature", "geometry": {"type": "Point", "coordinates": [-119.779988, 38.291999]}, "properties": {"lowerCorner": "38.291999 -119.779988", "upperCorner": "38.291999 -119.779988", "state": "CA", "county": "Tuolumne", "ftr_type": "Prospect Pit", "ftr_azimut": "0", "topo_name": "Dardanelle", "topo_date": "1979", "topo_scale": "24000", "compiledby": "CA Dept Conserv", "gda_id": "5512121", "scanid": "302866", "url": "https://mrdata.usgs.gov/usmin/show-usmin.php?type=point&id=84689", "_layer": "points"}}, {"type": "Feature", "geometry": {"type": "Point", "coordinates": [-119.794092, 38.284146]}, "properties": {"lowerCorner": "38.284146 -119.794092", "upperCorner": "38.284146 -119.794092", "state": "CA", "county": "Tuolumne", "ftr_type": "Prospect Pit", "ftr_azimut": "0", "topo_name": "Dardanelle", "topo_date": "1979", "topo_scale": "24000", "compiledby": "CA Dept Conserv", "gda_id": "5512121", "scanid": "302866", "url": "https://mrdata.usgs.gov/usmin/show-usmin.php?type=point&id=84698", "_layer": "points"}}, {"type": "Feature", "geometry": {"type": "Point", "coordinates": [-119.805087, 38.307187]}, "properties": {"lowerCorner": "38.307187 -119.805087", "upperCorner": "38.307187 -119.805087", "state": "CA", "county": "Tuolumne", "ftr_type": "Prospect Pit", "ftr_azimut": "0", "topo_name": "Dardanelle", "topo_date": "1979", "topo_scale": "24000", "compiledby": "CA Dept Conserv", "gda_id": "5512121", "scanid": "302866", "url": "https://mrdata.usgs.gov/usmin/show-usmin.php?type=point&id=84701", "_layer": "points"}}, {"type": "Feature", "geometry": {"type": "Point", "coordinates": [-119.784946, 38.293615]}, "properties": {"lowerCorner": "38.293615 -119.784946", "upperCorner": "38.293615 -119.784946", "state": "CA", "county": "Tuolumne", "ftr_type": "Prospect Pit", "ftr_azimut": "0", "topo_name": "Dardanelle", "topo_date": "1979", "topo_scale": "24000", "compiledby": "CA Dept Conserv", "gda_id": "5512121", "scanid": "302866", "url": "https://mrdata.usgs.gov/usmin/show-usmin.php?type=point&id=84706", "_layer": "points"}}, {"type": "Feature", "geometry": {"type": "Point", "coordinates": [-119.804832, 38.306456]}, "properties": {"lowerCorner": "38.306456 -119.804832", "upperCorner": "38.306456 -119.804832", "state": "CA", "county": "Tuolumne", "ftr_type": "Prospect Pit", "ftr_azimut": "0", "topo_name": "Dardanelle", "topo_date": "1979", "topo_scale": "24000", "compiledby": "CA Dept Conserv", "gda_id": "5512121", "scanid": "302866", "url": "https://mrdata.usgs.gov/usmin/show-usmin.php?type=point&id=84713", "_layer": "points"}}, {"type": "Feature", "geometry": {"type": "Point", "coordinates": [-119.812838, 38.307083]}, "properties": {"lowerCorner": "38.307083 -119.812838", "upperCorner": "38.307083 -119.812838", "state": "CA", "county": "Tuolumne", "ftr_type": "Prospect Pit", "ftr_azimut": "0", "topo_name": "Dardanelle", "topo_date": "1979", "topo_scale": "24000", "compiledby": "CA Dept Conserv", "gda_id": "5512121", "scanid": "302866", "url": "https://mrdata.usgs.gov/usmin/show-usmin.php?type=point&id=84719", "_layer": "points"}}, {"type": "Feature", "geometry": {"type": "Point", "coordinates": [-119.810829, 38.306995]}, "properties": {"lowerCorner": "38.306995 -119.810829", "upperCorner": "38.306995 -119.810829", "state": "CA", "county": "Tuolumne", "ftr_type": "Prospect Pit", "ftr_azimut": "0", "topo_name": "Dardanelle", "topo_date": "1979", "topo_scale": "24000", "compiledby": "CA Dept Conserv", "gda_id": "5512121", "scanid": "302866", "url": "https://mrdata.usgs.gov/usmin/show-usmin.php?type=point&id=84722", "_layer": "points"}}, {"type": "Feature", "geometry": {"type": "Point", "coordinates": [-119.675317, 38.144631]}, "properties": {"lowerCorner": "38.144631 -119.675317", "upperCorner": "38.144631 -119.675317", "state": "CA", "county": "Tuolumne", "ftr_type": "Prospect Pit", "ftr_azimut": "0", "topo_name": "Emigrant Lake", "topo_date": "1990", "topo_scale": "24000", "compiledby": "USGS", "gda_id": "5513501", "scanid": "290351", "url": "https://mrdata.usgs.gov/usmin/show-usmin.php?type=point&id=84726", "_layer": "points"}}, {"type": "Feature", "geometry": {"type": "Point", "coordinates": [-119.793997, 38.30641]}, "properties": {"lowerCorner": "38.306410 -119.793997", "upperCorner": "38.306410 -119.793997", "state": "CA", "county": "Tuolumne", "ftr_type": "Prospect Pit", "ftr_azimut": "0", "topo_name": "Dardanelle", "topo_date": "1979", "topo_scale": "24000", "compiledby": "CA Dept Conserv", "gda_id": "5512121", "scanid": "302866", "url": "https://mrdata.usgs.gov/usmin/show-usmin.php?type=point&id=84730", "_layer": "points"}}, {"type": "Feature", "geometry": {"type": "Point", "coordinates": [-119.622869, 38.163654]}, "properties": {"lowerCorner": "38.163654 -119.622869", "upperCorner": "38.163654 -119.622869", "state": "CA", "county": "Tuolumne", "ftr_type": "Prospect Pit", "ftr_azimut": "0", "topo_name": "Tower Peak", "topo_date": "2001", "topo_scale": "24000", "compiledby": "CA Dept Conserv", "gda_id": "5524787", "scanid": "102043", "url": "https://mrdata.usgs.gov/usmin/show-usmin.php?type=point&id=84734", "_layer": "points"}}, {"type": "Feature", "geometry": {"type": "Point", "coordinates": [-119.804062, 38.307302]}, "properties": {"lowerCorner": "38.307302 -119.804062", "upperCorner": "38.307302 -119.804062", "state": "CA", "county": "Tuolumne", "ftr_type": "Prospect Pit", "ftr_azimut": "0", "topo_name": "Dardanelle", "topo_date": "1979", "topo_scale": "24000", "compiledby": "CA Dept Conserv", "gda_id": "5512121", "scanid": "302866", "url": "https://mrdata.usgs.gov/usmin/show-usmin.php?type=point&id=84741", "_layer": "points"}}, {"type": "Feature", "geometry": {"type": "Point", "coordinates": [-119.620466, 38.173808]}, "properties": {"lowerCorner": "38.173808 -119.620466", "upperCorner": "38.173808 -119.620466", "state": "CA", "county": "Tuolumne", "ftr_type": "Prospect Pit", "ftr_azimut": "0", "topo_name": "Tower Peak", "topo_date": "2001", "topo_scale": "24000", "compiledby": "CA Dept Conserv", "gda_id": "5524787", "scanid": "102043", "url": "https://mrdata.usgs.gov/usmin/show-usmin.php?type=point&id=84745", "_layer": "points"}}, {"type": "Feature", "geometry": {"type": "Point", "coordinates": [-119.809132, 38.306558]}, "properties": {"lowerCorner": "38.306558 -119.809132", "upperCorner": "38.306558 -119.809132", "state": "CA", "county": "Tuolumne", "ftr_type": "Prospect Pit", "ftr_azimut": "0", "topo_name": "Dardanelle", "topo_date": "1979", "topo_scale": "24000", "compiledby": "CA Dept Conserv", "gda_id": "5512121", "scanid": "302866", "url": "https://mrdata.usgs.gov/usmin/show-usmin.php?type=point&id=84758", "_layer": "points"}}, {"type": "Feature", "geometry": {"type": "Point", "coordinates": [-119.675367, 38.144773]}, "properties": {"lowerCorner": "38.144773 -119.675367", "upperCorner": "38.144773 -119.675367", "state": "CA", "county": "Tuolumne", "ftr_type": "Prospect Pit", "ftr_azimut": "0", "topo_name": "Emigrant Lake", "topo_date": "1990", "topo_scale": "24000", "compiledby": "USGS", "gda_id": "5513501", "scanid": "290351", "url": "https://mrdata.usgs.gov/usmin/show-usmin.php?type=point&id=84776", "_layer": "points"}}, {"type": "Feature", "geometry": {"type": "Point", "coordinates": [-119.813458, 38.306989]}, "properties": {"lowerCorner": "38.306989 -119.813458", "upperCorner": "38.306989 -119.813458", "state": "CA", "county": "Tuolumne", "ftr_type": "Prospect Pit", "ftr_azimut": "0", "topo_name": "Dardanelle", "topo_date": "1979", "topo_scale": "24000", "compiledby": "CA Dept Conserv", "gda_id": "5512121", "scanid": "302866", "url": "https://mrdata.usgs.gov/usmin/show-usmin.php?type=point&id=84787", "_layer": "points"}}, {"type": "Feature", "geometry": {"type": "Point", "coordinates": [-119.8068, 38.30342]}, "properties": {"lowerCorner": "38.303420 -119.806800", "upperCorner": "38.303420 -119.806800", "state": "CA", "county": "Tuolumne", "ftr_type": "Prospect Pit", "ftr_azimut": "0", "topo_name": "Dardanelle", "topo_date": "1979", "topo_scale": "24000", "compiledby": "CA Dept Conserv", "gda_id": "5512121", "scanid": "302866", "url": "https://mrdata.usgs.gov/usmin/show-usmin.php?type=point&id=84806", "_layer": "points"}}, {"type": "Feature", "geometry": {"type": "Point", "coordinates": [-119.745602, 38.280414]}, "properties": {"lowerCorner": "38.280414 -119.745602", "upperCorner": "38.280414 -119.745602", "state": "CA", "county": "Tuolumne", "ftr_type": "Prospect Pit", "ftr_azimut": "0", "topo_name": "Sonora Pass", "topo_date": "1979", "topo_scale": "24000", "compiledby": "CA Dept Conserv", "gda_id": "5523709", "scanid": "300604", "url": "https://mrdata.usgs.gov/usmin/show-usmin.php?type=point&id=84822", "_layer": "points"}}, {"type": "Feature", "geometry": {"type": "Point", "coordinates": [-119.80788, 38.306016]}, "properties": {"lowerCorner": "38.306016 -119.807880", "upperCorner": "38.306016 -119.807880", "state": "CA", "county": "Tuolumne", "ftr_type": "Prospect Pit", "ftr_azimut": "0", "topo_name": "Dardanelle", "topo_date": "1979", "topo_scale": "24000", "compiledby": "CA Dept Conserv", "gda_id": "5512121", "scanid": "302866", "url": "https://mrdata.usgs.gov/usmin/show-usmin.php?type=point&id=84827", "_layer": "points"}}, {"type": "Feature", "geometry": {"type": "Point", "coordinates": [-119.807216, 38.307371]}, "properties": {"lowerCorner": "38.307371 -119.807216", "upperCorner": "38.307371 -119.807216", "state": "CA", "county": "Tuolumne", "ftr_type": "Prospect Pit", "ftr_azimut": "0", "topo_name": "Dardanelle", "topo_date": "1979", "topo_scale": "24000", "compiledby": "CA Dept Conserv", "gda_id": "5512121", "scanid": "302866", "url": "https://mrdata.usgs.gov/usmin/show-usmin.php?type=point&id=84831", "_layer": "points"}}, {"type": "Feature", "geometry": {"type": "Point", "coordinates": [-119.810018, 38.302569]}, "properties": {"lowerCorner": "38.302569 -119.810018", "upperCorner": "38.302569 -119.810018", "state": "CA", "county": "Tuolumne", "ftr_type": "Prospect Pit", "ftr_azimut": "0", "topo_name": "Dardanelle", "topo_date": "1979", "topo_scale": "24000", "compiledby": "CA Dept Conserv", "gda_id": "5512121", "scanid": "302866", "url": "https://mrdata.usgs.gov/usmin/show-usmin.php?type=point&id=84835", "_layer": "points"}}, {"type": "Feature", "geometry": {"type": "Point", "coordinates": [-119.793956, 38.284989]}, "properties": {"lowerCorner": "38.284989 -119.793956", "upperCorner": "38.284989 -119.793956", "state": "CA", "county": "Tuolumne", "ftr_type": "Prospect Pit", "ftr_azimut": "0", "topo_name": "Dardanelle", "topo_date": "1979", "topo_scale": "24000", "compiledby": "CA Dept Conserv", "gda_id": "5512121", "scanid": "302866", "url": "https://mrdata.usgs.gov/usmin/show-usmin.php?type=point&id=84838", "_layer": "points"}}, {"type": "Feature", "geometry": {"type": "Point", "coordinates": [-119.81137, 38.306361]}, "properties": {"lowerCorner": "38.306361 -119.811370", "upperCorner": "38.306361 -119.811370", "state": "CA", "county": "Tuolumne", "ftr_type": "Prospect Pit", "ftr_azimut": "0", "topo_name": "Dardanelle", "topo_date": "1979", "topo_scale": "24000", "compiledby": "CA Dept Conserv", "gda_id": "5512121", "scanid": "302866", "url": "https://mrdata.usgs.gov/usmin/show-usmin.php?type=point&id=84840", "_layer": "points"}}, {"type": "Feature", "geometry": {"type": "Point", "coordinates": [-119.807921, 38.305677]}, "properties": {"lowerCorner": "38.305677 -119.807921", "upperCorner": "38.305677 -119.807921", "state": "CA", "county": "Tuolumne", "ftr_type": "Prospect Pit", "ftr_azimut": "0", "topo_name": "Dardanelle", "topo_date": "1979", "topo_scale": "24000", "compiledby": "CA Dept Conserv", "gda_id": "5512121", "scanid": "302866", "url": "https://mrdata.usgs.gov/usmin/show-usmin.php?type=point&id=84854", "_layer": "points"}}, {"type": "Feature", "geometry": {"type": "Point", "coordinates": [-119.806835, 38.303735]}, "properties": {"lowerCorner": "38.303735 -119.806835", "upperCorner": "38.303735 -119.806835", "state": "CA", "county": "Tuolumne", "ftr_type": "Prospect Pit", "ftr_azimut": "0", "topo_name": "Dardanelle", "topo_date": "1979", "topo_scale": "24000", "compiledby": "CA Dept Conserv", "gda_id": "5512121", "scanid": "302866", "url": "https://mrdata.usgs.gov/usmin/show-usmin.php?type=point&id=84870", "_layer": "points"}}, {"type": "Feature", "geometry": {"type": "Point", "coordinates": [-119.813419, 38.306364]}, "properties": {"lowerCorner": "38.306364 -119.813419", "upperCorner": "38.306364 -119.813419", "state": "CA", "county": "Tuolumne", "ftr_type": "Prospect Pit", "ftr_azimut": "0", "topo_name": "Dardanelle", "topo_date": "1979", "topo_scale": "24000", "compiledby": "CA Dept Conserv", "gda_id": "5512121", "scanid": "302866", "url": "https://mrdata.usgs.gov/usmin/show-usmin.php?type=point&id=84871", "_layer": "points"}}, {"type": "Feature", "geometry": {"type": "Point", "coordinates": [-119.806223, 38.305706]}, "properties": {"lowerCorner": "38.305706 -119.806223", "upperCorner": "38.305706 -119.806223", "state": "CA", "county": "Tuolumne", "ftr_type": "Prospect Pit", "ftr_azimut": "0", "topo_name": "Dardanelle", "topo_date": "1979", "topo_scale": "24000", "compiledby": "CA Dept Conserv", "gda_id": "5512121", "scanid": "302866", "url": "https://mrdata.usgs.gov/usmin/show-usmin.php?type=point&id=84873", "_layer": "points"}}, {"type": "Feature", "geometry": {"type": "Point", "coordinates": [-119.620251, 38.17348]}, "properties": {"lowerCorner": "38.173480 -119.620251", "upperCorner": "38.173480 -119.620251", "state": "CA", "county": "Tuolumne", "ftr_type": "Prospect Pit", "ftr_name": "Montezuma Mine", "ftr_azimut": "0", "topo_name": "Tower Peak", "topo_date": "2001", "topo_scale": "24000", "compiledby": "CA Dept Conserv", "gda_id": "5524787", "scanid": "102043", "url": "https://mrdata.usgs.gov/usmin/show-usmin.php?type=point&id=84875", "_layer": "points"}}, {"type": "Feature", "geometry": {"type": "Point", "coordinates": [-120.041783, 38.30756]}, "properties": {"lowerCorner": "38.307560 -120.041783", "upperCorner": "38.307560 -120.041783", "state": "CA", "county": "Tuolumne", "ftr_type": "Quarry", "ftr_name": "Flat Quarry", "ftr_azimut": "0", "topo_name": "Liberty Hill", "topo_date": "2001", "topo_scale": "24000", "compiledby": "USGS", "gda_id": "5517253", "scanid": "292284", "url": "https://mrdata.usgs.gov/usmin/show-usmin.php?type=point&id=85795", "_layer": "points"}}, {"type": "Feature", "geometry": {"type": "Point", "coordinates": [-119.961723, 38.326525]}, "properties": {"lowerCorner": "38.326525 -119.961723", "upperCorner": "38.326525 -119.961723", "state": "CA", "county": "Tuolumne", "ftr_type": "Quarry", "ftr_name": "Donnell Quarry", "ftr_azimut": "0", "topo_name": "Donnell Lake", "topo_date": "1979", "topo_scale": "24000", "compiledby": "CA Dept Conserv", "remarks": "Named on 2001 map.", "gda_id": "5512669", "scanid": "302928", "url": "https://mrdata.usgs.gov/usmin/show-usmin.php?type=point&id=85796", "_layer": "points"}}, {"type": "Feature", "geometry": {"type": "Point", "coordinates": [-119.981307, 38.152039]}, "properties": {"lowerCorner": "38.152039 -119.981307", "upperCorner": "38.152039 -119.981307", "state": "CA", "county": "Tuolumne", "ftr_type": "Quarry", "ftr_name": "Coffin Quarry", "ftr_azimut": "0", "topo_name": "Pinecrest", "topo_date": "2001", "topo_scale": "24000", "compiledby": "USGS", "gda_id": "5520809", "scanid": "294162", "url": "https://mrdata.usgs.gov/usmin/show-usmin.php?type=point&id=85797", "_layer": "points"}}, {"type": "Feature", "geometry": {"type": "Point", "coordinates": [-120.010614, 38.262191]}, "properties": {"lowerCorner": "38.262191 -120.010614", "upperCorner": "38.262191 -120.010614", "state": "CA", "county": "Tuolumne", "ftr_type": "Quarry", "ftr_azimut": "0", "topo_name": "Liberty Hill", "topo_date": "1979", "topo_scale": "24000", "compiledby": "CA Dept Conserv", "gda_id": "5517249", "scanid": "292282", "url": "https://mrdata.usgs.gov/usmin/show-usmin.php?type=point&id=85798", "_layer": "points"}}, {"type": "Feature", "geometry": {"type": "Point", "coordinates": [-120.019056, 38.074175]}, "properties": {"lowerCorner": "38.074175 -120.019056", "upperCorner": "38.074175 -120.019056", "state": "CA", "county": "Tuolumne", "ftr_type": "Quarry", "ftr_name": "Clavey Quarry", "ftr_azimut": "0", "topo_name": "Hull Creek", "topo_date": "2001", "topo_scale": "24000", "compiledby": "USGS", "gda_id": "5515725", "scanid": "100788", "url": "https://mrdata.usgs.gov/usmin/show-usmin.php?type=point&id=85800", "_layer": "points"}}, {"type": "Feature", "geometry": {"type": "Point", "coordinates": [-120.061872, 38.195595]}, "properties": {"lowerCorner": "38.195595 -120.061872", "upperCorner": "38.195595 -120.061872", "state": "CA", "county": "Tuolumne", "ftr_type": "Quarry", "ftr_name": "Pedro Quarry", "ftr_azimut": "0", "topo_name": "Strawberry", "topo_date": "1979", "topo_scale": "24000", "compiledby": "CA Dept Conserv", "remarks": "Named on 2001 map.", "gda_id": "5524047", "scanid": "300705", "url": "https://mrdata.usgs.gov/usmin/show-usmin.php?type=point&id=85802", "_layer": "points"}}, {"type": "Feature", "geometry": {"type": "Point", "coordinates": [-119.98831, 38.176799]}, "properties": {"lowerCorner": "38.176799 -119.988310", "upperCorner": "38.176799 -119.988310", "state": "CA", "county": "Tuolumne", "ftr_type": "Quarry", "ftr_azimut": "0", "topo_name": "Pinecrest", "topo_date": "1979", "topo_scale": "24000", "compiledby": "CA Dept Conserv", "gda_id": "5520811", "scanid": "294163", "url": "https://mrdata.usgs.gov/usmin/show-usmin.php?type=point&id=85804", "_layer": "points"}}, {"type": "Feature", "geometry": {"type": "Point", "coordinates": [-119.983394, 38.062377]}, "properties": {"lowerCorner": "38.062377 -119.983394", "upperCorner": "38.062377 -119.983394", "state": "CA", "county": "Tuolumne", "ftr_type": "Quarry", "ftr_name": "Bourland Quarry", "ftr_azimut": "0", "topo_name": "Cherry Lake North", "topo_date": "1979", "topo_scale": "24000", "compiledby": "CA Dept Conserv", "gda_id": "5510637", "scanid": "302675", "url": "https://mrdata.usgs.gov/usmin/show-usmin.php?type=point&id=85806", "_layer": "points"}}, {"type": "Feature", "geometry": {"type": "Point", "coordinates": [-119.778835, 37.945304]}, "properties": {"lowerCorner": "37.945304 -119.778835", "upperCorner": "37.945304 -119.778835", "state": "CA", "county": "Tuolumne", "ftr_type": "Quarry", "ftr_azimut": "0", "topo_name": "Lake Eleanor", "topo_date": "1990", "topo_scale": "24000", "compiledby": "CA Dept Conserv", "gda_id": "5516825", "scanid": "292060", "url": "https://mrdata.usgs.gov/usmin/show-usmin.php?type=point&id=85807", "_layer": "points"}}, {"type": "Feature", "geometry": {"type": "Point", "coordinates": [-119.962579, 38.011765]}, "properties": {"lowerCorner": "38.011765 -119.962579", "upperCorner": "38.011765 -119.962579", "state": "CA", "county": "Tuolumne", "ftr_type": "Quarry", "ftr_name": "Jawbone Quarry", "ftr_azimut": "0", "topo_name": "Cherry Lake North", "topo_date": "1979", "topo_scale": "24000", "compiledby": "CA Dept Conserv", "gda_id": "5510637", "scanid": "302675", "url": "https://mrdata.usgs.gov/usmin/show-usmin.php?type=point&id=85808", "_layer": "points"}}, {"type": "Feature", "geometry": {"type": "Point", "coordinates": [-119.941651, 38.315363]}, "properties": {"lowerCorner": "38.315363 -119.941651", "upperCorner": "38.315363 -119.941651", "state": "CA", "county": "Tuolumne", "ftr_type": "Quarry", "ftr_name": "Niagara Quarry", "ftr_azimut": "0", "topo_name": "Donnell Lake", "topo_date": "2001", "topo_scale": "24000", "compiledby": "USGS", "gda_id": "5512663", "scanid": "101281", "url": "https://mrdata.usgs.gov/usmin/show-usmin.php?type=point&id=85809", "_layer": "points"}}, {"type": "Feature", "geometry": {"type": "Point", "coordinates": [-119.787694, 38.29814]}, "properties": {"lowerCorner": "38.298140 -119.787694", "upperCorner": "38.298140 -119.787694", "state": "CA", "county": "Tuolumne", "ftr_type": "Tailings - Undifferentiated", "ftr_azimut": "0", "topo_name": "Dardanelle", "topo_date": "1979", "topo_scale": "24000", "compiledby": "CA Dept Conserv", "remarks": "Label without symbol. Point placed at center of label and feature type inferred from label.", "gda_id": "5512121", "scanid": "302866", "url": "https://mrdata.usgs.gov/usmin/show-usmin.php?type=point&id=86029", "_layer": "points"}}, {"type": "Feature", "geometry": {"type": "Point", "coordinates": [-119.675283, 38.144527]}, "properties": {"lowerCorner": "38.144527 -119.675283", "upperCorner": "38.144527 -119.675283", "state": "CA", "county": "Tuolumne", "ftr_type": "Open Pit Mine or Quarry", "ftr_azimut": "0", "topo_name": "Tower Peak", "topo_date": "1956", "topo_scale": "62500", "compiledby": "USGS", "gda_id": "5504811", "scanid": "301839", "url": "https://mrdata.usgs.gov/usmin/show-usmin.php?type=point&id=496008", "_layer": "points"}}, {"type": "Feature", "geometry": {"type": "Point", "coordinates": [-119.622304, 38.163783]}, "properties": {"lowerCorner": "38.163783 -119.622304", "upperCorner": "38.163783 -119.622304", "state": "CA", "county": "Tuolumne", "ftr_type": "Prospect Pit", "ftr_azimut": "0", "topo_name": "Tower Peak", "topo_date": "1956", "topo_scale": "62500", "compiledby": "USGS", "gda_id": "5504811", "scanid": "301839", "url": "https://mrdata.usgs.gov/usmin/show-usmin.php?type=point&id=501468", "_layer": "points"}}, {"type": "Feature", "geometry": {"type": "Point", "coordinates": [-119.778514, 37.945138]}, "properties": {"lowerCorner": "37.945138 -119.778514", "upperCorner": "37.945138 -119.778514", "state": "CA", "county": "Tuolumne", "ftr_type": "Quarry", "ftr_azimut": "0", "topo_name": "Lake Eleanor", "topo_date": "1956", "topo_scale": "62500", "compiledby": "USGS", "gda_id": "5502553", "scanid": "297937", "url": "https://mrdata.usgs.gov/usmin/show-usmin.php?type=point&id=501882", "_layer": "points"}}, {"type": "Feature", "geometry": {"type": "Point", "coordinates": [-120.097877, 38.050585]}, "properties": {"lowerCorner": "38.050585 -120.097877", "upperCorner": "38.050585 -120.097877", "state": "CA", "county": "Tuolumne", "ftr_type": "Sand Pit", "ftr_azimut": "0", "topo_name": "Long Barn", "topo_date": "1956", "topo_scale": "62500", "compiledby": "USGS", "remarks": "Symbolized as Open Pit Mine or Quarry, but labeled Sand Pit.", "gda_id": "5502745", "scanid": "298049", "url": "https://mrdata.usgs.gov/usmin/show-usmin.php?type=point&id=501956", "_layer": "points"}}, {"type": "Feature", "geometry": {"type": "Point", "coordinates": [-119.619963, 38.173461]}, "properties": {"lowerCorner": "38.173461 -119.619963", "upperCorner": "38.173461 -119.619963", "state": "CA", "county": "Tuolumne", "ftr_type": "Adit", "ftr_name": "Montezuma Mine", "ftr_azimut": "65", "topo_name": "Tower Peak", "topo_date": "1956", "topo_scale": "62500", "compiledby": "USGS", "gda_id": "5504811", "scanid": "301839", "dir": "ne", "url": "https://mrdata.usgs.gov/usmin/show-usmin.php?type=point&id=490240", "_layer": "points"}}, {"type": "Feature", "geometry": {"type": "Point", "coordinates": [-119.911378, 37.972267]}, "properties": {"lowerCorner": "37.972267 -119.911378", "upperCorner": "37.972267 -119.911378", "state": "CA", "county": "Tuolumne", "ftr_type": "Adit", "ftr_azimut": "323", "topo_name": "Cherry Lake South", "topo_date": "1990", "topo_scale": "24000", "compiledby": "CA Dept Conserv", "gda_id": "5510641", "scanid": "289144", "dir": "nw", "url": "https://mrdata.usgs.gov/usmin/show-usmin.php?type=point&id=49190", "_layer": "points"}}, {"type": "Feature", "geometry": {"type": "Point", "coordinates": [-119.840756, 38.190743]}, "properties": {"lowerCorner": "38.190743 -119.840756", "upperCorner": "38.190743 -119.840756", "state": "CA", "county": "Tuolumne", "ftr_type": "Adit", "ftr_azimut": "179", "topo_name": "Pinecrest", "topo_date": "1956", "topo_scale": "62500", "compiledby": "USGS", "gda_id": "5503655", "scanid": "298554", "dir": "s", "url": "https://mrdata.usgs.gov/usmin/show-usmin.php?type=point&id=490168", "_layer": "points"}}, {"type": "Feature", "geometry": {"type": "Point", "coordinates": [-120.279735, 38.086079]}, "properties": {"lowerCorner": "38.086079 -120.279735", "upperCorner": "38.086079 -120.279735", "state": "CA", "county": "Tuolumne", "ftr_type": "Adit", "ftr_name": "Keltz Mine", "ftr_azimut": "166", "topo_name": "Columbia", "topo_date": "1948", "topo_scale": "62500", "compiledby": "USGS", "gda_id": "5501147", "scanid": "297139", "dir": "s", "url": "https://mrdata.usgs.gov/usmin/show-usmin.php?type=point&id=490191", "_layer": "points"}}, {"type": "Feature", "geometry": {"type": "Point", "coordinates": [-120.37786, 38.061207]}, "properties": {"lowerCorner": "38.061207 -120.377860", "upperCorner": "38.061207 -120.377860", "state": "CA", "county": "Tuolumne", "ftr_type": "Adit", "ftr_azimut": "161", "topo_name": "Columbia", "topo_date": "1948", "topo_scale": "62500", "compiledby": "USGS", "gda_id": "5501147", "scanid": "297139", "dir": "s", "url": "https://mrdata.usgs.gov/usmin/show-usmin.php?type=point&id=490243", "_layer": "points"}}, {"type": "Feature", "geometry": {"type": "Point", "coordinates": [-120.389579, 38.063068]}, "properties": {"lowerCorner": "38.063068 -120.389579", "upperCorner": "38.063068 -120.389579", "state": "CA", "county": "Tuolumne", "ftr_type": "Adit", "ftr_name": "Experimental Mine", "ftr_azimut": "198", "topo_name": "Columbia", "topo_date": "1948", "topo_scale": "62500", "compiledby": "USGS", "gda_id": "5501147", "scanid": "297139", "dir": "s", "url": "https://mrdata.usgs.gov/usmin/show-usmin.php?type=point&id=490247", "_layer": "points"}}, {"type": "Feature", "geometry": {"type": "Point", "coordinates": [-120.103861, 37.832707]}, "properties": {"lowerCorner": "37.832707 -120.103861", "upperCorner": "37.832707 -120.103861", "state": "CA", "county": "Tuolumne", "ftr_type": "Adit", "ftr_azimut": "180", "topo_name": "Tuolumne", "topo_date": "1948", "topo_scale": "62500", "compiledby": "USGS", "gda_id": "5504909", "scanid": "301880", "dir": "s", "url": "https://mrdata.usgs.gov/usmin/show-usmin.php?type=point&id=490255", "_layer": "points"}}, {"type": "Feature", "geometry": {"type": "Point", "coordinates": [-120.3784, 38.061227]}, "properties": {"lowerCorner": "38.061227 -120.378400", "upperCorner": "38.061227 -120.378400", "state": "CA", "county": "Tuolumne", "ftr_type": "Adit", "ftr_azimut": "160", "topo_name": "Columbia", "topo_date": "1948", "topo_scale": "62500", "compiledby": "USGS", "gda_id": "5501147", "scanid": "297139", "dir": "s", "url": "https://mrdata.usgs.gov/usmin/show-usmin.php?type=point&id=490261", "_layer": "points"}}, {"type": "Feature", "geometry": {"type": "Point", "coordinates": [-120.349316, 38.061805]}, "properties": {"lowerCorner": "38.061805 -120.349316", "upperCorner": "38.061805 -120.349316", "state": "CA", "county": "Tuolumne", "ftr_type": "Adit", "ftr_azimut": "198", "topo_name": "Columbia", "topo_date": "1948", "topo_scale": "62500", "compiledby": "USGS", "gda_id": "5501147", "scanid": "297139", "dir": "s", "url": "https://mrdata.usgs.gov/usmin/show-usmin.php?type=point&id=490275", "_layer": "points"}}, {"type": "Feature", "geometry": {"type": "Point", "coordinates": [-120.158458, 37.869903]}, "properties": {"lowerCorner": "37.869903 -120.158458", "upperCorner": "37.869903 -120.158458", "state": "CA", "county": "Tuolumne", "ftr_type": "Adit", "ftr_azimut": "237", "topo_name": "Groveland", "topo_date": "1947", "topo_scale": "24000", "compiledby": "CA Dept Conserv", "gda_id": "5514901", "scanid": "291049", "dir": "sw", "url": "https://mrdata.usgs.gov/usmin/show-usmin.php?type=point&id=49117", "_layer": "points"}}, {"type": "Feature", "geometry": {"type": "Point", "coordinates": [-120.325621, 37.852835]}, "properties": {"lowerCorner": "37.852835 -120.325621", "upperCorner": "37.852835 -120.325621", "state": "CA", "county": "Tuolumne", "ftr_type": "Adit", "ftr_azimut": "230", "topo_name": "Moccasin", "topo_date": "1948", "topo_scale": "24000", "compiledby": "CA Dept Conserv", "gda_id": "5518665", "scanid": "293030", "dir": "sw", "url": "https://mrdata.usgs.gov/usmin/show-usmin.php?type=point&id=49125", "_layer": "points"}}, {"type": "Feature", "geometry": {"type": "Point", "coordinates": [-120.340671, 38.058707]}, "properties": {"lowerCorner": "38.058707 -120.340671", "upperCorner": "38.058707 -120.340671", "state": "CA", "county": "Tuolumne", "ftr_type": "Adit", "ftr_azimut": "211", "topo_name": "Columbia SE", "topo_date": "1948", "topo_scale": "24000", "compiledby": "CA Dept Conserv", "gda_id": "5511347", "scanid": "289441", "dir": "sw", "url": "https://mrdata.usgs.gov/usmin/show-usmin.php?type=point&id=49191", "_layer": "points"}}, {"type": "Feature", "geometry": {"type": "Point", "coordinates": [-120.252845, 37.766408]}, "properties": {"lowerCorner": "37.766408 -120.252845", "upperCorner": "37.766408 -120.252845", "state": "CA", "county": "Tuolumne", "ftr_type": "Adit", "ftr_azimut": "227", "topo_name": "Sonora", "topo_date": "1948", "topo_scale": "62500", "compiledby": "USGS", "gda_id": "5958019", "scanid": "301739", "dir": "sw", "url": "https://mrdata.usgs.gov/usmin/show-usmin.php?type=point&id=490319", "_layer": "points"}}, {"type": "Feature", "geometry": {"type": "Point", "coordinates": [-120.194339, 38.015229]}, "properties": {"lowerCorner": "38.015229 -120.194339", "upperCorner": "38.015229 -120.194339", "state": "CA", "county": "Tuolumne", "ftr_type": "Adit", "ftr_azimut": "267", "topo_name": "Twain Harte", "topo_date": "1979", "topo_scale": "24000", "compiledby": "CA Dept Conserv", "gda_id": "5525101", "scanid": "295556", "dir": "w", "url": "https://mrdata.usgs.gov/usmin/show-usmin.php?type=point&id=49116", "_layer": "points"}}, {"type": "Feature", "geometry": {"type": "Point", "coordinates": [-120.338915, 37.845688]}, "properties": {"lowerCorner": "37.845688 -120.338915", "upperCorner": "37.845688 -120.338915", "state": "CA", "county": "Tuolumne", "ftr_type": "Adit", "ftr_azimut": "288", "topo_name": "Moccasin", "topo_date": "1948", "topo_scale": "24000", "compiledby": "CA Dept Conserv", "gda_id": "5518665", "scanid": "293030", "dir": "w", "url": "https://mrdata.usgs.gov/usmin/show-usmin.php?type=point&id=49137", "_layer": "points"}}, {"type": "Feature", "geometry": {"type": "Point", "coordinates": [-120.154569, 38.060024]}, "properties": {"lowerCorner": "38.060024 -120.154569", "upperCorner": "38.060024 -120.154569", "state": "CA", "county": "Tuolumne", "ftr_type": "Adit", "ftr_name": "Gem Mine", "ftr_azimut": "255", "topo_name": "Twain Harte", "topo_date": "1979", "topo_scale": "24000", "compiledby": "CA Dept Conserv", "gda_id": "5525101", "scanid": "295556", "dir": "w", "url": "https://mrdata.usgs.gov/usmin/show-usmin.php?type=point&id=49196", "_layer": "points"}}, {"type": "Feature", "geometry": {"type": "Point", "coordinates": [-120.253018, 37.973952]}, "properties": {"lowerCorner": "37.973952 -120.253018", "upperCorner": "37.973952 -120.253018", "state": "CA", "county": "Tuolumne", "ftr_type": "Adit", "ftr_azimut": "252", "topo_name": "Standard", "topo_date": "1948", "topo_scale": "24000", "compiledby": "CA Dept Conserv", "gda_id": "5523879", "scanid": "300650", "dir": "w", "url": "https://mrdata.usgs.gov/usmin/show-usmin.php?type=point&id=49226", "_layer": "points"}}, {"type": "Feature", "geometry": {"type": "Point", "coordinates": [-120.473778, 37.911266]}, "properties": {"lowerCorner": "37.911266 -120.473778", "upperCorner": "37.911266 -120.473778", "state": "CA", "county": "Tuolumne", "ftr_type": "Adit", "ftr_azimut": "278", "topo_name": "Sonora", "topo_date": "1948", "topo_scale": "24000", "compiledby": "CA Dept Conserv", "gda_id": "5523721", "scanid": "300602", "dir": "w", "url": "https://mrdata.usgs.gov/usmin/show-usmin.php?type=point&id=49227", "_layer": "points"}}, {"type": "Feature", "geometry": {"type": "Point", "coordinates": [-120.390504, 38.053954]}, "properties": {"lowerCorner": "38.053954 -120.390504", "upperCorner": "38.053954 -120.390504", "state": "CA", "county": "Tuolumne", "ftr_type": "Adit", "ftr_azimut": "272", "topo_name": "Columbia", "topo_date": "1948", "topo_scale": "24000", "compiledby": "CA Dept Conserv", "gda_id": "5511357", "scanid": "289433", "dir": "w", "url": "https://mrdata.usgs.gov/usmin/show-usmin.php?type=point&id=49237", "_layer": "points"}}, {"type": "Feature", "geometry": {"type": "Point", "coordinates": [-120.39063, 38.054431]}, "properties": {"lowerCorner": "38.054431 -120.390630", "upperCorner": "38.054431 -120.390630", "state": "CA", "county": "Tuolumne", "ftr_type": "Adit", "ftr_azimut": "255", "topo_name": "Columbia", "topo_date": "1948", "topo_scale": "24000", "compiledby": "CA Dept Conserv", "gda_id": "5511357", "scanid": "289433", "dir": "w", "url": "https://mrdata.usgs.gov/usmin/show-usmin.php?type=point&id=49251", "_layer": "points"}}, {"type": "Feature", "geometry": {"type": "Point", "coordinates": [-120.395374, 37.968907]}, "properties": {"lowerCorner": "37.968907 -120.395374", "upperCorner": "37.968907 -120.395374", "state": "CA", "county": "Tuolumne", "ftr_type": "Adit", "ftr_azimut": "266", "topo_name": "Sonora", "topo_date": "1948", "topo_scale": "24000", "compiledby": "CA Dept Conserv", "gda_id": "5523721", "scanid": "300602", "dir": "w", "url": "https://mrdata.usgs.gov/usmin/show-usmin.php?type=point&id=49287", "_layer": "points"}}, {"type": "Feature", "geometry": {"type": "Point", "coordinates": [-120.443602, 37.95437]}, "properties": {"lowerCorner": "37.954370 -120.443602", "upperCorner": "37.954370 -120.443602", "state": "CA", "county": "Tuolumne", "ftr_type": "Adit", "ftr_azimut": "292", "topo_name": "Sonora", "topo_date": "1948", "topo_scale": "24000", "compiledby": "CA Dept Conserv", "gda_id": "5523721", "scanid": "300602", "dir": "w", "url": "https://mrdata.usgs.gov/usmin/show-usmin.php?type=point&id=49303", "_layer": "points"}}, {"type": "Feature", "geometry": {"type": "Point", "coordinates": [-120.335365, 37.856989]}, "properties": {"lowerCorner": "37.856989 -120.335365", "upperCorner": "37.856989 -120.335365", "state": "CA", "county": "Tuolumne", "ftr_type": "Adit", "ftr_azimut": "257", "topo_name": "Sonora", "topo_date": "1948", "topo_scale": "62500", "compiledby": "USGS", "gda_id": "5958019", "scanid": "301739", "dir": "w", "url": "https://mrdata.usgs.gov/usmin/show-usmin.php?type=point&id=490285", "_layer": "points"}}, {"type": "Feature", "geometry": {"type": "Point", "coordinates": [-120.390735, 38.053859]}, "properties": {"lowerCorner": "38.053859 -120.390735", "upperCorner": "38.053859 -120.390735", "state": "CA", "county": "Tuolumne", "ftr_type": "Adit", "ftr_azimut": "273", "topo_name": "Columbia", "topo_date": "1948", "topo_scale": "62500", "compiledby": "USGS", "gda_id": "5501147", "scanid": "297139", "dir": "w", "url": "https://mrdata.usgs.gov/usmin/show-usmin.php?type=point&id=490303", "_layer": "points"}}, {"type": "Feature", "geometry": {"type": "Point", "coordinates": [-120.265052, 37.763303]}, "properties": {"lowerCorner": "37.763303 -120.265052", "upperCorner": "37.763303 -120.265052", "state": "CA", "county": "Tuolumne", "ftr_type": "Adit", "ftr_azimut": "262", "topo_name": "Sonora", "topo_date": "1948", "topo_scale": "62500", "compiledby": "USGS", "gda_id": "5958019", "scanid": "301739", "dir": "w", "url": "https://mrdata.usgs.gov/usmin/show-usmin.php?type=point&id=490351", "_layer": "points"}}, {"type": "Feature", "geometry": {"type": "Point", "coordinates": [-120.390742, 38.054366]}, "properties": {"lowerCorner": "38.054366 -120.390742", "upperCorner": "38.054366 -120.390742", "state": "CA", "county": "Tuolumne", "ftr_type": "Adit", "ftr_azimut": "256", "topo_name": "Columbia", "topo_date": "1948", "topo_scale": "62500", "compiledby": "USGS", "gda_id": "5501147", "scanid": "297139", "dir": "w", "url": "https://mrdata.usgs.gov/usmin/show-usmin.php?type=point&id=490352", "_layer": "points"}}, {"type": "Feature", "geometry": {"type": "Point", "coordinates": [-120.163626, 38.061022]}, "properties": {"lowerCorner": "38.061022 -120.163626", "upperCorner": "38.061022 -120.163626", "state": "CA", "county": "Tuolumne", "ftr_type": "Adit", "ftr_azimut": "269", "topo_name": "Long Barn", "topo_date": "1956", "topo_scale": "62500", "compiledby": "USGS", "gda_id": "5502745", "scanid": "298049", "dir": "w", "url": "https://mrdata.usgs.gov/usmin/show-usmin.php?type=point&id=490360", "_layer": "points"}}, {"type": "Feature", "geometry": {"type": "Point", "coordinates": [-120.452145, 38.051083]}, "properties": {"lowerCorner": "38.051083 -120.452145", "upperCorner": "38.051083 -120.452145", "state": "CA", "county": "Calaveras", "ftr_type": "Adit", "ftr_name": "Dutchess Mine", "ftr_azimut": "310", "topo_name": "Columbia", "topo_date": "1948", "topo_scale": "24000", "compiledby": "CA Dept Conserv", "gda_id": "5511357", "scanid": "289433", "dir": "nw", "url": "https://mrdata.usgs.gov/usmin/show-usmin.php?type=point&id=41319", "_layer": "points"}}, {"type": "Feature", "geometry": {"type": "Point", "coordinates": [-120.360168, 37.858114]}, "properties": {"lowerCorner": "37.858114 -120.360168", "upperCorner": "37.858114 -120.360168", "state": "CA", "county": "Tuolumne", "ftr_type": "Adit", "ftr_azimut": "309", "topo_name": "Moccasin", "topo_date": "1948", "topo_scale": "24000", "compiledby": "CA Dept Conserv", "gda_id": "5518665", "scanid": "293030", "dir": "nw", "url": "https://mrdata.usgs.gov/usmin/show-usmin.php?type=point&id=49204", "_layer": "points"}}, {"type": "Feature", "geometry": {"type": "Point", "coordinates": [-120.365067, 38.052699]}, "properties": {"lowerCorner": "38.052699 -120.365067", "upperCorner": "38.052699 -120.365067", "state": "CA", "county": "Tuolumne", "ftr_type": "Adit", "ftr_azimut": "314", "topo_name": "Columbia SE", "topo_date": "1948", "topo_scale": "24000", "compiledby": "CA Dept Conserv", "gda_id": "5511347", "scanid": "289441", "dir": "nw", "url": "https://mrdata.usgs.gov/usmin/show-usmin.php?type=point&id=49224", "_layer": "points"}}, {"type": "Feature", "geometry": {"type": "Point", "coordinates": [-120.290412, 38.101322]}, "properties": {"lowerCorner": "38.101322 -120.290412", "upperCorner": "38.101322 -120.290412", "state": "CA", "county": "Tuolumne", "ftr_type": "Adit", "ftr_name": "Star Mine", "ftr_azimut": "315", "topo_name": "Columbia SE", "topo_date": "1948", "topo_scale": "24000", "compiledby": "CA Dept Conserv", "gda_id": "5511347", "scanid": "289441", "dir": "nw", "url": "https://mrdata.usgs.gov/usmin/show-usmin.php?type=point&id=49258", "_layer": "points"}}, {"type": "Feature", "geometry": {"type": "Point", "coordinates": [-120.338595, 37.833016]}, "properties": {"lowerCorner": "37.833016 -120.338595", "upperCorner": "37.833016 -120.338595", "state": "CA", "county": "Tuolumne", "ftr_type": "Adit", "ftr_azimut": "319", "topo_name": "Moccasin", "topo_date": "1948", "topo_scale": "24000", "compiledby": "CA Dept Conserv", "gda_id": "5518665", "scanid": "293030", "dir": "nw", "url": "https://mrdata.usgs.gov/usmin/show-usmin.php?type=point&id=49266", "_layer": "points"}}, {"type": "Feature", "geometry": {"type": "Point", "coordinates": [-120.278378, 37.822001]}, "properties": {"lowerCorner": "37.822001 -120.278378", "upperCorner": "37.822001 -120.278378", "state": "CA", "county": "Tuolumne", "ftr_type": "Adit", "ftr_azimut": "305", "topo_name": "Sonora", "topo_date": "1948", "topo_scale": "62500", "compiledby": "USGS", "gda_id": "5958019", "scanid": "301739", "dir": "nw", "url": "https://mrdata.usgs.gov/usmin/show-usmin.php?type=point&id=490178", "_layer": "points"}}, {"type": "Feature", "geometry": {"type": "Point", "coordinates": [-120.351702, 38.087962]}, "properties": {"lowerCorner": "38.087962 -120.351702", "upperCorner": "38.087962 -120.351702", "state": "CA", "county": "Tuolumne", "ftr_type": "Adit", "ftr_azimut": "320", "topo_name": "Columbia", "topo_date": "1948", "topo_scale": "62500", "compiledby": "USGS", "gda_id": "5501147", "scanid": "297139", "dir": "nw", "url": "https://mrdata.usgs.gov/usmin/show-usmin.php?type=point&id=490267", "_layer": "points"}}, {"type": "Feature", "geometry": {"type": "Point", "coordinates": [-120.490544, 37.972566]}, "properties": {"lowerCorner": "37.972566 -120.490544", "upperCorner": "37.972566 -120.490544", "state": "CA", "county": "Tuolumne", "ftr_type": "Adit", "ftr_azimut": "337", "topo_name": "Sonora", "topo_date": "1948", "topo_scale": "62500", "compiledby": "USGS", "gda_id": "5958019", "scanid": "301739", "dir": "nw", "url": "https://mrdata.usgs.gov/usmin/show-usmin.php?type=point&id=490288", "_layer": "points"}}, {"type": "Feature", "geometry": {"type": "Point", "coordinates": [-120.169775, 38.056069]}, "properties": {"lowerCorner": "38.056069 -120.169775", "upperCorner": "38.056069 -120.169775", "state": "CA", "county": "Tuolumne", "ftr_type": "Adit", "ftr_azimut": "299", "topo_name": "Long Barn", "topo_date": "1956", "topo_scale": "62500", "compiledby": "USGS", "gda_id": "5502745", "scanid": "298049", "dir": "nw", "url": "https://mrdata.usgs.gov/usmin/show-usmin.php?type=point&id=490291", "_layer": "points"}}, {"type": "Feature", "geometry": {"type": "Point", "coordinates": [-120.305911, 38.087429]}, "properties": {"lowerCorner": "38.087429 -120.305911", "upperCorner": "38.087429 -120.305911", "state": "CA", "county": "Tuolumne", "ftr_type": "Adit", "ftr_azimut": "316", "topo_name": "Columbia", "topo_date": "1948", "topo_scale": "62500", "compiledby": "USGS", "gda_id": "5501147", "scanid": "297139", "dir": "nw", "url": "https://mrdata.usgs.gov/usmin/show-usmin.php?type=point&id=490329", "_layer": "points"}}, {"type": "Feature", "geometry": {"type": "Point", "coordinates": [-120.429287, 37.946142]}, "properties": {"lowerCorner": "37.946142 -120.429287", "upperCorner": "37.946142 -120.429287", "state": "CA", "county": "Tuolumne", "ftr_type": "Adit", "ftr_azimut": "345", "topo_name": "Sonora", "topo_date": "1948", "topo_scale": "24000", "compiledby": "CA Dept Conserv", "gda_id": "5523721", "scanid": "300602", "dir": "n", "url": "https://mrdata.usgs.gov/usmin/show-usmin.php?type=point&id=49107", "_layer": "points"}}, {"type": "Feature", "geometry": {"type": "Point", "coordinates": [-120.411918, 37.898557]}, "properties": {"lowerCorner": "37.898557 -120.411918", "upperCorner": "37.898557 -120.411918", "state": "CA", "county": "Tuolumne", "ftr_type": "Adit", "ftr_azimut": "358", "topo_name": "Sonora", "topo_date": "1948", "topo_scale": "24000", "compiledby": "CA Dept Conserv", "gda_id": "5523721", "scanid": "300602", "dir": "n", "url": "https://mrdata.usgs.gov/usmin/show-usmin.php?type=point&id=49110", "_layer": "points"}}, {"type": "Feature", "geometry": {"type": "Point", "coordinates": [-120.274932, 37.818358]}, "properties": {"lowerCorner": "37.818358 -120.274932", "upperCorner": "37.818358 -120.274932", "state": "CA", "county": "Tuolumne", "ftr_type": "Adit", "ftr_azimut": "353", "topo_name": "Moccasin", "topo_date": "1948", "topo_scale": "24000", "compiledby": "CA Dept Conserv", "gda_id": "5518665", "scanid": "293030", "dir": "n", "url": "https://mrdata.usgs.gov/usmin/show-usmin.php?type=point&id=49115", "_layer": "points"}}, {"type": "Feature", "geometry": {"type": "Point", "coordinates": [-120.2476, 37.75975]}, "properties": {"lowerCorner": "37.759750 -120.247600", "upperCorner": "37.759750 -120.247600", "state": "CA", "county": "Tuolumne", "ftr_type": "Adit", "ftr_azimut": "359", "topo_name": "Tuolumne", "topo_date": "1948", "topo_scale": "62500", "compiledby": "USGS", "gda_id": "5504909", "scanid": "301880", "dir": "n", "url": "https://mrdata.usgs.gov/usmin/show-usmin.php?type=point&id=490270", "_layer": "points"}}, {"type": "Feature", "geometry": {"type": "Point", "coordinates": [-120.42942, 37.946228]}, "properties": {"lowerCorner": "37.946228 -120.429420", "upperCorner": "37.946228 -120.429420", "state": "CA", "county": "Tuolumne", "ftr_type": "Adit", "ftr_azimut": "349", "topo_name": "Sonora", "topo_date": "1948", "topo_scale": "62500", "compiledby": "USGS", "gda_id": "5958019", "scanid": "301739", "dir": "n", "url": "https://mrdata.usgs.gov/usmin/show-usmin.php?type=point&id=490325", "_layer": "points"}}, {"type": "Feature", "geometry": {"type": "Point", "coordinates": [-119.932296, 37.961005]}, "properties": {"lowerCorner": "37.961005 -119.932296", "upperCorner": "37.961005 -119.932296", "state": "CA", "county": "Tuolumne", "ftr_type": "Borrow Pit", "ftr_azimut": "0", "topo_name": "Lake Eleanor", "topo_date": "1956", "topo_scale": "62500", "compiledby": "USGS", "gda_id": "5502553", "scanid": "297937", "url": "https://mrdata.usgs.gov/usmin/show-usmin.php?type=point&id=490409", "_layer": "points"}}, {"type": "Feature", "geometry": {"type": "Point", "coordinates": [-120.282994, 37.823885]}, "properties": {"lowerCorner": "37.823885 -120.282994", "upperCorner": "37.823885 -120.282994", "state": "CA", "county": "Tuolumne", "ftr_type": "Mine Shaft", "ftr_azimut": "0", "topo_name": "Sonora", "topo_date": "1948", "topo_scale": "62500", "compiledby": "USGS", "gda_id": "5958019", "scanid": "301739", "url": "https://mrdata.usgs.gov/usmin/show-usmin.php?type=point&id=494095", "_layer": "points"}}, {"type": "Feature", "geometry": {"type": "Point", "coordinates": [-120.284352, 37.978219]}, "properties": {"lowerCorner": "37.978219 -120.284352", "upperCorner": "37.978219 -120.284352", "state": "CA", "county": "Tuolumne", "ftr_type": "Mine Shaft", "ftr_name": "Draiper Mine", "ftr_azimut": "0", "topo_name": "Sonora", "topo_date": "1948", "topo_scale": "62500", "compiledby": "USGS", "gda_id": "5958019", "scanid": "301739", "url": "https://mrdata.usgs.gov/usmin/show-usmin.php?type=point&id=494110", "_layer": "points"}}, {"type": "Feature", "geometry": {"type": "Point", "coordinates": [-120.249862, 37.986885]}, "properties": {"lowerCorner": "37.986885 -120.249862", "upperCorner": "37.986885 -120.249862", "state": "CA", "county": "Tuolumne", "ftr_type": "Mine Shaft", "ftr_azimut": "0", "topo_name": "Tuolumne", "topo_date": "1948", "topo_scale": "62500", "compiledby": "USGS", "gda_id": "5504909", "scanid": "301880", "url": "https://mrdata.usgs.gov/usmin/show-usmin.php?type=point&id=494115", "_layer": "points"}}, {"type": "Feature", "geometry": {"type": "Point", "coordinates": [-120.437721, 37.945639]}, "properties": {"lowerCorner": "37.945639 -120.437721", "upperCorner": "37.945639 -120.437721", "state": "CA", "county": "Tuolumne", "ftr_type": "Mine Shaft", "ftr_name": "Harvard Mine", "ftr_azimut": "0", "topo_name": "Sonora", "topo_date": "1948", "topo_scale": "62500", "compiledby": "USGS", "gda_id": "5958019", "scanid": "301739", "url": "https://mrdata.usgs.gov/usmin/show-usmin.php?type=point&id=494122", "_layer": "points"}}, {"type": "Feature", "geometry": {"type": "Point", "coordinates": [-120.368135, 37.846018]}, "properties": {"lowerCorner": "37.846018 -120.368135", "upperCorner": "37.846018 -120.368135", "state": "CA", "county": "Tuolumne", "ftr_type": "Mine Shaft", "ftr_azimut": "0", "topo_name": "Sonora", "topo_date": "1948", "topo_scale": "62500", "compiledby": "USGS", "gda_id": "5958019", "scanid": "301739", "url": "https://mrdata.usgs.gov/usmin/show-usmin.php?type=point&id=494123", "_layer": "points"}}, {"type": "Feature", "geometry": {"type": "Point", "coordinates": [-120.418129, 37.919278]}, "properties": {"lowerCorner": "37.919278 -120.418129", "upperCorner": "37.919278 -120.418129", "state": "CA", "county": "Tuolumne", "ftr_type": "Mine Shaft", "ftr_azimut": "0", "topo_name": "Sonora", "topo_date": "1948", "topo_scale": "62500", "compiledby": "USGS", "gda_id": "5958019", "scanid": "301739", "url": "https://mrdata.usgs.gov/usmin/show-usmin.php?type=point&id=494129", "_layer": "points"}}, {"type": "Feature", "geometry": {"type": "Point", "coordinates": [-120.390064, 37.97129]}, "properties": {"lowerCorner": "37.971290 -120.390064", "upperCorner": "37.971290 -120.390064", "state": "CA", "county": "Tuolumne", "ftr_type": "Mine Shaft", "ftr_azimut": "0", "topo_name": "Sonora", "topo_date": "1948", "topo_scale": "62500", "compiledby": "USGS", "gda_id": "5958019", "scanid": "301739", "url": "https://mrdata.usgs.gov/usmin/show-usmin.php?type=point&id=494132", "_layer": "points"}}, {"type": "Feature", "geometry": {"type": "Point", "coordinates": [-120.413588, 37.909674]}, "properties": {"lowerCorner": "37.909674 -120.413588", "upperCorner": "37.909674 -120.413588", "state": "CA", "county": "Tuolumne", "ftr_type": "Mine Shaft", "ftr_azimut": "0", "topo_name": "Sonora", "topo_date": "1948", "topo_scale": "62500", "compiledby": "USGS", "gda_id": "5958019", "scanid": "301739", "url": "https://mrdata.usgs.gov/usmin/show-usmin.php?type=point&id=494135", "_layer": "points"}}, {"type": "Feature", "geometry": {"type": "Point", "coordinates": [-120.412274, 37.913795]}, "properties": {"lowerCorner": "37.913795 -120.412274", "upperCorner": "37.913795 -120.412274", "state": "CA", "county": "Tuolumne", "ftr_type": "Mine Shaft", "ftr_azimut": "0", "topo_name": "Sonora", "topo_date": "1948", "topo_scale": "62500", "compiledby": "USGS", "gda_id": "5958019", "scanid": "301739", "url": "https://mrdata.usgs.gov/usmin/show-usmin.php?type=point&id=494137", "_layer": "points"}}, {"type": "Feature", "geometry": {"type": "Point", "coordinates": [-120.411284, 37.90521]}, "properties": {"lowerCorner": "37.905210 -120.411284", "upperCorner": "37.905210 -120.411284", "state": "CA", "county": "Tuolumne", "ftr_type": "Mine Shaft", "ftr_azimut": "0", "topo_name": "Sonora", "topo_date": "1948", "topo_scale": "62500", "compiledby": "USGS", "gda_id": "5958019", "scanid": "301739", "url": "https://mrdata.usgs.gov/usmin/show-usmin.php?type=point&id=494138", "_layer": "points"}}, {"type": "Feature", "geometry": {"type": "Point", "coordinates": [-120.205369, 37.826776]}, "properties": {"lowerCorner": "37.826776 -120.205369", "upperCorner": "37.826776 -120.205369", "state": "CA", "county": "Tuolumne", "ftr_type": "Mine Shaft", "ftr_azimut": "0", "topo_name": "Tuolumne", "topo_date": "1948", "topo_scale": "62500", "compiledby": "USGS", "gda_id": "5504909", "scanid": "301880", "url": "https://mrdata.usgs.gov/usmin/show-usmin.php?type=point&id=494139", "_layer": "points"}}, {"type": "Feature", "geometry": {"type": "Point", "coordinates": [-120.403313, 37.88234]}, "properties": {"lowerCorner": "37.882340 -120.403313", "upperCorner": "37.882340 -120.403313", "state": "CA", "county": "Tuolumne", "ftr_type": "Mine Shaft", "ftr_azimut": "0", "topo_name": "Sonora", "topo_date": "1948", "topo_scale": "62500", "compiledby": "USGS", "gda_id": "5958019", "scanid": "301739", "url": "https://mrdata.usgs.gov/usmin/show-usmin.php?type=point&id=494149", "_layer": "points"}}, {"type": "Feature", "geometry": {"type": "Point", "coordinates": [-120.400841, 37.879862]}, "properties": {"lowerCorner": "37.879862 -120.400841", "upperCorner": "37.879862 -120.400841", "state": "CA", "county": "Tuolumne", "ftr_type": "Mine Shaft", "ftr_azimut": "0", "topo_name": "Sonora", "topo_date": "1948", "topo_scale": "62500", "compiledby": "USGS", "gda_id": "5958019", "scanid": "301739", "url": "https://mrdata.usgs.gov/usmin/show-usmin.php?type=point&id=494204", "_layer": "points"}}, {"type": "Feature", "geometry": {"type": "Point", "coordinates": [-120.191407, 37.915143]}, "properties": {"lowerCorner": "37.915143 -120.191407", "upperCorner": "37.915143 -120.191407", "state": "CA", "county": "Tuolumne", "ftr_type": "Mine Shaft", "ftr_azimut": "0", "topo_name": "Tuolumne", "topo_date": "1948", "topo_scale": "62500", "compiledby": "USGS", "gda_id": "5504909", "scanid": "301880", "url": "https://mrdata.usgs.gov/usmin/show-usmin.php?type=point&id=494210", "_layer": "points"}}, {"type": "Feature", "geometry": {"type": "Point", "coordinates": [-120.228726, 37.841603]}, "properties": {"lowerCorner": "37.841603 -120.228726", "upperCorner": "37.841603 -120.228726", "state": "CA", "county": "Tuolumne", "ftr_type": "Mine Shaft", "ftr_azimut": "0", "topo_name": "Tuolumne", "topo_date": "1948", "topo_scale": "62500", "compiledby": "USGS", "gda_id": "5504909", "scanid": "301880", "url": "https://mrdata.usgs.gov/usmin/show-usmin.php?type=point&id=494218", "_layer": "points"}}, {"type": "Feature", "geometry": {"type": "Point", "coordinates": [-120.248472, 37.982916]}, "properties": {"lowerCorner": "37.982916 -120.248472", "upperCorner": "37.982916 -120.248472", "state": "CA", "county": "Tuolumne", "ftr_type": "Mine Shaft", "ftr_azimut": "0", "topo_name": "Tuolumne", "topo_date": "1948", "topo_scale": "62500", "compiledby": "USGS", "gda_id": "5504909", "scanid": "301880", "url": "https://mrdata.usgs.gov/usmin/show-usmin.php?type=point&id=494222", "_layer": "points"}}, {"type": "Feature", "geometry": {"type": "Point", "coordinates": [-120.395783, 37.866915]}, "properties": {"lowerCorner": "37.866915 -120.395783", "upperCorner": "37.866915 -120.395783", "state": "CA", "county": "Tuolumne", "ftr_type": "Mine Shaft", "ftr_name": "Eagle-Shawmut Mine", "ftr_azimut": "0", "topo_name": "Sonora", "topo_date": "1948", "topo_scale": "62500", "compiledby": "USGS", "gda_id": "5958019", "scanid": "301739", "url": "https://mrdata.usgs.gov/usmin/show-usmin.php?type=point&id=494228", "_layer": "points"}}, {"type": "Feature", "geometry": {"type": "Point", "coordinates": [-120.265041, 37.823204]}, "properties": {"lowerCorner": "37.823204 -120.265041", "upperCorner": "37.823204 -120.265041", "state": "CA", "county": "Tuolumne", "ftr_type": "Open Pit Mine or Quarry", "ftr_azimut": "0", "topo_name": "Sonora", "topo_date": "1948", "topo_scale": "62500", "compiledby": "USGS", "gda_id": "5958019", "scanid": "301739", "url": "https://mrdata.usgs.gov/usmin/show-usmin.php?type=point&id=496005", "_layer": "points"}}, {"type": "Feature", "geometry": {"type": "Point", "coordinates": [-120.218811, 37.992797]}, "properties": {"lowerCorner": "37.992797 -120.218811", "upperCorner": "37.992797 -120.218811", "state": "CA", "county": "Tuolumne", "ftr_type": "Prospect Pit", "ftr_azimut": "0", "topo_name": "Tuolumne", "topo_date": "1948", "topo_scale": "62500", "compiledby": "USGS", "gda_id": "5504909", "scanid": "301880", "url": "https://mrdata.usgs.gov/usmin/show-usmin.php?type=point&id=501384", "_layer": "points"}}, {"type": "Feature", "geometry": {"type": "Point", "coordinates": [-120.378567, 37.853312]}, "properties": {"lowerCorner": "37.853312 -120.378567", "upperCorner": "37.853312 -120.378567", "state": "CA", "county": "Tuolumne", "ftr_type": "Prospect Pit", "ftr_azimut": "0", "topo_name": "Sonora", "topo_date": "1948", "topo_scale": "62500", "compiledby": "USGS", "gda_id": "5958019", "scanid": "301739", "url": "https://mrdata.usgs.gov/usmin/show-usmin.php?type=point&id=501388", "_layer": "points"}}, {"type": "Feature", "geometry": {"type": "Point", "coordinates": [-120.193424, 37.906653]}, "properties": {"lowerCorner": "37.906653 -120.193424", "upperCorner": "37.906653 -120.193424", "state": "CA", "county": "Tuolumne", "ftr_type": "Prospect Pit", "ftr_azimut": "0", "topo_name": "Tuolumne", "topo_date": "1948", "topo_scale": "62500", "compiledby": "USGS", "gda_id": "5504909", "scanid": "301880", "url": "https://mrdata.usgs.gov/usmin/show-usmin.php?type=point&id=501397", "_layer": "points"}}, {"type": "Feature", "geometry": {"type": "Point", "coordinates": [-120.252791, 37.980314]}, "properties": {"lowerCorner": "37.980314 -120.252791", "upperCorner": "37.980314 -120.252791", "state": "CA", "county": "Tuolumne", "ftr_type": "Prospect Pit", "ftr_azimut": "0", "topo_name": "Sonora", "topo_date": "1948", "topo_scale": "62500", "compiledby": "USGS", "gda_id": "5958019", "scanid": "301739", "url": "https://mrdata.usgs.gov/usmin/show-usmin.php?type=point&id=501398", "_layer": "points"}}, {"type": "Feature", "geometry": {"type": "Point", "coordinates": [-120.185697, 37.885396]}, "properties": {"lowerCorner": "37.885396 -120.185697", "upperCorner": "37.885396 -120.185697", "state": "CA", "county": "Tuolumne", "ftr_type": "Prospect Pit", "ftr_name": "Duleke Mine", "ftr_azimut": "0", "topo_name": "Tuolumne", "topo_date": "1948", "topo_scale": "62500", "compiledby": "USGS", "gda_id": "5504909", "scanid": "301880", "url": "https://mrdata.usgs.gov/usmin/show-usmin.php?type=point&id=501401", "_layer": "points"}}, {"type": "Feature", "geometry": {"type": "Point", "coordinates": [-120.214764, 37.94264]}, "properties": {"lowerCorner": "37.942640 -120.214764", "upperCorner": "37.942640 -120.214764", "state": "CA", "county": "Tuolumne", "ftr_type": "Prospect Pit", "ftr_azimut": "0", "topo_name": "Tuolumne", "topo_date": "1948", "topo_scale": "62500", "compiledby": "USGS", "gda_id": "5504909", "scanid": "301880", "url": "https://mrdata.usgs.gov/usmin/show-usmin.php?type=point&id=501412", "_layer": "points"}}, {"type": "Feature", "geometry": {"type": "Point", "coordinates": [-120.223259, 37.985554]}, "properties": {"lowerCorner": "37.985554 -120.223259", "upperCorner": "37.985554 -120.223259", "state": "CA", "county": "Tuolumne", "ftr_type": "Prospect Pit", "ftr_azimut": "0", "topo_name": "Tuolumne", "topo_date": "1948", "topo_scale": "62500", "compiledby": "USGS", "gda_id": "5504909", "scanid": "301880", "url": "https://mrdata.usgs.gov/usmin/show-usmin.php?type=point&id=501424", "_layer": "points"}}, {"type": "Feature", "geometry": {"type": "Point", "coordinates": [-120.211102, 37.94415]}, "properties": {"lowerCorner": "37.944150 -120.211102", "upperCorner": "37.944150 -120.211102", "state": "CA", "county": "Tuolumne", "ftr_type": "Prospect Pit", "ftr_azimut": "0", "topo_name": "Tuolumne", "topo_date": "1948", "topo_scale": "62500", "compiledby": "USGS", "gda_id": "5504909", "scanid": "301880", "url": "https://mrdata.usgs.gov/usmin/show-usmin.php?type=point&id=501425", "_layer": "points"}}, {"type": "Feature", "geometry": {"type": "Point", "coordinates": [-120.377859, 37.853518]}, "properties": {"lowerCorner": "37.853518 -120.377859", "upperCorner": "37.853518 -120.377859", "state": "CA", "county": "Tuolumne", "ftr_type": "Prospect Pit", "ftr_azimut": "0", "topo_name": "Sonora", "topo_date": "1948", "topo_scale": "62500", "compiledby": "USGS", "gda_id": "5958019", "scanid": "301739", "url": "https://mrdata.usgs.gov/usmin/show-usmin.php?type=point&id=501428", "_layer": "points"}}, {"type": "Feature", "geometry": {"type": "Point", "coordinates": [-120.427839, 37.935374]}, "properties": {"lowerCorner": "37.935374 -120.427839", "upperCorner": "37.935374 -120.427839", "state": "CA", "county": "Tuolumne", "ftr_type": "Prospect Pit", "ftr_azimut": "0", "topo_name": "Sonora", "topo_date": "1948", "topo_scale": "62500", "compiledby": "USGS", "gda_id": "5958019", "scanid": "301739", "url": "https://mrdata.usgs.gov/usmin/show-usmin.php?type=point&id=501439", "_layer": "points"}}, {"type": "Feature", "geometry": {"type": "Point", "coordinates": [-120.255772, 37.979127]}, "properties": {"lowerCorner": "37.979127 -120.255772", "upperCorner": "37.979127 -120.255772", "state": "CA", "county": "Tuolumne", "ftr_type": "Prospect Pit", "ftr_name": "Chickenfeed Mine", "ftr_azimut": "0", "topo_name": "Sonora", "topo_date": "1948", "topo_scale": "62500", "compiledby": "USGS", "gda_id": "5958019", "scanid": "301739", "url": "https://mrdata.usgs.gov/usmin/show-usmin.php?type=point&id=501442", "_layer": "points"}}, {"type": "Feature", "geometry": {"type": "Point", "coordinates": [-120.208391, 37.948796]}, "properties": {"lowerCorner": "37.948796 -120.208391", "upperCorner": "37.948796 -120.208391", "state": "CA", "county": "Tuolumne", "ftr_type": "Prospect Pit", "ftr_azimut": "0", "topo_name": "Tuolumne", "topo_date": "1948", "topo_scale": "62500", "compiledby": "USGS", "gda_id": "5504909", "scanid": "301880", "url": "https://mrdata.usgs.gov/usmin/show-usmin.php?type=point&id=501447", "_layer": "points"}}, {"type": "Feature", "geometry": {"type": "Point", "coordinates": [-120.280415, 37.822448]}, "properties": {"lowerCorner": "37.822448 -120.280415", "upperCorner": "37.822448 -120.280415", "state": "CA", "county": "Tuolumne", "ftr_type": "Prospect Pit", "ftr_azimut": "0", "topo_name": "Sonora", "topo_date": "1948", "topo_scale": "62500", "compiledby": "USGS", "gda_id": "5958019", "scanid": "301739", "url": "https://mrdata.usgs.gov/usmin/show-usmin.php?type=point&id=501476", "_layer": "points"}}, {"type": "Feature", "geometry": {"type": "Point", "coordinates": [-120.237872, 37.83979]}, "properties": {"lowerCorner": "37.839790 -120.237872", "upperCorner": "37.839790 -120.237872", "state": "CA", "county": "Tuolumne", "ftr_type": "Prospect Pit", "ftr_azimut": "0", "topo_name": "Tuolumne", "topo_date": "1948", "topo_scale": "62500", "compiledby": "USGS", "gda_id": "5504909", "scanid": "301880", "url": "https://mrdata.usgs.gov/usmin/show-usmin.php?type=point&id=501479", "_layer": "points"}}, {"type": "Feature", "geometry": {"type": "Point", "coordinates": [-120.166201, 37.870188]}, "properties": {"lowerCorner": "37.870188 -120.166201", "upperCorner": "37.870188 -120.166201", "state": "CA", "county": "Tuolumne", "ftr_type": "Prospect Pit", "ftr_azimut": "0", "topo_name": "Tuolumne", "topo_date": "1948", "topo_scale": "62500", "compiledby": "USGS", "gda_id": "5504909", "scanid": "301880", "url": "https://mrdata.usgs.gov/usmin/show-usmin.php?type=point&id=501485", "_layer": "points"}}, {"type": "Feature", "geometry": {"type": "Point", "coordinates": [-120.38004, 37.852067]}, "properties": {"lowerCorner": "37.852067 -120.380040", "upperCorner": "37.852067 -120.380040", "state": "CA", "county": "Tuolumne", "ftr_type": "Prospect Pit", "ftr_azimut": "0", "topo_name": "Sonora", "topo_date": "1948", "topo_scale": "62500", "compiledby": "USGS", "gda_id": "5958019", "scanid": "301739", "url": "https://mrdata.usgs.gov/usmin/show-usmin.php?type=point&id=501499", "_layer": "points"}}, {"type": "Feature", "geometry": {"type": "Point", "coordinates": [-120.224335, 37.982032]}, "properties": {"lowerCorner": "37.982032 -120.224335", "upperCorner": "37.982032 -120.224335", "state": "CA", "county": "Tuolumne", "ftr_type": "Prospect Pit", "ftr_azimut": "0", "topo_name": "Tuolumne", "topo_date": "1948", "topo_scale": "62500", "compiledby": "USGS", "gda_id": "5504909", "scanid": "301880", "url": "https://mrdata.usgs.gov/usmin/show-usmin.php?type=point&id=501504", "_layer": "points"}}, {"type": "Feature", "geometry": {"type": "Point", "coordinates": [-120.295737, 37.827192]}, "properties": {"lowerCorner": "37.827192 -120.295737", "upperCorner": "37.827192 -120.295737", "state": "CA", "county": "Tuolumne", "ftr_type": "Prospect Pit", "ftr_azimut": "0", "topo_name": "Sonora", "topo_date": "1948", "topo_scale": "62500", "compiledby": "USGS", "gda_id": "5958019", "scanid": "301739", "url": "https://mrdata.usgs.gov/usmin/show-usmin.php?type=point&id=501511", "_layer": "points"}}, {"type": "Feature", "geometry": {"type": "Point", "coordinates": [-120.376454, 37.852376]}, "properties": {"lowerCorner": "37.852376 -120.376454", "upperCorner": "37.852376 -120.376454", "state": "CA", "county": "Tuolumne", "ftr_type": "Prospect Pit", "ftr_azimut": "0", "topo_name": "Sonora", "topo_date": "1948", "topo_scale": "62500", "compiledby": "USGS", "gda_id": "5958019", "scanid": "301739", "url": "https://mrdata.usgs.gov/usmin/show-usmin.php?type=point&id=501521", "_layer": "points"}}, {"type": "Feature", "geometry": {"type": "Point", "coordinates": [-120.201886, 37.926575]}, "properties": {"lowerCorner": "37.926575 -120.201886", "upperCorner": "37.926575 -120.201886", "state": "CA", "county": "Tuolumne", "ftr_type": "Prospect Pit", "ftr_azimut": "0", "topo_name": "Tuolumne", "topo_date": "1948", "topo_scale": "62500", "compiledby": "USGS", "gda_id": "5504909", "scanid": "301880", "url": "https://mrdata.usgs.gov/usmin/show-usmin.php?type=point&id=501530", "_layer": "points"}}, {"type": "Feature", "geometry": {"type": "Point", "coordinates": [-120.29551, 37.825777]}, "properties": {"lowerCorner": "37.825777 -120.295510", "upperCorner": "37.825777 -120.295510", "state": "CA", "county": "Tuolumne", "ftr_type": "Adit", "ftr_azimut": "61", "topo_name": "Moccasin", "topo_date": "1948", "topo_scale": "24000", "compiledby": "CA Dept Conserv", "gda_id": "5518665", "scanid": "293030", "dir": "ne", "url": "https://mrdata.usgs.gov/usmin/show-usmin.php?type=point&id=49121", "_layer": "points"}}, {"type": "Feature", "geometry": {"type": "Point", "coordinates": [-120.401186, 37.868115]}, "properties": {"lowerCorner": "37.868115 -120.401186", "upperCorner": "37.868115 -120.401186", "state": "CA", "county": "Tuolumne", "ftr_type": "Adit", "ftr_name": "Eagle-Shaw Mut Mine", "ftr_azimut": "61", "topo_name": "Chinese Camp", "topo_date": "1948", "topo_scale": "24000", "compiledby": "USGS", "gda_id": "5510811", "scanid": "289216", "dir": "ne", "url": "https://mrdata.usgs.gov/usmin/show-usmin.php?type=point&id=49185", "_layer": "points"}}, {"type": "Feature", "geometry": {"type": "Point", "coordinates": [-120.282374, 37.822655]}, "properties": {"lowerCorner": "37.822655 -120.282374", "upperCorner": "37.822655 -120.282374", "state": "CA", "county": "Tuolumne", "ftr_type": "Adit", "ftr_azimut": "34", "topo_name": "Moccasin", "topo_date": "1948", "topo_scale": "24000", "compiledby": "CA Dept Conserv", "gda_id": "5518665", "scanid": "293030", "dir": "ne", "url": "https://mrdata.usgs.gov/usmin/show-usmin.php?type=point&id=49273", "_layer": "points"}}, {"type": "Feature", "geometry": {"type": "Point", "coordinates": [-120.226621, 37.974895]}, "properties": {"lowerCorner": "37.974895 -120.226621", "upperCorner": "37.974895 -120.226621", "state": "CA", "county": "Tuolumne", "ftr_type": "Adit", "ftr_azimut": "25", "topo_name": "Tuolumne", "topo_date": "1948", "topo_scale": "24000", "compiledby": "CA Dept Conserv", "gda_id": "5525029", "scanid": "300997", "dir": "ne", "url": "https://mrdata.usgs.gov/usmin/show-usmin.php?type=point&id=49274", "_layer": "points"}}, {"type": "Feature", "geometry": {"type": "Point", "coordinates": [-120.298258, 37.827606]}, "properties": {"lowerCorner": "37.827606 -120.298258", "upperCorner": "37.827606 -120.298258", "state": "CA", "county": "Tuolumne", "ftr_type": "Adit", "ftr_azimut": "66", "topo_name": "Sonora", "topo_date": "1948", "topo_scale": "62500", "compiledby": "USGS", "gda_id": "5958019", "scanid": "301739", "dir": "ne", "url": "https://mrdata.usgs.gov/usmin/show-usmin.php?type=point&id=490235", "_layer": "points"}}, {"type": "Feature", "geometry": {"type": "Point", "coordinates": [-120.22627, 37.975134]}, "properties": {"lowerCorner": "37.975134 -120.226270", "upperCorner": "37.975134 -120.226270", "state": "CA", "county": "Tuolumne", "ftr_type": "Adit", "ftr_azimut": "38", "topo_name": "Tuolumne", "topo_date": "1948", "topo_scale": "62500", "compiledby": "USGS", "gda_id": "5504909", "scanid": "301880", "dir": "ne", "url": "https://mrdata.usgs.gov/usmin/show-usmin.php?type=point&id=490324", "_layer": "points"}}, {"type": "Feature", "geometry": {"type": "Point", "coordinates": [-120.332411, 37.856634]}, "properties": {"lowerCorner": "37.856634 -120.332411", "upperCorner": "37.856634 -120.332411", "state": "CA", "county": "Tuolumne", "ftr_type": "Adit", "ftr_azimut": "76", "topo_name": "Moccasin", "topo_date": "1948", "topo_scale": "24000", "compiledby": "CA Dept Conserv", "gda_id": "5518665", "scanid": "293030", "dir": "e", "url": "https://mrdata.usgs.gov/usmin/show-usmin.php?type=point&id=49129", "_layer": "points"}}, {"type": "Feature", "geometry": {"type": "Point", "coordinates": [-120.298475, 37.827439]}, "properties": {"lowerCorner": "37.827439 -120.298475", "upperCorner": "37.827439 -120.298475", "state": "CA", "county": "Tuolumne", "ftr_type": "Adit", "ftr_azimut": "69", "topo_name": "Moccasin", "topo_date": "1948", "topo_scale": "24000", "compiledby": "CA Dept Conserv", "gda_id": "5518665", "scanid": "293030", "dir": "e", "url": "https://mrdata.usgs.gov/usmin/show-usmin.php?type=point&id=49156", "_layer": "points"}}, {"type": "Feature", "geometry": {"type": "Point", "coordinates": [-120.369293, 37.846107]}, "properties": {"lowerCorner": "37.846107 -120.369293", "upperCorner": "37.846107 -120.369293", "state": "CA", "county": "Tuolumne", "ftr_type": "Adit", "ftr_azimut": "81", "topo_name": "Moccasin", "topo_date": "1948", "topo_scale": "24000", "compiledby": "CA Dept Conserv", "gda_id": "5518665", "scanid": "293030", "dir": "e", "url": "https://mrdata.usgs.gov/usmin/show-usmin.php?type=point&id=49232", "_layer": "points"}}, {"type": "Feature", "geometry": {"type": "Point", "coordinates": [-120.265225, 37.980994]}, "properties": {"lowerCorner": "37.980994 -120.265225", "upperCorner": "37.980994 -120.265225", "state": "CA", "county": "Tuolumne", "ftr_type": "Adit", "ftr_azimut": "109", "topo_name": "Standard", "topo_date": "1948", "topo_scale": "24000", "compiledby": "CA Dept Conserv", "gda_id": "5523879", "scanid": "300650", "dir": "e", "url": "https://mrdata.usgs.gov/usmin/show-usmin.php?type=point&id=49265", "_layer": "points"}}, {"type": "Feature", "geometry": {"type": "Point", "coordinates": [-120.414787, 37.90796]}, "properties": {"lowerCorner": "37.907960 -120.414787", "upperCorner": "37.907960 -120.414787", "state": "CA", "county": "Tuolumne", "ftr_type": "Adit", "ftr_azimut": "89", "topo_name": "Sonora", "topo_date": "1948", "topo_scale": "62500", "compiledby": "USGS", "gda_id": "5958019", "scanid": "301739", "dir": "e", "url": "https://mrdata.usgs.gov/usmin/show-usmin.php?type=point&id=490182", "_layer": "points"}}, {"type": "Feature", "geometry": {"type": "Point", "coordinates": [-120.343513, 37.836558]}, "properties": {"lowerCorner": "37.836558 -120.343513", "upperCorner": "37.836558 -120.343513", "state": "CA", "county": "Tuolumne", "ftr_type": "Adit", "ftr_azimut": "107", "topo_name": "Sonora", "topo_date": "1948", "topo_scale": "62500", "compiledby": "USGS", "gda_id": "5958019", "scanid": "301739", "dir": "e", "url": "https://mrdata.usgs.gov/usmin/show-usmin.php?type=point&id=490278", "_layer": "points"}}, {"type": "Feature", "geometry": {"type": "Point", "coordinates": [-120.265493, 37.829034]}, "properties": {"lowerCorner": "37.829034 -120.265493", "upperCorner": "37.829034 -120.265493", "state": "CA", "county": "Tuolumne", "ftr_type": "Adit", "ftr_azimut": "86", "topo_name": "Sonora", "topo_date": "1948", "topo_scale": "62500", "compiledby": "USGS", "gda_id": "5958019", "scanid": "301739", "dir": "e", "url": "https://mrdata.usgs.gov/usmin/show-usmin.php?type=point&id=490318", "_layer": "points"}}, {"type": "Feature", "geometry": {"type": "Point", "coordinates": [-120.2405, 37.894891]}, "properties": {"lowerCorner": "37.894891 -120.240500", "upperCorner": "37.894891 -120.240500", "state": "CA", "county": "Tuolumne", "ftr_type": "Adit", "ftr_azimut": "136", "topo_name": "Tuolumne", "topo_date": "1948", "topo_scale": "24000", "compiledby": "CA Dept Conserv", "gda_id": "5525029", "scanid": "300997", "dir": "se", "url": "https://mrdata.usgs.gov/usmin/show-usmin.php?type=point&id=49157", "_layer": "points"}}, {"type": "Feature", "geometry": {"type": "Point", "coordinates": [-120.263884, 37.82972]}, "properties": {"lowerCorner": "37.829720 -120.263884", "upperCorner": "37.829720 -120.263884", "state": "CA", "county": "Tuolumne", "ftr_type": "Adit", "ftr_azimut": "129", "topo_name": "Moccasin", "topo_date": "1948", "topo_scale": "24000", "compiledby": "CA Dept Conserv", "gda_id": "5518665", "scanid": "293030", "dir": "se", "url": "https://mrdata.usgs.gov/usmin/show-usmin.php?type=point&id=49178", "_layer": "points"}}, {"type": "Feature", "geometry": {"type": "Point", "coordinates": [-120.240265, 37.894634]}, "properties": {"lowerCorner": "37.894634 -120.240265", "upperCorner": "37.894634 -120.240265", "state": "CA", "county": "Tuolumne", "ftr_type": "Adit", "ftr_azimut": "132", "topo_name": "Tuolumne", "topo_date": "1948", "topo_scale": "62500", "compiledby": "USGS", "gda_id": "5504909", "scanid": "301880", "dir": "se", "url": "https://mrdata.usgs.gov/usmin/show-usmin.php?type=point&id=490167", "_layer": "points"}}, {"type": "Feature", "geometry": {"type": "Point", "coordinates": [-120.277949, 37.821249]}, "properties": {"lowerCorner": "37.821249 -120.277949", "upperCorner": "37.821249 -120.277949", "state": "CA", "county": "Tuolumne", "ftr_type": "Adit", "ftr_azimut": "134", "topo_name": "Sonora", "topo_date": "1948", "topo_scale": "62500", "compiledby": "USGS", "gda_id": "5958019", "scanid": "301739", "dir": "se", "url": "https://mrdata.usgs.gov/usmin/show-usmin.php?type=point&id=490207", "_layer": "points"}}, {"type": "Feature", "geometry": {"type": "Point", "coordinates": [-120.256934, 37.820322]}, "properties": {"lowerCorner": "37.820322 -120.256934", "upperCorner": "37.820322 -120.256934", "state": "CA", "county": "Tuolumne", "ftr_type": "Adit", "ftr_azimut": "137", "topo_name": "Sonora", "topo_date": "1948", "topo_scale": "62500", "compiledby": "USGS", "gda_id": "5958019", "scanid": "301739", "dir": "se", "url": "https://mrdata.usgs.gov/usmin/show-usmin.php?type=point&id=490213", "_layer": "points"}}, {"type": "Feature", "geometry": {"type": "Point", "coordinates": [-120.341789, 37.837472]}, "properties": {"lowerCorner": "37.837472 -120.341789", "upperCorner": "37.837472 -120.341789", "state": "CA", "county": "Tuolumne", "ftr_type": "Adit", "ftr_azimut": "142", "topo_name": "Sonora", "topo_date": "1948", "topo_scale": "62500", "compiledby": "USGS", "gda_id": "5958019", "scanid": "301739", "dir": "se", "url": "https://mrdata.usgs.gov/usmin/show-usmin.php?type=point&id=490249", "_layer": "points"}}, {"type": "Feature", "geometry": {"type": "Point", "coordinates": [-120.266317, 37.886241]}, "properties": {"lowerCorner": "37.886241 -120.266317", "upperCorner": "37.886241 -120.266317", "state": "CA", "county": "Tuolumne", "ftr_type": "Adit", "ftr_name": "Russell Telegraph Mine", "ftr_azimut": "127", "topo_name": "Sonora", "topo_date": "1948", "topo_scale": "62500", "compiledby": "USGS", "gda_id": "5958019", "scanid": "301739", "dir": "se", "url": "https://mrdata.usgs.gov/usmin/show-usmin.php?type=point&id=490321", "_layer": "points"}}, {"type": "Feature", "geometry": {"type": "Point", "coordinates": [-120.249744, 37.817302]}, "properties": {"lowerCorner": "37.817302 -120.249744", "upperCorner": "37.817302 -120.249744", "state": "CA", "county": "Tuolumne", "ftr_type": "Adit", "ftr_name": "Red Jacket Mine", "ftr_azimut": "115", "topo_name": "Tuolumne", "topo_date": "1948", "topo_scale": "62500", "compiledby": "USGS", "gda_id": "5504909", "scanid": "301880", "dir": "se", "url": "https://mrdata.usgs.gov/usmin/show-usmin.php?type=point&id=490337", "_layer": "points"}}, {"type": "Feature", "geometry": {"type": "Point", "coordinates": [-120.243385, 37.831939]}, "properties": {"lowerCorner": "37.831939 -120.243385", "upperCorner": "37.831939 -120.243385", "state": "CA", "county": "Tuolumne", "ftr_type": "Adit", "ftr_azimut": "170", "topo_name": "Groveland", "topo_date": "1947", "topo_scale": "24000", "compiledby": "CA Dept Conserv", "gda_id": "5514901", "scanid": "291049", "dir": "s", "url": "https://mrdata.usgs.gov/usmin/show-usmin.php?type=point&id=49246", "_layer": "points"}}, {"type": "Feature", "geometry": {"type": "Point", "coordinates": [-120.06725, 37.832497]}, "properties": {"lowerCorner": "37.832497 -120.067250", "upperCorner": "37.832497 -120.067250", "state": "CA", "county": "Tuolumne", "ftr_type": "Adit", "ftr_azimut": "188", "topo_name": "Tuolumne", "topo_date": "1948", "topo_scale": "62500", "compiledby": "USGS", "gda_id": "5504909", "scanid": "301880", "dir": "s", "url": "https://mrdata.usgs.gov/usmin/show-usmin.php?type=point&id=490230", "_layer": "points"}}, {"type": "Feature", "geometry": {"type": "Point", "coordinates": [-120.237372, 37.8305]}, "properties": {"lowerCorner": "37.830500 -120.237372", "upperCorner": "37.830500 -120.237372", "state": "CA", "county": "Tuolumne", "ftr_type": "Adit", "ftr_azimut": "228", "topo_name": "Groveland", "topo_date": "1947", "topo_scale": "24000", "compiledby": "CA Dept Conserv", "gda_id": "5514901", "scanid": "291049", "dir": "sw", "url": "https://mrdata.usgs.gov/usmin/show-usmin.php?type=point&id=49113", "_layer": "points"}}, {"type": "Feature", "geometry": {"type": "Point", "coordinates": [-120.043368, 37.82742]}, "properties": {"lowerCorner": "37.827420 -120.043368", "upperCorner": "37.827420 -120.043368", "state": "CA", "county": "Tuolumne", "ftr_type": "Adit", "ftr_name": "Tunnel", "ftr_azimut": "228", "topo_name": "Jawbone Ridge", "topo_date": "1947", "topo_scale": "24000", "compiledby": "CA Dept Conserv", "gda_id": "5516111", "scanid": "291678", "dir": "sw", "url": "https://mrdata.usgs.gov/usmin/show-usmin.php?type=point&id=49158", "_layer": "points"}}, {"type": "Feature", "geometry": {"type": "Point", "coordinates": [-120.237771, 37.829797]}, "properties": {"lowerCorner": "37.829797 -120.237771", "upperCorner": "37.829797 -120.237771", "state": "CA", "county": "Tuolumne", "ftr_type": "Adit", "ftr_azimut": "242", "topo_name": "Groveland", "topo_date": "1947", "topo_scale": "24000", "compiledby": "CA Dept Conserv", "gda_id": "5514901", "scanid": "291049", "dir": "sw", "url": "https://mrdata.usgs.gov/usmin/show-usmin.php?type=point&id=49168", "_layer": "points"}}, {"type": "Feature", "geometry": {"type": "Point", "coordinates": [-120.434522, 37.943382]}, "properties": {"lowerCorner": "37.943382 -120.434522", "upperCorner": "37.943382 -120.434522", "state": "CA", "county": "Tuolumne", "ftr_type": "Adit", "ftr_azimut": "233", "topo_name": "Sonora", "topo_date": "1948", "topo_scale": "24000", "compiledby": "CA Dept Conserv", "gda_id": "5523721", "scanid": "300602", "dir": "sw", "url": "https://mrdata.usgs.gov/usmin/show-usmin.php?type=point&id=49281", "_layer": "points"}}, {"type": "Feature", "geometry": {"type": "Point", "coordinates": [-120.238023, 37.829674]}, "properties": {"lowerCorner": "37.829674 -120.238023", "upperCorner": "37.829674 -120.238023", "state": "CA", "county": "Tuolumne", "ftr_type": "Adit", "ftr_azimut": "237", "topo_name": "Tuolumne", "topo_date": "1948", "topo_scale": "62500", "compiledby": "USGS", "gda_id": "5504909", "scanid": "301880", "dir": "sw", "url": "https://mrdata.usgs.gov/usmin/show-usmin.php?type=point&id=490340", "_layer": "points"}}, {"type": "Feature", "geometry": {"type": "Point", "coordinates": [-120.325527, 37.853007]}, "properties": {"lowerCorner": "37.853007 -120.325527", "upperCorner": "37.853007 -120.325527", "state": "CA", "county": "Tuolumne", "ftr_type": "Adit", "ftr_azimut": "222", "topo_name": "Sonora", "topo_date": "1948", "topo_scale": "62500", "compiledby": "USGS", "gda_id": "5958019", "scanid": "301739", "dir": "sw", "url": "https://mrdata.usgs.gov/usmin/show-usmin.php?type=point&id=490341", "_layer": "points"}}, {"type": "Feature", "geometry": {"type": "Point", "coordinates": [-120.265047, 37.82382]}, "properties": {"lowerCorner": "37.823820 -120.265047", "upperCorner": "37.823820 -120.265047", "state": "CA", "county": "Tuolumne", "ftr_type": "Adit", "ftr_azimut": "278", "topo_name": "Moccasin", "topo_date": "1948", "topo_scale": "24000", "compiledby": "CA Dept Conserv", "gda_id": "5518665", "scanid": "293030", "dir": "w", "url": "https://mrdata.usgs.gov/usmin/show-usmin.php?type=point&id=49124", "_layer": "points"}}, {"type": "Feature", "geometry": {"type": "Point", "coordinates": [-120.254036, 37.973393]}, "properties": {"lowerCorner": "37.973393 -120.254036", "upperCorner": "37.973393 -120.254036", "state": "CA", "county": "Tuolumne", "ftr_type": "Adit", "ftr_azimut": "252", "topo_name": "Sonora", "topo_date": "1948", "topo_scale": "62500", "compiledby": "USGS", "gda_id": "5958019", "scanid": "301739", "dir": "w", "url": "https://mrdata.usgs.gov/usmin/show-usmin.php?type=point&id=490290", "_layer": "points"}}, {"type": "Feature", "geometry": {"type": "Point", "coordinates": [-120.373726, 37.990773]}, "properties": {"lowerCorner": "37.990773 -120.373726", "upperCorner": "37.990773 -120.373726", "state": "CA", "county": "Tuolumne", "ftr_type": "Adit", "ftr_azimut": "323", "topo_name": "Standard", "topo_date": "1948", "topo_scale": "24000", "compiledby": "CA Dept Conserv", "gda_id": "5523879", "scanid": "300650", "dir": "nw", "url": "https://mrdata.usgs.gov/usmin/show-usmin.php?type=point&id=49201", "_layer": "points"}}, {"type": "Feature", "geometry": {"type": "Point", "coordinates": [-120.410995, 37.898404]}, "properties": {"lowerCorner": "37.898404 -120.410995", "upperCorner": "37.898404 -120.410995", "state": "CA", "county": "Tuolumne", "ftr_type": "Adit", "ftr_azimut": "351", "topo_name": "Sonora", "topo_date": "1948", "topo_scale": "24000", "compiledby": "CA Dept Conserv", "gda_id": "5523721", "scanid": "300602", "dir": "n", "url": "https://mrdata.usgs.gov/usmin/show-usmin.php?type=point&id=49252", "_layer": "points"}}, {"type": "Feature", "geometry": {"type": "Point", "coordinates": [-120.430734, 37.946217]}, "properties": {"lowerCorner": "37.946217 -120.430734", "upperCorner": "37.946217 -120.430734", "state": "CA", "county": "Tuolumne", "ftr_type": "Adit", "ftr_azimut": "347", "topo_name": "Sonora", "topo_date": "1948", "topo_scale": "62500", "compiledby": "USGS", "gda_id": "5958019", "scanid": "301739", "dir": "n", "url": "https://mrdata.usgs.gov/usmin/show-usmin.php?type=point&id=490199", "_layer": "points"}}, {"type": "Feature", "geometry": {"type": "Point", "coordinates": [-120.274904, 37.81865]}, "properties": {"lowerCorner": "37.818650 -120.274904", "upperCorner": "37.818650 -120.274904", "state": "CA", "county": "Tuolumne", "ftr_type": "Adit", "ftr_azimut": "359", "topo_name": "Sonora", "topo_date": "1948", "topo_scale": "62500", "compiledby": "USGS", "gda_id": "5958019", "scanid": "301739", "dir": "n", "url": "https://mrdata.usgs.gov/usmin/show-usmin.php?type=point&id=490250", "_layer": "points"}}, {"type": "Feature", "geometry": {"type": "Point", "coordinates": [-120.265352, 37.810412]}, "properties": {"lowerCorner": "37.810412 -120.265352", "upperCorner": "37.810412 -120.265352", "state": "CA", "county": "Tuolumne", "ftr_type": "Gravel Pit", "ftr_azimut": "0", "topo_name": "Sonora", "topo_date": "1948", "topo_scale": "62500", "compiledby": "USGS", "remarks": "Symbolized as Open Pit Mine or Quarry, but labeled Gravel Pit.", "gda_id": "5958019", "scanid": "301739", "url": "https://mrdata.usgs.gov/usmin/show-usmin.php?type=point&id=491097", "_layer": "points"}}, {"type": "Feature", "geometry": {"type": "Point", "coordinates": [-120.544545, 37.805957]}, "properties": {"lowerCorner": "37.805957 -120.544545", "upperCorner": "37.805957 -120.544545", "state": "CA", "county": "Tuolumne", "ftr_type": "Gravel Pit", "ftr_azimut": "0", "topo_name": "Copperopolis", "topo_date": "1954", "topo_scale": "62500", "compiledby": "USGS", "remarks": "Symbolized as Open Pit Mine or Quarry, but labeled Gravel Pit.", "gda_id": "5501217", "scanid": "297184", "url": "https://mrdata.usgs.gov/usmin/show-usmin.php?type=point&id=491098", "_layer": "points"}}, {"type": "Feature", "geometry": {"type": "Point", "coordinates": [-120.294444, 37.793996]}, "properties": {"lowerCorner": "37.793996 -120.294444", "upperCorner": "37.793996 -120.294444", "state": "CA", "county": "Tuolumne", "ftr_type": "Gravel Pit", "ftr_azimut": "0", "topo_name": "Sonora", "topo_date": "1948", "topo_scale": "62500", "compiledby": "USGS", "remarks": "Symbolized as Open Pit Mine or Quarry, but labeled Gravel Pit.", "gda_id": "5958019", "scanid": "301739", "url": "https://mrdata.usgs.gov/usmin/show-usmin.php?type=point&id=491099", "_layer": "points"}}, {"type": "Feature", "geometry": {"type": "Point", "coordinates": [-120.361476, 37.858781]}, "properties": {"lowerCorner": "37.858781 -120.361476", "upperCorner": "37.858781 -120.361476", "state": "CA", "county": "Tuolumne", "ftr_type": "Mine Shaft", "ftr_azimut": "0", "topo_name": "Sonora", "topo_date": "1948", "topo_scale": "62500", "compiledby": "USGS", "gda_id": "5958019", "scanid": "301739", "url": "https://mrdata.usgs.gov/usmin/show-usmin.php?type=point&id=494104", "_layer": "points"}}, {"type": "Feature", "geometry": {"type": "Point", "coordinates": [-120.402864, 37.882974]}, "properties": {"lowerCorner": "37.882974 -120.402864", "upperCorner": "37.882974 -120.402864", "state": "CA", "county": "Tuolumne", "ftr_type": "Mine Shaft", "ftr_azimut": "0", "topo_name": "Sonora", "topo_date": "1948", "topo_scale": "62500", "compiledby": "USGS", "gda_id": "5958019", "scanid": "301739", "url": "https://mrdata.usgs.gov/usmin/show-usmin.php?type=point&id=494121", "_layer": "points"}}, {"type": "Feature", "geometry": {"type": "Point", "coordinates": [-120.36238, 37.859039]}, "properties": {"lowerCorner": "37.859039 -120.362380", "upperCorner": "37.859039 -120.362380", "state": "CA", "county": "Tuolumne", "ftr_type": "Mine Shaft", "ftr_azimut": "0", "topo_name": "Sonora", "topo_date": "1948", "topo_scale": "62500", "compiledby": "USGS", "gda_id": "5958019", "scanid": "301739", "url": "https://mrdata.usgs.gov/usmin/show-usmin.php?type=point&id=494142", "_layer": "points"}}, {"type": "Feature", "geometry": {"type": "Point", "coordinates": [-120.25333, 37.766949]}, "properties": {"lowerCorner": "37.766949 -120.253330", "upperCorner": "37.766949 -120.253330", "state": "CA", "county": "Tuolumne", "ftr_type": "Mine Shaft", "ftr_azimut": "0", "topo_name": "Sonora", "topo_date": "1948", "topo_scale": "62500", "compiledby": "USGS", "gda_id": "5958019", "scanid": "301739", "url": "https://mrdata.usgs.gov/usmin/show-usmin.php?type=point&id=494153", "_layer": "points"}}, {"type": "Feature", "geometry": {"type": "Point", "coordinates": [-120.257361, 37.834305]}, "properties": {"lowerCorner": "37.834305 -120.257361", "upperCorner": "37.834305 -120.257361", "state": "CA", "county": "Tuolumne", "ftr_type": "Mine Shaft", "ftr_azimut": "0", "topo_name": "Sonora", "topo_date": "1948", "topo_scale": "62500", "compiledby": "USGS", "gda_id": "5958019", "scanid": "301739", "url": "https://mrdata.usgs.gov/usmin/show-usmin.php?type=point&id=494166", "_layer": "points"}}, {"type": "Feature", "geometry": {"type": "Point", "coordinates": [-120.29515, 37.826308]}, "properties": {"lowerCorner": "37.826308 -120.295150", "upperCorner": "37.826308 -120.295150", "state": "CA", "county": "Tuolumne", "ftr_type": "Mine Shaft", "ftr_azimut": "0", "topo_name": "Sonora", "topo_date": "1948", "topo_scale": "62500", "compiledby": "USGS", "gda_id": "5958019", "scanid": "301739", "url": "https://mrdata.usgs.gov/usmin/show-usmin.php?type=point&id=494170", "_layer": "points"}}, {"type": "Feature", "geometry": {"type": "Point", "coordinates": [-120.4077, 37.735163]}, "properties": {"lowerCorner": "37.735163 -120.407700", "upperCorner": "37.735163 -120.407700", "state": "CA", "county": "Tuolumne", "ftr_type": "Mine Shaft", "ftr_name": "Fortynine Mine", "ftr_azimut": "0", "topo_name": "Merced Falls", "topo_date": "1962", "topo_scale": "62500", "compiledby": "USGS", "gda_id": "5502939", "scanid": "298167", "url": "https://mrdata.usgs.gov/usmin/show-usmin.php?type=point&id=494178", "_layer": "points"}}, {"type": "Feature", "geometry": {"type": "Point", "coordinates": [-120.353371, 37.723373]}, "properties": {"lowerCorner": "37.723373 -120.353371", "upperCorner": "37.723373 -120.353371", "state": "CA", "county": "Tuolumne", "ftr_type": "Mine Shaft", "ftr_azimut": "0", "topo_name": "Merced Falls", "topo_date": "1962", "topo_scale": "62500", "compiledby": "USGS", "gda_id": "5502939", "scanid": "298167", "url": "https://mrdata.usgs.gov/usmin/show-usmin.php?type=point&id=494186", "_layer": "points"}}, {"type": "Feature", "geometry": {"type": "Point", "coordinates": [-120.473624, 37.728804]}, "properties": {"lowerCorner": "37.728804 -120.473624", "upperCorner": "37.728804 -120.473624", "state": "CA", "county": "Tuolumne", "ftr_type": "Mine Shaft", "ftr_name": "Mitchell Mine", "ftr_azimut": "0", "topo_name": "Merced Falls", "topo_date": "1962", "topo_scale": "62500", "compiledby": "USGS", "gda_id": "5502939", "scanid": "298167", "url": "https://mrdata.usgs.gov/usmin/show-usmin.php?type=point&id=494189", "_layer": "points"}}, {"type": "Feature", "geometry": {"type": "Point", "coordinates": [-120.401665, 37.88015]}, "properties": {"lowerCorner": "37.880150 -120.401665", "upperCorner": "37.880150 -120.401665", "state": "CA", "county": "Tuolumne", "ftr_type": "Mine Shaft", "ftr_azimut": "0", "topo_name": "Sonora", "topo_date": "1948", "topo_scale": "62500", "compiledby": "USGS", "gda_id": "5958019", "scanid": "301739", "url": "https://mrdata.usgs.gov/usmin/show-usmin.php?type=point&id=494192", "_layer": "points"}}, {"type": "Feature", "geometry": {"type": "Point", "coordinates": [-120.257119, 37.819869]}, "properties": {"lowerCorner": "37.819869 -120.257119", "upperCorner": "37.819869 -120.257119", "state": "CA", "county": "Tuolumne", "ftr_type": "Mine Shaft", "ftr_azimut": "0", "topo_name": "Sonora", "topo_date": "1948", "topo_scale": "62500", "compiledby": "USGS", "gda_id": "5958019", "scanid": "301739", "url": "https://mrdata.usgs.gov/usmin/show-usmin.php?type=point&id=494193", "_layer": "points"}}, {"type": "Feature", "geometry": {"type": "Point", "coordinates": [-120.36729, 37.846509]}, "properties": {"lowerCorner": "37.846509 -120.367290", "upperCorner": "37.846509 -120.367290", "state": "CA", "county": "Tuolumne", "ftr_type": "Mine Shaft", "ftr_name": "Clio Mine", "ftr_azimut": "0", "topo_name": "Sonora", "topo_date": "1948", "topo_scale": "62500", "compiledby": "USGS", "gda_id": "5958019", "scanid": "301739", "url": "https://mrdata.usgs.gov/usmin/show-usmin.php?type=point&id=494195", "_layer": "points"}}, {"type": "Feature", "geometry": {"type": "Point", "coordinates": [-120.251789, 37.800729]}, "properties": {"lowerCorner": "37.800729 -120.251789", "upperCorner": "37.800729 -120.251789", "state": "CA", "county": "Tuolumne", "ftr_type": "Mine Shaft", "ftr_azimut": "0", "topo_name": "Sonora", "topo_date": "1948", "topo_scale": "62500", "compiledby": "USGS", "gda_id": "5958019", "scanid": "301739", "url": "https://mrdata.usgs.gov/usmin/show-usmin.php?type=point&id=494217", "_layer": "points"}}, {"type": "Feature", "geometry": {"type": "Point", "coordinates": [-120.397336, 37.86856]}, "properties": {"lowerCorner": "37.868560 -120.397336", "upperCorner": "37.868560 -120.397336", "state": "CA", "county": "Tuolumne", "ftr_type": "Mine Shaft", "ftr_azimut": "0", "topo_name": "Sonora", "topo_date": "1948", "topo_scale": "62500", "compiledby": "USGS", "gda_id": "5958019", "scanid": "301739", "url": "https://mrdata.usgs.gov/usmin/show-usmin.php?type=point&id=494232", "_layer": "points"}}, {"type": "Feature", "geometry": {"type": "Point", "coordinates": [-120.563112, 37.891068]}, "properties": {"lowerCorner": "37.891068 -120.563112", "upperCorner": "37.891068 -120.563112", "state": "CA", "county": "Tuolumne", "ftr_type": "Open Pit Mine", "ftr_name": "Green Spring Mine", "ftr_azimut": "0", "topo_name": "Copperopolis", "topo_date": "1916", "topo_scale": "62500", "compiledby": "USGS", "gda_id": "5501215", "scanid": "297183", "url": "https://mrdata.usgs.gov/usmin/show-usmin.php?type=point&id=495070", "_layer": "points"}}, {"type": "Feature", "geometry": {"type": "Point", "coordinates": [-120.47387, 37.728998]}, "properties": {"lowerCorner": "37.728998 -120.473870", "upperCorner": "37.728998 -120.473870", "state": "CA", "county": "Tuolumne", "ftr_type": "Open Pit Mine", "ftr_name": "Mitchell Mine", "ftr_azimut": "0", "topo_name": "Merced Falls", "topo_date": "1944", "topo_scale": "62500", "compiledby": "USGS", "gda_id": "5502935", "scanid": "298165", "url": "https://mrdata.usgs.gov/usmin/show-usmin.php?type=point&id=495072", "_layer": "points"}}, {"type": "Feature", "geometry": {"type": "Point", "coordinates": [-120.455977, 37.721678]}, "properties": {"lowerCorner": "37.721678 -120.455977", "upperCorner": "37.721678 -120.455977", "state": "CA", "county": "Tuolumne", "ftr_type": "Open Pit Mine", "ftr_name": "Oak Hill Mine", "ftr_azimut": "0", "topo_name": "Merced Falls", "topo_date": "1944", "topo_scale": "62500", "compiledby": "USGS", "gda_id": "5502935", "scanid": "298165", "url": "https://mrdata.usgs.gov/usmin/show-usmin.php?type=point&id=495074", "_layer": "points"}}, {"type": "Feature", "geometry": {"type": "Point", "coordinates": [-120.449656, 37.852291]}, "properties": {"lowerCorner": "37.852291 -120.449656", "upperCorner": "37.852291 -120.449656", "state": "CA", "county": "Tuolumne", "ftr_type": "Open Pit Mine or Quarry", "ftr_azimut": "0", "topo_name": "Sonora", "topo_date": "1948", "topo_scale": "62500", "compiledby": "USGS", "gda_id": "5958019", "scanid": "301739", "url": "https://mrdata.usgs.gov/usmin/show-usmin.php?type=point&id=496009", "_layer": "points"}}, {"type": "Feature", "geometry": {"type": "Point", "coordinates": [-120.497273, 37.813846]}, "properties": {"lowerCorner": "37.813846 -120.497273", "upperCorner": "37.813846 -120.497273", "state": "CA", "county": "Tuolumne", "ftr_type": "Open Pit Mine or Quarry", "ftr_azimut": "0", "topo_name": "Sonora", "topo_date": "1948", "topo_scale": "62500", "compiledby": "USGS", "gda_id": "5958019", "scanid": "301739", "url": "https://mrdata.usgs.gov/usmin/show-usmin.php?type=point&id=496013", "_layer": "points"}}, {"type": "Feature", "geometry": {"type": "Point", "coordinates": [-120.556659, 37.764349]}, "properties": {"lowerCorner": "37.764349 -120.556659", "upperCorner": "37.764349 -120.556659", "state": "CA", "county": "Tuolumne", "ftr_type": "Open Pit Mine or Quarry", "ftr_azimut": "0", "topo_name": "Copperopolis", "topo_date": "1954", "topo_scale": "62500", "compiledby": "USGS", "gda_id": "5501217", "scanid": "297184", "url": "https://mrdata.usgs.gov/usmin/show-usmin.php?type=point&id=496014", "_layer": "points"}}, {"type": "Feature", "geometry": {"type": "Point", "coordinates": [-120.459331, 37.86981]}, "properties": {"lowerCorner": "37.869810 -120.459331", "upperCorner": "37.869810 -120.459331", "state": "CA", "county": "Tuolumne", "ftr_type": "Prospect Pit", "ftr_azimut": "0", "topo_name": "Sonora", "topo_date": "1948", "topo_scale": "62500", "compiledby": "USGS", "gda_id": "5958019", "scanid": "301739", "url": "https://mrdata.usgs.gov/usmin/show-usmin.php?type=point&id=501372", "_layer": "points"}}, {"type": "Feature", "geometry": {"type": "Point", "coordinates": [-120.368044, 37.846737]}, "properties": {"lowerCorner": "37.846737 -120.368044", "upperCorner": "37.846737 -120.368044", "state": "CA", "county": "Tuolumne", "ftr_type": "Prospect Pit", "ftr_azimut": "0", "topo_name": "Sonora", "topo_date": "1948", "topo_scale": "62500", "compiledby": "USGS", "gda_id": "5958019", "scanid": "301739", "url": "https://mrdata.usgs.gov/usmin/show-usmin.php?type=point&id=501374", "_layer": "points"}}, {"type": "Feature", "geometry": {"type": "Point", "coordinates": [-120.394463, 37.659513]}, "properties": {"lowerCorner": "37.659513 -120.394463", "upperCorner": "37.659513 -120.394463", "state": "CA", "county": "Tuolumne", "ftr_type": "Prospect Pit", "ftr_azimut": "0", "topo_name": "Merced Falls", "topo_date": "1962", "topo_scale": "62500", "compiledby": "USGS", "gda_id": "5502939", "scanid": "298167", "url": "https://mrdata.usgs.gov/usmin/show-usmin.php?type=point&id=501375", "_layer": "points"}}, {"type": "Feature", "geometry": {"type": "Point", "coordinates": [-120.262968, 37.778513]}, "properties": {"lowerCorner": "37.778513 -120.262968", "upperCorner": "37.778513 -120.262968", "state": "CA", "county": "Tuolumne", "ftr_type": "Prospect Pit", "ftr_azimut": "0", "topo_name": "Sonora", "topo_date": "1948", "topo_scale": "62500", "compiledby": "USGS", "gda_id": "5958019", "scanid": "301739", "url": "https://mrdata.usgs.gov/usmin/show-usmin.php?type=point&id=501387", "_layer": "points"}}, {"type": "Feature", "geometry": {"type": "Point", "coordinates": [-120.38526, 37.853883]}, "properties": {"lowerCorner": "37.853883 -120.385260", "upperCorner": "37.853883 -120.385260", "state": "CA", "county": "Tuolumne", "ftr_type": "Prospect Pit", "ftr_name": "Mammoth Mine", "ftr_azimut": "0", "topo_name": "Sonora", "topo_date": "1948", "topo_scale": "62500", "compiledby": "USGS", "gda_id": "5958019", "scanid": "301739", "url": "https://mrdata.usgs.gov/usmin/show-usmin.php?type=point&id=501393", "_layer": "points"}}, {"type": "Feature", "geometry": {"type": "Point", "coordinates": [-120.34758, 37.833657]}, "properties": {"lowerCorner": "37.833657 -120.347580", "upperCorner": "37.833657 -120.347580", "state": "CA", "county": "Tuolumne", "ftr_type": "Prospect Pit", "ftr_azimut": "0", "topo_name": "Sonora", "topo_date": "1948", "topo_scale": "62500", "compiledby": "USGS", "gda_id": "5958019", "scanid": "301739", "url": "https://mrdata.usgs.gov/usmin/show-usmin.php?type=point&id=501400", "_layer": "points"}}, {"type": "Feature", "geometry": {"type": "Point", "coordinates": [-120.27932, 37.822058]}, "properties": {"lowerCorner": "37.822058 -120.279320", "upperCorner": "37.822058 -120.279320", "state": "CA", "county": "Tuolumne", "ftr_type": "Prospect Pit", "ftr_azimut": "0", "topo_name": "Sonora", "topo_date": "1948", "topo_scale": "62500", "compiledby": "USGS", "gda_id": "5958019", "scanid": "301739", "url": "https://mrdata.usgs.gov/usmin/show-usmin.php?type=point&id=501404", "_layer": "points"}}, {"type": "Feature", "geometry": {"type": "Point", "coordinates": [-120.474441, 37.845412]}, "properties": {"lowerCorner": "37.845412 -120.474441", "upperCorner": "37.845412 -120.474441", "state": "CA", "county": "Tuolumne", "ftr_type": "Prospect Pit", "ftr_azimut": "0", "topo_name": "Sonora", "topo_date": "1948", "topo_scale": "62500", "compiledby": "USGS", "gda_id": "5958019", "scanid": "301739", "url": "https://mrdata.usgs.gov/usmin/show-usmin.php?type=point&id=501411", "_layer": "points"}}, {"type": "Feature", "geometry": {"type": "Point", "coordinates": [-120.352537, 37.723011]}, "properties": {"lowerCorner": "37.723011 -120.352537", "upperCorner": "37.723011 -120.352537", "state": "CA", "county": "Tuolumne", "ftr_type": "Prospect Pit", "ftr_name": "Solambo Mine", "ftr_azimut": "0", "topo_name": "Merced Falls", "topo_date": "1944", "topo_scale": "62500", "compiledby": "USGS", "gda_id": "5502935", "scanid": "298165", "url": "https://mrdata.usgs.gov/usmin/show-usmin.php?type=point&id=501415", "_layer": "points"}}, {"type": "Feature", "geometry": {"type": "Point", "coordinates": [-120.342661, 37.705948]}, "properties": {"lowerCorner": "37.705948 -120.342661", "upperCorner": "37.705948 -120.342661", "state": "CA", "county": "Tuolumne", "ftr_type": "Prospect Pit", "ftr_azimut": "0", "topo_name": "Merced Falls", "topo_date": "1944", "topo_scale": "62500", "compiledby": "USGS", "gda_id": "5502935", "scanid": "298165", "url": "https://mrdata.usgs.gov/usmin/show-usmin.php?type=point&id=501416", "_layer": "points"}}, {"type": "Feature", "geometry": {"type": "Point", "coordinates": [-120.445619, 37.874578]}, "properties": {"lowerCorner": "37.874578 -120.445619", "upperCorner": "37.874578 -120.445619", "state": "CA", "county": "Tuolumne", "ftr_type": "Prospect Pit", "ftr_azimut": "0", "topo_name": "Sonora", "topo_date": "1948", "topo_scale": "62500", "compiledby": "USGS", "gda_id": "5958019", "scanid": "301739", "url": "https://mrdata.usgs.gov/usmin/show-usmin.php?type=point&id=501419", "_layer": "points"}}, {"type": "Feature", "geometry": {"type": "Point", "coordinates": [-120.257246, 37.770554]}, "properties": {"lowerCorner": "37.770554 -120.257246", "upperCorner": "37.770554 -120.257246", "state": "CA", "county": "Tuolumne", "ftr_type": "Prospect Pit", "ftr_azimut": "0", "topo_name": "Sonora", "topo_date": "1948", "topo_scale": "62500", "compiledby": "USGS", "gda_id": "5958019", "scanid": "301739", "url": "https://mrdata.usgs.gov/usmin/show-usmin.php?type=point&id=501431", "_layer": "points"}}, {"type": "Feature", "geometry": {"type": "Point", "coordinates": [-120.271287, 37.816614]}, "properties": {"lowerCorner": "37.816614 -120.271287", "upperCorner": "37.816614 -120.271287", "state": "CA", "county": "Tuolumne", "ftr_type": "Prospect Pit", "ftr_azimut": "0", "topo_name": "Sonora", "topo_date": "1948", "topo_scale": "62500", "compiledby": "USGS", "gda_id": "5958019", "scanid": "301739", "url": "https://mrdata.usgs.gov/usmin/show-usmin.php?type=point&id=501434", "_layer": "points"}}, {"type": "Feature", "geometry": {"type": "Point", "coordinates": [-120.249598, 37.75985]}, "properties": {"lowerCorner": "37.759850 -120.249598", "upperCorner": "37.759850 -120.249598", "state": "CA", "county": "Tuolumne", "ftr_type": "Prospect Pit", "ftr_azimut": "0", "topo_name": "Tuolumne", "topo_date": "1948", "topo_scale": "62500", "compiledby": "USGS", "gda_id": "5504909", "scanid": "301880", "url": "https://mrdata.usgs.gov/usmin/show-usmin.php?type=point&id=501441", "_layer": "points"}}, {"type": "Feature", "geometry": {"type": "Point", "coordinates": [-120.376591, 37.853244]}, "properties": {"lowerCorner": "37.853244 -120.376591", "upperCorner": "37.853244 -120.376591", "state": "CA", "county": "Tuolumne", "ftr_type": "Prospect Pit", "ftr_azimut": "0", "topo_name": "Sonora", "topo_date": "1948", "topo_scale": "62500", "compiledby": "USGS", "gda_id": "5958019", "scanid": "301739", "url": "https://mrdata.usgs.gov/usmin/show-usmin.php?type=point&id=501444", "_layer": "points"}}, {"type": "Feature", "geometry": {"type": "Point", "coordinates": [-120.250503, 37.816919]}, "properties": {"lowerCorner": "37.816919 -120.250503", "upperCorner": "37.816919 -120.250503", "state": "CA", "county": "Tuolumne", "ftr_type": "Prospect Pit", "ftr_azimut": "0", "topo_name": "Tuolumne", "topo_date": "1948", "topo_scale": "62500", "compiledby": "USGS", "gda_id": "5504909", "scanid": "301880", "url": "https://mrdata.usgs.gov/usmin/show-usmin.php?type=point&id=501448", "_layer": "points"}}, {"type": "Feature", "geometry": {"type": "Point", "coordinates": [-120.265894, 37.781339]}, "properties": {"lowerCorner": "37.781339 -120.265894", "upperCorner": "37.781339 -120.265894", "state": "CA", "county": "Tuolumne", "ftr_type": "Prospect Pit", "ftr_azimut": "0", "topo_name": "Sonora", "topo_date": "1948", "topo_scale": "62500", "compiledby": "USGS", "gda_id": "5958019", "scanid": "301739", "url": "https://mrdata.usgs.gov/usmin/show-usmin.php?type=point&id=501462", "_layer": "points"}}, {"type": "Feature", "geometry": {"type": "Point", "coordinates": [-120.455034, 37.868009]}, "properties": {"lowerCorner": "37.868009 -120.455034", "upperCorner": "37.868009 -120.455034", "state": "CA", "county": "Tuolumne", "ftr_type": "Prospect Pit", "ftr_azimut": "0", "topo_name": "Sonora", "topo_date": "1948", "topo_scale": "62500", "compiledby": "USGS", "gda_id": "5958019", "scanid": "301739", "url": "https://mrdata.usgs.gov/usmin/show-usmin.php?type=point&id=501484", "_layer": "points"}}, {"type": "Feature", "geometry": {"type": "Point", "coordinates": [-120.400985, 37.879101]}, "properties": {"lowerCorner": "37.879101 -120.400985", "upperCorner": "37.879101 -120.400985", "state": "CA", "county": "Tuolumne", "ftr_type": "Prospect Pit", "ftr_azimut": "0", "topo_name": "Sonora", "topo_date": "1948", "topo_scale": "62500", "compiledby": "USGS", "gda_id": "5958019", "scanid": "301739", "url": "https://mrdata.usgs.gov/usmin/show-usmin.php?type=point&id=501486", "_layer": "points"}}, {"type": "Feature", "geometry": {"type": "Point", "coordinates": [-120.368228, 37.685943]}, "properties": {"lowerCorner": "37.685943 -120.368228", "upperCorner": "37.685943 -120.368228", "state": "CA", "county": "Tuolumne", "ftr_type": "Prospect Pit", "ftr_azimut": "0", "topo_name": "Merced Falls", "topo_date": "1962", "topo_scale": "62500", "compiledby": "USGS", "gda_id": "5502939", "scanid": "298167", "url": "https://mrdata.usgs.gov/usmin/show-usmin.php?type=point&id=501495", "_layer": "points"}}, {"type": "Feature", "geometry": {"type": "Point", "coordinates": [-120.386516, 37.855288]}, "properties": {"lowerCorner": "37.855288 -120.386516", "upperCorner": "37.855288 -120.386516", "state": "CA", "county": "Tuolumne", "ftr_type": "Prospect Pit", "ftr_azimut": "0", "topo_name": "Sonora", "topo_date": "1948", "topo_scale": "62500", "compiledby": "USGS", "gda_id": "5958019", "scanid": "301739", "url": "https://mrdata.usgs.gov/usmin/show-usmin.php?type=point&id=501513", "_layer": "points"}}, {"type": "Feature", "geometry": {"type": "Point", "coordinates": [-120.381079, 37.85193]}, "properties": {"lowerCorner": "37.851930 -120.381079", "upperCorner": "37.851930 -120.381079", "state": "CA", "county": "Tuolumne", "ftr_type": "Prospect Pit", "ftr_name": "Orcutt Mine", "ftr_azimut": "0", "topo_name": "Sonora", "topo_date": "1948", "topo_scale": "62500", "compiledby": "USGS", "gda_id": "5958019", "scanid": "301739", "url": "https://mrdata.usgs.gov/usmin/show-usmin.php?type=point&id=501517", "_layer": "points"}}, {"type": "Feature", "geometry": {"type": "Point", "coordinates": [-120.351453, 37.721563]}, "properties": {"lowerCorner": "37.721563 -120.351453", "upperCorner": "37.721563 -120.351453", "state": "CA", "county": "Tuolumne", "ftr_type": "Prospect Pit", "ftr_azimut": "0", "topo_name": "Merced Falls", "topo_date": "1962", "topo_scale": "62500", "compiledby": "USGS", "gda_id": "5502939", "scanid": "298167", "url": "https://mrdata.usgs.gov/usmin/show-usmin.php?type=point&id=501522", "_layer": "points"}}, {"type": "Feature", "geometry": {"type": "Point", "coordinates": [-120.368039, 37.685241]}, "properties": {"lowerCorner": "37.685241 -120.368039", "upperCorner": "37.685241 -120.368039", "state": "CA", "county": "Tuolumne", "ftr_type": "Prospect Pit", "ftr_azimut": "0", "topo_name": "Merced Falls", "topo_date": "1944", "topo_scale": "62500", "compiledby": "USGS", "gda_id": "5502935", "scanid": "298165", "url": "https://mrdata.usgs.gov/usmin/show-usmin.php?type=point&id=501525", "_layer": "points"}}, {"type": "Feature", "geometry": {"type": "Point", "coordinates": [-120.352091, 37.842046]}, "properties": {"lowerCorner": "37.842046 -120.352091", "upperCorner": "37.842046 -120.352091", "state": "CA", "county": "Tuolumne", "ftr_type": "Adit", "ftr_azimut": "18", "topo_name": "Moccasin", "topo_date": "1948", "topo_scale": "24000", "compiledby": "CA Dept Conserv", "gda_id": "5518665", "scanid": "293030", "dir": "n", "url": "https://mrdata.usgs.gov/usmin/show-usmin.php?type=point&id=49238", "_layer": "points"}}, {"type": "Feature", "geometry": {"type": "Point", "coordinates": [-120.250228, 37.818457]}, "properties": {"lowerCorner": "37.818457 -120.250228", "upperCorner": "37.818457 -120.250228", "state": "CA", "county": "Tuolumne", "ftr_type": "Adit", "ftr_azimut": "10", "topo_name": "Tuolumne", "topo_date": "1948", "topo_scale": "62500", "compiledby": "USGS", "gda_id": "5504909", "scanid": "301880", "dir": "n", "url": "https://mrdata.usgs.gov/usmin/show-usmin.php?type=point&id=490331", "_layer": "points"}}, {"type": "Feature", "geometry": {"type": "Point", "coordinates": [-120.402464, 37.871509]}, "properties": {"lowerCorner": "37.871509 -120.402464", "upperCorner": "37.871509 -120.402464", "state": "CA", "county": "Tuolumne", "ftr_type": "Adit", "ftr_name": "Tarantula Mine", "ftr_azimut": "47", "topo_name": "Chinese Camp", "topo_date": "1947", "topo_scale": "24000", "compiledby": "CA Dept Conserv", "gda_id": "5510809", "scanid": "289215", "dir": "ne", "url": "https://mrdata.usgs.gov/usmin/show-usmin.php?type=point&id=49247", "_layer": "points"}}, {"type": "Feature", "geometry": {"type": "Point", "coordinates": [-120.374322, 37.852416]}, "properties": {"lowerCorner": "37.852416 -120.374322", "upperCorner": "37.852416 -120.374322", "state": "CA", "county": "Tuolumne", "ftr_type": "Adit", "ftr_azimut": "54", "topo_name": "Moccasin", "topo_date": "1948", "topo_scale": "24000", "compiledby": "CA Dept Conserv", "gda_id": "5518665", "scanid": "293030", "dir": "ne", "url": "https://mrdata.usgs.gov/usmin/show-usmin.php?type=point&id=49259", "_layer": "points"}}, {"type": "Feature", "geometry": {"type": "Point", "coordinates": [-120.257642, 37.772413]}, "properties": {"lowerCorner": "37.772413 -120.257642", "upperCorner": "37.772413 -120.257642", "state": "CA", "county": "Tuolumne", "ftr_type": "Adit", "ftr_azimut": "50", "topo_name": "Moccasin", "topo_date": "1948", "topo_scale": "24000", "compiledby": "CA Dept Conserv", "gda_id": "5518665", "scanid": "293030", "dir": "ne", "url": "https://mrdata.usgs.gov/usmin/show-usmin.php?type=point&id=49290", "_layer": "points"}}, {"type": "Feature", "geometry": {"type": "Point", "coordinates": [-120.36745, 37.845378]}, "properties": {"lowerCorner": "37.845378 -120.367450", "upperCorner": "37.845378 -120.367450", "state": "CA", "county": "Tuolumne", "ftr_type": "Adit", "ftr_azimut": "36", "topo_name": "Sonora", "topo_date": "1948", "topo_scale": "62500", "compiledby": "USGS", "gda_id": "5958019", "scanid": "301739", "dir": "ne", "url": "https://mrdata.usgs.gov/usmin/show-usmin.php?type=point&id=490209", "_layer": "points"}}, {"type": "Feature", "geometry": {"type": "Point", "coordinates": [-120.293834, 37.82595]}, "properties": {"lowerCorner": "37.825950 -120.293834", "upperCorner": "37.825950 -120.293834", "state": "CA", "county": "Tuolumne", "ftr_type": "Adit", "ftr_azimut": "47", "topo_name": "Sonora", "topo_date": "1948", "topo_scale": "62500", "compiledby": "USGS", "gda_id": "5958019", "scanid": "301739", "dir": "ne", "url": "https://mrdata.usgs.gov/usmin/show-usmin.php?type=point&id=490244", "_layer": "points"}}, {"type": "Feature", "geometry": {"type": "Point", "coordinates": [-120.281823, 37.822477]}, "properties": {"lowerCorner": "37.822477 -120.281823", "upperCorner": "37.822477 -120.281823", "state": "CA", "county": "Tuolumne", "ftr_type": "Adit", "ftr_azimut": "25", "topo_name": "Sonora", "topo_date": "1948", "topo_scale": "62500", "compiledby": "USGS", "gda_id": "5958019", "scanid": "301739", "dir": "ne", "url": "https://mrdata.usgs.gov/usmin/show-usmin.php?type=point&id=490246", "_layer": "points"}}, {"type": "Feature", "geometry": {"type": "Point", "coordinates": [-120.36665, 37.845698]}, "properties": {"lowerCorner": "37.845698 -120.366650", "upperCorner": "37.845698 -120.366650", "state": "CA", "county": "Tuolumne", "ftr_type": "Adit", "ftr_azimut": "41", "topo_name": "Sonora", "topo_date": "1948", "topo_scale": "62500", "compiledby": "USGS", "gda_id": "5958019", "scanid": "301739", "dir": "ne", "url": "https://mrdata.usgs.gov/usmin/show-usmin.php?type=point&id=490259", "_layer": "points"}}, {"type": "Feature", "geometry": {"type": "Point", "coordinates": [-120.247823, 37.817732]}, "properties": {"lowerCorner": "37.817732 -120.247823", "upperCorner": "37.817732 -120.247823", "state": "CA", "county": "Tuolumne", "ftr_type": "Adit", "ftr_azimut": "25", "topo_name": "Tuolumne", "topo_date": "1948", "topo_scale": "62500", "compiledby": "USGS", "gda_id": "5504909", "scanid": "301880", "dir": "ne", "url": "https://mrdata.usgs.gov/usmin/show-usmin.php?type=point&id=490306", "_layer": "points"}}, {"type": "Feature", "geometry": {"type": "Point", "coordinates": [-120.336896, 37.845277]}, "properties": {"lowerCorner": "37.845277 -120.336896", "upperCorner": "37.845277 -120.336896", "state": "CA", "county": "Tuolumne", "ftr_type": "Adit", "ftr_azimut": "104", "topo_name": "Moccasin", "topo_date": "1948", "topo_scale": "24000", "compiledby": "CA Dept Conserv", "gda_id": "5518665", "scanid": "293030", "dir": "e", "url": "https://mrdata.usgs.gov/usmin/show-usmin.php?type=point&id=49114", "_layer": "points"}}, {"type": "Feature", "geometry": {"type": "Point", "coordinates": [-120.369517, 37.846006]}, "properties": {"lowerCorner": "37.846006 -120.369517", "upperCorner": "37.846006 -120.369517", "state": "CA", "county": "Tuolumne", "ftr_type": "Adit", "ftr_azimut": "90", "topo_name": "Sonora", "topo_date": "1948", "topo_scale": "62500", "compiledby": "USGS", "gda_id": "5958019", "scanid": "301739", "dir": "e", "url": "https://mrdata.usgs.gov/usmin/show-usmin.php?type=point&id=490194", "_layer": "points"}}, {"type": "Feature", "geometry": {"type": "Point", "coordinates": [-120.27814, 37.821279]}, "properties": {"lowerCorner": "37.821279 -120.278140", "upperCorner": "37.821279 -120.278140", "state": "CA", "county": "Tuolumne", "ftr_type": "Adit", "ftr_azimut": "133", "topo_name": "Moccasin", "topo_date": "1948", "topo_scale": "24000", "compiledby": "CA Dept Conserv", "gda_id": "5518665", "scanid": "293030", "dir": "se", "url": "https://mrdata.usgs.gov/usmin/show-usmin.php?type=point&id=49102", "_layer": "points"}}, {"type": "Feature", "geometry": {"type": "Point", "coordinates": [-120.256403, 37.820837]}, "properties": {"lowerCorner": "37.820837 -120.256403", "upperCorner": "37.820837 -120.256403", "state": "CA", "county": "Tuolumne", "ftr_type": "Adit", "ftr_azimut": "153", "topo_name": "Moccasin", "topo_date": "1948", "topo_scale": "24000", "compiledby": "USGS", "gda_id": "5518665", "scanid": "293030", "dir": "se", "url": "https://mrdata.usgs.gov/usmin/show-usmin.php?type=point&id=49175", "_layer": "points"}}, {"type": "Feature", "geometry": {"type": "Point", "coordinates": [-120.27527, 37.833524]}, "properties": {"lowerCorner": "37.833524 -120.275270", "upperCorner": "37.833524 -120.275270", "state": "CA", "county": "Tuolumne", "ftr_type": "Adit", "ftr_azimut": "137", "topo_name": "Moccasin", "topo_date": "1948", "topo_scale": "24000", "compiledby": "CA Dept Conserv", "gda_id": "5518665", "scanid": "293030", "dir": "se", "url": "https://mrdata.usgs.gov/usmin/show-usmin.php?type=point&id=49186", "_layer": "points"}}, {"type": "Feature", "geometry": {"type": "Point", "coordinates": [-120.237588, 37.830157]}, "properties": {"lowerCorner": "37.830157 -120.237588", "upperCorner": "37.830157 -120.237588", "state": "CA", "county": "Tuolumne", "ftr_type": "Adit", "ftr_azimut": "132", "topo_name": "Groveland", "topo_date": "1947", "topo_scale": "24000", "compiledby": "CA Dept Conserv", "gda_id": "5514901", "scanid": "291049", "dir": "se", "url": "https://mrdata.usgs.gov/usmin/show-usmin.php?type=point&id=49233", "_layer": "points"}}, {"type": "Feature", "geometry": {"type": "Point", "coordinates": [-120.249826, 37.817318]}, "properties": {"lowerCorner": "37.817318 -120.249826", "upperCorner": "37.817318 -120.249826", "state": "CA", "county": "Tuolumne", "ftr_type": "Adit", "ftr_name": "Red Jacket Mine", "ftr_azimut": "120", "topo_name": "Groveland", "topo_date": "1947", "topo_scale": "24000", "compiledby": "CA Dept Conserv", "gda_id": "5514901", "scanid": "291049", "dir": "se", "url": "https://mrdata.usgs.gov/usmin/show-usmin.php?type=point&id=49267", "_layer": "points"}}, {"type": "Feature", "geometry": {"type": "Point", "coordinates": [-120.243145, 37.752789]}, "properties": {"lowerCorner": "37.752789 -120.243145", "upperCorner": "37.752789 -120.243145", "state": "CA", "county": "Tuolumne", "ftr_type": "Adit", "ftr_azimut": "156", "topo_name": "Groveland", "topo_date": "1947", "topo_scale": "24000", "compiledby": "CA Dept Conserv", "gda_id": "5514901", "scanid": "291049", "dir": "se", "url": "https://mrdata.usgs.gov/usmin/show-usmin.php?type=point&id=49276", "_layer": "points"}}, {"type": "Feature", "geometry": {"type": "Point", "coordinates": [-120.243942, 37.821748]}, "properties": {"lowerCorner": "37.821748 -120.243942", "upperCorner": "37.821748 -120.243942", "state": "CA", "county": "Tuolumne", "ftr_type": "Adit", "ftr_azimut": "127", "topo_name": "Tuolumne", "topo_date": "1948", "topo_scale": "62500", "compiledby": "USGS", "gda_id": "5504909", "scanid": "301880", "dir": "se", "url": "https://mrdata.usgs.gov/usmin/show-usmin.php?type=point&id=490202", "_layer": "points"}}, {"type": "Feature", "geometry": {"type": "Point", "coordinates": [-120.256106, 37.820617]}, "properties": {"lowerCorner": "37.820617 -120.256106", "upperCorner": "37.820617 -120.256106", "state": "CA", "county": "Tuolumne", "ftr_type": "Adit", "ftr_azimut": "152", "topo_name": "Sonora", "topo_date": "1948", "topo_scale": "62500", "compiledby": "USGS", "gda_id": "5958019", "scanid": "301739", "dir": "se", "url": "https://mrdata.usgs.gov/usmin/show-usmin.php?type=point&id=490226", "_layer": "points"}}, {"type": "Feature", "geometry": {"type": "Point", "coordinates": [-120.256844, 37.769651]}, "properties": {"lowerCorner": "37.769651 -120.256844", "upperCorner": "37.769651 -120.256844", "state": "CA", "county": "Tuolumne", "ftr_type": "Adit", "ftr_azimut": "117", "topo_name": "Sonora", "topo_date": "1948", "topo_scale": "62500", "compiledby": "USGS", "gda_id": "5958019", "scanid": "301739", "dir": "se", "url": "https://mrdata.usgs.gov/usmin/show-usmin.php?type=point&id=490252", "_layer": "points"}}, {"type": "Feature", "geometry": {"type": "Point", "coordinates": [-120.278397, 37.820668]}, "properties": {"lowerCorner": "37.820668 -120.278397", "upperCorner": "37.820668 -120.278397", "state": "CA", "county": "Tuolumne", "ftr_type": "Adit", "ftr_azimut": "114", "topo_name": "Sonora", "topo_date": "1948", "topo_scale": "62500", "compiledby": "USGS", "gda_id": "5958019", "scanid": "301739", "dir": "se", "url": "https://mrdata.usgs.gov/usmin/show-usmin.php?type=point&id=490271", "_layer": "points"}}, {"type": "Feature", "geometry": {"type": "Point", "coordinates": [-120.268466, 37.829695]}, "properties": {"lowerCorner": "37.829695 -120.268466", "upperCorner": "37.829695 -120.268466", "state": "CA", "county": "Tuolumne", "ftr_type": "Adit", "ftr_azimut": "128", "topo_name": "Sonora", "topo_date": "1948", "topo_scale": "62500", "compiledby": "USGS", "gda_id": "5958019", "scanid": "301739", "dir": "se", "url": "https://mrdata.usgs.gov/usmin/show-usmin.php?type=point&id=490283", "_layer": "points"}}, {"type": "Feature", "geometry": {"type": "Point", "coordinates": [-120.376408, 37.849703]}, "properties": {"lowerCorner": "37.849703 -120.376408", "upperCorner": "37.849703 -120.376408", "state": "CA", "county": "Tuolumne", "ftr_type": "Adit", "ftr_name": "Republican Mine", "ftr_azimut": "154", "topo_name": "Sonora", "topo_date": "1948", "topo_scale": "62500", "compiledby": "USGS", "gda_id": "5958019", "scanid": "301739", "dir": "se", "url": "https://mrdata.usgs.gov/usmin/show-usmin.php?type=point&id=490300", "_layer": "points"}}, {"type": "Feature", "geometry": {"type": "Point", "coordinates": [-120.263775, 37.82978]}, "properties": {"lowerCorner": "37.829780 -120.263775", "upperCorner": "37.829780 -120.263775", "state": "CA", "county": "Tuolumne", "ftr_type": "Adit", "ftr_azimut": "125", "topo_name": "Sonora", "topo_date": "1948", "topo_scale": "62500", "compiledby": "USGS", "gda_id": "5958019", "scanid": "301739", "dir": "se", "url": "https://mrdata.usgs.gov/usmin/show-usmin.php?type=point&id=490359", "_layer": "points"}}, {"type": "Feature", "geometry": {"type": "Point", "coordinates": [-120.26139, 37.779775]}, "properties": {"lowerCorner": "37.779775 -120.261390", "upperCorner": "37.779775 -120.261390", "state": "CA", "county": "Tuolumne", "ftr_type": "Adit", "ftr_azimut": "177", "topo_name": "Moccasin", "topo_date": "1948", "topo_scale": "24000", "compiledby": "CA Dept Conserv", "gda_id": "5518665", "scanid": "293030", "dir": "s", "url": "https://mrdata.usgs.gov/usmin/show-usmin.php?type=point&id=49182", "_layer": "points"}}, {"type": "Feature", "geometry": {"type": "Point", "coordinates": [-120.376451, 37.850036]}, "properties": {"lowerCorner": "37.850036 -120.376451", "upperCorner": "37.850036 -120.376451", "state": "CA", "county": "Tuolumne", "ftr_type": "Adit", "ftr_azimut": "164", "topo_name": "Chinese Camp", "topo_date": "1947", "topo_scale": "24000", "compiledby": "CA Dept Conserv", "gda_id": "5510809", "scanid": "289215", "dir": "s", "url": "https://mrdata.usgs.gov/usmin/show-usmin.php?type=point&id=49245", "_layer": "points"}}, {"type": "Feature", "geometry": {"type": "Point", "coordinates": [-120.237512, 37.829516]}, "properties": {"lowerCorner": "37.829516 -120.237512", "upperCorner": "37.829516 -120.237512", "state": "CA", "county": "Tuolumne", "ftr_type": "Adit", "ftr_azimut": "244", "topo_name": "Groveland", "topo_date": "1947", "topo_scale": "24000", "compiledby": "CA Dept Conserv", "gda_id": "5514901", "scanid": "291049", "dir": "sw", "url": "https://mrdata.usgs.gov/usmin/show-usmin.php?type=point&id=49159", "_layer": "points"}}, {"type": "Feature", "geometry": {"type": "Point", "coordinates": [-120.254498, 37.768297]}, "properties": {"lowerCorner": "37.768297 -120.254498", "upperCorner": "37.768297 -120.254498", "state": "CA", "county": "Tuolumne", "ftr_type": "Adit", "ftr_azimut": "224", "topo_name": "Moccasin", "topo_date": "1948", "topo_scale": "24000", "compiledby": "CA Dept Conserv", "gda_id": "5518665", "scanid": "293030", "dir": "sw", "url": "https://mrdata.usgs.gov/usmin/show-usmin.php?type=point&id=49207", "_layer": "points"}}, {"type": "Feature", "geometry": {"type": "Point", "coordinates": [-120.252915, 37.766447]}, "properties": {"lowerCorner": "37.766447 -120.252915", "upperCorner": "37.766447 -120.252915", "state": "CA", "county": "Tuolumne", "ftr_type": "Adit", "ftr_azimut": "231", "topo_name": "Moccasin", "topo_date": "1948", "topo_scale": "24000", "compiledby": "CA Dept Conserv", "gda_id": "5518665", "scanid": "293030", "dir": "sw", "url": "https://mrdata.usgs.gov/usmin/show-usmin.php?type=point&id=49209", "_layer": "points"}}, {"type": "Feature", "geometry": {"type": "Point", "coordinates": [-120.25386, 37.767398]}, "properties": {"lowerCorner": "37.767398 -120.253860", "upperCorner": "37.767398 -120.253860", "state": "CA", "county": "Tuolumne", "ftr_type": "Adit", "ftr_azimut": "223", "topo_name": "Moccasin", "topo_date": "1948", "topo_scale": "24000", "compiledby": "CA Dept Conserv", "gda_id": "5518665", "scanid": "293030", "dir": "sw", "url": "https://mrdata.usgs.gov/usmin/show-usmin.php?type=point&id=49298", "_layer": "points"}}, {"type": "Feature", "geometry": {"type": "Point", "coordinates": [-120.335088, 37.857095]}, "properties": {"lowerCorner": "37.857095 -120.335088", "upperCorner": "37.857095 -120.335088", "state": "CA", "county": "Tuolumne", "ftr_type": "Adit", "ftr_azimut": "266", "topo_name": "Moccasin", "topo_date": "1948", "topo_scale": "24000", "compiledby": "CA Dept Conserv", "gda_id": "5518665", "scanid": "293030", "dir": "w", "url": "https://mrdata.usgs.gov/usmin/show-usmin.php?type=point&id=49272", "_layer": "points"}}, {"type": "Feature", "geometry": {"type": "Point", "coordinates": [-120.339893, 37.843906]}, "properties": {"lowerCorner": "37.843906 -120.339893", "upperCorner": "37.843906 -120.339893", "state": "CA", "county": "Tuolumne", "ftr_type": "Adit", "ftr_azimut": "283", "topo_name": "Sonora", "topo_date": "1948", "topo_scale": "62500", "compiledby": "USGS", "gda_id": "5958019", "scanid": "301739", "dir": "w", "url": "https://mrdata.usgs.gov/usmin/show-usmin.php?type=point&id=490229", "_layer": "points"}}, {"type": "Feature", "geometry": {"type": "Point", "coordinates": [-120.339106, 37.845688]}, "properties": {"lowerCorner": "37.845688 -120.339106", "upperCorner": "37.845688 -120.339106", "state": "CA", "county": "Tuolumne", "ftr_type": "Adit", "ftr_azimut": "290", "topo_name": "Sonora", "topo_date": "1948", "topo_scale": "62500", "compiledby": "USGS", "gda_id": "5958019", "scanid": "301739", "dir": "w", "url": "https://mrdata.usgs.gov/usmin/show-usmin.php?type=point&id=490354", "_layer": "points"}}, {"type": "Feature", "geometry": {"type": "Point", "coordinates": [-120.279251, 37.821984]}, "properties": {"lowerCorner": "37.821984 -120.279251", "upperCorner": "37.821984 -120.279251", "state": "CA", "county": "Tuolumne", "ftr_type": "Adit", "ftr_azimut": "324", "topo_name": "Moccasin", "topo_date": "1948", "topo_scale": "24000", "compiledby": "CA Dept Conserv", "gda_id": "5518665", "scanid": "293030", "dir": "nw", "url": "https://mrdata.usgs.gov/usmin/show-usmin.php?type=point&id=49112", "_layer": "points"}}, {"type": "Feature", "geometry": {"type": "Point", "coordinates": [-120.27738, 37.835044]}, "properties": {"lowerCorner": "37.835044 -120.277380", "upperCorner": "37.835044 -120.277380", "state": "CA", "county": "Tuolumne", "ftr_type": "Adit", "ftr_azimut": "333", "topo_name": "Moccasin", "topo_date": "1948", "topo_scale": "24000", "compiledby": "CA Dept Conserv", "gda_id": "5518665", "scanid": "293030", "dir": "nw", "url": "https://mrdata.usgs.gov/usmin/show-usmin.php?type=point&id=49171", "_layer": "points"}}, {"type": "Feature", "geometry": {"type": "Point", "coordinates": [-120.509628, 37.879901]}, "properties": {"lowerCorner": "37.879901 -120.509628", "upperCorner": "37.879901 -120.509628", "state": "CA", "county": "Tuolumne", "ftr_type": "Adit", "ftr_azimut": "328", "topo_name": "New Melones Dam", "topo_date": "1962", "topo_scale": "24000", "compiledby": "CA Dept Conserv", "gda_id": "5519517", "scanid": "293487", "dir": "nw", "url": "https://mrdata.usgs.gov/usmin/show-usmin.php?type=point&id=49300", "_layer": "points"}}, {"type": "Feature", "geometry": {"type": "Point", "coordinates": [-120.281128, 37.822134]}, "properties": {"lowerCorner": "37.822134 -120.281128", "upperCorner": "37.822134 -120.281128", "state": "CA", "county": "Tuolumne", "ftr_type": "Adit", "ftr_azimut": "355", "topo_name": "Sonora", "topo_date": "1948", "topo_scale": "62500", "compiledby": "USGS", "gda_id": "5958019", "scanid": "301739", "dir": "n", "url": "https://mrdata.usgs.gov/usmin/show-usmin.php?type=point&id=490174", "_layer": "points"}}]}