{"type":"FeatureCollection","features":[{"type":"Feature","geometry":{"type":"Polygon","coordinates":[[[-120.21819,37.99205],[-120.21851,37.99198],[-120.21875,37.99213],[-120.21892,37.99237],[-120.21842,37.99283],[-120.21817,37.99278],[-120.21807,37.99253],[-120.21808,37.99223],[-120.21819,37.99205]]]},"properties":{"src":"usmin","kind":"Mine Dump","name":"","topo":"Tuolumne 1948","url":"https://mrdata.usgs.gov/usmin/show-usmin.php?type=polygon&id=143039"}},{"type":"Feature","geometry":{"type":"Polygon","coordinates":[[[-120.26198,37.98676],[-120.26235,37.98622],[-120.26286,37.98644],[-120.26331,37.98679],[-120.26342,37.98705],[-120.26344,37.98743],[-120.26333,37.9879],[-120.26301,37.98812],[-120.26245,37.98787],[-120.26198,37.98676]]]},"properties":{"src":"usmin","kind":"Mine Dump","name":"","topo":"Sonora 1948","url":"https://mrdata.usgs.gov/usmin/show-usmin.php?type=polygon&id=143078"}},{"type":"Feature","geometry":{"type":"Polygon","coordinates":[[[-120.26237,37.98859],[-120.26267,37.98851],[-120.26275,37.98873],[-120.26273,37.98892],[-120.26244,37.98891],[-120.26237,37.98859]]]},"properties":{"src":"usmin","kind":"Mine Dump","name":"","topo":"Sonora 1948","url":"https://mrdata.usgs.gov/usmin/show-usmin.php?type=polygon&id=143196"}},{"type":"Feature","geometry":{"type":"Polygon","coordinates":[[[-120.27932,37.97086],[-120.27964,37.97081],[-120.27978,37.97103],[-120.27977,37.97134],[-120.27938,37.97139],[-120.27932,37.97086]]]},"properties":{"src":"usmin","kind":"Mine Dump","name":"","topo":"Sonora 1948","url":"https://mrdata.usgs.gov/usmin/show-usmin.php?type=polygon&id=144964"}},{"type":"Feature","geometry":{"type":"Polygon","coordinates":[[[-120.25566,37.97832],[-120.25603,37.97816],[-120.25612,37.97841],[-120.25616,37.97866],[-120.25577,37.97868],[-120.25566,37.97832]]]},"properties":{"src":"usmin","kind":"Mine Dump","name":"","topo":"Sonora 1948","url":"https://mrdata.usgs.gov/usmin/show-usmin.php?type=polygon&id=144967"}},{"type":"Feature","geometry":{"type":"Polygon","coordinates":[[[-120.2481,37.98245],[-120.24832,37.98243],[-120.24836,37.9827],[-120.24823,37.98316],[-120.24784,37.98313],[-120.24778,37.98285],[-120.24791,37.98258],[-120.2481,37.98245]]]},"properties":{"src":"usmin","kind":"Mine Dump","name":"","topo":"Tuolumne 1948","url":"https://mrdata.usgs.gov/usmin/show-usmin.php?type=polygon&id=144968"}},{"type":"Feature","geometry":{"type":"Polygon","coordinates":[[[-120.37375,37.99042],[-120.3739,37.99033],[-120.37398,37.99057],[-120.37368,37.99084],[-120.37338,37.99058],[-120.37375,37.99042]]]},"properties":{"src":"usmin","kind":"Mine Dump","name":"","topo":"Sonora 1948","url":"https://mrdata.usgs.gov/usmin/show-usmin.php?type=polygon&id=144969"}},{"type":"Feature","geometry":{"type":"Polygon","coordinates":[[[-120.26553,37.99639],[-120.2659,37.99638],[-120.26587,37.99675],[-120.26542,37.99678],[-120.26526,37.99649],[-120.26553,37.99639]]]},"properties":{"src":"usmin","kind":"Mine Dump","name":"","topo":"Sonora 1948","url":"https://mrdata.usgs.gov/usmin/show-usmin.php?type=polygon&id=144971"}},{"type":"Feature","geometry":{"type":"Polygon","coordinates":[[[-120.22261,37.98573],[-120.2228,37.98553],[-120.22297,37.98554],[-120.22312,37.98569],[-120.22316,37.98614],[-120.22282,37.98633],[-120.22259,37.98613],[-120.22261,37.98573]]]},"properties":{"src":"usmin","kind":"Mine Dump","name":"","topo":"Tuolumne 1948","url":"https://mrdata.usgs.gov/usmin/show-usmin.php?type=polygon&id=144973"}},{"type":"Feature","geometry":{"type":"Polygon","coordinates":[[[-120.22505,37.99639],[-120.22532,37.99638],[-120.22551,37.99649],[-120.22574,37.99679],[-120.22583,37.99702],[-120.22585,37.99742],[-120.22523,37.99742],[-120.22472,37.99672],[-120.22505,37.99639]]]},"properties":{"src":"usmin","kind":"Mine Dump","name":"","topo":"Tuolumne 1948","url":"https://mrdata.usgs.gov/usmin/show-usmin.php?type=polygon&id=144975"}},{"type":"Feature","geometry":{"type":"Polygon","coordinates":[[[-120.41659,37.92204],[-120.41667,37.9219],[-120.41698,37.92197],[-120.41706,37.92231],[-120.41674,37.92248],[-120.41659,37.92224],[-120.41659,37.92204]]]},"properties":{"src":"usmin","kind":"Mine Dump","name":"","topo":"Sonora 1948","url":"https://mrdata.usgs.gov/usmin/show-usmin.php?type=polygon&id=144981"}},{"type":"Feature","geometry":{"type":"Polygon","coordinates":[[[-120.36157,37.90452],[-120.36177,37.90451],[-120.36196,37.90455],[-120.36222,37.90477],[-120.3621,37.90486],[-120.36141,37.90479],[-120.36141,37.90458],[-120.36157,37.90452]]]},"properties":{"src":"usmin","kind":"Mine Dump","name":"","topo":"Sonora 1948","url":"https://mrdata.usgs.gov/usmin/show-usmin.php?type=polygon&id=144982"}},{"type":"Feature","geometry":{"type":"Polygon","coordinates":[[[-120.27615,37.97676],[-120.27656,37.97642],[-120.2769,37.97659],[-120.27671,37.97679],[-120.27648,37.97693],[-120.27617,37.97699],[-120.27615,37.97676]]]},"properties":{"src":"usmin","kind":"Mine Dump","name":"","topo":"Sonora 1948","url":"https://mrdata.usgs.gov/usmin/show-usmin.php?type=polygon&id=144983"}},{"type":"Feature","geometry":{"type":"Polygon","coordinates":[[[-120.25964,37.97576],[-120.25993,37.97572],[-120.26002,37.976],[-120.25967,37.97616],[-120.25935,37.97599],[-120.25964,37.97576]]]},"properties":{"src":"usmin","kind":"Mine Dump","name":"","topo":"Sonora 1948","url":"https://mrdata.usgs.gov/usmin/show-usmin.php?type=polygon&id=144984"}},{"type":"Feature","geometry":{"type":"Polygon","coordinates":[[[-120.2427,37.97652],[-120.24284,37.97642],[-120.24318,37.97646],[-120.24364,37.97666],[-120.24365,37.97689],[-120.24333,37.97695],[-120.243,37.97684],[-120.24268,37.97664],[-120.2427,37.97652]]]},"properties":{"src":"usmin","kind":"Tailings - Undifferentiated","name":"","topo":"Tuolumne 1948","url":"https://mrdata.usgs.gov/usmin/show-usmin.php?type=polygon&id=146342"}},{"type":"Feature","geometry":{"type":"Polygon","coordinates":[[[-120.24711,37.97965],[-120.24743,37.9795],[-120.24765,37.97955],[-120.24771,37.97974],[-120.24765,37.98009],[-120.24711,37.97965]]]},"properties":{"src":"usmin","kind":"Tailings - Undifferentiated","name":"","topo":"Tuolumne 1948","url":"https://mrdata.usgs.gov/usmin/show-usmin.php?type=polygon&id=146343"}},{"type":"Feature","geometry":{"type":"Polygon","coordinates":[[[-120.4539,37.85937],[-120.45408,37.85933],[-120.45434,37.85937],[-120.45467,37.85959],[-120.45491,37.85999],[-120.45501,37.86039],[-120.45504,37.86099],[-120.45502,37.8618],[-120.455,37.86239],[-120.45517,37.86303],[-120.45519,37.86338],[-120.45518,37.86368],[-120.45507,37.86416],[-120.45513,37.86442],[-120.45535,37.86486],[-120.45533,37.86537],[-120.45496,37.86645],[-120.45426,37.86661],[-120.4541,37.86622],[-120.45412,37.86578],[-120.45433,37.86528],[-120.45435,37.86497],[-120.45413,37.86443],[-120.45424,37.86384],[-120.45439,37.86316],[-120.45427,37.86261],[-120.45413,37.86168],[-120.45416,37.86109],[-120.4541,37.86036],[-120.45391,37.85968],[-120.4539,37.85937]]]},"properties":{"src":"usmin","kind":"Tailings - Undifferentiated","name":"","topo":"Sonora 1948","url":"https://mrdata.usgs.gov/usmin/show-usmin.php?type=polygon&id=146344"}},{"type":"Feature","geometry":{"type":"Polygon","coordinates":[[[-120.26596,37.77907],[-120.26597,37.77885],[-120.2661,37.77872],[-120.26656,37.7786],[-120.26723,37.77844],[-120.26775,37.77849],[-120.2678,37.77877],[-120.26806,37.77886],[-120.26833,37.77865],[-120.26833,37.77847],[-120.26891,37.77842],[-120.26975,37.77824],[-120.27108,37.77812],[-120.27117,37.77826],[-120.27117,37.77837],[-120.27,37.77855],[-120.26947,37.77869],[-120.26931,37.77883],[-120.26893,37.77898],[-120.26803,37.77918],[-120.26728,37.77928],[-120.26686,37.77926],[-120.26612,37.77922],[-120.26596,37.77907]]]},"properties":{"src":"usmin","kind":"Tailings - Undifferentiated","name":"","topo":"Sonora 1948","url":"https://mrdata.usgs.gov/usmin/show-usmin.php?type=polygon&id=146345"}},{"type":"Feature","geometry":{"type":"Polygon","coordinates":[[[-120.36977,37.92843],[-120.36908,37.92839],[-120.36892,37.92818],[-120.36898,37.92805],[-120.36935,37.92809],[-120.36994,37.92815],[-120.37061,37.92818],[-120.37062,37.92843],[-120.37034,37.92842],[-120.36977,37.92843]]]},"properties":{"src":"usmin","kind":"Tailings - Undifferentiated","name":"","topo":"Sonora 1948","url":"https://mrdata.usgs.gov/usmin/show-usmin.php?type=polygon&id=146346"}},{"type":"Feature","geometry":{"type":"Polygon","coordinates":[[[-120.35526,37.83682],[-120.35536,37.83675],[-120.35558,37.83682],[-120.3558,37.83714],[-120.35614,37.83759],[-120.35662,37.83806],[-120.35694,37.83836],[-120.35737,37.83856],[-120.35804,37.83893],[-120.35895,37.83918],[-120.35943,37.83935],[-120.35945,37.83947],[-120.35944,37.8396],[-120.35925,37.8396],[-120.35898,37.8395],[-120.35856,37.83941],[-120.35814,37.83928],[-120.35766,37.83903],[-120.35695,37.8388],[-120.35652,37.83847],[-120.35607,37.838],[-120.35572,37.83752],[-120.35525,37.83698],[-120.35526,37.83682]]]},"properties":{"src":"usmin","kind":"Tailings - Undifferentiated","name":"","topo":"Sonora 1948","url":"https://mrdata.usgs.gov/usmin/show-usmin.php?type=polygon&id=146347"}},{"type":"Feature","geometry":{"type":"Polygon","coordinates":[[[-120.38098,37.84759],[-120.3812,37.84757],[-120.38157,37.84781],[-120.38202,37.8483],[-120.38244,37.84887],[-120.38287,37.84953],[-120.38334,37.85027],[-120.38374,37.85073],[-120.38454,37.85134],[-120.38514,37.85206],[-120.38502,37.85219],[-120.38486,37.8522],[-120.38448,37.85208],[-120.3842,37.85186],[-120.38353,37.85154],[-120.38262,37.85096],[-120.3819,37.85051],[-120.38141,37.85018],[-120.381,37.84976],[-120.38085,37.84935],[-120.38075,37.84861],[-120.38082,37.84777],[-120.38098,37.84759]]]},"properties":{"src":"usmin","kind":"Tailings - Undifferentiated","name":"","topo":"Sonora 1948","url":"https://mrdata.usgs.gov/usmin/show-usmin.php?type=polygon&id=146351"}},{"type":"Feature","geometry":{"type":"Polygon","coordinates":[[[-120.24383,37.97363],[-120.2439,37.97353],[-120.24408,37.97354],[-120.24431,37.97369],[-120.24453,37.97394],[-120.24452,37.97411],[-120.24443,37.97417],[-120.24428,37.97415],[-120.24409,37.97404],[-120.24389,37.9738],[-120.24383,37.97363]]]},"properties":{"src":"usmin","kind":"Tailings - Undifferentiated","name":"","topo":"Tuolumne 1948","url":"https://mrdata.usgs.gov/usmin/show-usmin.php?type=polygon&id=146353"}},{"type":"Feature","geometry":{"type":"Polygon","coordinates":[[[-120.37633,37.9205],[-120.37648,37.92048],[-120.37696,37.92097],[-120.37721,37.92142],[-120.37723,37.92202],[-120.37714,37.92239],[-120.37672,37.92296],[-120.37618,37.92343],[-120.37555,37.92409],[-120.37532,37.92444],[-120.37511,37.92437],[-120.37512,37.92415],[-120.37544,37.92368],[-120.37609,37.92309],[-120.37655,37.92262],[-120.3768,37.92215],[-120.3768,37.92162],[-120.3767,37.92121],[-120.37651,37.92093],[-120.37638,37.92072],[-120.37627,37.92058],[-120.37633,37.9205]]]},"properties":{"src":"usmin","kind":"Tailings - Undifferentiated","name":"","topo":"Sonora 1948","url":"https://mrdata.usgs.gov/usmin/show-usmin.php?type=polygon&id=146355"}},{"type":"Feature","geometry":{"type":"Polygon","coordinates":[[[-120.37475,37.79651],[-120.37498,37.79651],[-120.37528,37.79672],[-120.37552,37.79699],[-120.37576,37.79719],[-120.37583,37.79734],[-120.37583,37.79763],[-120.3757,37.79781],[-120.37559,37.79791],[-120.37548,37.79791],[-120.37528,37.79778],[-120.37517,37.79764],[-120.37501,37.79734],[-120.37475,37.79701],[-120.37429,37.79677],[-120.37443,37.7966],[-120.37475,37.79651]]]},"properties":{"src":"usmin","kind":"Tailings - Undifferentiated","name":"","topo":"Sonora 1948","url":"https://mrdata.usgs.gov/usmin/show-usmin.php?type=polygon&id=146361"}},{"type":"Feature","geometry":{"type":"Polygon","coordinates":[[[-120.37569,37.84466],[-120.37611,37.84444],[-120.37629,37.84446],[-120.37642,37.84463],[-120.37594,37.84499],[-120.3751,37.84521],[-120.37489,37.84523],[-120.3746,37.84519],[-120.37459,37.84505],[-120.37487,37.84486],[-120.37569,37.84466]]]},"properties":{"src":"usmin","kind":"Tailings - Undifferentiated","name":"","topo":"Sonora 1948","url":"https://mrdata.usgs.gov/usmin/show-usmin.php?type=polygon&id=146362"}},{"type":"Feature","geometry":{"type":"Polygon","coordinates":[[[-120.39839,37.8607],[-120.39862,37.86064],[-120.39872,37.86084],[-120.39896,37.86148],[-120.39928,37.86216],[-120.39976,37.86261],[-120.40005,37.863],[-120.40082,37.86346],[-120.40132,37.86376],[-120.40152,37.8642],[-120.40148,37.86464],[-120.40135,37.86476],[-120.40116,37.86471],[-120.40099,37.86456],[-120.40063,37.86422],[-120.40025,37.86387],[-120.39991,37.86348],[-120.39948,37.86313],[-120.39893,37.86278],[-120.39858,37.86253],[-120.39825,37.86206],[-120.39801,37.86156],[-120.39805,37.86119],[-120.39812,37.861],[-120.39839,37.8607]]]},"properties":{"src":"usmin","kind":"Tailings - Undifferentiated","name":"","topo":"Sonora 1948","url":"https://mrdata.usgs.gov/usmin/show-usmin.php?type=polygon&id=146363"}},{"type":"Feature","geometry":{"type":"Polygon","coordinates":[[[-120.35198,37.83568],[-120.35137,37.8355],[-120.35074,37.8355],[-120.35026,37.83556],[-120.35015,37.83548],[-120.35012,37.83535],[-120.35031,37.83525],[-120.35066,37.8352],[-120.35139,37.83516],[-120.35184,37.83527],[-120.3524,37.83544],[-120.35301,37.83571],[-120.35367,37.83613],[-120.35433,37.83675],[-120.35485,37.8373],[-120.35545,37.83794],[-120.35543,37.83807],[-120.35534,37.83811],[-120.35521,37.83808],[-120.35502,37.83794],[-120.35479,37.83772],[-120.35447,37.8373],[-120.35401,37.83691],[-120.35347,37.83653],[-120.35302,37.83621],[-120.35247,37.83593],[-120.35198,37.83568]]]},"properties":{"src":"usmin","kind":"Tailings - Undifferentiated","name":"","topo":"Sonora 1948","url":"https://mrdata.usgs.gov/usmin/show-usmin.php?type=polygon&id=146364"}},{"type":"Feature","geometry":{"type":"Polygon","coordinates":[[[-120.40413,37.83853],[-120.40428,37.8384],[-120.40452,37.83845],[-120.40486,37.83885],[-120.40504,37.83911],[-120.40519,37.83942],[-120.40537,37.83976],[-120.40563,37.8401],[-120.40603,37.84058],[-120.40649,37.84102],[-120.40698,37.84148],[-120.40766,37.84203],[-120.4073,37.84227],[-120.40661,37.84164],[-120.40593,37.84096],[-120.4055,37.84052],[-120.40512,37.84002],[-120.40488,37.83961],[-120.40465,37.83926],[-120.40436,37.83891],[-120.40417,37.83868],[-120.40413,37.83853]]]},"properties":{"src":"usmin","kind":"Tailings - Undifferentiated","name":"","topo":"Sonora 1948","url":"https://mrdata.usgs.gov/usmin/show-usmin.php?type=polygon&id=146365"}},{"type":"Feature","geometry":{"type":"Polygon","coordinates":[[[-120.37681,37.92001],[-120.37696,37.91995],[-120.37708,37.92006],[-120.37715,37.92034],[-120.37724,37.92061],[-120.37687,37.92058],[-120.37681,37.92028],[-120.37681,37.92001]]]},"properties":{"src":"usmin","kind":"Tailings - Undifferentiated","name":"","topo":"Sonora 1948","url":"https://mrdata.usgs.gov/usmin/show-usmin.php?type=polygon&id=146366"}},{"type":"Feature","geometry":{"type":"Polygon","coordinates":[[[-120.41533,37.88242],[-120.41527,37.88211],[-120.41542,37.88176],[-120.41567,37.88132],[-120.41598,37.88127],[-120.4161,37.88139],[-120.41607,37.8815],[-120.41592,37.88168],[-120.41573,37.88194],[-120.41573,37.88212],[-120.41597,37.88215],[-120.41616,37.88215],[-120.41621,37.88222],[-120.41625,37.88252],[-120.4163,37.88291],[-120.41643,37.88319],[-120.41661,37.88357],[-120.41678,37.88403],[-120.41686,37.88437],[-120.41698,37.88466],[-120.41712,37.88516],[-120.4171,37.88537],[-120.417,37.88541],[-120.41686,37.88539],[-120.41671,37.88521],[-120.4166,37.88486],[-120.41643,37.88448],[-120.41633,37.88408],[-120.41615,37.88361],[-120.41597,37.8832],[-120.41581,37.88284],[-120.41552,37.88269],[-120.41533,37.88242]]]},"properties":{"src":"usmin","kind":"Tailings - Undifferentiated","name":"","topo":"Sonora 1948","url":"https://mrdata.usgs.gov/usmin/show-usmin.php?type=polygon&id=146367"}},{"type":"Feature","geometry":{"type":"Polygon","coordinates":[[[-120.37328,37.927],[-120.3736,37.92651],[-120.37387,37.92655],[-120.37373,37.92699],[-120.37352,37.92736],[-120.37319,37.92777],[-120.37289,37.92793],[-120.37265,37.9279],[-120.3726,37.92779],[-120.37296,37.9275],[-120.37328,37.927]]]},"properties":{"src":"usmin","kind":"Tailings - Undifferentiated","name":"","topo":"Sonora 1948","url":"https://mrdata.usgs.gov/usmin/show-usmin.php?type=polygon&id=146368"}},{"type":"Feature","geometry":{"type":"Polygon","coordinates":[[[-120.4889,37.80575],[-120.48913,37.80571],[-120.48926,37.80575],[-120.48954,37.80596],[-120.4899,37.80621],[-120.49028,37.80647],[-120.49005,37.80663],[-120.48951,37.80641],[-120.48913,37.80621],[-120.48881,37.80602],[-120.48883,37.80582],[-120.4889,37.80575]]]},"properties":{"src":"usmin","kind":"Tailings - Undifferentiated","name":"","topo":"Sonora 1948","url":"https://mrdata.usgs.gov/usmin/show-usmin.php?type=polygon&id=146375"}},{"type":"Feature","geometry":{"type":"Polygon","coordinates":[[[-120.28532,37.79732],[-120.28553,37.79722],[-120.28578,37.79747],[-120.28598,37.79785],[-120.28633,37.79841],[-120.28676,37.79909],[-120.28693,37.79911],[-120.28716,37.79915],[-120.28747,37.79952],[-120.28792,37.80002],[-120.28853,37.80038],[-120.28904,37.80076],[-120.28956,37.80114],[-120.29008,37.80128],[-120.29055,37.80161],[-120.291,37.80221],[-120.2914,37.80255],[-120.29182,37.8027],[-120.29224,37.80313],[-120.2923,37.80356],[-120.29282,37.80381],[-120.2935,37.80424],[-120.29455,37.8049],[-120.29523,37.80539],[-120.29582,37.80572],[-120.29591,37.80595],[-120.29586,37.80607],[-120.29563,37.80609],[-120.29539,37.80593],[-120.29511,37.80582],[-120.29487,37.80577],[-120.29442,37.80564],[-120.29382,37.80529],[-120.29317,37.80493],[-120.2925,37.80462],[-120.29215,37.80426],[-120.29152,37.80382],[-120.29092,37.80351],[-120.29058,37.80308],[-120.29035,37.80268],[-120.29019,37.80218],[-120.28992,37.80194],[-120.28937,37.8017],[-120.28876,37.80149],[-120.28833,37.80124],[-120.2879,37.8009],[-120.28724,37.80039],[-120.28685,37.79993],[-120.28651,37.7995],[-120.28628,37.79899],[-120.28593,37.79845],[-120.2855,37.79778],[-120.28532,37.79732]]]},"properties":{"src":"usmin","kind":"Tailings - Undifferentiated","name":"","topo":"Sonora 1948","url":"https://mrdata.usgs.gov/usmin/show-usmin.php?type=polygon&id=146377"}},{"type":"Feature","geometry":{"type":"Polygon","coordinates":[[[-120.37011,37.84434],[-120.36919,37.84409],[-120.36879,37.84377],[-120.36812,37.84357],[-120.36723,37.84333],[-120.36642,37.8432],[-120.36576,37.84308],[-120.3652,37.84284],[-120.36525,37.84274],[-120.36545,37.84272],[-120.36615,37.84291],[-120.36686,37.84301],[-120.36752,37.84314],[-120.36833,37.84338],[-120.36918,37.8436],[-120.36997,37.84375],[-120.37059,37.84386],[-120.3717,37.84412],[-120.37256,37.84414],[-120.37347,37.84409],[-120.37454,37.84378],[-120.37534,37.84346],[-120.37597,37.84308],[-120.37615,37.84336],[-120.37626,37.84378],[-120.37601,37.84399],[-120.37533,37.84439],[-120.37447,37.84462],[-120.37383,37.84471],[-120.37291,37.84472],[-120.37188,37.84474],[-120.37087,37.84461],[-120.37011,37.84434]]]},"properties":{"src":"usmin","kind":"Tailings - Undifferentiated","name":"","topo":"Sonora 1948","url":"https://mrdata.usgs.gov/usmin/show-usmin.php?type=polygon&id=146379"}},{"type":"Feature","geometry":{"type":"Polygon","coordinates":[[[-120.37136,37.9545],[-120.3718,37.95449],[-120.37208,37.95462],[-120.3719,37.95521],[-120.37158,37.95572],[-120.37086,37.95626],[-120.36984,37.95655],[-120.3696,37.95645],[-120.36946,37.95616],[-120.36942,37.95598],[-120.37016,37.95562],[-120.37065,37.95536],[-120.37085,37.95516],[-120.37101,37.95486],[-120.37104,37.95459],[-120.37136,37.9545]]]},"properties":{"src":"usmin","kind":"Tailings - Undifferentiated","name":"","topo":"Sonora 1948","url":"https://mrdata.usgs.gov/usmin/show-usmin.php?type=polygon&id=146381"}},{"type":"Feature","geometry":{"type":"Polygon","coordinates":[[[-120.33697,37.83779],[-120.33707,37.83778],[-120.33741,37.83807],[-120.33778,37.83835],[-120.33813,37.83853],[-120.33871,37.83881],[-120.3393,37.83921],[-120.33973,37.83938],[-120.33997,37.83957],[-120.33997,37.83975],[-120.33974,37.84007],[-120.33948,37.84017],[-120.33928,37.84007],[-120.3389,37.8398],[-120.33849,37.8395],[-120.33809,37.83915],[-120.3377,37.8388],[-120.33732,37.83846],[-120.337,37.83823],[-120.33681,37.83794],[-120.33697,37.83779]]]},"properties":{"src":"usmin","kind":"Tailings - Undifferentiated","name":"","topo":"Sonora 1948","url":"https://mrdata.usgs.gov/usmin/show-usmin.php?type=polygon&id=146383"}},{"type":"Feature","geometry":{"type":"Polygon","coordinates":[[[-119.95473,37.83006],[-119.95458,37.83005],[-119.95441,37.83005],[-119.95433,37.83004],[-119.95421,37.82998],[-119.95412,37.82995],[-119.95404,37.8299],[-119.95395,37.82976],[-119.95393,37.82961],[-119.95396,37.82948],[-119.95399,37.8294],[-119.95409,37.82934],[-119.95432,37.82927],[-119.95483,37.82922],[-119.95516,37.82917],[-119.95543,37.82914],[-119.95581,37.82907],[-119.956,37.82902],[-119.95616,37.82899],[-119.9563,37.829],[-119.95643,37.82904],[-119.95652,37.82909],[-119.95658,37.82923],[-119.9566,37.82937],[-119.95657,37.82943],[-119.95649,37.82948],[-119.95641,37.82954],[-119.95638,37.82958],[-119.95637,37.82965],[-119.9564,37.82973],[-119.95649,37.82977],[-119.95655,37.8298],[-119.95662,37.82987],[-119.95661,37.82997],[-119.95659,37.83004],[-119.9564,37.8302],[-119.95614,37.83036],[-119.95595,37.83044],[-119.95568,37.83054],[-119.95552,37.83055],[-119.95537,37.83055],[-119.95522,37.83051],[-119.95512,37.83046],[-119.95504,37.83035],[-119.95502,37.83023],[-119.95498,37.83015],[-119.95493,37.83008],[-119.95488,37.83007],[-119.95473,37.83006]]]},"properties":{"src":"usmin","kind":"Borrow Pit","name":"","topo":"Ascension Mountain 1990","url":"https://mrdata.usgs.gov/usmin/show-usmin.php?type=polygon&id=8361"}},{"type":"Feature","geometry":{"type":"Polygon","coordinates":[[[-119.94578,37.83783],[-119.94588,37.83781],[-119.94596,37.83781],[-119.94607,37.83782],[-119.94617,37.83783],[-119.9463,37.83787],[-119.94643,37.83793],[-119.94665,37.83808],[-119.94675,37.83816],[-119.94685,37.83827],[-119.94686,37.83831],[-119.94685,37.83845],[-119.94681,37.83861],[-119.94679,37.83867],[-119.94673,37.83875],[-119.94668,37.8388],[-119.94667,37.83881],[-119.9466,37.83887],[-119.94652,37.83892],[-119.94639,37.83898],[-119.94629,37.83902],[-119.94618,37.83904],[-119.94608,37.83906],[-119.94601,37.83906],[-119.94592,37.83909],[-119.94583,37.83914],[-119.94574,37.83918],[-119.94565,37.83922],[-119.94555,37.83926],[-119.94547,37.8393],[-119.94536,37.83934],[-119.94526,37.83937],[-119.9452,37.83941],[-119.94509,37.83945],[-119.94497,37.83946],[-119.94494,37.83946],[-119.94491,37.83946],[-119.94463,37.83934],[-119.94458,37.8393],[-119.94455,37.83924],[-119.94455,37.83921],[-119.94458,37.83917],[-119.94461,37.83915],[-119.94464,37.83913],[-119.94471,37.8391],[-119.94478,37.83907],[-119.94482,37.83903],[-119.94489,37.83896],[-119.94498,37.83887],[-119.94505,37.83881],[-119.94508,37.83876],[-119.94513,37.83861],[-119.94516,37.83843],[-119.94519,37.83831],[-119.94523,37.83823],[-119.94527,37.83814],[-119.9454,37.83801],[-119.94556,37.83792],[-119.94563,37.83787],[-119.94578,37.83783]]]},"properties":{"src":"usmin","kind":"Borrow Pit","name":"","topo":"Ascension Mountain 1990","url":"https://mrdata.usgs.gov/usmin/show-usmin.php?type=polygon&id=8360"}},{"type":"Feature","geometry":{"type":"Polygon","coordinates":[[[-119.79848,37.94217],[-119.79859,37.94215],[-119.79866,37.94218],[-119.79873,37.94224],[-119.79879,37.9423],[-119.79884,37.94244],[-119.79888,37.94254],[-119.79889,37.94267],[-119.79886,37.94275],[-119.79886,37.94287],[-119.79886,37.94298],[-119.7988,37.94315],[-119.79872,37.94327],[-119.79866,37.9434],[-119.79862,37.94352],[-119.79855,37.94366],[-119.79852,37.94382],[-119.79846,37.94395],[-119.79844,37.94406],[-119.79843,37.94416],[-119.79838,37.94424],[-119.7983,37.94434],[-119.79824,37.94439],[-119.79809,37.94458],[-119.79796,37.94472],[-119.79788,37.94481],[-119.79774,37.94491],[-119.79759,37.94502],[-119.79745,37.94506],[-119.79733,37.94507],[-119.79721,37.94508],[-119.79717,37.94504],[-119.79711,37.94495],[-119.79706,37.94486],[-119.79698,37.94482],[-119.79692,37.94471],[-119.79688,37.94459],[-119.7969,37.94455],[-119.79696,37.94444],[-119.797,37.94433],[-119.7971,37.94419],[-119.79717,37.94409],[-119.79729,37.94398],[-119.79736,37.94394],[-119.79744,37.94389],[-119.79749,37.94384],[-119.79752,37.9438],[-119.7976,37.94374],[-119.79769,37.94369],[-119.79775,37.94362],[-119.79789,37.94338],[-119.79792,37.94326],[-119.79796,37.94312],[-119.79801,37.94291],[-119.79803,37.9428],[-119.79804,37.94265],[-119.79808,37.94252],[-119.79812,37.94249],[-119.7982,37.94248],[-119.79825,37.94241],[-119.79825,37.94234],[-119.79831,37.94228],[-119.79839,37.94221],[-119.79848,37.94217]]]},"properties":{"src":"usmin","kind":"Mine Dump","name":"","topo":"Lake Eleanor 1990","url":"https://mrdata.usgs.gov/usmin/show-usmin.php?type=polygon&id=10072"}},{"type":"Feature","geometry":{"type":"Polygon","coordinates":[[[-119.95158,37.90628],[-119.95173,37.90624],[-119.95184,37.9063],[-119.95198,37.90639],[-119.95205,37.9065],[-119.95209,37.90664],[-119.95217,37.9068],[-119.95225,37.90697],[-119.95228,37.90712],[-119.95228,37.90714],[-119.95228,37.90723],[-119.95228,37.90727],[-119.95227,37.90739],[-119.95222,37.90749],[-119.95212,37.90751],[-119.9521,37.90752],[-119.95198,37.90755],[-119.95188,37.90755],[-119.95168,37.90754],[-119.9515,37.9075],[-119.95128,37.90743],[-119.95116,37.90736],[-119.95104,37.90728],[-119.95092,37.90724],[-119.95086,37.90718],[-119.95086,37.90712],[-119.95087,37.90707],[-119.9509,37.90703],[-119.95095,37.90699],[-119.951,37.90697],[-119.95104,37.90693],[-119.9511,37.90689],[-119.95114,37.90682],[-119.95116,37.90677],[-119.95119,37.90663],[-119.95124,37.90652],[-119.95135,37.90642],[-119.95145,37.90635],[-119.95149,37.90631],[-119.95158,37.90628]]]},"properties":{"src":"usmin","kind":"Mine Dump","name":"","topo":"Cherry Lake South 1990","url":"https://mrdata.usgs.gov/usmin/show-usmin.php?type=polygon&id=10073"}},{"type":"Feature","geometry":{"type":"Polygon","coordinates":[[[-119.92703,37.89751],[-119.92688,37.89744],[-119.92681,37.8974],[-119.92677,37.89732],[-119.92675,37.89721],[-119.92676,37.89712],[-119.92678,37.89704],[-119.92681,37.89687],[-119.92681,37.89673],[-119.92681,37.89661],[-119.92683,37.89648],[-119.92687,37.89634],[-119.92692,37.89616],[-119.92698,37.89603],[-119.92714,37.89597],[-119.92732,37.896],[-119.92733,37.896],[-119.92744,37.89607],[-119.92755,37.89619],[-119.92772,37.89627],[-119.92781,37.89631],[-119.92793,37.89632],[-119.92804,37.89637],[-119.92811,37.89639],[-119.92823,37.89646],[-119.92832,37.89651],[-119.92843,37.89661],[-119.92853,37.89667],[-119.92865,37.89683],[-119.92872,37.89694],[-119.92876,37.89708],[-119.92884,37.8972],[-119.92889,37.89729],[-119.92892,37.89742],[-119.92893,37.89748],[-119.92885,37.89754],[-119.92875,37.89754],[-119.92863,37.89751],[-119.92856,37.8975],[-119.92846,37.89748],[-119.92838,37.89749],[-119.92831,37.89755],[-119.92829,37.89757],[-119.92825,37.89763],[-119.92833,37.89774],[-119.92843,37.89779],[-119.92853,37.89784],[-119.92861,37.89789],[-119.92863,37.89795],[-119.92859,37.89801],[-119.92858,37.89801],[-119.92836,37.89801],[-119.92799,37.89794],[-119.92775,37.8979],[-119.9275,37.89782],[-119.92737,37.89773],[-119.92725,37.89767],[-119.92721,37.89762],[-119.92714,37.89757],[-119.92703,37.89751]]]},"properties":{"src":"usmin","kind":"Mine Dump","name":"","topo":"Cherry Lake South 1990","url":"https://mrdata.usgs.gov/usmin/show-usmin.php?type=polygon&id=10075"}},{"type":"Feature","geometry":{"type":"Polygon","coordinates":[[[-119.9516,37.90633],[-119.95173,37.90632],[-119.95187,37.90635],[-119.95194,37.90641],[-119.95203,37.90651],[-119.95207,37.90665],[-119.9521,37.90675],[-119.95217,37.90687],[-119.95223,37.90701],[-119.95226,37.90708],[-119.95228,37.90714],[-119.95229,37.90718],[-119.95228,37.90727],[-119.95228,37.9073],[-119.95222,37.90742],[-119.95215,37.90749],[-119.95212,37.90751],[-119.95207,37.90755],[-119.95195,37.90762],[-119.95188,37.90764],[-119.95161,37.90765],[-119.95151,37.90765],[-119.95138,37.9076],[-119.95123,37.90753],[-119.95102,37.90741],[-119.95097,37.90736],[-119.95094,37.90731],[-119.95089,37.90726],[-119.95085,37.90721],[-119.95081,37.90715],[-119.95081,37.90708],[-119.95083,37.90703],[-119.95088,37.90699],[-119.95091,37.90692],[-119.95092,37.90686],[-119.95093,37.90678],[-119.95095,37.90672],[-119.95102,37.90662],[-119.95106,37.90655],[-119.95109,37.9065],[-119.95116,37.90645],[-119.95123,37.90639],[-119.9513,37.90635],[-119.95138,37.90635],[-119.95145,37.90635],[-119.9515,37.90635],[-119.9516,37.90633]]]},"properties":{"src":"usmin","kind":"Tailings - Undifferentiated","name":"","topo":"Cherry Lake South 2001","url":"https://mrdata.usgs.gov/usmin/show-usmin.php?type=polygon&id=13841"}},{"type":"Feature","geometry":{"type":"Polygon","coordinates":[[[-120.41763,37.92371],[-120.4179,37.92361],[-120.41803,37.92398],[-120.4178,37.92404],[-120.41763,37.92371]]]},"properties":{"src":"usmin","kind":"Mine Dump","name":"","topo":"Sonora 1948","url":"https://mrdata.usgs.gov/usmin/show-usmin.php?type=polygon&id=142918"}},{"type":"Feature","geometry":{"type":"Polygon","coordinates":[[[-120.28473,37.97794],[-120.28484,37.97743],[-120.28513,37.97744],[-120.28559,37.97764],[-120.28577,37.97787],[-120.28591,37.97828],[-120.28523,37.97838],[-120.28473,37.97794]]]},"properties":{"src":"usmin","kind":"Mine Dump","name":"","topo":"Sonora 1948","url":"https://mrdata.usgs.gov/usmin/show-usmin.php?type=polygon&id=143034"}},{"type":"Feature","geometry":{"type":"Polygon","coordinates":[[[-120.24175,37.97681],[-120.24188,37.97676],[-120.24226,37.97684],[-120.24251,37.97704],[-120.24234,37.97723],[-120.2417,37.9772],[-120.24162,37.97706],[-120.24175,37.97681]]]},"properties":{"src":"usmin","kind":"Mine Dump","name":"","topo":"Tuolumne 1948","url":"https://mrdata.usgs.gov/usmin/show-usmin.php?type=polygon&id=143162"}},{"type":"Feature","geometry":{"type":"Polygon","coordinates":[[[-120.3979,37.88819],[-120.39836,37.88784],[-120.39876,37.88807],[-120.39849,37.88837],[-120.39814,37.88848],[-120.3979,37.88819]]]},"properties":{"src":"usmin","kind":"Mine Dump","name":"","topo":"Sonora 1948","url":"https://mrdata.usgs.gov/usmin/show-usmin.php?type=polygon&id=144914"}},{"type":"Feature","geometry":{"type":"Polygon","coordinates":[[[-120.423,37.92509],[-120.42319,37.92484],[-120.42338,37.9249],[-120.4236,37.92506],[-120.42372,37.92525],[-120.4238,37.92556],[-120.42383,37.92576],[-120.42358,37.92613],[-120.42311,37.92628],[-120.42255,37.92623],[-120.42255,37.92592],[-120.423,37.92509]]]},"properties":{"src":"usmin","kind":"Mine Dump","name":"","topo":"Sonora 1948","url":"https://mrdata.usgs.gov/usmin/show-usmin.php?type=polygon&id=144965"}},{"type":"Feature","geometry":{"type":"Polygon","coordinates":[[[-120.41872,37.92021],[-120.41898,37.92019],[-120.41927,37.92025],[-120.4192,37.92049],[-120.41865,37.92072],[-120.41837,37.92065],[-120.41844,37.92045],[-120.41854,37.92031],[-120.41872,37.92021]]]},"properties":{"src":"usmin","kind":"Mine Dump","name":"","topo":"Sonora 1948","url":"https://mrdata.usgs.gov/usmin/show-usmin.php?type=polygon&id=144966"}},{"type":"Feature","geometry":{"type":"Polygon","coordinates":[[[-120.24916,37.9868],[-120.24934,37.98673],[-120.24946,37.98695],[-120.24923,37.98757],[-120.24901,37.9874],[-120.249,37.98705],[-120.24916,37.9868]]]},"properties":{"src":"usmin","kind":"Mine Dump","name":"","topo":"Tuolumne 1948","url":"https://mrdata.usgs.gov/usmin/show-usmin.php?type=polygon&id=144970"}},{"type":"Feature","geometry":{"type":"Polygon","coordinates":[[[-120.39505,37.88961],[-120.39509,37.88912],[-120.39561,37.88916],[-120.39558,37.88942],[-120.39547,37.88963],[-120.39537,37.88974],[-120.39505,37.88961]]]},"properties":{"src":"usmin","kind":"Mine Dump","name":"","topo":"Sonora 1948","url":"https://mrdata.usgs.gov/usmin/show-usmin.php?type=polygon&id=144972"}},{"type":"Feature","geometry":{"type":"Polygon","coordinates":[[[-120.2603,37.97532],[-120.26047,37.97508],[-120.26068,37.97523],[-120.26056,37.97552],[-120.2603,37.97532]]]},"properties":{"src":"usmin","kind":"Mine Dump","name":"","topo":"Sonora 1948","url":"https://mrdata.usgs.gov/usmin/show-usmin.php?type=polygon&id=144974"}},{"type":"Feature","geometry":{"type":"Polygon","coordinates":[[[-120.22226,37.99474],[-120.22246,37.9946],[-120.22257,37.99468],[-120.22268,37.9948],[-120.22273,37.99504],[-120.2227,37.99532],[-120.22239,37.99557],[-120.22221,37.99538],[-120.22226,37.99474]]]},"properties":{"src":"usmin","kind":"Mine Dump","name":"","topo":"Tuolumne 1948","url":"https://mrdata.usgs.gov/usmin/show-usmin.php?type=polygon&id=144976"}},{"type":"Feature","geometry":{"type":"Polygon","coordinates":[[[-120.24619,37.9665],[-120.24639,37.96639],[-120.24665,37.96641],[-120.24692,37.96648],[-120.24711,37.96666],[-120.24697,37.96685],[-120.24625,37.96691],[-120.24608,37.96669],[-120.24619,37.9665]]]},"properties":{"src":"usmin","kind":"Mine Dump","name":"","topo":"Tuolumne 1948","url":"https://mrdata.usgs.gov/usmin/show-usmin.php?type=polygon&id=144978"}},{"type":"Feature","geometry":{"type":"Polygon","coordinates":[[[-120.45852,37.8944],[-120.45884,37.89414],[-120.459,37.89422],[-120.4591,37.89443],[-120.45887,37.89503],[-120.4585,37.89512],[-120.45842,37.89501],[-120.45831,37.89472],[-120.45852,37.8944]]]},"properties":{"src":"usmin","kind":"Mine Dump","name":"","topo":"Sonora 1948","url":"https://mrdata.usgs.gov/usmin/show-usmin.php?type=polygon&id=144986"}},{"type":"Feature","geometry":{"type":"Polygon","coordinates":[[[-120.36001,37.83982],[-120.36042,37.83977],[-120.36082,37.83982],[-120.36145,37.83995],[-120.36194,37.84014],[-120.36211,37.8404],[-120.3624,37.84067],[-120.36271,37.841],[-120.3627,37.84119],[-120.36258,37.84123],[-120.36247,37.84123],[-120.36231,37.84103],[-120.36203,37.84083],[-120.36153,37.84057],[-120.36096,37.84045],[-120.36033,37.84026],[-120.35976,37.84],[-120.35981,37.83991],[-120.36001,37.83982]]]},"properties":{"src":"usmin","kind":"Tailings - Undifferentiated","name":"","topo":"Sonora 1948","url":"https://mrdata.usgs.gov/usmin/show-usmin.php?type=polygon&id=146350"}},{"type":"Feature","geometry":{"type":"Polygon","coordinates":[[[-120.34368,37.83816],[-120.34457,37.83805],[-120.34507,37.8381],[-120.3451,37.83824],[-120.34494,37.83845],[-120.34466,37.83862],[-120.3442,37.83887],[-120.34346,37.83899],[-120.34254,37.83921],[-120.34179,37.83938],[-120.34139,37.83943],[-120.34137,37.8392],[-120.34157,37.83901],[-120.34213,37.83868],[-120.34277,37.83844],[-120.34368,37.83816]]]},"properties":{"src":"usmin","kind":"Tailings - Undifferentiated","name":"","topo":"Sonora 1948","url":"https://mrdata.usgs.gov/usmin/show-usmin.php?type=polygon&id=146359"}},{"type":"Feature","geometry":{"type":"Polygon","coordinates":[[[-120.24564,37.97785],[-120.2459,37.97773],[-120.24604,37.97778],[-120.24635,37.97817],[-120.24684,37.97839],[-120.24724,37.97872],[-120.24726,37.97893],[-120.24708,37.979],[-120.24677,37.97904],[-120.24644,37.97896],[-120.24619,37.97881],[-120.24584,37.97841],[-120.24562,37.9781],[-120.24564,37.97785]]]},"properties":{"src":"usmin","kind":"Tailings - Undifferentiated","name":"","topo":"Tuolumne 1948","url":"https://mrdata.usgs.gov/usmin/show-usmin.php?type=polygon&id=146370"}},{"type":"Feature","geometry":{"type":"Polygon","coordinates":[[[-120.45484,37.9138],[-120.45547,37.91366],[-120.45578,37.91377],[-120.45616,37.91369],[-120.45662,37.91369],[-120.45691,37.91342],[-120.45724,37.91337],[-120.45773,37.91355],[-120.45828,37.91365],[-120.45832,37.91387],[-120.45801,37.91432],[-120.45739,37.91467],[-120.4566,37.91518],[-120.45606,37.91525],[-120.4553,37.91507],[-120.45477,37.91468],[-120.45445,37.91415],[-120.45447,37.91398],[-120.45484,37.9138]]]},"properties":{"src":"usmin","kind":"Tailings - Undifferentiated","name":"","topo":"Sonora 1948","url":"https://mrdata.usgs.gov/usmin/show-usmin.php?type=polygon&id=146380"}},{"type":"Feature","geometry":{"type":"Polygon","coordinates":[[[-120.41667,37.92197],[-120.41673,37.92196],[-120.41697,37.92202],[-120.41707,37.92204],[-120.41714,37.92211],[-120.41715,37.92221],[-120.417,37.92234],[-120.41683,37.92242],[-120.41671,37.92233],[-120.41669,37.92226],[-120.41661,37.92222],[-120.41661,37.92214],[-120.41661,37.92202],[-120.41667,37.92197]]]},"properties":{"src":"usmin","kind":"Tailings - Undifferentiated","name":"","topo":"Sonora 1948","url":"https://mrdata.usgs.gov/usmin/show-usmin.php?type=polygon&id=13803"}},{"type":"Feature","geometry":{"type":"Polygon","coordinates":[[[-120.2605,37.9749],[-120.26066,37.9749],[-120.26072,37.97499],[-120.26073,37.97513],[-120.2607,37.97528],[-120.26067,37.97537],[-120.26058,37.97541],[-120.26044,37.97539],[-120.26032,37.97539],[-120.26028,37.97533],[-120.2603,37.97523],[-120.2603,37.97512],[-120.26033,37.97499],[-120.26042,37.97494],[-120.2605,37.9749]]]},"properties":{"src":"usmin","kind":"Tailings - Undifferentiated","name":"","topo":"Standard 1948","url":"https://mrdata.usgs.gov/usmin/show-usmin.php?type=polygon&id=13772"}},{"type":"Feature","geometry":{"type":"Polygon","coordinates":[[[-120.44008,37.92666],[-120.4403,37.92662],[-120.44048,37.92666],[-120.44075,37.9268],[-120.44101,37.92708],[-120.44109,37.92729],[-120.44118,37.92747],[-120.44112,37.92771],[-120.44106,37.92802],[-120.44096,37.92842],[-120.44079,37.92878],[-120.44069,37.92894],[-120.44053,37.92901],[-120.44034,37.92903],[-120.44013,37.92903],[-120.43986,37.929],[-120.43958,37.92894],[-120.43919,37.92876],[-120.43865,37.92848],[-120.4385,37.92832],[-120.43848,37.92813],[-120.43855,37.92803],[-120.43876,37.9278],[-120.43892,37.92766],[-120.43935,37.92725],[-120.43999,37.92672],[-120.44008,37.92666]]]},"properties":{"src":"usmin","kind":"Disturbed Surface","name":"","topo":"Sonora 1973","url":"https://mrdata.usgs.gov/usmin/show-usmin.php?type=polygon&id=8703"}},{"type":"Feature","geometry":{"type":"Polygon","coordinates":[[[-120.52861,37.88396],[-120.52825,37.88383],[-120.52808,37.88385],[-120.52776,37.88391],[-120.52753,37.88383],[-120.52714,37.88355],[-120.52667,37.88297],[-120.5263,37.88246],[-120.52619,37.88217],[-120.52621,37.88196],[-120.52629,37.88184],[-120.52641,37.88173],[-120.52665,37.88167],[-120.52708,37.8816],[-120.5276,37.8817],[-120.52806,37.88191],[-120.52841,37.88224],[-120.52893,37.8826],[-120.5293,37.88301],[-120.52982,37.88352],[-120.53002,37.88384],[-120.53001,37.88402],[-120.52992,37.88416],[-120.52987,37.88429],[-120.52982,37.88436],[-120.52976,37.8844],[-120.5297,37.8844],[-120.52934,37.8843],[-120.52897,37.88412],[-120.52861,37.88396]]]},"properties":{"src":"usmin","kind":"Disturbed Surface","name":"","topo":"New Melones Dam 1987","url":"https://mrdata.usgs.gov/usmin/show-usmin.php?type=polygon&id=8704"}},{"type":"Feature","geometry":{"type":"Polygon","coordinates":[[[-120.51034,37.89769],[-120.50992,37.89756],[-120.50959,37.89757],[-120.50934,37.89766],[-120.50918,37.89776],[-120.50897,37.89779],[-120.50853,37.89763],[-120.50809,37.89714],[-120.508,37.89685],[-120.50801,37.89667],[-120.50818,37.89625],[-120.50837,37.89585],[-120.50862,37.89577],[-120.509,37.89567],[-120.50939,37.89572],[-120.50963,37.89585],[-120.5098,37.89613],[-120.50993,37.89627],[-120.51031,37.89635],[-120.51054,37.89638],[-120.5109,37.89629],[-120.51113,37.89604],[-120.51144,37.89557],[-120.51172,37.89512],[-120.51237,37.89441],[-120.51276,37.89378],[-120.51293,37.89345],[-120.51309,37.89317],[-120.51312,37.89306],[-120.51323,37.89297],[-120.51354,37.89305],[-120.51381,37.8934],[-120.51407,37.89421],[-120.51405,37.89461],[-120.51413,37.89485],[-120.5142,37.89497],[-120.51402,37.89498],[-120.51386,37.89585],[-120.51473,37.89598],[-120.51475,37.89608],[-120.51472,37.89623],[-120.51437,37.89616],[-120.51383,37.89611],[-120.51374,37.89655],[-120.51376,37.89664],[-120.51462,37.89688],[-120.5146,37.897],[-120.51397,37.89681],[-120.51378,37.8968],[-120.51377,37.89704],[-120.51437,37.89738],[-120.51457,37.8972],[-120.51458,37.89739],[-120.51445,37.89746],[-120.51466,37.89767],[-120.51469,37.89775],[-120.51482,37.89789],[-120.51488,37.89799],[-120.51484,37.89801],[-120.5147,37.89799],[-120.51456,37.89786],[-120.51414,37.89758],[-120.51375,37.89745],[-120.51355,37.8975],[-120.51345,37.89751],[-120.51339,37.89769],[-120.51325,37.89798],[-120.51304,37.89824],[-120.51266,37.89826],[-120.51224,37.8982],[-120.51129,37.89802],[-120.51076,37.89783],[-120.51034,37.89769]]]},"properties":{"src":"usmin","kind":"Disturbed Surface","name":"","topo":"New Melones Dam 1987","url":"https://mrdata.usgs.gov/usmin/show-usmin.php?type=polygon&id=8705"}},{"type":"Feature","geometry":{"type":"Polygon","coordinates":[[[-120.37456,38.04382],[-120.37461,38.04382],[-120.37464,38.04383],[-120.37466,38.04384],[-120.37467,38.04384],[-120.37468,38.04385],[-120.37469,38.04388],[-120.3747,38.04389],[-120.3747,38.04391],[-120.37471,38.04397],[-120.37472,38.044],[-120.37473,38.04402],[-120.37476,38.04407],[-120.37478,38.04409],[-120.37478,38.04411],[-120.37479,38.04413],[-120.37478,38.04416],[-120.37478,38.04417],[-120.37477,38.04418],[-120.37475,38.04418],[-120.37474,38.04419],[-120.37474,38.0442],[-120.37474,38.0442],[-120.37474,38.04424],[-120.37474,38.04425],[-120.37473,38.04427],[-120.37472,38.04429],[-120.37471,38.0443],[-120.3747,38.04432],[-120.37466,38.04435],[-120.37463,38.04437],[-120.37459,38.04439],[-120.37456,38.0444],[-120.37452,38.0444],[-120.37448,38.0444],[-120.37445,38.04439],[-120.37443,38.04439],[-120.37438,38.04437],[-120.37437,38.04436],[-120.37435,38.04435],[-120.37432,38.04434],[-120.37432,38.04433],[-120.37431,38.04431],[-120.3743,38.04427],[-120.37429,38.04423],[-120.37428,38.04421],[-120.37428,38.0442],[-120.37428,38.04418],[-120.3743,38.04416],[-120.37432,38.04412],[-120.37433,38.04409],[-120.37434,38.04406],[-120.37435,38.04402],[-120.37435,38.04402],[-120.37435,38.04398],[-120.37435,38.04396],[-120.37435,38.04396],[-120.37434,38.04393],[-120.37434,38.04392],[-120.37434,38.0439],[-120.37434,38.04388],[-120.37435,38.04387],[-120.37436,38.04386],[-120.37437,38.04384],[-120.37439,38.04383],[-120.37441,38.04383],[-120.37444,38.04382],[-120.3745,38.04382],[-120.37456,38.04382]]]},"properties":{"src":"usmin","kind":"Mine Dump","name":"","topo":"Columbia SE 1948","url":"https://mrdata.usgs.gov/usmin/show-usmin.php?type=polygon&id=10074"}},{"type":"Feature","geometry":{"type":"Polygon","coordinates":[[[-119.78646,38.30076],[-119.78637,38.30075],[-119.78614,38.30077],[-119.78593,38.30078],[-119.78584,38.30069],[-119.78579,38.30055],[-119.78578,38.30048],[-119.78585,38.3004],[-119.78599,38.30015],[-119.78617,38.29996],[-119.78622,38.29988],[-119.78623,38.29979],[-119.7863,38.29974],[-119.78644,38.29968],[-119.78647,38.29955],[-119.78652,38.29941],[-119.78654,38.29929],[-119.7866,38.2992],[-119.78673,38.29913],[-119.78693,38.29908],[-119.78718,38.29911],[-119.7876,38.29917],[-119.78774,38.29917],[-119.78795,38.29913],[-119.78809,38.29907],[-119.78821,38.29902],[-119.78833,38.29899],[-119.78846,38.299],[-119.78873,38.29899],[-119.78876,38.29894],[-119.78881,38.29885],[-119.78889,38.29861],[-119.78902,38.29844],[-119.78908,38.29826],[-119.78907,38.29813],[-119.78905,38.29801],[-119.78908,38.29791],[-119.78918,38.29784],[-119.78927,38.29778],[-119.78944,38.29775],[-119.78982,38.29765],[-119.79001,38.29759],[-119.79021,38.29758],[-119.79042,38.29757],[-119.79057,38.29757],[-119.79077,38.29764],[-119.79081,38.29767],[-119.79087,38.29772],[-119.79087,38.2978],[-119.79085,38.29786],[-119.79076,38.2979],[-119.79052,38.29797],[-119.79027,38.29805],[-119.79003,38.29812],[-119.78993,38.29817],[-119.78989,38.29828],[-119.78982,38.29839],[-119.78961,38.2985],[-119.78945,38.29862],[-119.78936,38.29879],[-119.78938,38.29887],[-119.78946,38.29895],[-119.78951,38.29912],[-119.78964,38.29928],[-119.78969,38.29948],[-119.78966,38.29961],[-119.78955,38.29974],[-119.78931,38.2999],[-119.78907,38.30005],[-119.78889,38.30018],[-119.78881,38.3002],[-119.78866,38.3002],[-119.78851,38.30011],[-119.78834,38.30007],[-119.78819,38.29997],[-119.78797,38.29995],[-119.7876,38.29988],[-119.78737,38.29984],[-119.78722,38.29978],[-119.78718,38.29973],[-119.78713,38.29972],[-119.78712,38.29976],[-119.78707,38.29989],[-119.78705,38.30001],[-119.78707,38.30009],[-119.7871,38.30018],[-119.7871,38.30027],[-119.78713,38.30038],[-119.78725,38.30048],[-119.78742,38.30051],[-119.78749,38.30056],[-119.78759,38.3006],[-119.78773,38.3006],[-119.78801,38.3006],[-119.78807,38.30061],[-119.7882,38.30062],[-119.78825,38.30062],[-119.7883,38.30062],[-119.78833,38.30065],[-119.78833,38.30067],[-119.78832,38.30071],[-119.78814,38.30084],[-119.78794,38.30096],[-119.78766,38.30102],[-119.78744,38.30107],[-119.78717,38.3011],[-119.78698,38.30111],[-119.78678,38.30108],[-119.7867,38.30097],[-119.78659,38.30086],[-119.78646,38.30076]]]},"properties":{"src":"usmin","kind":"Open Pit Mine","name":"","topo":"Dardanelle 2001","url":"https://mrdata.usgs.gov/usmin/show-usmin.php?type=polygon&id=10432"}},{"type":"Feature","geometry":{"type":"Polygon","coordinates":[[[-120.42714,38.06685],[-120.42693,38.06683],[-120.42671,38.06684],[-120.42646,38.06683],[-120.42614,38.06679],[-120.42571,38.0667],[-120.42546,38.06663],[-120.42496,38.06654],[-120.42477,38.06654],[-120.42462,38.06657],[-120.42451,38.0666],[-120.42428,38.06664],[-120.42411,38.06669],[-120.42409,38.06669],[-120.42386,38.0668],[-120.42378,38.06688],[-120.42372,38.06705],[-120.42357,38.06713],[-120.42342,38.06719],[-120.42327,38.06721],[-120.42326,38.06719],[-120.42312,38.06706],[-120.42297,38.06705],[-120.42276,38.06703],[-120.42275,38.06703],[-120.42264,38.06698],[-120.42235,38.06686],[-120.4223,38.06682],[-120.42219,38.06673],[-120.42208,38.06658],[-120.42202,38.06648],[-120.422,38.06633],[-120.422,38.06615],[-120.42194,38.06589],[-120.42203,38.0658],[-120.42209,38.06572],[-120.4222,38.06568],[-120.42246,38.06576],[-120.42251,38.0658],[-120.42258,38.06586],[-120.4226,38.06586],[-120.42278,38.06585],[-120.42285,38.0658],[-120.42298,38.0657],[-120.42305,38.06565],[-120.4231,38.06551],[-120.42313,38.0654],[-120.42309,38.06513],[-120.42309,38.06505],[-120.4232,38.06494],[-120.42322,38.06492],[-120.42353,38.06499],[-120.42364,38.06503],[-120.4237,38.06506],[-120.4239,38.06516],[-120.42424,38.06528],[-120.42439,38.0653],[-120.42455,38.06536],[-120.42474,38.06547],[-120.4248,38.06563],[-120.42477,38.06587],[-120.42485,38.06586],[-120.42494,38.06572],[-120.42495,38.06559],[-120.42506,38.06542],[-120.42527,38.06546],[-120.42543,38.06551],[-120.42553,38.06555],[-120.42567,38.0656],[-120.42568,38.06561],[-120.42596,38.06572],[-120.42603,38.06583],[-120.42614,38.06577],[-120.42624,38.06566],[-120.42644,38.06562],[-120.42651,38.0656],[-120.42677,38.06559],[-120.42685,38.06563],[-120.42699,38.0657],[-120.42714,38.06567],[-120.42717,38.06567],[-120.42731,38.0657],[-120.42746,38.06578],[-120.42759,38.06585],[-120.42779,38.06595],[-120.42782,38.06596],[-120.42802,38.06602],[-120.42815,38.06617],[-120.42831,38.06627],[-120.42851,38.0664],[-120.42855,38.06659],[-120.42855,38.06663],[-120.42857,38.06681],[-120.42868,38.06699],[-120.42875,38.06706],[-120.42888,38.0672],[-120.42903,38.06741],[-120.42906,38.06764],[-120.42898,38.06781],[-120.42886,38.06799],[-120.42867,38.06809],[-120.4285,38.06813],[-120.42843,38.06814],[-120.4283,38.0682],[-120.42815,38.06826],[-120.42786,38.06834],[-120.42758,38.06827],[-120.42757,38.06826],[-120.42743,38.06811],[-120.42738,38.06792],[-120.42741,38.06784],[-120.42751,38.0676],[-120.42767,38.06744],[-120.42778,38.06737],[-120.42783,38.06732],[-120.42782,38.0672],[-120.42771,38.06711],[-120.42766,38.06708],[-120.42756,38.067],[-120.42753,38.06698],[-120.42737,38.06688],[-120.42714,38.06685]]]},"properties":{"src":"usmin","kind":"Quarry","name":"Marble Quarries","topo":"Columbia 1973","url":"https://mrdata.usgs.gov/usmin/show-usmin.php?type=polygon&id=10697"}},{"type":"Feature","geometry":{"type":"Polygon","coordinates":[[[-120.41776,38.07034],[-120.4176,38.07013],[-120.41745,38.0699],[-120.41739,38.06969],[-120.41737,38.06945],[-120.41742,38.06937],[-120.41751,38.06927],[-120.41759,38.06912],[-120.41764,38.06896],[-120.41757,38.06884],[-120.41749,38.06876],[-120.41734,38.06874],[-120.41719,38.06866],[-120.41702,38.06853],[-120.41692,38.06837],[-120.41672,38.06817],[-120.41655,38.06807],[-120.41633,38.06802],[-120.41603,38.0679],[-120.41581,38.06776],[-120.41567,38.06769],[-120.41548,38.06759],[-120.41535,38.06748],[-120.41527,38.06735],[-120.41519,38.06723],[-120.41512,38.06719],[-120.41489,38.06715],[-120.41471,38.0671],[-120.41463,38.06699],[-120.41455,38.06686],[-120.41454,38.06667],[-120.41449,38.06647],[-120.4145,38.06631],[-120.41447,38.06617],[-120.41447,38.06598],[-120.41447,38.06589],[-120.41447,38.06578],[-120.41451,38.06562],[-120.4146,38.0655],[-120.4147,38.06535],[-120.41484,38.0652],[-120.41494,38.065],[-120.41495,38.06488],[-120.41495,38.06477],[-120.41496,38.06461],[-120.41504,38.06445],[-120.41511,38.06434],[-120.4152,38.06415],[-120.41534,38.06411],[-120.41553,38.06419],[-120.41568,38.06428],[-120.41582,38.06439],[-120.41594,38.0645],[-120.41598,38.06464],[-120.41599,38.06484],[-120.41605,38.06503],[-120.41618,38.0651],[-120.41636,38.06515],[-120.41648,38.06518],[-120.41667,38.06524],[-120.41681,38.0653],[-120.4171,38.06533],[-120.41753,38.06532],[-120.41798,38.06532],[-120.41852,38.06535],[-120.41866,38.06536],[-120.41877,38.0654],[-120.41898,38.06546],[-120.41918,38.06557],[-120.41951,38.06574],[-120.41981,38.06594],[-120.42,38.0661],[-120.42005,38.06622],[-120.42008,38.06634],[-120.42005,38.06655],[-120.41997,38.0667],[-120.41989,38.06683],[-120.41983,38.06694],[-120.41978,38.06713],[-120.41958,38.06748],[-120.41951,38.06766],[-120.41957,38.0678],[-120.41964,38.06783],[-120.41969,38.06781],[-120.41973,38.06778],[-120.41978,38.06768],[-120.41982,38.06755],[-120.4199,38.06743],[-120.42,38.0674],[-120.42011,38.06741],[-120.42036,38.0674],[-120.42041,38.06747],[-120.42038,38.06768],[-120.42042,38.06787],[-120.42047,38.0679],[-120.42057,38.06793],[-120.42072,38.06794],[-120.42087,38.0679],[-120.4211,38.06786],[-120.42137,38.0678],[-120.42196,38.0677],[-120.42251,38.06761],[-120.42271,38.06739],[-120.42279,38.0672],[-120.42279,38.06709],[-120.42276,38.06703],[-120.42274,38.06697],[-120.42268,38.06693],[-120.42259,38.06688],[-120.42246,38.06688],[-120.4223,38.06682],[-120.42216,38.06677],[-120.42202,38.06671],[-120.42192,38.06662],[-120.42189,38.06647],[-120.4219,38.06623],[-120.42187,38.06602],[-120.42195,38.06582],[-120.42203,38.0658],[-120.42214,38.06575],[-120.42229,38.06573],[-120.42251,38.0658],[-120.42251,38.0658],[-120.4226,38.06586],[-120.42266,38.0659],[-120.42275,38.0659],[-120.42299,38.06589],[-120.42301,38.06584],[-120.42298,38.0657],[-120.42298,38.06567],[-120.42294,38.06547],[-120.42291,38.06535],[-120.42295,38.06518],[-120.42299,38.0651],[-120.42306,38.06497],[-120.42319,38.06494],[-120.4232,38.06494],[-120.42345,38.065],[-120.42368,38.06505],[-120.4237,38.06506],[-120.42399,38.06515],[-120.42419,38.06521],[-120.42441,38.06526],[-120.42456,38.06528],[-120.4247,38.06535],[-120.4249,38.06535],[-120.42508,38.06537],[-120.42529,38.06545],[-120.42543,38.06551],[-120.42544,38.06552],[-120.42562,38.0656],[-120.42567,38.0656],[-120.42584,38.06561],[-120.42606,38.0656],[-120.42621,38.06558],[-120.42644,38.06562],[-120.42656,38.06564],[-120.42685,38.06563],[-120.42695,38.06563],[-120.4271,38.06566],[-120.42714,38.06567],[-120.4273,38.06572],[-120.42746,38.06578],[-120.42752,38.0658],[-120.42779,38.0659],[-120.42782,38.06596],[-120.42787,38.06602],[-120.42796,38.06608],[-120.42811,38.06618],[-120.42826,38.06628],[-120.42838,38.06634],[-120.42848,38.06647],[-120.42855,38.06663],[-120.42855,38.06663],[-120.42861,38.06678],[-120.42871,38.06691],[-120.42874,38.06705],[-120.42875,38.06706],[-120.42881,38.06725],[-120.42886,38.06743],[-120.42896,38.06768],[-120.42885,38.06789],[-120.42873,38.06803],[-120.42856,38.0681],[-120.4285,38.06813],[-120.42834,38.06819],[-120.4283,38.0682],[-120.42809,38.06826],[-120.4278,38.0683],[-120.42757,38.06826],[-120.42751,38.06825],[-120.42734,38.06816],[-120.42732,38.068],[-120.42729,38.06786],[-120.4273,38.06769],[-120.42742,38.06757],[-120.42757,38.06745],[-120.42769,38.0673],[-120.42772,38.06722],[-120.42771,38.06711],[-120.42771,38.06711],[-120.42763,38.06703],[-120.42756,38.067],[-120.42746,38.06697],[-120.42719,38.06687],[-120.4268,38.06685],[-120.42657,38.06683],[-120.42612,38.06681],[-120.42566,38.06673],[-120.42552,38.06668],[-120.4254,38.06665],[-120.42524,38.06661],[-120.42515,38.06659],[-120.42499,38.06659],[-120.42484,38.06658],[-120.42469,38.06657],[-120.42462,38.06657],[-120.42455,38.06657],[-120.42443,38.06657],[-120.4243,38.06657],[-120.42411,38.06659],[-120.42405,38.06665],[-120.42411,38.06669],[-120.42413,38.0667],[-120.42426,38.06679],[-120.42445,38.0669],[-120.42459,38.06699],[-120.4248,38.06709],[-120.42485,38.06722],[-120.42507,38.06733],[-120.42516,38.06745],[-120.42493,38.06753],[-120.42398,38.06781],[-120.42392,38.06787],[-120.42391,38.06793],[-120.42388,38.06812],[-120.42382,38.06852],[-120.42378,38.06874],[-120.4237,38.06895],[-120.42354,38.06913],[-120.4234,38.06932],[-120.42327,38.06944],[-120.42316,38.06953],[-120.42297,38.06965],[-120.42278,38.06975],[-120.42263,38.06985],[-120.42231,38.06998],[-120.4222,38.07004],[-120.42205,38.07013],[-120.42188,38.07019],[-120.42171,38.07026],[-120.42158,38.07031],[-120.42149,38.07038],[-120.42137,38.07043],[-120.42123,38.07044],[-120.42114,38.07043],[-120.42104,38.0704],[-120.42091,38.07037],[-120.42078,38.07031],[-120.42064,38.07027],[-120.42053,38.07028],[-120.42038,38.0703],[-120.42018,38.07035],[-120.41998,38.07039],[-120.41982,38.07043],[-120.41973,38.07045],[-120.41965,38.0705],[-120.41957,38.07059],[-120.41952,38.07066],[-120.41941,38.07077],[-120.41931,38.07086],[-120.41933,38.07095],[-120.41934,38.07104],[-120.41927,38.07109],[-120.41924,38.07113],[-120.41905,38.07114],[-120.41892,38.07113],[-120.41879,38.07112],[-120.4186,38.07108],[-120.41854,38.07096],[-120.41847,38.07088],[-120.41841,38.07078],[-120.41832,38.07068],[-120.4182,38.0706],[-120.41806,38.07055],[-120.41791,38.07047],[-120.41776,38.07034]]]},"properties":{"src":"usmin","kind":"Quarry","name":"Marble Quarries","topo":"Columbia 2001","url":"https://mrdata.usgs.gov/usmin/show-usmin.php?type=polygon&id=10698"}},{"type":"Feature","geometry":{"type":"Polygon","coordinates":[[[-119.94476,37.84021],[-119.94447,37.84007],[-119.94442,37.83999],[-119.94431,37.83993],[-119.94433,37.83985],[-119.94436,37.83976],[-119.94439,37.83969],[-119.94448,37.83964],[-119.94454,37.83956],[-119.94462,37.83952],[-119.94472,37.83949],[-119.9449,37.83948],[-119.94494,37.83946],[-119.94502,37.83943],[-119.94513,37.83938],[-119.94521,37.83929],[-119.94532,37.83924],[-119.94542,37.83918],[-119.94549,37.83909],[-119.94558,37.83904],[-119.94559,37.83896],[-119.9456,37.8388],[-119.94561,37.83854],[-119.94564,37.83849],[-119.94584,37.83842],[-119.94594,37.8384],[-119.94601,37.83832],[-119.94608,37.83828],[-119.9462,37.83826],[-119.94628,37.83827],[-119.94634,37.8383],[-119.94637,37.8384],[-119.94643,37.83848],[-119.94654,37.83854],[-119.94663,37.83865],[-119.94668,37.8388],[-119.94668,37.8388],[-119.94671,37.83891],[-119.94671,37.83902],[-119.94667,37.8391],[-119.94655,37.83919],[-119.94646,37.83924],[-119.94639,37.83926],[-119.94629,37.83925],[-119.94613,37.83925],[-119.94609,37.83929],[-119.94607,37.83932],[-119.94605,37.83934],[-119.94604,37.83939],[-119.94605,37.83952],[-119.94612,37.83957],[-119.94618,37.83964],[-119.94625,37.83968],[-119.94629,37.83972],[-119.94635,37.83975],[-119.94649,37.8399],[-119.94657,37.83993],[-119.94665,37.84],[-119.94664,37.84009],[-119.94657,37.84012],[-119.94648,37.84014],[-119.94635,37.84011],[-119.9463,37.84007],[-119.9462,37.84001],[-119.94613,37.83996],[-119.94608,37.83991],[-119.94602,37.83991],[-119.9459,37.83991],[-119.94577,37.83992],[-119.94564,37.83993],[-119.94553,37.83995],[-119.94536,37.83997],[-119.94526,37.84001],[-119.94521,37.84006],[-119.94517,37.84012],[-119.94511,37.84021],[-119.94503,37.8402],[-119.94492,37.84021],[-119.94476,37.84021]]]},"properties":{"src":"usmin","kind":"Quarry","name":"Sawmill Quarry","topo":"Ascension Mountain 2001","url":"https://mrdata.usgs.gov/usmin/show-usmin.php?type=polygon&id=10699"}},{"type":"Feature","geometry":{"type":"Polygon","coordinates":[[[-120.54197,37.94244],[-120.54171,37.94235],[-120.54086,37.94241],[-120.54046,37.94244],[-120.54007,37.94242],[-120.53969,37.94232],[-120.53949,37.94227],[-120.53899,37.94201],[-120.53872,37.94161],[-120.53867,37.94109],[-120.53887,37.94055],[-120.53916,37.94005],[-120.53988,37.9393],[-120.54049,37.93847],[-120.54118,37.93747],[-120.54147,37.93694],[-120.54168,37.93656],[-120.54186,37.9361],[-120.54191,37.93581],[-120.54184,37.9353],[-120.54157,37.93484],[-120.54139,37.93439],[-120.5413,37.93413],[-120.54142,37.93378],[-120.54168,37.93325],[-120.54198,37.93286],[-120.54202,37.93259],[-120.54195,37.93238],[-120.54172,37.93198],[-120.54151,37.93146],[-120.54092,37.93084],[-120.54078,37.93068],[-120.5406,37.93036],[-120.54059,37.93021],[-120.54068,37.92993],[-120.54083,37.92964],[-120.541,37.92941],[-120.54121,37.9292],[-120.54148,37.9291],[-120.54193,37.92903],[-120.54242,37.92912],[-120.54293,37.92934],[-120.54337,37.92927],[-120.5437,37.92927],[-120.54404,37.92932],[-120.54417,37.92934],[-120.5444,37.92937],[-120.54461,37.92941],[-120.54473,37.92941],[-120.54485,37.92935],[-120.54496,37.92921],[-120.545,37.92897],[-120.54505,37.92864],[-120.54514,37.9284],[-120.54519,37.92811],[-120.54522,37.92788],[-120.54537,37.92768],[-120.5457,37.92747],[-120.54622,37.92736],[-120.5468,37.92736],[-120.54722,37.92736],[-120.54749,37.92756],[-120.54767,37.92777],[-120.54783,37.92816],[-120.54778,37.92851],[-120.54776,37.9287],[-120.54796,37.92906],[-120.54832,37.92933],[-120.54875,37.92952],[-120.54923,37.92963],[-120.54957,37.92973],[-120.54993,37.92995],[-120.55014,37.93012],[-120.5502,37.93027],[-120.55024,37.93049],[-120.55021,37.93081],[-120.55013,37.93134],[-120.54999,37.93165],[-120.54994,37.93193],[-120.54999,37.93219],[-120.55012,37.93246],[-120.55016,37.93294],[-120.55011,37.93373],[-120.55006,37.93416],[-120.55008,37.9344],[-120.55024,37.93473],[-120.55038,37.93508],[-120.55052,37.93555],[-120.55047,37.93597],[-120.5503,37.93627],[-120.55028,37.9366],[-120.55035,37.93705],[-120.55044,37.93737],[-120.55072,37.93759],[-120.5511,37.9379],[-120.55135,37.93838],[-120.55184,37.93895],[-120.55233,37.93908],[-120.55275,37.93919],[-120.55328,37.93948],[-120.55341,37.93965],[-120.55349,37.93993],[-120.55319,37.94032],[-120.55304,37.94053],[-120.55291,37.94082],[-120.55279,37.94102],[-120.55267,37.94103],[-120.5526,37.94101],[-120.55255,37.94098],[-120.55251,37.94099],[-120.55194,37.94155],[-120.55133,37.94223],[-120.55068,37.943],[-120.55053,37.94337],[-120.55055,37.9437],[-120.55078,37.94419],[-120.55103,37.94453],[-120.55128,37.945],[-120.55127,37.94526],[-120.55104,37.94548],[-120.55055,37.94579],[-120.55015,37.94611],[-120.54967,37.94619],[-120.54887,37.94621],[-120.54743,37.94615],[-120.54612,37.94607],[-120.54525,37.94581],[-120.54462,37.94525],[-120.544,37.94473],[-120.54375,37.94449],[-120.54333,37.94431],[-120.54303,37.94421],[-120.54257,37.94394],[-120.54239,37.94372],[-120.54234,37.94335],[-120.54221,37.94287],[-120.54211,37.94263],[-120.54197,37.94244]]]},"properties":{"src":"usmin","kind":"Strip Mine","name":"","topo":"New Melones Dam 1987","url":"https://mrdata.usgs.gov/usmin/show-usmin.php?type=polygon&id=11857"}},{"type":"Feature","geometry":{"type":"Polygon","coordinates":[[[-120.26176,37.98985],[-120.26205,37.98978],[-120.26208,37.98983],[-120.2621,37.98994],[-120.26215,37.99025],[-120.26216,37.99039],[-120.2621,37.99042],[-120.26202,37.99043],[-120.26193,37.99048],[-120.2618,37.99049],[-120.26168,37.9905],[-120.26157,37.99042],[-120.26161,37.9902],[-120.26162,37.99001],[-120.2617,37.98988],[-120.26176,37.98985]]]},"properties":{"src":"usmin","kind":"Tailings - Undifferentiated","name":"Soulsby Mine","topo":"Standard 1948","url":"https://mrdata.usgs.gov/usmin/show-usmin.php?type=polygon&id=13804"}},{"type":"Feature","geometry":{"type":"Polygon","coordinates":[[[-120.22825,37.96353],[-120.22845,37.96348],[-120.22848,37.96352],[-120.22855,37.96362],[-120.22858,37.96371],[-120.22858,37.96383],[-120.22858,37.96393],[-120.2285,37.96401],[-120.2284,37.96401],[-120.22827,37.96395],[-120.22821,37.9639],[-120.22818,37.9638],[-120.22813,37.96369],[-120.22818,37.9636],[-120.22825,37.96353]]]},"properties":{"src":"usmin","kind":"Tailings - Undifferentiated","name":"","topo":"Tuolumne 1948","url":"https://mrdata.usgs.gov/usmin/show-usmin.php?type=polygon&id=13818"}},{"type":"Feature","geometry":{"type":"Polygon","coordinates":[[[-120.19331,37.91435],[-120.19335,37.91429],[-120.1935,37.91429],[-120.19364,37.91435],[-120.19374,37.91442],[-120.19375,37.91448],[-120.19366,37.91455],[-120.19366,37.91465],[-120.19356,37.91472],[-120.19339,37.91473],[-120.19309,37.91469],[-120.19302,37.91462],[-120.19303,37.91454],[-120.19312,37.91445],[-120.19319,37.91443],[-120.19324,37.91443],[-120.19331,37.91435]]]},"properties":{"src":"usmin","kind":"Tailings - Undifferentiated","name":"","topo":"Tuolumne 1948","url":"https://mrdata.usgs.gov/usmin/show-usmin.php?type=polygon&id=13819"}},{"type":"Feature","geometry":{"type":"Polygon","coordinates":[[[-120.21559,37.94541],[-120.21566,37.94538],[-120.21571,37.94538],[-120.21578,37.94543],[-120.21575,37.94554],[-120.21565,37.94573],[-120.21556,37.94586],[-120.21544,37.94588],[-120.21535,37.9459],[-120.21531,37.94595],[-120.21529,37.94599],[-120.21522,37.94599],[-120.21519,37.94598],[-120.21516,37.94593],[-120.21521,37.94583],[-120.21523,37.94576],[-120.21531,37.94566],[-120.21542,37.94556],[-120.21551,37.9455],[-120.21559,37.94541]]]},"properties":{"src":"usmin","kind":"Tailings - Undifferentiated","name":"","topo":"Tuolumne 1948","url":"https://mrdata.usgs.gov/usmin/show-usmin.php?type=polygon&id=13820"}},{"type":"Feature","geometry":{"type":"Polygon","coordinates":[[[-120.24286,37.97604],[-120.2429,37.97602],[-120.24313,37.97612],[-120.24352,37.97631],[-120.24365,37.9764],[-120.2437,37.97644],[-120.24381,37.97646],[-120.244,37.9765],[-120.24407,37.97662],[-120.24407,37.97674],[-120.24386,37.9769],[-120.24376,37.97699],[-120.24355,37.97705],[-120.24338,37.97712],[-120.24321,37.9771],[-120.24313,37.97697],[-120.24305,37.9769],[-120.24304,37.97679],[-120.24306,37.97678],[-120.2431,37.97674],[-120.24318,37.97668],[-120.24317,37.97657],[-120.24301,37.97645],[-120.24291,37.97636],[-120.24288,37.97628],[-120.24281,37.97612],[-120.24285,37.97604],[-120.24286,37.97604]]]},"properties":{"src":"usmin","kind":"Tailings - Undifferentiated","name":"","topo":"Tuolumne 1948","url":"https://mrdata.usgs.gov/usmin/show-usmin.php?type=polygon&id=13773"}},{"type":"Feature","geometry":{"type":"Polygon","coordinates":[[[-120.26699,37.97998],[-120.26712,37.97993],[-120.26728,37.97994],[-120.26735,37.98003],[-120.26734,37.98018],[-120.26731,37.98031],[-120.2673,37.98039],[-120.26722,37.9804],[-120.26712,37.98036],[-120.26704,37.98032],[-120.26703,37.98029],[-120.26699,37.98019],[-120.26697,37.98006],[-120.26699,37.97998]]]},"properties":{"src":"usmin","kind":"Tailings - Undifferentiated","name":"","topo":"Standard 1948","url":"https://mrdata.usgs.gov/usmin/show-usmin.php?type=polygon&id=13797"}},{"type":"Feature","geometry":{"type":"Polygon","coordinates":[[[-120.2493,37.98662],[-120.24933,37.98662],[-120.24954,37.98665],[-120.24964,37.98668],[-120.24964,37.9868],[-120.24963,37.98692],[-120.24964,37.987],[-120.24965,37.98705],[-120.24963,37.98709],[-120.24958,37.9871],[-120.24953,37.98711],[-120.24943,37.98713],[-120.24927,37.98715],[-120.24921,37.98711],[-120.24917,37.98705],[-120.24916,37.98696],[-120.24914,37.98689],[-120.24915,37.98681],[-120.24915,37.98673],[-120.24919,37.98666],[-120.24925,37.98662],[-120.2493,37.98662]]]},"properties":{"src":"usmin","kind":"Tailings - Undifferentiated","name":"","topo":"Tuolumne 1948","url":"https://mrdata.usgs.gov/usmin/show-usmin.php?type=polygon&id=13798"}},{"type":"Feature","geometry":{"type":"Polygon","coordinates":[[[-120.21139,37.94298],[-120.21146,37.94296],[-120.21152,37.94299],[-120.21154,37.94305],[-120.21157,37.94311],[-120.21165,37.94314],[-120.2117,37.9432],[-120.21171,37.94324],[-120.21175,37.94328],[-120.2118,37.9433],[-120.2118,37.94335],[-120.21181,37.9434],[-120.21179,37.94344],[-120.2115,37.94346],[-120.21136,37.94347],[-120.2112,37.94345],[-120.21107,37.94343],[-120.21103,37.94335],[-120.21107,37.94325],[-120.21114,37.94317],[-120.21128,37.9431],[-120.21139,37.94298]]]},"properties":{"src":"usmin","kind":"Tailings - Undifferentiated","name":"","topo":"Tuolumne 1948","url":"https://mrdata.usgs.gov/usmin/show-usmin.php?type=polygon&id=13799"}},{"type":"Feature","geometry":{"type":"Polygon","coordinates":[[[-120.4177,37.91303],[-120.41777,37.913],[-120.41797,37.91302],[-120.41802,37.91307],[-120.41805,37.91313],[-120.41811,37.91318],[-120.41812,37.91324],[-120.41807,37.9133],[-120.41808,37.91335],[-120.41808,37.91343],[-120.41804,37.91348],[-120.41795,37.91348],[-120.41792,37.91352],[-120.41782,37.91355],[-120.41775,37.91353],[-120.41767,37.91347],[-120.41764,37.91336],[-120.41764,37.91324],[-120.41764,37.9131],[-120.4177,37.91303]]]},"properties":{"src":"usmin","kind":"Tailings - Undifferentiated","name":"","topo":"Sonora 1948","url":"https://mrdata.usgs.gov/usmin/show-usmin.php?type=polygon&id=13754"}},{"type":"Feature","geometry":{"type":"Polygon","coordinates":[[[-120.26549,37.98104],[-120.26553,37.98103],[-120.26575,37.98106],[-120.26603,37.98116],[-120.26604,37.98123],[-120.26604,37.98128],[-120.2661,37.98132],[-120.2661,37.98138],[-120.26609,37.98143],[-120.26595,37.98144],[-120.26579,37.9814],[-120.26565,37.98134],[-120.26556,37.98131],[-120.26547,37.9812],[-120.26547,37.98112],[-120.26549,37.98104]]]},"properties":{"src":"usmin","kind":"Tailings - Undifferentiated","name":"","topo":"Standard 1948","url":"https://mrdata.usgs.gov/usmin/show-usmin.php?type=polygon&id=13755"}},{"type":"Feature","geometry":{"type":"Polygon","coordinates":[[[-120.29532,37.8059],[-120.29516,37.8058],[-120.29504,37.80582],[-120.29488,37.80577],[-120.29474,37.80574],[-120.29459,37.80564],[-120.29443,37.80554],[-120.29423,37.80548],[-120.29403,37.80543],[-120.29394,37.80544],[-120.2939,37.80539],[-120.2939,37.8053],[-120.29373,37.80523],[-120.29346,37.80508],[-120.29335,37.80502],[-120.29321,37.80494],[-120.29312,37.80493],[-120.293,37.8049],[-120.29296,37.80483],[-120.29291,37.80476],[-120.29283,37.80477],[-120.29264,37.80471],[-120.29251,37.80461],[-120.29235,37.80455],[-120.29219,37.80447],[-120.292,37.80434],[-120.29192,37.80426],[-120.29183,37.80414],[-120.29176,37.80406],[-120.29158,37.80398],[-120.29143,37.80391],[-120.29117,37.80372],[-120.291,37.80361],[-120.29095,37.80353],[-120.29086,37.80341],[-120.29079,37.80332],[-120.29059,37.80317],[-120.29044,37.80302],[-120.29035,37.80281],[-120.29021,37.80259],[-120.29016,37.80248],[-120.29015,37.8023],[-120.29018,37.80212],[-120.29022,37.80201],[-120.2903,37.80193],[-120.29042,37.80188],[-120.29057,37.80187],[-120.29073,37.8019],[-120.29078,37.80196],[-120.29085,37.80202],[-120.29097,37.80206],[-120.29099,37.80214],[-120.29095,37.80215],[-120.29098,37.80224],[-120.29101,37.80224],[-120.29111,37.80224],[-120.29161,37.80257],[-120.29197,37.80277],[-120.29219,37.80301],[-120.29234,37.80315],[-120.29242,37.80342],[-120.29241,37.80351],[-120.29239,37.80358],[-120.29235,37.80365],[-120.29233,37.80372],[-120.29236,37.80375],[-120.29245,37.80373],[-120.2925,37.80372],[-120.2926,37.80366],[-120.29264,37.8036],[-120.29276,37.8036],[-120.29292,37.80363],[-120.29316,37.80373],[-120.29331,37.8039],[-120.29342,37.80404],[-120.29349,37.80412],[-120.29349,37.80422],[-120.29349,37.80426],[-120.29363,37.80431],[-120.29372,37.80435],[-120.29384,37.80437],[-120.29402,37.80447],[-120.29412,37.80459],[-120.29424,37.80472],[-120.29451,37.80488],[-120.29468,37.80504],[-120.2948,37.80515],[-120.29485,37.80521],[-120.29499,37.80523],[-120.29505,37.80528],[-120.29507,37.80535],[-120.29515,37.80536],[-120.29525,37.80536],[-120.29537,37.80544],[-120.29547,37.8055],[-120.29551,37.80555],[-120.29565,37.80565],[-120.29574,37.8057],[-120.29588,37.80578],[-120.29599,37.80586],[-120.29596,37.80592],[-120.29591,37.80599],[-120.29581,37.80606],[-120.29572,37.80608],[-120.29567,37.80607],[-120.29551,37.80602],[-120.29532,37.8059]]]},"properties":{"src":"usmin","kind":"Tailings - Undifferentiated","name":"","topo":"Moccasin 1948","url":"https://mrdata.usgs.gov/usmin/show-usmin.php?type=polygon&id=13756"}},{"type":"Feature","geometry":{"type":"Polygon","coordinates":[[[-120.37526,37.79719],[-120.37524,37.79709],[-120.37519,37.79709],[-120.37512,37.79708],[-120.37503,37.79701],[-120.37491,37.79691],[-120.37489,37.79686],[-120.37487,37.79682],[-120.3748,37.79685],[-120.37469,37.79685],[-120.3746,37.79682],[-120.37456,37.79675],[-120.37449,37.79675],[-120.37444,37.79675],[-120.37434,37.79671],[-120.37431,37.79663],[-120.37435,37.7966],[-120.3744,37.79657],[-120.3745,37.79654],[-120.37455,37.79651],[-120.37456,37.79647],[-120.37456,37.79646],[-120.37467,37.7964],[-120.3748,37.79633],[-120.37496,37.79634],[-120.37511,37.79631],[-120.37515,37.79628],[-120.37526,37.79624],[-120.37529,37.79628],[-120.37533,37.7963],[-120.37537,37.7963],[-120.37538,37.79627],[-120.37541,37.79622],[-120.3755,37.79619],[-120.37557,37.79619],[-120.37562,37.79622],[-120.37564,37.79618],[-120.37566,37.79613],[-120.37577,37.79607],[-120.37602,37.79608],[-120.37603,37.79608],[-120.37608,37.79614],[-120.37612,37.79618],[-120.37618,37.79624],[-120.37623,37.79633],[-120.37628,37.79647],[-120.37627,37.79651],[-120.37628,37.79659],[-120.37628,37.7966],[-120.37635,37.79662],[-120.3764,37.79668],[-120.37642,37.79675],[-120.3764,37.79688],[-120.3764,37.79689],[-120.37638,37.79695],[-120.37636,37.797],[-120.37632,37.79708],[-120.37625,37.79715],[-120.37619,37.79723],[-120.37608,37.79731],[-120.376,37.79735],[-120.3759,37.7974],[-120.37581,37.79751],[-120.37579,37.79761],[-120.37575,37.79776],[-120.37571,37.79785],[-120.37566,37.79793],[-120.37558,37.79792],[-120.3755,37.79787],[-120.37547,37.79776],[-120.37546,37.79753],[-120.37544,37.79742],[-120.37538,37.7974],[-120.37531,37.79739],[-120.37526,37.79733],[-120.37526,37.79719]]]},"properties":{"src":"usmin","kind":"Tailings - Undifferentiated","name":"","topo":"Moccasin 1948","url":"https://mrdata.usgs.gov/usmin/show-usmin.php?type=polygon&id=13757"}},{"type":"Feature","geometry":{"type":"Polygon","coordinates":[[[-120.36186,37.90482],[-120.36176,37.90478],[-120.36164,37.9048],[-120.36155,37.90478],[-120.3615,37.90472],[-120.3615,37.90465],[-120.36151,37.90457],[-120.36154,37.90448],[-120.36163,37.90442],[-120.36182,37.90434],[-120.36184,37.90435],[-120.36189,37.90436],[-120.36188,37.90442],[-120.3619,37.90446],[-120.36196,37.90446],[-120.36204,37.90447],[-120.3621,37.90451],[-120.36212,37.90457],[-120.36212,37.90463],[-120.36211,37.90469],[-120.36213,37.90471],[-120.36215,37.90475],[-120.36215,37.9048],[-120.36213,37.90484],[-120.36207,37.90487],[-120.362,37.90488],[-120.36195,37.90487],[-120.36192,37.90485],[-120.36186,37.90482]]]},"properties":{"src":"usmin","kind":"Tailings - Undifferentiated","name":"","topo":"Standard 1948","url":"https://mrdata.usgs.gov/usmin/show-usmin.php?type=polygon&id=13771"}},{"type":"Feature","geometry":{"type":"Polygon","coordinates":[[[-120.3584,37.83958],[-120.35808,37.83949],[-120.35765,37.83921],[-120.35735,37.83911],[-120.35705,37.83907],[-120.3568,37.83891],[-120.35657,37.83868],[-120.35631,37.83832],[-120.35611,37.83811],[-120.35603,37.83805],[-120.35596,37.83794],[-120.35578,37.83752],[-120.35541,37.83707],[-120.35499,37.83674],[-120.35464,37.83631],[-120.35462,37.83623],[-120.35467,37.83621],[-120.35475,37.83624],[-120.35484,37.83636],[-120.35531,37.83681],[-120.35571,37.83718],[-120.35604,37.83748],[-120.35626,37.83768],[-120.35631,37.83779],[-120.35637,37.83789],[-120.35645,37.83794],[-120.35664,37.83815],[-120.3567,37.83823],[-120.35673,37.8383],[-120.35678,37.83835],[-120.35685,37.83835],[-120.35695,37.8384],[-120.35705,37.83853],[-120.35715,37.83862],[-120.35722,37.83862],[-120.35736,37.83867],[-120.35762,37.83891],[-120.3577,37.83897],[-120.35798,37.83902],[-120.35849,37.83924],[-120.35867,37.83936],[-120.35872,37.83934],[-120.35885,37.8393],[-120.35895,37.83933],[-120.35906,37.8393],[-120.35918,37.83938],[-120.35935,37.83939],[-120.35949,37.83939],[-120.35956,37.83943],[-120.35987,37.83934],[-120.3602,37.83937],[-120.36037,37.83941],[-120.36038,37.83946],[-120.36038,37.83953],[-120.36027,37.83954],[-120.36004,37.83953],[-120.35986,37.83955],[-120.35965,37.83961],[-120.35943,37.83978],[-120.35926,37.83984],[-120.35911,37.83985],[-120.35889,37.83978],[-120.35871,37.83964],[-120.35851,37.8396],[-120.3584,37.83958]]]},"properties":{"src":"usmin","kind":"Tailings - Undifferentiated","name":"","topo":"Moccasin 1948","url":"https://mrdata.usgs.gov/usmin/show-usmin.php?type=polygon&id=13758"}},{"type":"Feature","geometry":{"type":"Polygon","coordinates":[[[-120.41843,37.9205],[-120.41843,37.92042],[-120.41847,37.92038],[-120.41844,37.92032],[-120.41843,37.92025],[-120.41847,37.92019],[-120.41852,37.92016],[-120.41867,37.92017],[-120.41872,37.92019],[-120.41883,37.92017],[-120.41891,37.92018],[-120.41895,37.92015],[-120.419,37.92012],[-120.41913,37.92011],[-120.41921,37.92014],[-120.41929,37.92014],[-120.41939,37.92018],[-120.41943,37.92023],[-120.41945,37.92031],[-120.41945,37.92039],[-120.41941,37.92047],[-120.41939,37.92052],[-120.41939,37.92055],[-120.41934,37.92058],[-120.41918,37.92053],[-120.41904,37.9205],[-120.41893,37.9205],[-120.41881,37.92056],[-120.41874,37.92063],[-120.41859,37.92069],[-120.41854,37.92065],[-120.41853,37.9206],[-120.41846,37.92055],[-120.41843,37.9205]]]},"properties":{"src":"usmin","kind":"Tailings - Undifferentiated","name":"","topo":"Sonora 1948","url":"https://mrdata.usgs.gov/usmin/show-usmin.php?type=polygon&id=13759"}},{"type":"Feature","geometry":{"type":"Polygon","coordinates":[[[-120.24932,37.98654],[-120.24943,37.98653],[-120.24954,37.98654],[-120.24962,37.98656],[-120.24966,37.98663],[-120.2497,37.98676],[-120.24973,37.98694],[-120.24964,37.987],[-120.24959,37.987],[-120.24946,37.98698],[-120.24939,37.98693],[-120.24934,37.98682],[-120.2493,37.98662],[-120.24932,37.98654]]]},"properties":{"src":"usmin","kind":"Tailings - Undifferentiated","name":"","topo":"Tuolumne 2001","url":"https://mrdata.usgs.gov/usmin/show-usmin.php?type=polygon&id=13760"}},{"type":"Feature","geometry":{"type":"Polygon","coordinates":[[[-120.2417,37.97698],[-120.24161,37.9769],[-120.24149,37.97673],[-120.24146,37.97659],[-120.24149,37.97651],[-120.24161,37.97651],[-120.24163,37.97651],[-120.2417,37.97654],[-120.24183,37.97657],[-120.24189,37.97655],[-120.2419,37.97651],[-120.24191,37.97646],[-120.24202,37.97639],[-120.24207,37.97629],[-120.24206,37.9762],[-120.24192,37.97606],[-120.2419,37.97596],[-120.24194,37.97583],[-120.24216,37.97581],[-120.24226,37.97587],[-120.24235,37.97592],[-120.24242,37.97602],[-120.24243,37.97605],[-120.24248,37.97622],[-120.24258,37.9763],[-120.24269,37.97633],[-120.24269,37.97634],[-120.24279,37.97641],[-120.2429,37.97651],[-120.2429,37.97661],[-120.24287,37.97663],[-120.24282,37.97665],[-120.24279,37.97665],[-120.24266,37.97664],[-120.24262,37.97664],[-120.24247,37.97665],[-120.24238,37.97671],[-120.24233,37.97677],[-120.24232,37.97679],[-120.24228,37.97688],[-120.2422,37.97695],[-120.24208,37.97696],[-120.24196,37.97693],[-120.24179,37.97691],[-120.2417,37.97698]]]},"properties":{"src":"usmin","kind":"Tailings - Undifferentiated","name":"","topo":"Tuolumne 1948","url":"https://mrdata.usgs.gov/usmin/show-usmin.php?type=polygon&id=13761"}},{"type":"Feature","geometry":{"type":"Polygon","coordinates":[[[-120.36949,37.92836],[-120.36926,37.92833],[-120.36905,37.92826],[-120.36891,37.92816],[-120.3689,37.9281],[-120.36895,37.928],[-120.36895,37.92794],[-120.36901,37.92785],[-120.36926,37.92785],[-120.36952,37.92789],[-120.36971,37.92795],[-120.37,37.92799],[-120.37029,37.928],[-120.37054,37.92798],[-120.37063,37.92794],[-120.37085,37.92794],[-120.3711,37.928],[-120.37132,37.92808],[-120.37137,37.92811],[-120.37138,37.92814],[-120.37135,37.9282],[-120.37123,37.92822],[-120.37104,37.92822],[-120.37086,37.92826],[-120.37079,37.92832],[-120.37072,37.92836],[-120.37047,37.92835],[-120.3702,37.92834],[-120.36978,37.92838],[-120.36963,37.92838],[-120.36949,37.92836]]]},"properties":{"src":"usmin","kind":"Tailings - Undifferentiated","name":"","topo":"Standard 1948","url":"https://mrdata.usgs.gov/usmin/show-usmin.php?type=polygon&id=13762"}},{"type":"Feature","geometry":{"type":"Polygon","coordinates":[[[-120.40121,37.8646],[-120.40115,37.86457],[-120.40109,37.86457],[-120.40101,37.86453],[-120.401,37.86446],[-120.40095,37.86446],[-120.4009,37.86446],[-120.40083,37.8644],[-120.4008,37.86434],[-120.40075,37.86434],[-120.40071,37.86423],[-120.40069,37.86415],[-120.40066,37.86411],[-120.40058,37.86409],[-120.40052,37.86399],[-120.40051,37.86394],[-120.40044,37.86389],[-120.40037,37.86384],[-120.40027,37.86379],[-120.40023,37.86376],[-120.40022,37.86368],[-120.40011,37.8636],[-120.39998,37.86349],[-120.39995,37.86343],[-120.39991,37.86337],[-120.39985,37.8633],[-120.39978,37.8633],[-120.39973,37.86322],[-120.39974,37.86317],[-120.39963,37.86313],[-120.39947,37.86305],[-120.39934,37.863],[-120.39921,37.86288],[-120.39897,37.86266],[-120.39864,37.86239],[-120.39852,37.86221],[-120.39847,37.86211],[-120.39847,37.86204],[-120.39849,37.86196],[-120.39841,37.86188],[-120.39834,37.8618],[-120.39834,37.86174],[-120.39834,37.86168],[-120.3983,37.86164],[-120.39826,37.86157],[-120.39826,37.86147],[-120.39831,37.86142],[-120.39827,37.86133],[-120.39821,37.86119],[-120.39821,37.86102],[-120.39827,37.86094],[-120.3983,37.86088],[-120.39837,37.86081],[-120.39847,37.86077],[-120.39853,37.86078],[-120.39855,37.86085],[-120.39861,37.86088],[-120.39862,37.8608],[-120.39872,37.86081],[-120.39879,37.86086],[-120.39881,37.86094],[-120.39882,37.86098],[-120.39892,37.861],[-120.39896,37.86106],[-120.39891,37.86112],[-120.39888,37.86117],[-120.39889,37.8612],[-120.39894,37.86122],[-120.39897,37.86126],[-120.39896,37.86132],[-120.39894,37.86136],[-120.3989,37.86138],[-120.39887,37.86142],[-120.39896,37.86145],[-120.399,37.86149],[-120.399,37.86154],[-120.39901,37.86158],[-120.39907,37.8616],[-120.39908,37.86166],[-120.39905,37.86173],[-120.39909,37.86176],[-120.39912,37.86182],[-120.39917,37.86191],[-120.39924,37.86202],[-120.39925,37.86211],[-120.39926,37.86215],[-120.39933,37.86213],[-120.39945,37.86216],[-120.39957,37.86226],[-120.39964,37.86242],[-120.39966,37.86251],[-120.39971,37.86254],[-120.39983,37.86264],[-120.39982,37.86267],[-120.39981,37.86273],[-120.39993,37.86275],[-120.40018,37.86297],[-120.40033,37.8631],[-120.40039,37.86318],[-120.40042,37.86322],[-120.40053,37.86323],[-120.40092,37.86347],[-120.40116,37.8636],[-120.40129,37.86373],[-120.40141,37.86393],[-120.4015,37.8642],[-120.40152,37.8644],[-120.40153,37.86445],[-120.40152,37.8645],[-120.40149,37.86453],[-120.40141,37.86453],[-120.40135,37.86454],[-120.40133,37.86457],[-120.40129,37.86461],[-120.40121,37.8646]]]},"properties":{"src":"usmin","kind":"Tailings - Undifferentiated","name":"","topo":"Chinese Camp 1947","url":"https://mrdata.usgs.gov/usmin/show-usmin.php?type=polygon&id=13763"}},{"type":"Feature","geometry":{"type":"Polygon","coordinates":[[[-120.24016,37.97491],[-120.24032,37.97491],[-120.24053,37.97501],[-120.24067,37.97511],[-120.24087,37.9753],[-120.24097,37.97548],[-120.24093,37.97556],[-120.24081,37.97564],[-120.24068,37.97565],[-120.24068,37.97565],[-120.24054,37.97558],[-120.24045,37.97546],[-120.24028,37.97523],[-120.24017,37.9751],[-120.24009,37.97504],[-120.24006,37.97499],[-120.24006,37.97495],[-120.2401,37.97492],[-120.24014,37.97491],[-120.24016,37.97491]]]},"properties":{"src":"usmin","kind":"Tailings - Undifferentiated","name":"","topo":"Tuolumne 2001","url":"https://mrdata.usgs.gov/usmin/show-usmin.php?type=polygon&id=13764"}},{"type":"Feature","geometry":{"type":"Polygon","coordinates":[[[-120.40673,37.84171],[-120.40664,37.84163],[-120.40656,37.84163],[-120.40654,37.84158],[-120.40649,37.84152],[-120.4064,37.84151],[-120.40633,37.84146],[-120.40634,37.84143],[-120.40634,37.84136],[-120.40614,37.84126],[-120.40602,37.84116],[-120.40586,37.84098],[-120.40575,37.84087],[-120.40562,37.84068],[-120.40554,37.84052],[-120.40546,37.84049],[-120.40531,37.84028],[-120.40508,37.83999],[-120.40485,37.83963],[-120.40481,37.83955],[-120.40481,37.83947],[-120.40481,37.8394],[-120.40474,37.83938],[-120.40468,37.83929],[-120.40456,37.83918],[-120.40448,37.83907],[-120.40431,37.83885],[-120.4042,37.83875],[-120.40413,37.83863],[-120.40407,37.83859],[-120.40403,37.83851],[-120.40404,37.83845],[-120.40406,37.83836],[-120.40399,37.8383],[-120.404,37.83821],[-120.40406,37.83819],[-120.40409,37.83818],[-120.40418,37.83819],[-120.40424,37.83825],[-120.40435,37.83839],[-120.40462,37.83858],[-120.40481,37.83874],[-120.40502,37.83889],[-120.40522,37.83925],[-120.40533,37.83954],[-120.40536,37.83971],[-120.40555,37.83992],[-120.40615,37.8406],[-120.40654,37.84103],[-120.4069,37.84135],[-120.40718,37.84172],[-120.40741,37.84195],[-120.4076,37.84213],[-120.40764,37.84223],[-120.40765,37.8423],[-120.40763,37.84237],[-120.40757,37.84239],[-120.40748,37.84238],[-120.40737,37.84233],[-120.40724,37.84227],[-120.40703,37.84207],[-120.40693,37.84188],[-120.40681,37.84181],[-120.40673,37.84171]]]},"properties":{"src":"usmin","kind":"Tailings - Undifferentiated","name":"","topo":"Chinese Camp 1947","url":"https://mrdata.usgs.gov/usmin/show-usmin.php?type=polygon&id=13768"}},{"type":"Feature","geometry":{"type":"Polygon","coordinates":[[[-120.45165,37.84463],[-120.45162,37.84448],[-120.45156,37.84432],[-120.45149,37.84416],[-120.45147,37.84398],[-120.45142,37.84386],[-120.45136,37.84377],[-120.45123,37.84365],[-120.45113,37.84351],[-120.45108,37.84342],[-120.45105,37.84333],[-120.45091,37.84321],[-120.45077,37.84307],[-120.45075,37.84302],[-120.45072,37.84301],[-120.45064,37.84301],[-120.45056,37.84295],[-120.45055,37.84289],[-120.45048,37.84288],[-120.45041,37.84287],[-120.45037,37.84283],[-120.45032,37.84271],[-120.4503,37.84265],[-120.45018,37.84258],[-120.45007,37.8424],[-120.4499,37.84213],[-120.44976,37.84188],[-120.44966,37.84172],[-120.44946,37.84149],[-120.44933,37.84141],[-120.44921,37.84135],[-120.44904,37.8411],[-120.44899,37.84103],[-120.44884,37.84099],[-120.44858,37.84081],[-120.44837,37.84063],[-120.44816,37.84048],[-120.44792,37.84033],[-120.44769,37.84022],[-120.44763,37.84015],[-120.44759,37.84005],[-120.4475,37.84002],[-120.44731,37.83983],[-120.44723,37.83971],[-120.44709,37.83958],[-120.44707,37.83958],[-120.44697,37.83948],[-120.44692,37.83936],[-120.44695,37.83927],[-120.44698,37.83917],[-120.44685,37.83906],[-120.44683,37.8389],[-120.44674,37.83866],[-120.44672,37.83846],[-120.44664,37.83836],[-120.44642,37.83813],[-120.44634,37.83803],[-120.44628,37.83785],[-120.44616,37.83761],[-120.44603,37.83743],[-120.44595,37.83736],[-120.44585,37.83734],[-120.44563,37.83723],[-120.44535,37.83711],[-120.44511,37.83701],[-120.445,37.83695],[-120.44495,37.83685],[-120.44485,37.83679],[-120.44447,37.8367],[-120.444,37.83657],[-120.44373,37.83645],[-120.44342,37.83635],[-120.44319,37.83632],[-120.44303,37.83629],[-120.4429,37.83621],[-120.44274,37.83619],[-120.44264,37.8362],[-120.4424,37.83608],[-120.44232,37.83601],[-120.44213,37.83598],[-120.442,37.83595],[-120.4418,37.83583],[-120.44153,37.8357],[-120.44101,37.8355],[-120.44059,37.83539],[-120.44009,37.83538],[-120.43984,37.83539],[-120.43968,37.83543],[-120.43941,37.83549],[-120.43913,37.83558],[-120.43882,37.83561],[-120.4386,37.83565],[-120.43839,37.83561],[-120.43808,37.83561],[-120.43781,37.83554],[-120.43766,37.83547],[-120.4373,37.83534],[-120.43716,37.83533],[-120.43691,37.83528],[-120.43668,37.83517],[-120.43645,37.83506],[-120.43623,37.83495],[-120.43611,37.83483],[-120.43586,37.83467],[-120.4357,37.83454],[-120.43551,37.83441],[-120.43535,37.83441],[-120.43513,37.83436],[-120.43488,37.83438],[-120.43452,37.83436],[-120.4343,37.83434],[-120.4341,37.83426],[-120.4338,37.83407],[-120.43355,37.83388],[-120.43333,37.83372],[-120.43276,37.83339],[-120.43244,37.83319],[-120.43208,37.83311],[-120.43179,37.83308],[-120.43161,37.83304],[-120.43148,37.83289],[-120.4313,37.8327],[-120.43102,37.83252],[-120.43085,37.83245],[-120.43064,37.83248],[-120.43041,37.83242],[-120.43035,37.83236],[-120.43036,37.83229],[-120.43043,37.83224],[-120.43056,37.83221],[-120.43076,37.83221],[-120.43105,37.83219],[-120.43125,37.83222],[-120.43145,37.83227],[-120.43159,37.83232],[-120.43192,37.83245],[-120.43213,37.83253],[-120.4322,37.83261],[-120.43236,37.83271],[-120.43259,37.83272],[-120.43279,37.83285],[-120.43294,37.8329],[-120.43311,37.83297],[-120.43326,37.833],[-120.43337,37.83304],[-120.43356,37.83306],[-120.43376,37.83306],[-120.43399,37.83318],[-120.43429,37.83329],[-120.43457,37.83338],[-120.4349,37.8335],[-120.43537,37.83376],[-120.43554,37.83387],[-120.43573,37.83398],[-120.43581,37.83405],[-120.43593,37.83406],[-120.43602,37.8341],[-120.43606,37.83418],[-120.4361,37.83424],[-120.43621,37.8342],[-120.43633,37.83429],[-120.43644,37.83427],[-120.43667,37.83437],[-120.43682,37.83444],[-120.43699,37.83445],[-120.43725,37.83445],[-120.43738,37.83452],[-120.4375,37.83454],[-120.43769,37.83454],[-120.43807,37.83456],[-120.43824,37.83458],[-120.43834,37.83468],[-120.43843,37.83461],[-120.4386,37.83464],[-120.43868,37.83474],[-120.43884,37.83471],[-120.43897,37.83473],[-120.43909,37.83468],[-120.43928,37.83463],[-120.43945,37.83461],[-120.43954,37.83459],[-120.43985,37.83458],[-120.44,37.83462],[-120.44021,37.83464],[-120.44032,37.83468],[-120.44041,37.83464],[-120.44056,37.83465],[-120.4407,37.8347],[-120.44075,37.83469],[-120.44088,37.83466],[-120.44101,37.83472],[-120.44104,37.8347],[-120.44125,37.8347],[-120.44144,37.83476],[-120.44157,37.83482],[-120.44185,37.83487],[-120.44239,37.83497],[-120.44277,37.83507],[-120.44299,37.83511],[-120.44318,37.83518],[-120.44333,37.83529],[-120.44338,37.83545],[-120.44345,37.83548],[-120.4436,37.83549],[-120.44398,37.83573],[-120.44414,37.83577],[-120.44432,37.83586],[-120.44451,37.8359],[-120.44464,37.83595],[-120.44511,37.83602],[-120.44518,37.8361],[-120.44522,37.83613],[-120.4453,37.8361],[-120.44546,37.83607],[-120.44562,37.83611],[-120.44585,37.83613],[-120.44594,37.83613],[-120.44604,37.83613],[-120.44613,37.83613],[-120.44619,37.83622],[-120.44637,37.8362],[-120.44654,37.83623],[-120.44671,37.83629],[-120.44682,37.83631],[-120.44688,37.83646],[-120.4469,37.8366],[-120.44693,37.83673],[-120.447,37.83679],[-120.44702,37.83692],[-120.44704,37.83705],[-120.44709,37.8371],[-120.44714,37.83713],[-120.4472,37.83725],[-120.44722,37.83736],[-120.44726,37.83743],[-120.44732,37.83759],[-120.44739,37.83785],[-120.44736,37.83815],[-120.44736,37.83828],[-120.44745,37.83831],[-120.4475,37.83841],[-120.44767,37.8388],[-120.4478,37.83912],[-120.44803,37.83927],[-120.44834,37.83945],[-120.44849,37.83949],[-120.44871,37.83948],[-120.44894,37.8396],[-120.44915,37.8397],[-120.44936,37.83988],[-120.44955,37.84005],[-120.44969,37.84025],[-120.44983,37.84034],[-120.44994,37.84034],[-120.45004,37.84055],[-120.45009,37.8407],[-120.45017,37.84069],[-120.45026,37.84071],[-120.4506,37.84126],[-120.45073,37.84153],[-120.45083,37.84157],[-120.45093,37.84169],[-120.45105,37.84181],[-120.45119,37.84195],[-120.45132,37.842],[-120.45146,37.84227],[-120.45156,37.84251],[-120.45164,37.8427],[-120.45164,37.84282],[-120.45159,37.84289],[-120.4515,37.84295],[-120.45149,37.84302],[-120.4516,37.8432],[-120.45186,37.84373],[-120.45205,37.84398],[-120.45217,37.84403],[-120.45234,37.84412],[-120.45262,37.84442],[-120.45269,37.84456],[-120.45275,37.84454],[-120.45282,37.84453],[-120.45299,37.84469],[-120.45315,37.84479],[-120.45332,37.84494],[-120.45343,37.84499],[-120.45349,37.84508],[-120.45347,37.84524],[-120.45346,37.84537],[-120.45349,37.84549],[-120.45355,37.84558],[-120.45355,37.8457],[-120.45354,37.84584],[-120.45354,37.84594],[-120.45361,37.84602],[-120.4537,37.8462],[-120.45369,37.84625],[-120.45373,37.84626],[-120.45379,37.84628],[-120.45377,37.84636],[-120.45376,37.84641],[-120.45381,37.84643],[-120.45383,37.84651],[-120.45379,37.8466],[-120.45381,37.84666],[-120.45385,37.84671],[-120.45385,37.84683],[-120.45374,37.84703],[-120.45355,37.84724],[-120.45334,37.84741],[-120.45316,37.84749],[-120.45305,37.84762],[-120.45298,37.84772],[-120.45289,37.84798],[-120.45283,37.84816],[-120.45281,37.84823],[-120.45278,37.84832],[-120.45275,37.84847],[-120.4527,37.84855],[-120.45267,37.84878],[-120.4526,37.84893],[-120.45258,37.84907],[-120.45258,37.8492],[-120.45261,37.84933],[-120.45254,37.84939],[-120.45245,37.84939],[-120.45235,37.84932],[-120.45229,37.84917],[-120.45219,37.84889],[-120.45209,37.84851],[-120.45207,37.8482],[-120.45214,37.8481],[-120.4522,37.84802],[-120.45221,37.84796],[-120.45218,37.84789],[-120.45222,37.84775],[-120.45216,37.84746],[-120.45216,37.84732],[-120.45222,37.84725],[-120.45221,37.84712],[-120.45216,37.84697],[-120.45217,37.84669],[-120.4522,37.84631],[-120.45226,37.84606],[-120.45225,37.84593],[-120.45222,37.84586],[-120.45225,37.84578],[-120.45221,37.84571],[-120.45216,37.84565],[-120.45207,37.8455],[-120.45204,37.84536],[-120.45204,37.84528],[-120.452,37.84526],[-120.4519,37.84517],[-120.45186,37.8451],[-120.45176,37.84504],[-120.45168,37.845],[-120.45163,37.84492],[-120.45164,37.84474],[-120.45165,37.84463]]]},"properties":{"src":"usmin","kind":"Tailings - Undifferentiated","name":"","topo":"Chinese Camp 1947","url":"https://mrdata.usgs.gov/usmin/show-usmin.php?type=polygon&id=13765"}},{"type":"Feature","geometry":{"type":"Polygon","coordinates":[[[-120.2652,37.9828],[-120.26543,37.98277],[-120.26562,37.98277],[-120.26565,37.98284],[-120.26565,37.9829],[-120.26563,37.98294],[-120.26559,37.98296],[-120.26556,37.98302],[-120.26555,37.9831],[-120.26556,37.98319],[-120.26553,37.98324],[-120.26547,37.98324],[-120.26541,37.98322],[-120.26533,37.98319],[-120.26523,37.98313],[-120.26507,37.98306],[-120.26507,37.98297],[-120.26507,37.98289],[-120.26513,37.98284],[-120.2652,37.9828]]]},"properties":{"src":"usmin","kind":"Tailings - Undifferentiated","name":"","topo":"Standard 1948","url":"https://mrdata.usgs.gov/usmin/show-usmin.php?type=polygon&id=13766"}},{"type":"Feature","geometry":{"type":"Polygon","coordinates":[[[-120.21835,37.99248],[-120.21831,37.99232],[-120.21839,37.99227],[-120.21847,37.99223],[-120.2185,37.99224],[-120.2186,37.99227],[-120.21865,37.99224],[-120.21875,37.99219],[-120.21878,37.99211],[-120.21892,37.99214],[-120.21898,37.99229],[-120.21894,37.99247],[-120.21887,37.99258],[-120.21882,37.99261],[-120.21875,37.99254],[-120.21869,37.99248],[-120.21867,37.99252],[-120.21868,37.99255],[-120.2187,37.99265],[-120.21867,37.99266],[-120.21863,37.99266],[-120.21856,37.99267],[-120.21847,37.99262],[-120.21835,37.99248]]]},"properties":{"src":"usmin","kind":"Tailings - Undifferentiated","name":"","topo":"Tuolumne 1948","url":"https://mrdata.usgs.gov/usmin/show-usmin.php?type=polygon&id=13767"}},{"type":"Feature","geometry":{"type":"Polygon","coordinates":[[[-120.21868,37.99208],[-120.2188,37.99207],[-120.21906,37.9921],[-120.21915,37.99214],[-120.21918,37.99227],[-120.21917,37.9924],[-120.21916,37.99247],[-120.21907,37.99262],[-120.21902,37.9927],[-120.21898,37.99278],[-120.21892,37.99284],[-120.21887,37.99285],[-120.21874,37.99278],[-120.21868,37.99272],[-120.21863,37.99266],[-120.21854,37.99256],[-120.21848,37.99244],[-120.21846,37.99238],[-120.21846,37.99232],[-120.2185,37.99224],[-120.21855,37.9922],[-120.21868,37.99208]]]},"properties":{"src":"usmin","kind":"Tailings - Undifferentiated","name":"","topo":"Tuolumne 2001","url":"https://mrdata.usgs.gov/usmin/show-usmin.php?type=polygon&id=13769"}},{"type":"Feature","geometry":{"type":"Polygon","coordinates":[[[-120.37563,37.98965],[-120.37585,37.98956],[-120.37591,37.98964],[-120.37594,37.9898],[-120.37598,37.98993],[-120.37598,37.99],[-120.37595,37.99004],[-120.37586,37.99006],[-120.37568,37.99007],[-120.37558,37.99007],[-120.37544,37.99],[-120.37537,37.98988],[-120.37541,37.98977],[-120.37563,37.98965]]]},"properties":{"src":"usmin","kind":"Tailings - Undifferentiated","name":"","topo":"Standard 1948","url":"https://mrdata.usgs.gov/usmin/show-usmin.php?type=polygon&id=13770"}},{"type":"Feature","geometry":{"type":"Polygon","coordinates":[[[-120.39549,37.85732],[-120.3954,37.8573],[-120.39526,37.8573],[-120.39511,37.85728],[-120.39503,37.85727],[-120.395,37.85723],[-120.39482,37.85726],[-120.39461,37.85723],[-120.3944,37.85717],[-120.39424,37.85715],[-120.39413,37.8572],[-120.39397,37.85716],[-120.39386,37.85718],[-120.39375,37.85719],[-120.3936,37.85713],[-120.39347,37.85711],[-120.39338,37.85714],[-120.39324,37.85714],[-120.39309,37.857],[-120.39292,37.85696],[-120.39262,37.85687],[-120.39244,37.85677],[-120.39242,37.85669],[-120.39231,37.85662],[-120.39212,37.85657],[-120.39171,37.85631],[-120.39159,37.85624],[-120.39152,37.85615],[-120.39146,37.85607],[-120.39143,37.85604],[-120.39113,37.85592],[-120.39096,37.85579],[-120.39083,37.85564],[-120.39066,37.85549],[-120.39056,37.85537],[-120.39039,37.85522],[-120.39025,37.85512],[-120.39019,37.85502],[-120.39005,37.8549],[-120.3899,37.8548],[-120.38983,37.8546],[-120.38971,37.85448],[-120.38958,37.8543],[-120.38942,37.85419],[-120.38934,37.85426],[-120.38927,37.85423],[-120.38909,37.85424],[-120.38904,37.85424],[-120.38887,37.85421],[-120.38864,37.85409],[-120.38812,37.8539],[-120.38803,37.8539],[-120.38791,37.8539],[-120.38785,37.85387],[-120.38783,37.8538],[-120.38767,37.85371],[-120.38746,37.85362],[-120.38738,37.85358],[-120.38724,37.8535],[-120.38704,37.85341],[-120.38683,37.85335],[-120.38668,37.8533],[-120.38662,37.85322],[-120.38656,37.85318],[-120.38651,37.8531],[-120.38652,37.85306],[-120.38659,37.85304],[-120.38687,37.85312],[-120.38711,37.85319],[-120.38728,37.85326],[-120.38744,37.85326],[-120.38763,37.85326],[-120.38794,37.85338],[-120.38808,37.85346],[-120.38825,37.85354],[-120.38872,37.85356],[-120.38906,37.85361],[-120.3893,37.85368],[-120.38943,37.85382],[-120.38964,37.85391],[-120.38986,37.85399],[-120.39007,37.85403],[-120.39019,37.8541],[-120.39052,37.85431],[-120.3907,37.85446],[-120.39088,37.85468],[-120.39118,37.85497],[-120.39135,37.85519],[-120.39147,37.85534],[-120.39163,37.85541],[-120.39171,37.85554],[-120.3918,37.8557],[-120.39191,37.8557],[-120.39203,37.85576],[-120.39218,37.85598],[-120.39224,37.85611],[-120.39222,37.85612],[-120.39214,37.85613],[-120.3921,37.85617],[-120.39215,37.85621],[-120.39221,37.8562],[-120.39241,37.85626],[-120.39281,37.85645],[-120.39316,37.85655],[-120.39341,37.85663],[-120.39359,37.85666],[-120.39365,37.85663],[-120.39381,37.85663],[-120.39385,37.85669],[-120.39404,37.85673],[-120.39426,37.85673],[-120.39445,37.85679],[-120.39461,37.85685],[-120.39476,37.8569],[-120.39483,37.85688],[-120.39492,37.85688],[-120.39508,37.85699],[-120.39551,37.85718],[-120.39566,37.85729],[-120.39566,37.85735],[-120.39562,37.85737],[-120.39549,37.85732]]]},"properties":{"src":"usmin","kind":"Tailings - Undifferentiated","name":"","topo":"Chinese Camp 1947","url":"https://mrdata.usgs.gov/usmin/show-usmin.php?type=polygon&id=13774"}},{"type":"Feature","geometry":{"type":"Polygon","coordinates":[[[-120.40574,37.87092],[-120.40554,37.87081],[-120.4052,37.87064],[-120.40492,37.87049],[-120.40466,37.87025],[-120.40428,37.87002],[-120.40395,37.86977],[-120.40366,37.8695],[-120.40364,37.86944],[-120.40362,37.8694],[-120.40356,37.86937],[-120.40349,37.8693],[-120.40341,37.86919],[-120.40332,37.86902],[-120.40327,37.86884],[-120.40328,37.8687],[-120.40327,37.86854],[-120.40318,37.86837],[-120.40309,37.86824],[-120.403,37.868],[-120.40285,37.86756],[-120.4027,37.86686],[-120.40262,37.86669],[-120.40257,37.86653],[-120.40247,37.86631],[-120.40238,37.86618],[-120.40227,37.86606],[-120.40221,37.86588],[-120.40211,37.86568],[-120.40209,37.86556],[-120.40208,37.86541],[-120.4021,37.86522],[-120.40206,37.86515],[-120.40201,37.86499],[-120.40198,37.86478],[-120.40198,37.86471],[-120.40198,37.86461],[-120.402,37.86449],[-120.40202,37.86444],[-120.40207,37.86442],[-120.40213,37.86446],[-120.40219,37.86459],[-120.40229,37.86482],[-120.40239,37.86491],[-120.40251,37.86508],[-120.4026,37.86527],[-120.40269,37.86548],[-120.40276,37.86563],[-120.40282,37.86579],[-120.4029,37.86598],[-120.40291,37.86608],[-120.4029,37.86618],[-120.40294,37.86628],[-120.40297,37.86641],[-120.40303,37.86652],[-120.40306,37.86656],[-120.40307,37.86662],[-120.4031,37.86675],[-120.40314,37.86691],[-120.40321,37.86707],[-120.4033,37.86724],[-120.40336,37.86745],[-120.40346,37.8677],[-120.40347,37.86784],[-120.40354,37.86801],[-120.40366,37.86819],[-120.40371,37.86827],[-120.40371,37.86835],[-120.40381,37.86844],[-120.40393,37.86856],[-120.40424,37.86885],[-120.40442,37.869],[-120.40448,37.86907],[-120.40459,37.86912],[-120.40471,37.86918],[-120.40491,37.86925],[-120.40496,37.86932],[-120.40501,37.86942],[-120.40508,37.86951],[-120.40516,37.86954],[-120.40524,37.86959],[-120.40537,37.86968],[-120.40559,37.86979],[-120.40579,37.86986],[-120.4059,37.86996],[-120.40601,37.86999],[-120.40618,37.87004],[-120.40637,37.87008],[-120.40659,37.87013],[-120.4069,37.87017],[-120.40716,37.87021],[-120.40723,37.87016],[-120.40729,37.87015],[-120.40739,37.87018],[-120.40749,37.87015],[-120.40763,37.87014],[-120.40771,37.87018],[-120.40791,37.87017],[-120.4081,37.8702],[-120.40823,37.8702],[-120.4084,37.87017],[-120.40855,37.87016],[-120.40881,37.87021],[-120.40905,37.8702],[-120.40909,37.8702],[-120.40909,37.87025],[-120.40902,37.87031],[-120.40888,37.87043],[-120.40866,37.87053],[-120.4084,37.87069],[-120.40799,37.87079],[-120.40773,37.87083],[-120.40749,37.87085],[-120.40743,37.87081],[-120.40733,37.87082],[-120.40718,37.8709],[-120.40709,37.87092],[-120.40696,37.87089],[-120.40689,37.87087],[-120.40672,37.87085],[-120.40646,37.87088],[-120.40623,37.87091],[-120.40603,37.87093],[-120.40574,37.87092]]]},"properties":{"src":"usmin","kind":"Tailings - Undifferentiated","name":"","topo":"Chinese Camp 1947","url":"https://mrdata.usgs.gov/usmin/show-usmin.php?type=polygon&id=13775"}},{"type":"Feature","geometry":{"type":"Polygon","coordinates":[[[-120.38491,37.85228],[-120.38481,37.85224],[-120.38474,37.85216],[-120.38464,37.85216],[-120.38456,37.85211],[-120.38451,37.85207],[-120.38443,37.85202],[-120.38434,37.85201],[-120.38431,37.85197],[-120.38425,37.85193],[-120.38418,37.85195],[-120.3841,37.85189],[-120.38393,37.85184],[-120.38385,37.8518],[-120.38373,37.8517],[-120.38367,37.85162],[-120.38366,37.85159],[-120.38355,37.85155],[-120.38344,37.85153],[-120.38331,37.85146],[-120.38323,37.85139],[-120.38318,37.8513],[-120.38313,37.85124],[-120.38303,37.85119],[-120.38292,37.85116],[-120.38286,37.85116],[-120.38278,37.85113],[-120.38276,37.85107],[-120.38269,37.85102],[-120.3826,37.85099],[-120.38239,37.85092],[-120.3822,37.85081],[-120.38214,37.85073],[-120.38206,37.8507],[-120.38202,37.85066],[-120.38194,37.85059],[-120.3818,37.85055],[-120.38175,37.85051],[-120.38171,37.85043],[-120.38163,37.85036],[-120.38147,37.8503],[-120.38134,37.85016],[-120.38119,37.85002],[-120.38101,37.84974],[-120.38098,37.84961],[-120.38097,37.84952],[-120.38089,37.84933],[-120.38082,37.84916],[-120.38075,37.849],[-120.38075,37.84893],[-120.38071,37.84875],[-120.3807,37.8485],[-120.38069,37.84822],[-120.38069,37.84804],[-120.38073,37.84783],[-120.38076,37.84771],[-120.38084,37.84757],[-120.38095,37.8475],[-120.38119,37.84754],[-120.3814,37.84773],[-120.38171,37.848],[-120.38199,37.84832],[-120.38227,37.84868],[-120.38247,37.84896],[-120.38279,37.84932],[-120.38291,37.84938],[-120.38299,37.84953],[-120.38308,37.84979],[-120.38318,37.84995],[-120.38326,37.85014],[-120.38346,37.85036],[-120.38371,37.8507],[-120.38403,37.85085],[-120.38427,37.85112],[-120.38453,37.85132],[-120.38485,37.85163],[-120.38499,37.85177],[-120.38503,37.85182],[-120.38505,37.85189],[-120.38513,37.85199],[-120.38518,37.85209],[-120.38519,37.85215],[-120.38519,37.85222],[-120.38514,37.85227],[-120.38506,37.85228],[-120.38495,37.85225],[-120.38491,37.85228]]]},"properties":{"src":"usmin","kind":"Tailings - Undifferentiated","name":"","topo":"Chinese Camp 1947","url":"https://mrdata.usgs.gov/usmin/show-usmin.php?type=polygon&id=13776"}},{"type":"Feature","geometry":{"type":"Polygon","coordinates":[[[-120.22266,37.99498],[-120.22283,37.99495],[-120.2229,37.99498],[-120.22291,37.99502],[-120.2229,37.99507],[-120.22288,37.99512],[-120.22289,37.99515],[-120.2229,37.99519],[-120.2229,37.99524],[-120.2229,37.9953],[-120.22284,37.99536],[-120.22275,37.99541],[-120.22264,37.99545],[-120.22257,37.99545],[-120.22251,37.99541],[-120.22245,37.99535],[-120.22238,37.9953],[-120.2223,37.99525],[-120.2223,37.99519],[-120.22231,37.99509],[-120.22236,37.99505],[-120.22246,37.99503],[-120.22261,37.995],[-120.22266,37.99498]]]},"properties":{"src":"usmin","kind":"Tailings - Undifferentiated","name":"","topo":"Tuolumne 1948","url":"https://mrdata.usgs.gov/usmin/show-usmin.php?type=polygon&id=13777"}},{"type":"Feature","geometry":{"type":"Polygon","coordinates":[[[-120.34502,37.83804],[-120.34525,37.83796],[-120.34533,37.83805],[-120.34526,37.83821],[-120.34517,37.83835],[-120.34492,37.83848],[-120.34457,37.83874],[-120.34414,37.839],[-120.34383,37.83908],[-120.34341,37.83914],[-120.34273,37.83929],[-120.34189,37.83946],[-120.34155,37.83952],[-120.34147,37.83948],[-120.3415,37.83941],[-120.34153,37.83935],[-120.34156,37.83926],[-120.34162,37.8391],[-120.34207,37.83879],[-120.34263,37.83857],[-120.34323,37.8384],[-120.34385,37.83816],[-120.34448,37.83811],[-120.34502,37.83804]]]},"properties":{"src":"usmin","kind":"Tailings - Undifferentiated","name":"","topo":"Moccasin 1948","url":"https://mrdata.usgs.gov/usmin/show-usmin.php?type=polygon&id=13778"}},{"type":"Feature","geometry":{"type":"Polygon","coordinates":[[[-120.1921,37.91539],[-120.19227,37.91537],[-120.19241,37.91541],[-120.19248,37.91553],[-120.19256,37.91568],[-120.19255,37.91579],[-120.19248,37.91587],[-120.19229,37.91591],[-120.19215,37.91587],[-120.19207,37.91575],[-120.19206,37.9156],[-120.19203,37.91551],[-120.19203,37.91544],[-120.1921,37.91539]]]},"properties":{"src":"usmin","kind":"Tailings - Undifferentiated","name":"","topo":"Tuolumne 1948","url":"https://mrdata.usgs.gov/usmin/show-usmin.php?type=polygon&id=13800"}},{"type":"Feature","geometry":{"type":"Polygon","coordinates":[[[-120.24285,37.97593],[-120.24293,37.9759],[-120.24312,37.97599],[-120.24335,37.97611],[-120.24355,37.97629],[-120.24365,37.9764],[-120.2437,37.97645],[-120.24368,37.97656],[-120.24358,37.97662],[-120.24339,37.97676],[-120.24321,37.97681],[-120.24308,37.9768],[-120.24306,37.97678],[-120.24302,37.97674],[-120.24296,37.97663],[-120.24298,37.97651],[-120.24301,37.97645],[-120.24302,37.97644],[-120.24305,37.97636],[-120.24306,37.97627],[-120.24303,37.97622],[-120.24295,37.97617],[-120.24289,37.97608],[-120.24286,37.97604],[-120.24282,37.97598],[-120.24285,37.97593]]]},"properties":{"src":"usmin","kind":"Tailings - Undifferentiated","name":"","topo":"Tuolumne 2001","url":"https://mrdata.usgs.gov/usmin/show-usmin.php?type=polygon&id=13801"}},{"type":"Feature","geometry":{"type":"Polygon","coordinates":[[[-120.40496,37.83617],[-120.40512,37.8361],[-120.40536,37.83615],[-120.40542,37.8362],[-120.40547,37.83627],[-120.40552,37.83634],[-120.40551,37.83645],[-120.40544,37.83661],[-120.40542,37.83676],[-120.40536,37.8369],[-120.4053,37.83709],[-120.40523,37.83727],[-120.40516,37.83738],[-120.4052,37.83747],[-120.40533,37.83757],[-120.4054,37.8377],[-120.40551,37.8378],[-120.40562,37.83793],[-120.40563,37.83804],[-120.40564,37.8382],[-120.40572,37.83832],[-120.40591,37.83862],[-120.40594,37.83877],[-120.40593,37.83889],[-120.40586,37.83909],[-120.40584,37.83926],[-120.40585,37.83946],[-120.40594,37.83959],[-120.40613,37.83984],[-120.40634,37.84003],[-120.40654,37.84023],[-120.40664,37.84038],[-120.40671,37.84057],[-120.40684,37.84068],[-120.40702,37.84076],[-120.40716,37.84081],[-120.4072,37.84093],[-120.40728,37.8411],[-120.40741,37.84122],[-120.40761,37.8413],[-120.40765,37.84138],[-120.40767,37.84148],[-120.40784,37.84161],[-120.40799,37.84171],[-120.40818,37.84182],[-120.40825,37.84193],[-120.40825,37.84197],[-120.40821,37.84205],[-120.40813,37.84212],[-120.40797,37.84212],[-120.40786,37.8421],[-120.40775,37.84203],[-120.40766,37.84194],[-120.40749,37.84179],[-120.40709,37.84137],[-120.40689,37.84117],[-120.40667,37.84092],[-120.40646,37.84074],[-120.40631,37.84055],[-120.40622,37.84043],[-120.40605,37.84013],[-120.40577,37.8398],[-120.40558,37.83963],[-120.40551,37.83946],[-120.40541,37.83923],[-120.40537,37.83902],[-120.40533,37.83885],[-120.40529,37.83868],[-120.40525,37.83856],[-120.40516,37.83841],[-120.40508,37.83824],[-120.40494,37.83803],[-120.40489,37.83783],[-120.40485,37.83777],[-120.40482,37.83772],[-120.40475,37.83764],[-120.40463,37.83752],[-120.40449,37.83739],[-120.4045,37.83725],[-120.40454,37.83712],[-120.40452,37.83703],[-120.40455,37.83697],[-120.40463,37.83691],[-120.4046,37.83687],[-120.40461,37.83679],[-120.40468,37.83675],[-120.40463,37.8367],[-120.40471,37.83654],[-120.40479,37.83639],[-120.40496,37.83617]]]},"properties":{"src":"usmin","kind":"Tailings - Undifferentiated","name":"","topo":"Chinese Camp 1947","url":"https://mrdata.usgs.gov/usmin/show-usmin.php?type=polygon&id=13779"}},{"type":"Feature","geometry":{"type":"Polygon","coordinates":[[[-120.17657,37.96308],[-120.17679,37.96306],[-120.17702,37.96307],[-120.17716,37.96314],[-120.17719,37.96323],[-120.17719,37.96334],[-120.17717,37.96342],[-120.177,37.96353],[-120.17683,37.96357],[-120.17659,37.96359],[-120.17647,37.96359],[-120.17643,37.96359],[-120.17637,37.96352],[-120.17634,37.96343],[-120.17633,37.96332],[-120.17633,37.96328],[-120.17633,37.96322],[-120.1764,37.96314],[-120.17657,37.96308]]]},"properties":{"src":"usmin","kind":"Tailings - Undifferentiated","name":"Agua Caliente Mine","topo":"Tuolumne 2001","url":"https://mrdata.usgs.gov/usmin/show-usmin.php?type=polygon&id=13780"}},{"type":"Feature","geometry":{"type":"Polygon","coordinates":[[[-120.34283,37.83801],[-120.34331,37.83778],[-120.34393,37.83748],[-120.34427,37.83739],[-120.34459,37.83727],[-120.3448,37.83723],[-120.34508,37.83722],[-120.34528,37.83725],[-120.34544,37.83728],[-120.34553,37.8374],[-120.34553,37.8375],[-120.34552,37.83757],[-120.3453,37.8378],[-120.34507,37.83795],[-120.34465,37.838],[-120.34425,37.83799],[-120.34391,37.83799],[-120.34365,37.83807],[-120.34336,37.83817],[-120.34296,37.83829],[-120.34275,37.83836],[-120.34262,37.83828],[-120.34255,37.83817],[-120.34256,37.83814],[-120.34259,37.83812],[-120.34271,37.8381],[-120.34283,37.83801]]]},"properties":{"src":"usmin","kind":"Tailings - Undifferentiated","name":"","topo":"Moccasin 1948","url":"https://mrdata.usgs.gov/usmin/show-usmin.php?type=polygon&id=13781"}},{"type":"Feature","geometry":{"type":"Polygon","coordinates":[[[-120.24927,37.98331],[-120.2492,37.98329],[-120.24909,37.9833],[-120.24895,37.98324],[-120.24895,37.98318],[-120.2489,37.98315],[-120.24886,37.98304],[-120.24886,37.98298],[-120.24894,37.98294],[-120.24908,37.9829],[-120.2491,37.98289],[-120.24913,37.98287],[-120.24917,37.98288],[-120.24918,37.98292],[-120.24917,37.98296],[-120.24921,37.98301],[-120.24924,37.98304],[-120.24932,37.98306],[-120.24939,37.9831],[-120.24941,37.98317],[-120.24944,37.98325],[-120.24941,37.98333],[-120.24932,37.98334],[-120.24927,37.98331]]]},"properties":{"src":"usmin","kind":"Tailings - Undifferentiated","name":"Columbus Mine","topo":"Tuolumne 1948","url":"https://mrdata.usgs.gov/usmin/show-usmin.php?type=polygon&id=13782"}},{"type":"Feature","geometry":{"type":"Polygon","coordinates":[[[-120.24635,37.96671],[-120.24639,37.96668],[-120.24648,37.96661],[-120.24654,37.96659],[-120.24665,37.96659],[-120.2467,37.96662],[-120.2467,37.96666],[-120.24678,37.96669],[-120.24684,37.96668],[-120.24692,37.96668],[-120.247,37.96672],[-120.24701,37.96673],[-120.24703,37.96677],[-120.24704,37.96681],[-120.24702,37.96684],[-120.24697,37.96689],[-120.24695,37.96693],[-120.24692,37.96698],[-120.24686,37.96707],[-120.24676,37.96721],[-120.24672,37.96723],[-120.24663,37.96722],[-120.24654,37.9672],[-120.24649,37.96715],[-120.24645,37.96708],[-120.24637,37.96688],[-120.24634,37.96678],[-120.24634,37.96677],[-120.24635,37.96671]]]},"properties":{"src":"usmin","kind":"Tailings - Undifferentiated","name":"","topo":"Tuolumne 1948","url":"https://mrdata.usgs.gov/usmin/show-usmin.php?type=polygon&id=13783"}},{"type":"Feature","geometry":{"type":"Polygon","coordinates":[[[-120.24772,37.97993],[-120.24787,37.97984],[-120.24794,37.97985],[-120.24798,37.97994],[-120.24798,37.98016],[-120.24795,37.98038],[-120.24788,37.98059],[-120.24775,37.98069],[-120.24775,37.98075],[-120.24775,37.98089],[-120.24769,37.98094],[-120.24762,37.98091],[-120.24727,37.98047],[-120.24724,37.98038],[-120.24725,37.98033],[-120.24728,37.98027],[-120.24772,37.97993]]]},"properties":{"src":"usmin","kind":"Tailings - Undifferentiated","name":"North Star Mine","topo":"Tuolumne 1948","url":"https://mrdata.usgs.gov/usmin/show-usmin.php?type=polygon&id=13784"}},{"type":"Feature","geometry":{"type":"Polygon","coordinates":[[[-120.25548,37.97606],[-120.25555,37.976],[-120.25568,37.97601],[-120.25576,37.97604],[-120.25585,37.97606],[-120.25595,37.97609],[-120.25602,37.97616],[-120.25601,37.97623],[-120.25592,37.97626],[-120.25577,37.97626],[-120.25556,37.97629],[-120.25548,37.97628],[-120.25543,37.97624],[-120.25531,37.97618],[-120.25526,37.97614],[-120.2553,37.97608],[-120.2554,37.97608],[-120.25548,37.97606]]]},"properties":{"src":"usmin","kind":"Tailings - Undifferentiated","name":"","topo":"Standard 1948","url":"https://mrdata.usgs.gov/usmin/show-usmin.php?type=polygon&id=13785"}},{"type":"Feature","geometry":{"type":"Polygon","coordinates":[[[-120.25638,37.97552],[-120.25656,37.97552],[-120.25662,37.97555],[-120.25661,37.97567],[-120.25654,37.97574],[-120.25647,37.97576],[-120.2564,37.97576],[-120.25634,37.9758],[-120.25631,37.97592],[-120.25627,37.97596],[-120.25619,37.97597],[-120.25612,37.97593],[-120.2561,37.9759],[-120.25599,37.97587],[-120.25593,37.97582],[-120.25592,37.97577],[-120.25593,37.97569],[-120.25609,37.97563],[-120.25622,37.97556],[-120.25638,37.97552]]]},"properties":{"src":"usmin","kind":"Tailings - Undifferentiated","name":"","topo":"Standard 1948","url":"https://mrdata.usgs.gov/usmin/show-usmin.php?type=polygon&id=13786"}},{"type":"Feature","geometry":{"type":"Polygon","coordinates":[[[-120.11592,37.83227],[-120.11592,37.83212],[-120.11595,37.83201],[-120.11604,37.83187],[-120.11606,37.8318],[-120.11613,37.8317],[-120.11624,37.83159],[-120.11638,37.83132],[-120.11653,37.8312],[-120.11665,37.83105],[-120.11672,37.83097],[-120.11679,37.83091],[-120.11685,37.83087],[-120.1169,37.83079],[-120.11691,37.83065],[-120.11691,37.83058],[-120.11694,37.83042],[-120.11697,37.83035],[-120.11703,37.83024],[-120.11714,37.8301],[-120.11718,37.83004],[-120.11724,37.82995],[-120.11737,37.82979],[-120.1175,37.82969],[-120.11754,37.82955],[-120.11756,37.82943],[-120.11764,37.82931],[-120.11771,37.82917],[-120.11779,37.82909],[-120.11789,37.82893],[-120.11806,37.82887],[-120.11825,37.82882],[-120.11839,37.82878],[-120.11851,37.82876],[-120.11869,37.82878],[-120.11886,37.8288],[-120.11903,37.82889],[-120.11916,37.82898],[-120.11926,37.82908],[-120.11937,37.82924],[-120.11944,37.8295],[-120.11955,37.82982],[-120.11955,37.83],[-120.11953,37.83026],[-120.1194,37.8305],[-120.11926,37.83064],[-120.11887,37.83082],[-120.11865,37.83099],[-120.11847,37.83109],[-120.11819,37.83128],[-120.1179,37.8314],[-120.11756,37.83163],[-120.11743,37.83173],[-120.11717,37.83192],[-120.11691,37.83214],[-120.11681,37.83221],[-120.11667,37.83226],[-120.11651,37.83229],[-120.11645,37.83225],[-120.11633,37.83231],[-120.1161,37.83252],[-120.11602,37.83257],[-120.11596,37.83257],[-120.1159,37.83242],[-120.11592,37.83227]]]},"properties":{"src":"usmin","kind":"Tailings - Undifferentiated","name":"","topo":"Jawbone Ridge 1947","url":"https://mrdata.usgs.gov/usmin/show-usmin.php?type=polygon&id=13787"}},{"type":"Feature","geometry":{"type":"Polygon","coordinates":[[[-120.37615,37.84445],[-120.37632,37.84444],[-120.37642,37.84451],[-120.37645,37.8446],[-120.37646,37.8447],[-120.37643,37.84479],[-120.37637,37.84487],[-120.37628,37.84494],[-120.37614,37.84502],[-120.37609,37.84504],[-120.37608,37.84507],[-120.37607,37.84508],[-120.37606,37.8451],[-120.37605,37.84512],[-120.37603,37.84518],[-120.37603,37.84518],[-120.37589,37.84522],[-120.37545,37.84538],[-120.37516,37.84542],[-120.3748,37.84542],[-120.37458,37.8454],[-120.37448,37.84536],[-120.37444,37.84531],[-120.37442,37.84523],[-120.37445,37.84516],[-120.37469,37.84503],[-120.37498,37.8449],[-120.37559,37.8447],[-120.37601,37.84455],[-120.37615,37.84445]]]},"properties":{"src":"usmin","kind":"Tailings - Undifferentiated","name":"","topo":"Moccasin 1948","url":"https://mrdata.usgs.gov/usmin/show-usmin.php?type=polygon&id=13788"}},{"type":"Feature","geometry":{"type":"Polygon","coordinates":[[[-120.3754,37.99867],[-120.37547,37.99859],[-120.37571,37.9986],[-120.37582,37.99864],[-120.37588,37.99869],[-120.37596,37.99874],[-120.37594,37.99882],[-120.37591,37.99889],[-120.37577,37.99901],[-120.37557,37.99903],[-120.37544,37.99898],[-120.37538,37.99887],[-120.37538,37.99877],[-120.3754,37.99867]]]},"properties":{"src":"usmin","kind":"Tailings - Undifferentiated","name":"","topo":"Standard 1948","url":"https://mrdata.usgs.gov/usmin/show-usmin.php?type=polygon&id=13802"}},{"type":"Feature","geometry":{"type":"Polygon","coordinates":[[[-120.45414,37.86007],[-120.45412,37.86003],[-120.45408,37.85995],[-120.45408,37.85995],[-120.45406,37.8599],[-120.45407,37.85987],[-120.45409,37.85986],[-120.45409,37.85983],[-120.45407,37.85979],[-120.45403,37.85974],[-120.45402,37.85972],[-120.45403,37.85969],[-120.45409,37.85965],[-120.45409,37.85963],[-120.45407,37.85955],[-120.45406,37.85947],[-120.45409,37.8594],[-120.45409,37.8594],[-120.45414,37.85937],[-120.45418,37.85938],[-120.45422,37.85943],[-120.45425,37.85945],[-120.45431,37.85942],[-120.4544,37.85938],[-120.45457,37.8594],[-120.45466,37.85939],[-120.45469,37.85941],[-120.45469,37.85944],[-120.45472,37.85947],[-120.45477,37.85948],[-120.45485,37.85955],[-120.45485,37.85955],[-120.45487,37.85961],[-120.45485,37.85962],[-120.45482,37.85964],[-120.45482,37.85966],[-120.45489,37.8597],[-120.45492,37.85976],[-120.45492,37.85984],[-120.45489,37.85988],[-120.45491,37.85989],[-120.45497,37.85989],[-120.455,37.85991],[-120.45501,37.85995],[-120.45499,37.86002],[-120.45499,37.86002],[-120.45503,37.86004],[-120.4551,37.86003],[-120.45513,37.86004],[-120.45513,37.86008],[-120.45512,37.8601],[-120.45508,37.86012],[-120.45508,37.86017],[-120.45514,37.86022],[-120.45514,37.86028],[-120.45513,37.86036],[-120.45518,37.86038],[-120.45523,37.86044],[-120.45523,37.86052],[-120.45519,37.86083],[-120.45521,37.86115],[-120.4551,37.86144],[-120.45502,37.86175],[-120.45503,37.86188],[-120.45511,37.86208],[-120.45519,37.8623],[-120.45523,37.86245],[-120.45519,37.86259],[-120.45516,37.86268],[-120.45517,37.86278],[-120.45528,37.86309],[-120.45532,37.86333],[-120.45527,37.86351],[-120.45518,37.86371],[-120.45518,37.86381],[-120.45524,37.86396],[-120.45533,37.86412],[-120.45544,37.86443],[-120.45561,37.86486],[-120.45565,37.86498],[-120.45565,37.86506],[-120.45562,37.86511],[-120.45555,37.86514],[-120.45551,37.86528],[-120.45538,37.86557],[-120.45527,37.86582],[-120.4552,37.86593],[-120.45511,37.86601],[-120.45511,37.86606],[-120.45515,37.86615],[-120.45512,37.86634],[-120.45504,37.86646],[-120.455,37.86653],[-120.45493,37.8666],[-120.45486,37.86662],[-120.45465,37.86665],[-120.45438,37.86661],[-120.45427,37.86656],[-120.45422,37.86642],[-120.45423,37.86631],[-120.45423,37.86618],[-120.45421,37.86599],[-120.45422,37.86562],[-120.45427,37.8653],[-120.45427,37.8652],[-120.45431,37.8651],[-120.45436,37.86495],[-120.45441,37.86483],[-120.4544,37.86476],[-120.4543,37.86473],[-120.45425,37.86468],[-120.45416,37.86453],[-120.45412,37.86435],[-120.45412,37.86415],[-120.45412,37.86399],[-120.45413,37.86386],[-120.45421,37.86377],[-120.45426,37.86366],[-120.45428,37.86338],[-120.45435,37.86319],[-120.45442,37.86307],[-120.45447,37.86291],[-120.45447,37.86275],[-120.45447,37.86269],[-120.45443,37.86259],[-120.45434,37.86243],[-120.45432,37.86231],[-120.45427,37.86208],[-120.45423,37.86187],[-120.45418,37.86165],[-120.45418,37.86152],[-120.45423,37.8614],[-120.4542,37.86131],[-120.4542,37.8612],[-120.45427,37.86108],[-120.45425,37.86094],[-120.45424,37.86083],[-120.45424,37.86073],[-120.45418,37.86054],[-120.45417,37.86046],[-120.45418,37.86039],[-120.45418,37.8603],[-120.45416,37.86021],[-120.45414,37.86014],[-120.45414,37.86007]]]},"properties":{"src":"usmin","kind":"Tailings - Undifferentiated","name":"","topo":"Chinese Camp 1947","url":"https://mrdata.usgs.gov/usmin/show-usmin.php?type=polygon&id=13789"}},{"type":"Feature","geometry":{"type":"Polygon","coordinates":[[[-120.2767,37.97823],[-120.27679,37.97819],[-120.27693,37.97821],[-120.277,37.97829],[-120.27701,37.97838],[-120.27697,37.97846],[-120.27681,37.97852],[-120.2767,37.97854],[-120.27653,37.9785],[-120.27642,37.97837],[-120.27642,37.97833],[-120.27647,37.9783],[-120.27662,37.9783],[-120.2767,37.97823]]]},"properties":{"src":"usmin","kind":"Tailings - Undifferentiated","name":"Black Oak Mine","topo":"Standard 1948","url":"https://mrdata.usgs.gov/usmin/show-usmin.php?type=polygon&id=13790"}},{"type":"Feature","geometry":{"type":"Polygon","coordinates":[[[-120.2618,37.98933],[-120.26194,37.98933],[-120.26202,37.98935],[-120.26205,37.98944],[-120.26206,37.98958],[-120.26195,37.98965],[-120.26174,37.98967],[-120.2617,37.98967],[-120.26165,37.98963],[-120.26167,37.98952],[-120.26169,37.98941],[-120.2618,37.98933]]]},"properties":{"src":"usmin","kind":"Tailings - Undifferentiated","name":"Soulsby Mine","topo":"Standard 1948","url":"https://mrdata.usgs.gov/usmin/show-usmin.php?type=polygon&id=13791"}},{"type":"Feature","geometry":{"type":"Polygon","coordinates":[[[-120.25593,37.97808],[-120.25599,37.97808],[-120.25604,37.97814],[-120.25607,37.97827],[-120.25612,37.97836],[-120.25612,37.97846],[-120.25612,37.97854],[-120.25609,37.97862],[-120.25606,37.97864],[-120.25591,37.97862],[-120.25582,37.97861],[-120.25577,37.9786],[-120.25568,37.97854],[-120.25564,37.97842],[-120.25559,37.97836],[-120.25558,37.97831],[-120.25559,37.97825],[-120.25569,37.97818],[-120.25583,37.97812],[-120.25593,37.97808]]]},"properties":{"src":"usmin","kind":"Tailings - Undifferentiated","name":"","topo":"Standard 1948","url":"https://mrdata.usgs.gov/usmin/show-usmin.php?type=polygon&id=13792"}},{"type":"Feature","geometry":{"type":"Polygon","coordinates":[[[-120.39788,37.88789],[-120.39799,37.88774],[-120.39813,37.88766],[-120.39822,37.8876],[-120.39835,37.8877],[-120.39843,37.88784],[-120.39845,37.88786],[-120.39862,37.88787],[-120.39868,37.88787],[-120.39867,37.88796],[-120.3987,37.88801],[-120.3988,37.88808],[-120.3988,37.8882],[-120.39876,37.8883],[-120.3987,37.8884],[-120.39851,37.88849],[-120.39839,37.88855],[-120.39828,37.88854],[-120.39821,37.88846],[-120.39814,37.88837],[-120.39808,37.88829],[-120.3979,37.88816],[-120.39786,37.88805],[-120.39788,37.88789]]]},"properties":{"src":"usmin","kind":"Tailings - Undifferentiated","name":"","topo":"Sonora 1948","url":"https://mrdata.usgs.gov/usmin/show-usmin.php?type=polygon&id=13793"}},{"type":"Feature","geometry":{"type":"Polygon","coordinates":[[[-120.44719,37.91256],[-120.44728,37.91242],[-120.44741,37.91249],[-120.44751,37.91253],[-120.44767,37.91253],[-120.44773,37.91248],[-120.44771,37.91227],[-120.44765,37.91212],[-120.44762,37.91192],[-120.44784,37.91146],[-120.44788,37.91123],[-120.44787,37.91112],[-120.44794,37.91099],[-120.44814,37.91086],[-120.44854,37.91086],[-120.44882,37.9108],[-120.44908,37.91075],[-120.44928,37.91068],[-120.44951,37.91061],[-120.4496,37.9102],[-120.44959,37.90994],[-120.44957,37.90978],[-120.44951,37.90951],[-120.44948,37.90937],[-120.44954,37.90927],[-120.44959,37.90921],[-120.44947,37.9089],[-120.44923,37.90863],[-120.44915,37.90851],[-120.44912,37.90822],[-120.44919,37.90811],[-120.44923,37.90797],[-120.44934,37.90794],[-120.4495,37.90793],[-120.44959,37.90788],[-120.44964,37.9077],[-120.44947,37.90747],[-120.44932,37.90722],[-120.44903,37.907],[-120.44872,37.90676],[-120.44857,37.90664],[-120.44823,37.9063],[-120.44799,37.90595],[-120.4479,37.90588],[-120.44772,37.90584],[-120.44757,37.90584],[-120.44751,37.9058],[-120.44744,37.9057],[-120.4475,37.90561],[-120.44745,37.90552],[-120.44737,37.9054],[-120.4473,37.90524],[-120.44719,37.90512],[-120.44706,37.90487],[-120.4469,37.90473],[-120.44676,37.90457],[-120.44668,37.90427],[-120.44678,37.90392],[-120.44679,37.90367],[-120.44682,37.90316],[-120.44679,37.903],[-120.4467,37.90279],[-120.44654,37.90247],[-120.44622,37.90214],[-120.44603,37.90188],[-120.44586,37.9016],[-120.44557,37.9014],[-120.44536,37.90116],[-120.44508,37.90089],[-120.44492,37.9008],[-120.44475,37.90062],[-120.44464,37.9003],[-120.44462,37.90004],[-120.44451,37.89939],[-120.44453,37.89903],[-120.44453,37.8989],[-120.44453,37.89872],[-120.44453,37.89854],[-120.4446,37.89841],[-120.44474,37.89832],[-120.44486,37.89829],[-120.44517,37.89834],[-120.44572,37.8986],[-120.44629,37.89891],[-120.44649,37.89901],[-120.44729,37.89949],[-120.44778,37.89982],[-120.44811,37.90022],[-120.44835,37.9005],[-120.44861,37.90092],[-120.44878,37.90125],[-120.44883,37.90149],[-120.44886,37.90182],[-120.44882,37.90209],[-120.4487,37.90227],[-120.4484,37.90254],[-120.44825,37.90264],[-120.44802,37.9029],[-120.44788,37.90352],[-120.44782,37.90388],[-120.44787,37.90423],[-120.44794,37.90461],[-120.44809,37.90482],[-120.44828,37.90494],[-120.44837,37.90514],[-120.4487,37.9054],[-120.44904,37.90563],[-120.4494,37.9059],[-120.44971,37.9062],[-120.44997,37.90653],[-120.45019,37.90684],[-120.45039,37.90711],[-120.45059,37.90746],[-120.45064,37.90766],[-120.45067,37.9079],[-120.45069,37.90822],[-120.45068,37.90833],[-120.45067,37.90851],[-120.45065,37.90899],[-120.45061,37.90943],[-120.4505,37.91013],[-120.45031,37.91076],[-120.45019,37.91106],[-120.45012,37.91118],[-120.45005,37.91135],[-120.45006,37.91149],[-120.45015,37.91167],[-120.45014,37.91187],[-120.45014,37.91215],[-120.45001,37.91251],[-120.44982,37.91288],[-120.44962,37.91309],[-120.44942,37.91326],[-120.44918,37.91335],[-120.44892,37.91344],[-120.44849,37.91345],[-120.44815,37.91345],[-120.44802,37.91335],[-120.4478,37.91327],[-120.44767,37.91319],[-120.44746,37.91305],[-120.44723,37.91277],[-120.44718,37.91263],[-120.44719,37.91256]]]},"properties":{"src":"usmin","kind":"Tailings - Undifferentiated","name":"","topo":"Sonora 1948","url":"https://mrdata.usgs.gov/usmin/show-usmin.php?type=polygon&id=13794"}},{"type":"Feature","geometry":{"type":"Polygon","coordinates":[[[-120.41688,37.91346],[-120.41706,37.91341],[-120.41716,37.91341],[-120.41721,37.91342],[-120.41734,37.91346],[-120.41737,37.9136],[-120.41735,37.91372],[-120.41731,37.91388],[-120.41724,37.91399],[-120.41712,37.91407],[-120.417,37.91414],[-120.41685,37.91422],[-120.41672,37.91425],[-120.41659,37.9142],[-120.41651,37.91413],[-120.41652,37.91398],[-120.41659,37.91383],[-120.41669,37.91369],[-120.41688,37.91346]]]},"properties":{"src":"usmin","kind":"Tailings - Undifferentiated","name":"","topo":"Sonora 1948","url":"https://mrdata.usgs.gov/usmin/show-usmin.php?type=polygon&id=13795"}},{"type":"Feature","geometry":{"type":"Polygon","coordinates":[[[-120.25978,37.9757],[-120.25997,37.97567],[-120.26,37.97574],[-120.26002,37.97591],[-120.25999,37.97595],[-120.25997,37.97597],[-120.25987,37.97599],[-120.25981,37.97603],[-120.25977,37.9761],[-120.25971,37.97621],[-120.2596,37.97622],[-120.25946,37.9762],[-120.25939,37.97616],[-120.2594,37.97609],[-120.25942,37.97599],[-120.25939,37.97593],[-120.25942,37.97588],[-120.25954,37.97583],[-120.25957,37.9758],[-120.25961,37.97575],[-120.25978,37.9757]]]},"properties":{"src":"usmin","kind":"Tailings - Undifferentiated","name":"","topo":"Standard 1948","url":"https://mrdata.usgs.gov/usmin/show-usmin.php?type=polygon&id=13796"}},{"type":"Feature","geometry":{"type":"Polygon","coordinates":[[[-120.34821,37.83443],[-120.34849,37.83436],[-120.34865,37.83433],[-120.34872,37.8344],[-120.34879,37.8344],[-120.34913,37.83431],[-120.34961,37.83431],[-120.35016,37.83446],[-120.35036,37.83452],[-120.35043,37.83462],[-120.35041,37.83468],[-120.35024,37.83482],[-120.35001,37.83493],[-120.34954,37.83517],[-120.34887,37.8355],[-120.34829,37.8358],[-120.34781,37.83607],[-120.34688,37.83649],[-120.34641,37.83667],[-120.34621,37.83682],[-120.34607,37.83698],[-120.34596,37.83708],[-120.34581,37.83715],[-120.34565,37.83718],[-120.34552,37.83718],[-120.34546,37.83708],[-120.34536,37.83701],[-120.34529,37.83694],[-120.34528,37.83679],[-120.34529,37.83672],[-120.34534,37.83662],[-120.34539,37.83653],[-120.3455,37.83632],[-120.34579,37.83614],[-120.34597,37.83609],[-120.34622,37.83588],[-120.34639,37.83576],[-120.34649,37.83574],[-120.3465,37.83561],[-120.34662,37.8355],[-120.34699,37.83526],[-120.34748,37.83484],[-120.34772,37.83465],[-120.34788,37.83451],[-120.34805,37.83449],[-120.34821,37.83443]]]},"properties":{"src":"usmin","kind":"Tailings - Undifferentiated","name":"","topo":"Moccasin 1948","url":"https://mrdata.usgs.gov/usmin/show-usmin.php?type=polygon&id=13805"}},{"type":"Feature","geometry":{"type":"Polygon","coordinates":[[[-120.3952,37.88916],[-120.39529,37.88907],[-120.39541,37.88909],[-120.39547,37.88913],[-120.39552,37.88921],[-120.39565,37.88927],[-120.39565,37.88944],[-120.39563,37.88954],[-120.39551,37.88963],[-120.39544,37.88965],[-120.39537,37.88968],[-120.39528,37.8897],[-120.39509,37.88964],[-120.39501,37.88953],[-120.39503,37.88945],[-120.3951,37.88926],[-120.3952,37.88916]]]},"properties":{"src":"usmin","kind":"Tailings - Undifferentiated","name":"","topo":"Sonora 1948","url":"https://mrdata.usgs.gov/usmin/show-usmin.php?type=polygon&id=13806"}},{"type":"Feature","geometry":{"type":"Polygon","coordinates":[[[-120.24346,37.97561],[-120.24356,37.97554],[-120.24364,37.97557],[-120.24367,37.97562],[-120.24368,37.97571],[-120.2438,37.97581],[-120.24389,37.97591],[-120.24408,37.97603],[-120.2441,37.97616],[-120.24407,37.9762],[-120.24397,37.97623],[-120.24382,37.97623],[-120.24373,37.97621],[-120.24353,37.97613],[-120.24343,37.97607],[-120.24342,37.97599],[-120.24346,37.97592],[-120.24346,37.97583],[-120.24343,37.97573],[-120.24346,37.97561]]]},"properties":{"src":"usmin","kind":"Tailings - Undifferentiated","name":"","topo":"Tuolumne 1948","url":"https://mrdata.usgs.gov/usmin/show-usmin.php?type=polygon&id=13807"}},{"type":"Feature","geometry":{"type":"Polygon","coordinates":[[[-120.49028,37.80682],[-120.49006,37.80681],[-120.4899,37.80681],[-120.48973,37.80675],[-120.48949,37.80673],[-120.48936,37.80673],[-120.4892,37.80669],[-120.48914,37.80665],[-120.48896,37.80658],[-120.48891,37.80656],[-120.48885,37.80656],[-120.48878,37.80654],[-120.48875,37.80647],[-120.48875,37.80639],[-120.48879,37.80636],[-120.48886,37.80632],[-120.48891,37.80631],[-120.48894,37.80627],[-120.48889,37.80621],[-120.48889,37.80617],[-120.48889,37.80612],[-120.48887,37.80604],[-120.48885,37.80594],[-120.48881,37.80584],[-120.48879,37.80575],[-120.48879,37.80568],[-120.48882,37.80561],[-120.48888,37.80554],[-120.48896,37.80551],[-120.48901,37.80552],[-120.48905,37.80557],[-120.48915,37.80569],[-120.48929,37.80587],[-120.48938,37.80599],[-120.48952,37.80607],[-120.48963,37.80614],[-120.48971,37.80615],[-120.48973,37.80613],[-120.48983,37.80616],[-120.4899,37.80623],[-120.49,37.80626],[-120.49007,37.80634],[-120.49013,37.8064],[-120.49021,37.80649],[-120.49028,37.80658],[-120.49045,37.80671],[-120.49048,37.80677],[-120.49045,37.80682],[-120.49038,37.80683],[-120.49028,37.80682]]]},"properties":{"src":"usmin","kind":"Tailings - Undifferentiated","name":"","topo":"Chinese Camp 1947","url":"https://mrdata.usgs.gov/usmin/show-usmin.php?type=polygon&id=13808"}},{"type":"Feature","geometry":{"type":"Polygon","coordinates":[[[-120.37351,37.99065],[-120.37349,37.99061],[-120.3735,37.99049],[-120.37351,37.9904],[-120.37357,37.99032],[-120.37362,37.99024],[-120.37372,37.9902],[-120.37385,37.99028],[-120.37402,37.99043],[-120.37413,37.9905],[-120.37413,37.99057],[-120.37409,37.99063],[-120.37389,37.99065],[-120.37363,37.99063],[-120.37357,37.99065],[-120.37351,37.99065]]]},"properties":{"src":"usmin","kind":"Tailings - Undifferentiated","name":"","topo":"Standard 1948","url":"https://mrdata.usgs.gov/usmin/show-usmin.php?type=polygon&id=13809"}},{"type":"Feature","geometry":{"type":"Polygon","coordinates":[[[-120.26197,37.98661],[-120.26197,37.98652],[-120.26213,37.98644],[-120.26235,37.98624],[-120.26246,37.98619],[-120.26253,37.98619],[-120.26261,37.98625],[-120.26279,37.98634],[-120.26284,37.98644],[-120.26294,37.98647],[-120.26297,37.98653],[-120.26302,37.98657],[-120.2631,37.98658],[-120.26346,37.98654],[-120.26354,37.98659],[-120.26358,37.98666],[-120.26365,37.98677],[-120.26368,37.98695],[-120.26366,37.98707],[-120.26358,37.9871],[-120.26358,37.98718],[-120.26356,37.98733],[-120.26356,37.9874],[-120.26359,37.98749],[-120.26354,37.98757],[-120.26344,37.98783],[-120.26338,37.98804],[-120.26328,37.98812],[-120.26323,37.98816],[-120.26313,37.98817],[-120.26259,37.98794],[-120.26241,37.98789],[-120.26234,37.98788],[-120.26231,37.98782],[-120.26231,37.98774],[-120.26234,37.98737],[-120.26229,37.98703],[-120.26212,37.98679],[-120.26197,37.98661]]]},"properties":{"src":"usmin","kind":"Tailings - Undifferentiated","name":"Soulsby Mine","topo":"Standard 1948","url":"https://mrdata.usgs.gov/usmin/show-usmin.php?type=polygon&id=13810"}},{"type":"Feature","geometry":{"type":"Polygon","coordinates":[[[-120.26618,37.88607],[-120.26619,37.88598],[-120.26623,37.88594],[-120.26627,37.88595],[-120.2663,37.88596],[-120.26647,37.88598],[-120.26654,37.88598],[-120.2666,37.88595],[-120.26673,37.88594],[-120.26678,37.88599],[-120.2668,37.88607],[-120.2668,37.88611],[-120.26673,37.88618],[-120.26666,37.88623],[-120.26664,37.88629],[-120.26662,37.88634],[-120.26655,37.88637],[-120.26645,37.88639],[-120.26642,37.88642],[-120.2664,37.88646],[-120.26635,37.88648],[-120.26627,37.88648],[-120.26623,37.88651],[-120.26619,37.88657],[-120.26603,37.88656],[-120.26598,37.88653],[-120.26597,37.88647],[-120.26593,37.88644],[-120.26585,37.88639],[-120.2658,37.88633],[-120.26587,37.88622],[-120.26601,37.88616],[-120.26615,37.88612],[-120.26618,37.88607]]]},"properties":{"src":"usmin","kind":"Tailings - Undifferentiated","name":"Russell Telegraph Mine","topo":"Standard 1948","url":"https://mrdata.usgs.gov/usmin/show-usmin.php?type=polygon&id=13811"}},{"type":"Feature","geometry":{"type":"Polygon","coordinates":[[[-120.26543,37.99644],[-120.26554,37.9964],[-120.26563,37.9964],[-120.26567,37.99644],[-120.26575,37.99644],[-120.26588,37.99647],[-120.26588,37.9965],[-120.26586,37.99683],[-120.26584,37.99684],[-120.26568,37.99686],[-120.26554,37.99685],[-120.26541,37.99678],[-120.26525,37.99663],[-120.26522,37.99656],[-120.26524,37.99652],[-120.26529,37.99649],[-120.26538,37.99648],[-120.26543,37.99644]]]},"properties":{"src":"usmin","kind":"Tailings - Undifferentiated","name":"","topo":"Standard 1948","url":"https://mrdata.usgs.gov/usmin/show-usmin.php?type=polygon&id=13812"}},{"type":"Feature","geometry":{"type":"Polygon","coordinates":[[[-120.39314,37.89024],[-120.39351,37.89016],[-120.39361,37.89016],[-120.39361,37.89025],[-120.39365,37.89042],[-120.39364,37.89052],[-120.39356,37.89066],[-120.39347,37.89069],[-120.39331,37.89073],[-120.39314,37.89076],[-120.39296,37.89074],[-120.39295,37.89067],[-120.39286,37.89048],[-120.39281,37.89044],[-120.39286,37.89034],[-120.39314,37.89024]]]},"properties":{"src":"usmin","kind":"Tailings - Undifferentiated","name":"","topo":"Sonora 1948","url":"https://mrdata.usgs.gov/usmin/show-usmin.php?type=polygon&id=13813"}},{"type":"Feature","geometry":{"type":"Polygon","coordinates":[[[-120.24356,37.97873],[-120.2437,37.97867],[-120.24386,37.9787],[-120.2439,37.9788],[-120.24405,37.97888],[-120.24415,37.97894],[-120.24418,37.97904],[-120.24416,37.97908],[-120.24412,37.97916],[-120.24405,37.97922],[-120.24393,37.97923],[-120.24392,37.97923],[-120.2438,37.97922],[-120.24365,37.97917],[-120.24351,37.97904],[-120.24344,37.97889],[-120.24346,37.97878],[-120.2435,37.97876],[-120.24356,37.97873]]]},"properties":{"src":"usmin","kind":"Tailings - Undifferentiated","name":"North Star Mine","topo":"Tuolumne 2001","url":"https://mrdata.usgs.gov/usmin/show-usmin.php?type=polygon&id=13814"}},{"type":"Feature","geometry":{"type":"Polygon","coordinates":[[[-120.40791,37.84083],[-120.4081,37.84081],[-120.40829,37.84085],[-120.40852,37.84096],[-120.40863,37.84106],[-120.40869,37.84121],[-120.40867,37.84129],[-120.40864,37.84138],[-120.40853,37.84144],[-120.40841,37.84148],[-120.40826,37.84148],[-120.40804,37.84146],[-120.40791,37.8414],[-120.40766,37.84121],[-120.40761,37.84108],[-120.40761,37.84097],[-120.40765,37.84088],[-120.40775,37.84083],[-120.40791,37.84083]]]},"properties":{"src":"usmin","kind":"Tailings - Undifferentiated","name":"","topo":"Chinese Camp 1947","url":"https://mrdata.usgs.gov/usmin/show-usmin.php?type=polygon&id=13815"}},{"type":"Feature","geometry":{"type":"Polygon","coordinates":[[[-120.25236,37.9802],[-120.25242,37.98017],[-120.25262,37.98018],[-120.25273,37.98023],[-120.25278,37.9803],[-120.25282,37.9804],[-120.2529,37.9805],[-120.25288,37.98055],[-120.25283,37.98057],[-120.25278,37.98058],[-120.25268,37.98058],[-120.25261,37.98062],[-120.25254,37.98067],[-120.25242,37.98067],[-120.25234,37.98065],[-120.25232,37.98061],[-120.25231,37.98043],[-120.25231,37.98029],[-120.25236,37.9802]]]},"properties":{"src":"usmin","kind":"Tailings - Undifferentiated","name":"Chickenfeed Mine","topo":"Standard 1948","url":"https://mrdata.usgs.gov/usmin/show-usmin.php?type=polygon&id=13816"}},{"type":"Feature","geometry":{"type":"Polygon","coordinates":[[[-120.22484,37.99654],[-120.22491,37.99639],[-120.22495,37.99641],[-120.22519,37.9964],[-120.22532,37.99643],[-120.22548,37.99652],[-120.22557,37.99657],[-120.22564,37.99659],[-120.22574,37.99667],[-120.2258,37.99673],[-120.22585,37.99682],[-120.22589,37.99687],[-120.22596,37.99706],[-120.22596,37.99719],[-120.226,37.99732],[-120.22598,37.99742],[-120.22591,37.99747],[-120.22575,37.99748],[-120.2256,37.99745],[-120.22554,37.99738],[-120.22554,37.99724],[-120.22547,37.99712],[-120.22541,37.99706],[-120.22534,37.99705],[-120.22524,37.99703],[-120.22514,37.99697],[-120.22501,37.99683],[-120.22488,37.99671],[-120.22483,37.99662],[-120.22484,37.99654]]]},"properties":{"src":"usmin","kind":"Tailings - Undifferentiated","name":"Ophir Mine","topo":"Tuolumne 2001","url":"https://mrdata.usgs.gov/usmin/show-usmin.php?type=polygon&id=13817"}},{"type":"Feature","geometry":{"type":"Polygon","coordinates":[[[-120.36105,37.84065],[-120.36089,37.84057],[-120.36062,37.84057],[-120.36052,37.84052],[-120.36041,37.8404],[-120.36026,37.84036],[-120.35997,37.84031],[-120.35988,37.84021],[-120.35987,37.84016],[-120.3598,37.84013],[-120.35971,37.84014],[-120.35953,37.84013],[-120.35941,37.84007],[-120.35944,37.83999],[-120.35948,37.83998],[-120.35961,37.83995],[-120.35973,37.83993],[-120.35984,37.83986],[-120.35998,37.83987],[-120.36013,37.83985],[-120.36013,37.83982],[-120.36047,37.83983],[-120.36116,37.83993],[-120.36169,37.84011],[-120.36191,37.84019],[-120.36207,37.84029],[-120.36221,37.84052],[-120.36244,37.84074],[-120.36256,37.84083],[-120.36274,37.84099],[-120.36276,37.84111],[-120.36281,37.84128],[-120.36292,37.84148],[-120.36311,37.84161],[-120.36358,37.84192],[-120.36384,37.84211],[-120.36415,37.84248],[-120.36426,37.84262],[-120.3642,37.84268],[-120.36404,37.84262],[-120.36397,37.84246],[-120.3639,37.84244],[-120.36379,37.8424],[-120.36372,37.84226],[-120.36353,37.84217],[-120.36327,37.84196],[-120.36295,37.84169],[-120.36257,37.84138],[-120.36211,37.84114],[-120.36199,37.84104],[-120.36195,37.84096],[-120.36182,37.8409],[-120.36163,37.84086],[-120.36147,37.84082],[-120.36128,37.84076],[-120.36121,37.8407],[-120.36105,37.84065]]]},"properties":{"src":"usmin","kind":"Tailings - Undifferentiated","name":"","topo":"Moccasin 1948","url":"https://mrdata.usgs.gov/usmin/show-usmin.php?type=polygon&id=13821"}},{"type":"Feature","geometry":{"type":"Polygon","coordinates":[[[-120.41575,37.88135],[-120.41596,37.88126],[-120.41607,37.8813],[-120.41608,37.88137],[-120.41608,37.88145],[-120.41606,37.88151],[-120.41604,37.8816],[-120.416,37.88171],[-120.41595,37.88181],[-120.41594,37.88189],[-120.41585,37.88199],[-120.41584,37.88207],[-120.4158,37.88215],[-120.41576,37.8823],[-120.41574,37.88255],[-120.41576,37.88283],[-120.4158,37.8829],[-120.41574,37.88293],[-120.41567,37.88292],[-120.41561,37.88287],[-120.41557,37.88278],[-120.41552,37.88267],[-120.41549,37.88247],[-120.41541,37.8823],[-120.41536,37.88209],[-120.41536,37.88185],[-120.41541,37.8817],[-120.41553,37.88152],[-120.41575,37.88135]]]},"properties":{"src":"usmin","kind":"Tailings - Undifferentiated","name":"","topo":"Sonora 1948","url":"https://mrdata.usgs.gov/usmin/show-usmin.php?type=polygon&id=13822"}},{"type":"Feature","geometry":{"type":"Polygon","coordinates":[[[-120.45461,37.9142],[-120.45453,37.91408],[-120.45453,37.91399],[-120.45462,37.91387],[-120.4547,37.9138],[-120.45485,37.9137],[-120.45519,37.9136],[-120.4554,37.91361],[-120.45582,37.91366],[-120.45586,37.91374],[-120.45598,37.91394],[-120.4562,37.9141],[-120.45631,37.91415],[-120.45637,37.91409],[-120.45644,37.91403],[-120.45645,37.91396],[-120.45647,37.91385],[-120.45647,37.9138],[-120.45647,37.91373],[-120.45655,37.91366],[-120.45661,37.91362],[-120.45667,37.91352],[-120.45677,37.91345],[-120.45689,37.91335],[-120.45698,37.91332],[-120.4571,37.91325],[-120.45724,37.9132],[-120.45758,37.91327],[-120.45769,37.91336],[-120.45778,37.91347],[-120.45779,37.91352],[-120.45774,37.91369],[-120.45766,37.91385],[-120.45753,37.91399],[-120.45733,37.9143],[-120.45712,37.91461],[-120.45698,37.91469],[-120.45674,37.9149],[-120.45648,37.915],[-120.45634,37.91506],[-120.45615,37.9151],[-120.45582,37.91509],[-120.45563,37.91506],[-120.45547,37.91497],[-120.45535,37.91487],[-120.45526,37.91479],[-120.45517,37.9147],[-120.45512,37.91467],[-120.45508,37.9146],[-120.455,37.91456],[-120.45495,37.91452],[-120.45492,37.91443],[-120.45482,37.91441],[-120.45474,37.91435],[-120.45471,37.91428],[-120.45461,37.9142]]]},"properties":{"src":"usmin","kind":"Tailings - Undifferentiated","name":"","topo":"Sonora 1948","url":"https://mrdata.usgs.gov/usmin/show-usmin.php?type=polygon&id=13823"}},{"type":"Feature","geometry":{"type":"Polygon","coordinates":[[[-120.28241,37.79332],[-120.28152,37.79267],[-120.28129,37.79256],[-120.28111,37.79238],[-120.28098,37.79214],[-120.28078,37.79188],[-120.2807,37.79172],[-120.28057,37.79155],[-120.28046,37.79139],[-120.28037,37.79128],[-120.28013,37.79113],[-120.28002,37.791],[-120.27987,37.79084],[-120.27969,37.79064],[-120.27932,37.79026],[-120.27923,37.79014],[-120.27901,37.78991],[-120.27884,37.7897],[-120.27875,37.78952],[-120.27867,37.78933],[-120.27864,37.78923],[-120.27879,37.78919],[-120.27895,37.78928],[-120.27919,37.78962],[-120.27957,37.79011],[-120.27983,37.79034],[-120.28015,37.79052],[-120.28039,37.79078],[-120.28057,37.79099],[-120.28089,37.79138],[-120.28113,37.79165],[-120.28161,37.79223],[-120.28172,37.7925],[-120.28209,37.79286],[-120.28238,37.79307],[-120.28262,37.79314],[-120.28282,37.79317],[-120.28305,37.79324],[-120.28318,37.79324],[-120.28342,37.79339],[-120.28365,37.79357],[-120.28405,37.79387],[-120.28438,37.79409],[-120.28443,37.79425],[-120.28446,37.79469],[-120.28454,37.79494],[-120.28474,37.79523],[-120.28478,37.7955],[-120.28476,37.79559],[-120.2847,37.79565],[-120.28467,37.79571],[-120.28475,37.79583],[-120.28482,37.7962],[-120.28482,37.79631],[-120.28479,37.79637],[-120.28474,37.79649],[-120.28466,37.79654],[-120.28453,37.79649],[-120.28436,37.79632],[-120.28417,37.79601],[-120.28406,37.79576],[-120.28403,37.7956],[-120.28406,37.79552],[-120.28405,37.7954],[-120.28395,37.79524],[-120.28394,37.79499],[-120.284,37.79467],[-120.28396,37.7944],[-120.28385,37.79432],[-120.28375,37.79418],[-120.28358,37.79396],[-120.28329,37.79363],[-120.28308,37.79355],[-120.28293,37.79348],[-120.2827,37.79344],[-120.28241,37.79332]]]},"properties":{"src":"usmin","kind":"Tailings - Undifferentiated","name":"","topo":"Moccasin 1948","url":"https://mrdata.usgs.gov/usmin/show-usmin.php?type=polygon&id=13824"}},{"type":"Feature","geometry":{"type":"Polygon","coordinates":[[[-120.37675,37.91943],[-120.3769,37.91943],[-120.37711,37.91958],[-120.37715,37.91968],[-120.37715,37.91986],[-120.37715,37.92022],[-120.37714,37.92042],[-120.37709,37.92057],[-120.37705,37.92068],[-120.37699,37.92079],[-120.37699,37.92096],[-120.37708,37.92107],[-120.37719,37.92123],[-120.37729,37.9214],[-120.37734,37.92163],[-120.37732,37.92185],[-120.37734,37.92209],[-120.37731,37.92222],[-120.37723,37.92238],[-120.377,37.92272],[-120.37678,37.92298],[-120.37651,37.92329],[-120.37624,37.92358],[-120.37603,37.92371],[-120.37589,37.92372],[-120.37579,37.92376],[-120.37565,37.92386],[-120.37553,37.92399],[-120.37549,37.92416],[-120.37533,37.92437],[-120.37513,37.92452],[-120.37503,37.92463],[-120.37487,37.9248],[-120.37472,37.92506],[-120.37455,37.92535],[-120.37453,37.92548],[-120.37444,37.92563],[-120.37435,37.92577],[-120.37426,37.92582],[-120.37426,37.92588],[-120.37422,37.92596],[-120.37415,37.92601],[-120.37413,37.92609],[-120.37409,37.92632],[-120.37401,37.92644],[-120.37392,37.92661],[-120.37386,37.92677],[-120.37383,37.9269],[-120.37373,37.927],[-120.37373,37.92709],[-120.37376,37.9272],[-120.37371,37.9273],[-120.37361,37.92741],[-120.37343,37.9276],[-120.37317,37.9278],[-120.37301,37.9279],[-120.37286,37.92794],[-120.3727,37.92801],[-120.37257,37.92802],[-120.37254,37.92797],[-120.37259,37.92788],[-120.3727,37.9277],[-120.37289,37.92752],[-120.37301,37.92735],[-120.37307,37.92712],[-120.3732,37.92695],[-120.37339,37.92663],[-120.37358,37.92635],[-120.37381,37.92596],[-120.37381,37.9258],[-120.37384,37.92565],[-120.37395,37.92547],[-120.37409,37.9252],[-120.37444,37.92493],[-120.37484,37.9246],[-120.375,37.92447],[-120.37504,37.92427],[-120.37507,37.92416],[-120.37519,37.92396],[-120.37533,37.9238],[-120.37544,37.92374],[-120.37553,37.92363],[-120.3756,37.92356],[-120.3756,37.92342],[-120.37572,37.9232],[-120.37576,37.92303],[-120.37581,37.92276],[-120.37585,37.92265],[-120.37603,37.92255],[-120.3761,37.92249],[-120.37621,37.92238],[-120.37636,37.92211],[-120.37634,37.92197],[-120.37635,37.92185],[-120.37635,37.92159],[-120.3763,37.92109],[-120.37629,37.92081],[-120.37631,37.92066],[-120.37637,37.92055],[-120.37645,37.92045],[-120.37651,37.91998],[-120.37656,37.91961],[-120.37664,37.91949],[-120.37675,37.91943]]]},"properties":{"src":"usmin","kind":"Tailings - Undifferentiated","name":"","topo":"Standard 1948","url":"https://mrdata.usgs.gov/usmin/show-usmin.php?type=polygon&id=13825"}},{"type":"Feature","geometry":{"type":"Polygon","coordinates":[[[-120.26261,37.98835],[-120.26273,37.98832],[-120.26276,37.98837],[-120.26276,37.98851],[-120.2628,37.98864],[-120.2628,37.98876],[-120.26279,37.98888],[-120.26276,37.98891],[-120.26257,37.98893],[-120.26248,37.98892],[-120.2624,37.98886],[-120.26238,37.98869],[-120.26233,37.98855],[-120.26231,37.98848],[-120.26236,37.98842],[-120.26244,37.98837],[-120.26261,37.98835]]]},"properties":{"src":"usmin","kind":"Tailings - Undifferentiated","name":"Soulsby Mine","topo":"Standard 1948","url":"https://mrdata.usgs.gov/usmin/show-usmin.php?type=polygon&id=13826"}},{"type":"Feature","geometry":{"type":"Polygon","coordinates":[[[-120.18575,37.88519],[-120.18592,37.88517],[-120.18627,37.88521],[-120.18648,37.88526],[-120.18648,37.88534],[-120.18651,37.88545],[-120.18654,37.88555],[-120.18656,37.88568],[-120.18656,37.88576],[-120.18654,37.88579],[-120.18649,37.88581],[-120.1857,37.8856],[-120.18557,37.88556],[-120.18553,37.88552],[-120.18554,37.88544],[-120.1856,37.88532],[-120.18569,37.88524],[-120.18575,37.88519]]]},"properties":{"src":"usmin","kind":"Tailings - Undifferentiated","name":"Duleke Mine","topo":"Tuolumne 1948","url":"https://mrdata.usgs.gov/usmin/show-usmin.php?type=polygon&id=13827"}},{"type":"Feature","geometry":{"type":"Polygon","coordinates":[[[-120.24848,37.98355],[-120.24839,37.98349],[-120.24831,37.98349],[-120.24818,37.98343],[-120.24815,37.98338],[-120.24805,37.98331],[-120.24798,37.98324],[-120.24796,37.98317],[-120.24799,37.98314],[-120.24805,37.98311],[-120.2482,37.98309],[-120.24828,37.98306],[-120.2484,37.98309],[-120.2485,37.98316],[-120.24861,37.98318],[-120.24863,37.98326],[-120.24861,37.98331],[-120.24862,37.98337],[-120.24865,37.9834],[-120.24866,37.98343],[-120.24867,37.98347],[-120.24866,37.98352],[-120.24858,37.98355],[-120.24848,37.98355]]]},"properties":{"src":"usmin","kind":"Tailings - Undifferentiated","name":"Columbus Mine","topo":"Tuolumne 1948","url":"https://mrdata.usgs.gov/usmin/show-usmin.php?type=polygon&id=13839"}},{"type":"Feature","geometry":{"type":"Polygon","coordinates":[[[-120.21535,37.94504],[-120.21544,37.945],[-120.21549,37.945],[-120.21554,37.94503],[-120.21552,37.94507],[-120.21536,37.94526],[-120.21517,37.94542],[-120.21502,37.94554],[-120.21491,37.94557],[-120.21487,37.94551],[-120.21493,37.94538],[-120.21503,37.94526],[-120.2151,37.94512],[-120.21535,37.94504]]]},"properties":{"src":"usmin","kind":"Tailings - Undifferentiated","name":"","topo":"Tuolumne 1948","url":"https://mrdata.usgs.gov/usmin/show-usmin.php?type=polygon&id=13840"}},{"type":"Feature","geometry":{"type":"Polygon","coordinates":[[[-120.40149,37.86562],[-120.40149,37.86561],[-120.40158,37.86564],[-120.40164,37.8657],[-120.40169,37.86582],[-120.40179,37.8659],[-120.40198,37.8661],[-120.4021,37.86628],[-120.40224,37.86651],[-120.40229,37.86668],[-120.4023,37.86688],[-120.4023,37.86703],[-120.4023,37.86718],[-120.40235,37.86735],[-120.40243,37.86754],[-120.40252,37.86774],[-120.40266,37.8679],[-120.40268,37.86795],[-120.40271,37.86801],[-120.40275,37.86812],[-120.4027,37.86837],[-120.40268,37.86843],[-120.40262,37.86848],[-120.40257,37.86851],[-120.40254,37.86856],[-120.40249,37.86861],[-120.40239,37.86868],[-120.40236,37.86868],[-120.40236,37.86868],[-120.40229,37.86865],[-120.40227,37.86864],[-120.40221,37.86859],[-120.40215,37.86853],[-120.40212,37.86846],[-120.40206,37.86835],[-120.40205,37.86826],[-120.40209,37.8682],[-120.40214,37.86816],[-120.40218,37.86812],[-120.40216,37.86807],[-120.40215,37.86805],[-120.40205,37.86796],[-120.40202,37.86789],[-120.40197,37.86785],[-120.4019,37.8678],[-120.40186,37.86773],[-120.40177,37.86763],[-120.40162,37.86753],[-120.40149,37.86739],[-120.40145,37.8673],[-120.4014,37.86718],[-120.40141,37.86704],[-120.40143,37.86689],[-120.40143,37.86677],[-120.40141,37.8667],[-120.40142,37.8666],[-120.40143,37.86649],[-120.40146,37.8664],[-120.40146,37.86632],[-120.40148,37.86626],[-120.40151,37.86621],[-120.4015,37.86614],[-120.40145,37.8661],[-120.40145,37.86603],[-120.40147,37.8659],[-120.4014,37.86584],[-120.4014,37.86575],[-120.40141,37.86568],[-120.40143,37.86562],[-120.40149,37.86562]]]},"properties":{"src":"usmin","kind":"Tailings - Undifferentiated","name":"","topo":"Chinese Camp 1973","url":"https://mrdata.usgs.gov/usmin/show-usmin.php?type=polygon&id=13828"}},{"type":"Feature","geometry":{"type":"Polygon","coordinates":[[[-120.41615,37.88207],[-120.41621,37.88207],[-120.41627,37.88215],[-120.41627,37.88227],[-120.41625,37.88234],[-120.41625,37.88252],[-120.4163,37.88269],[-120.41634,37.88285],[-120.41645,37.88296],[-120.4165,37.88316],[-120.4166,37.8834],[-120.41675,37.88368],[-120.41686,37.88401],[-120.41702,37.88439],[-120.41711,37.88465],[-120.41717,37.8848],[-120.4172,37.88499],[-120.41726,37.88512],[-120.41723,37.88535],[-120.41705,37.88542],[-120.4169,37.8854],[-120.41672,37.88525],[-120.41664,37.88504],[-120.41664,37.88491],[-120.41669,37.8848],[-120.4166,37.88447],[-120.41645,37.88416],[-120.41632,37.88376],[-120.41606,37.8832],[-120.41588,37.88262],[-120.41591,37.88241],[-120.41594,37.88229],[-120.41602,37.88221],[-120.41608,37.88213],[-120.41615,37.88207]]]},"properties":{"src":"usmin","kind":"Tailings - Undifferentiated","name":"","topo":"Sonora 1948","url":"https://mrdata.usgs.gov/usmin/show-usmin.php?type=polygon&id=13829"}},{"type":"Feature","geometry":{"type":"Polygon","coordinates":[[[-120.22266,37.99474],[-120.22272,37.99465],[-120.22285,37.99466],[-120.22293,37.99472],[-120.22296,37.99475],[-120.22303,37.99481],[-120.22315,37.9949],[-120.22316,37.99497],[-120.22313,37.99505],[-120.2231,37.99509],[-120.22298,37.99516],[-120.22289,37.99515],[-120.22276,37.99513],[-120.22267,37.99505],[-120.22266,37.99498],[-120.22265,37.99483],[-120.22266,37.99474]]]},"properties":{"src":"usmin","kind":"Tailings - Undifferentiated","name":"","topo":"Tuolumne 2001","url":"https://mrdata.usgs.gov/usmin/show-usmin.php?type=polygon&id=13830"}},{"type":"Feature","geometry":{"type":"Polygon","coordinates":[[[-120.4903,37.80709],[-120.49037,37.80702],[-120.49063,37.80704],[-120.49081,37.80705],[-120.49093,37.80707],[-120.49113,37.80709],[-120.49126,37.80716],[-120.49146,37.80726],[-120.49159,37.80734],[-120.49172,37.80738],[-120.49178,37.80743],[-120.49179,37.80754],[-120.49191,37.8076],[-120.49203,37.80772],[-120.49201,37.80781],[-120.49191,37.8078],[-120.49177,37.80777],[-120.49151,37.8077],[-120.49133,37.8076],[-120.49098,37.80749],[-120.49079,37.8074],[-120.49055,37.80726],[-120.4904,37.80715],[-120.4903,37.80709]]]},"properties":{"src":"usmin","kind":"Tailings - Undifferentiated","name":"","topo":"Chinese Camp 1947","url":"https://mrdata.usgs.gov/usmin/show-usmin.php?type=polygon&id=13831"}},{"type":"Feature","geometry":{"type":"Polygon","coordinates":[[[-120.37106,37.95498],[-120.37119,37.95479],[-120.37122,37.95464],[-120.37126,37.95457],[-120.37126,37.95452],[-120.3713,37.95446],[-120.37138,37.95445],[-120.37144,37.95447],[-120.37147,37.9545],[-120.37143,37.9546],[-120.37138,37.95468],[-120.37137,37.95481],[-120.37138,37.95484],[-120.37146,37.95481],[-120.37146,37.95473],[-120.37159,37.95462],[-120.37169,37.95463],[-120.37173,37.95467],[-120.37175,37.95478],[-120.37175,37.95499],[-120.37172,37.95519],[-120.37163,37.95547],[-120.37152,37.9556],[-120.37142,37.95567],[-120.37123,37.95582],[-120.37104,37.9559],[-120.37078,37.95604],[-120.37056,37.9562],[-120.3704,37.95628],[-120.37012,37.95634],[-120.36998,37.95638],[-120.36973,37.95643],[-120.36959,37.95647],[-120.36948,37.95645],[-120.36939,37.95638],[-120.36934,37.95625],[-120.36933,37.95615],[-120.36935,37.95605],[-120.36938,37.956],[-120.36946,37.95596],[-120.36955,37.95591],[-120.36975,37.95581],[-120.36997,37.95572],[-120.37017,37.95568],[-120.3704,37.95559],[-120.37054,37.95551],[-120.37073,37.95535],[-120.37087,37.95524],[-120.37094,37.9551],[-120.37106,37.95498]]]},"properties":{"src":"usmin","kind":"Tailings - Undifferentiated","name":"","topo":"Standard 1948","url":"https://mrdata.usgs.gov/usmin/show-usmin.php?type=polygon&id=13832"}},{"type":"Feature","geometry":{"type":"Polygon","coordinates":[[[-120.27634,37.97633],[-120.27639,37.97626],[-120.27654,37.97628],[-120.2768,37.97639],[-120.27693,37.97649],[-120.27694,37.97655],[-120.27681,37.97665],[-120.27668,37.97677],[-120.27665,37.97682],[-120.27655,37.9769],[-120.27645,37.97696],[-120.27633,37.97698],[-120.27619,37.97699],[-120.27601,37.97704],[-120.27596,37.97706],[-120.2759,37.97706],[-120.27584,37.977],[-120.27579,37.97688],[-120.27578,37.97681],[-120.27581,37.97673],[-120.27599,37.97664],[-120.27616,37.97654],[-120.27623,37.97647],[-120.27634,37.97633]]]},"properties":{"src":"usmin","kind":"Tailings - Undifferentiated","name":"","topo":"Standard 1948","url":"https://mrdata.usgs.gov/usmin/show-usmin.php?type=polygon&id=13833"}},{"type":"Feature","geometry":{"type":"Polygon","coordinates":[[[-120.33881,37.83964],[-120.33876,37.83962],[-120.33874,37.83966],[-120.33873,37.83969],[-120.33871,37.8397],[-120.33861,37.83963],[-120.33856,37.83955],[-120.33849,37.83953],[-120.33844,37.83951],[-120.33843,37.83944],[-120.33832,37.83943],[-120.33824,37.83937],[-120.33821,37.83933],[-120.3381,37.83932],[-120.33804,37.83924],[-120.33803,37.83917],[-120.33803,37.83906],[-120.33794,37.83906],[-120.33786,37.839],[-120.33786,37.83891],[-120.33787,37.83888],[-120.33781,37.83885],[-120.33776,37.83885],[-120.33763,37.83871],[-120.3374,37.83859],[-120.3372,37.83848],[-120.337,37.83839],[-120.33687,37.83818],[-120.33687,37.83803],[-120.33688,37.83788],[-120.33692,37.83781],[-120.33696,37.83776],[-120.33708,37.83774],[-120.33724,37.83782],[-120.33733,37.83793],[-120.33763,37.83819],[-120.33777,37.83833],[-120.33784,37.83844],[-120.33795,37.83848],[-120.33814,37.83854],[-120.33827,37.83857],[-120.33832,37.83864],[-120.33834,37.83872],[-120.33849,37.83879],[-120.33867,37.83884],[-120.33871,37.83884],[-120.33879,37.83892],[-120.33877,37.83901],[-120.33883,37.83904],[-120.33889,37.83907],[-120.339,37.83912],[-120.33903,37.83919],[-120.33907,37.83924],[-120.33919,37.83924],[-120.3393,37.83929],[-120.33932,37.83935],[-120.33934,37.83938],[-120.33967,37.83941],[-120.33988,37.83946],[-120.34006,37.83952],[-120.3401,37.83961],[-120.34008,37.83971],[-120.34003,37.83975],[-120.34001,37.83979],[-120.34,37.83982],[-120.33995,37.83987],[-120.33995,37.83995],[-120.33995,37.84003],[-120.33993,37.8401],[-120.3399,37.84017],[-120.33981,37.84024],[-120.33974,37.84028],[-120.33973,37.84032],[-120.33971,37.84041],[-120.33966,37.84044],[-120.33958,37.84043],[-120.33951,37.8404],[-120.33939,37.84029],[-120.33893,37.83987],[-120.33881,37.83977],[-120.33881,37.8397],[-120.33881,37.83964]]]},"properties":{"src":"usmin","kind":"Tailings - Undifferentiated","name":"","topo":"Moccasin 1948","url":"https://mrdata.usgs.gov/usmin/show-usmin.php?type=polygon&id=13834"}},{"type":"Feature","geometry":{"type":"Polygon","coordinates":[[[-120.2849,37.97751],[-120.28513,37.97744],[-120.28526,37.97746],[-120.28541,37.97752],[-120.28547,37.9776],[-120.28552,37.97772],[-120.28556,37.97786],[-120.28558,37.97796],[-120.2856,37.97807],[-120.28559,37.97814],[-120.28554,37.97819],[-120.28533,37.97823],[-120.28501,37.97828],[-120.28495,37.97831],[-120.28481,37.97833],[-120.28477,37.97834],[-120.28473,37.97831],[-120.28473,37.97825],[-120.28476,37.97819],[-120.28476,37.97814],[-120.28476,37.97808],[-120.2847,37.97795],[-120.28463,37.97783],[-120.28462,37.97774],[-120.28466,37.97763],[-120.2849,37.97751]]]},"properties":{"src":"usmin","kind":"Tailings - Undifferentiated","name":"Draiper Mine","topo":"Standard 1948","url":"https://mrdata.usgs.gov/usmin/show-usmin.php?type=polygon&id=13835"}},{"type":"Feature","geometry":{"type":"Polygon","coordinates":[[[-120.31713,37.81989],[-120.31714,37.81989],[-120.31717,37.81989],[-120.31713,37.81989]],[[-120.31713,37.81989],[-120.31715,37.8199],[-120.31724,37.8199],[-120.31724,37.8199],[-120.31736,37.81992],[-120.31743,37.81993],[-120.31747,37.81994],[-120.31758,37.81998],[-120.31763,37.81999],[-120.31767,37.82],[-120.31771,37.82001],[-120.31787,37.82002],[-120.31792,37.82002],[-120.31796,37.82003],[-120.318,37.82004],[-120.31803,37.82005],[-120.31809,37.82008],[-120.31811,37.82008],[-120.31813,37.82008],[-120.31815,37.82009],[-120.31816,37.82009],[-120.31819,37.8201],[-120.31819,37.8201],[-120.31843,37.82019],[-120.31842,37.82022],[-120.31835,37.82028],[-120.31828,37.82032],[-120.31821,37.82036],[-120.31819,37.82035],[-120.31817,37.82035],[-120.31812,37.82033],[-120.3181,37.82033],[-120.31805,37.82032],[-120.31803,37.82031],[-120.31796,37.8203],[-120.31788,37.82028],[-120.31788,37.82028],[-120.31782,37.82027],[-120.31777,37.82026],[-120.31772,37.82026],[-120.31758,37.82026],[-120.31752,37.82026],[-120.31747,37.82025],[-120.31737,37.82023],[-120.31732,37.82023],[-120.31729,37.82022],[-120.31725,37.82022],[-120.31707,37.82022],[-120.31703,37.82021],[-120.31699,37.82021],[-120.31693,37.8202],[-120.31683,37.82016],[-120.31678,37.82015],[-120.31678,37.82015],[-120.31676,37.82015],[-120.31668,37.82014],[-120.31659,37.82012],[-120.31653,37.82012],[-120.31647,37.82012],[-120.31647,37.82012],[-120.31629,37.82013],[-120.31622,37.82013],[-120.31615,37.82013],[-120.31609,37.82012],[-120.31605,37.82011],[-120.316,37.8201],[-120.31584,37.82003],[-120.31584,37.82003],[-120.31579,37.82002],[-120.31575,37.82001],[-120.31572,37.82],[-120.31567,37.82],[-120.31567,37.82],[-120.3156,37.81999],[-120.31555,37.81998],[-120.31552,37.81997],[-120.31549,37.81997],[-120.31539,37.81992],[-120.31535,37.81991],[-120.31531,37.8199],[-120.31527,37.8199],[-120.3152,37.8199],[-120.31518,37.81989],[-120.31515,37.81989],[-120.31512,37.81988],[-120.31509,37.81987],[-120.31503,37.81985],[-120.31495,37.8198],[-120.3149,37.81978],[-120.31486,37.81976],[-120.31482,37.81973],[-120.31478,37.8197],[-120.31473,37.81966],[-120.31469,37.81962],[-120.31458,37.81951],[-120.31452,37.81945],[-120.31449,37.81942],[-120.31448,37.81941],[-120.31445,37.81939],[-120.31436,37.81935],[-120.31432,37.81932],[-120.3142,37.81925],[-120.31417,37.81923],[-120.31415,37.81921],[-120.31413,37.81919],[-120.31411,37.81917],[-120.3141,37.81915],[-120.31409,37.81912],[-120.31409,37.81911],[-120.31409,37.81907],[-120.31409,37.81907],[-120.31408,37.81905],[-120.31408,37.81903],[-120.31406,37.81901],[-120.31406,37.81901],[-120.31405,37.81899],[-120.31403,37.81897],[-120.31395,37.8189],[-120.31393,37.81888],[-120.31391,37.81886],[-120.31381,37.8188],[-120.31378,37.81877],[-120.31374,37.81874],[-120.31372,37.81871],[-120.31371,37.81869],[-120.3137,37.81867],[-120.31366,37.81857],[-120.31365,37.81855],[-120.31364,37.81854],[-120.31361,37.81851],[-120.31355,37.81846],[-120.31354,37.81844],[-120.31353,37.81843],[-120.31351,37.81839],[-120.3135,37.81837],[-120.3135,37.81835],[-120.3135,37.81834],[-120.31351,37.81829],[-120.31352,37.81827],[-120.31352,37.81826],[-120.31351,37.81825],[-120.3135,37.81824],[-120.31349,37.81823],[-120.31343,37.8182],[-120.31341,37.81819],[-120.31337,37.81817],[-120.31334,37.81817],[-120.31325,37.81814],[-120.3132,37.81813],[-120.31318,37.81812],[-120.31316,37.81811],[-120.31314,37.81809],[-120.31313,37.81807],[-120.31311,37.81804],[-120.3131,37.81799],[-120.31309,37.81797],[-120.3131,37.81792],[-120.3131,37.8179],[-120.31309,37.81789],[-120.31308,37.81788],[-120.31307,37.81787],[-120.31303,37.81784],[-120.31301,37.81783],[-120.31296,37.81781],[-120.31295,37.81781],[-120.31294,37.8178],[-120.31292,37.81777],[-120.31291,37.81776],[-120.3129,37.81775],[-120.3129,37.81773],[-120.3129,37.81771],[-120.3129,37.8177],[-120.31292,37.81769],[-120.31293,37.81768],[-120.31293,37.81767],[-120.31293,37.81766],[-120.31293,37.81764],[-120.31293,37.81763],[-120.31293,37.81763],[-120.31293,37.81762],[-120.31292,37.81761],[-120.31291,37.8176],[-120.31288,37.81757],[-120.31287,37.81756],[-120.31285,37.81755],[-120.31278,37.81752],[-120.31278,37.81752],[-120.31276,37.8175],[-120.31274,37.81749],[-120.31272,37.81747],[-120.31266,37.81739],[-120.31264,37.81738],[-120.31262,37.81737],[-120.31259,37.81734],[-120.31253,37.81732],[-120.3125,37.8173],[-120.31246,37.81729],[-120.31243,37.81727],[-120.31239,37.81726],[-120.31231,37.81724],[-120.31214,37.81721],[-120.31214,37.81721],[-120.31207,37.8172],[-120.31207,37.8172],[-120.31203,37.81719],[-120.31199,37.81717],[-120.31195,37.81716],[-120.31186,37.81713],[-120.31182,37.81712],[-120.31179,37.81711],[-120.31177,37.8171],[-120.31175,37.81708],[-120.31174,37.81707],[-120.31172,37.81706],[-120.3117,37.81702],[-120.31169,37.81701],[-120.31166,37.81699],[-120.3116,37.81695],[-120.31159,37.81694],[-120.31158,37.81693],[-120.31156,37.81691],[-120.31154,37.81686],[-120.31153,37.81685],[-120.31151,37.81681],[-120.31149,37.81679],[-120.31148,37.81679],[-120.31146,37.81676],[-120.31144,37.81675],[-120.31144,37.81675],[-120.31143,37.81675],[-120.31141,37.81674],[-120.31137,37.81673],[-120.31137,37.81673],[-120.31134,37.81672],[-120.31132,37.81672],[-120.31131,37.81671],[-120.31129,37.8167],[-120.31128,37.81668],[-120.31125,37.81664],[-120.31124,37.81662],[-120.31122,37.81661],[-120.31118,37.81658],[-120.31117,37.81657],[-120.31115,37.81655],[-120.31112,37.8165],[-120.3111,37.81648],[-120.31108,37.81646],[-120.31105,37.81645],[-120.31104,37.81644],[-120.31102,37.81644],[-120.31096,37.81645],[-120.31096,37.81645],[-120.31093,37.81645],[-120.31091,37.81644],[-120.3109,37.81643],[-120.31088,37.81642],[-120.31086,37.81641],[-120.31084,37.81639],[-120.31083,37.81637],[-120.31081,37.81636],[-120.3108,37.81634],[-120.31079,37.81632],[-120.31079,37.81631],[-120.31079,37.81628],[-120.31079,37.81628],[-120.31078,37.81626],[-120.31078,37.81624],[-120.31076,37.81623],[-120.31075,37.81622],[-120.31073,37.8162],[-120.31072,37.8162],[-120.3107,37.81618],[-120.31069,37.81618],[-120.31069,37.81618],[-120.31066,37.81617],[-120.31063,37.81616],[-120.31059,37.81615],[-120.31053,37.81614],[-120.31053,37.81614],[-120.31048,37.81614],[-120.31045,37.81613],[-120.31042,37.81612],[-120.3104,37.81611],[-120.31037,37.81609],[-120.31032,37.81603],[-120.3103,37.81601],[-120.31027,37.81599],[-120.3102,37.81595],[-120.31019,37.81594],[-120.31017,37.81593],[-120.31015,37.81591],[-120.31014,37.81589],[-120.31012,37.81587],[-120.31011,37.81585],[-120.3101,37.81583],[-120.31009,37.8158],[-120.31008,37.81577],[-120.31008,37.81574],[-120.31008,37.81572],[-120.31008,37.8157],[-120.31009,37.81568],[-120.3101,37.81566],[-120.31011,37.81564],[-120.31012,37.81563],[-120.31013,37.81563],[-120.31016,37.81563],[-120.31017,37.81562],[-120.31018,37.81562],[-120.31018,37.81561],[-120.31018,37.8156],[-120.31018,37.81557],[-120.31017,37.81556],[-120.31017,37.81555],[-120.31016,37.81554],[-120.31012,37.81552],[-120.31011,37.81552],[-120.31009,37.81551],[-120.31003,37.81551],[-120.31,37.8155],[-120.30998,37.8155],[-120.30996,37.81548],[-120.30991,37.81544],[-120.3099,37.81544],[-120.30988,37.81542],[-120.30985,37.81541],[-120.30983,37.8154],[-120.30978,37.81538],[-120.30975,37.81537],[-120.30972,37.81535],[-120.3097,37.81533],[-120.30955,37.81524],[-120.30955,37.81524],[-120.30951,37.81522],[-120.30949,37.8152],[-120.30947,37.81519],[-120.30945,37.81517],[-120.30944,37.81516],[-120.30943,37.81514],[-120.30943,37.81512],[-120.30943,37.81511],[-120.30942,37.81509],[-120.30942,37.81507],[-120.30943,37.81505],[-120.30943,37.81504],[-120.30944,37.81503],[-120.30944,37.81502],[-120.30945,37.81502],[-120.30947,37.81502],[-120.30949,37.81502],[-120.30949,37.81502],[-120.30955,37.81502],[-120.30957,37.81502],[-120.30961,37.81503],[-120.30967,37.81504],[-120.30973,37.81506],[-120.30978,37.81509],[-120.30984,37.81511],[-120.30988,37.81513],[-120.30992,37.81516],[-120.30994,37.81517],[-120.30996,37.81519],[-120.30997,37.81522],[-120.31003,37.81529],[-120.31005,37.81531],[-120.31006,37.81533],[-120.31014,37.81539],[-120.31017,37.81542],[-120.3102,37.81543],[-120.31022,37.81545],[-120.31025,37.81546],[-120.31027,37.81546],[-120.3103,37.81546],[-120.31032,37.81546],[-120.31034,37.81546],[-120.31034,37.81546],[-120.31038,37.81544],[-120.31041,37.81544],[-120.31044,37.81544],[-120.31047,37.81545],[-120.31049,37.81545],[-120.31051,37.81546],[-120.31053,37.81547],[-120.31053,37.81547],[-120.31055,37.81548],[-120.31058,37.8155],[-120.3106,37.81553],[-120.31062,37.81555],[-120.31063,37.81557],[-120.31064,37.8156],[-120.31065,37.81562],[-120.31066,37.81565],[-120.31069,37.81567],[-120.31071,37.8157],[-120.31077,37.81575],[-120.31083,37.8158],[-120.31087,37.81584],[-120.31091,37.81586],[-120.31094,37.81588],[-120.31098,37.8159],[-120.31101,37.81591],[-120.31105,37.81592],[-120.31109,37.81593],[-120.31113,37.81594],[-120.31116,37.81594],[-120.31124,37.81594],[-120.31124,37.81594],[-120.31125,37.81594],[-120.31127,37.81595],[-120.3113,37.81596],[-120.31133,37.81596],[-120.31136,37.81598],[-120.31136,37.81598],[-120.31143,37.81601],[-120.31147,37.81603],[-120.31149,37.81605],[-120.3115,37.81606],[-120.31151,37.81607],[-120.31154,37.81612],[-120.31155,37.81614],[-120.31158,37.81616],[-120.31164,37.81621],[-120.31166,37.81623],[-120.31169,37.81627],[-120.3117,37.81629],[-120.31172,37.8163],[-120.31175,37.81632],[-120.31178,37.81633],[-120.3118,37.81634],[-120.3119,37.81637],[-120.31194,37.81638],[-120.312,37.8164],[-120.31203,37.81641],[-120.31205,37.81642],[-120.31207,37.81644],[-120.31208,37.81647],[-120.31209,37.81648],[-120.3121,37.81648],[-120.31214,37.8165],[-120.31216,37.8165],[-120.31217,37.81652],[-120.3122,37.81656],[-120.31221,37.81657],[-120.31224,37.81659],[-120.31229,37.81662],[-120.31231,37.81663],[-120.31235,37.81665],[-120.31246,37.81668],[-120.3125,37.8167],[-120.31255,37.81672],[-120.31264,37.81677],[-120.31268,37.81679],[-120.31272,37.81681],[-120.31275,37.81682],[-120.31278,37.81682],[-120.31284,37.81683],[-120.31287,37.81683],[-120.31292,37.81685],[-120.31295,37.81686],[-120.31297,37.81687],[-120.31299,37.81688],[-120.313,37.81689],[-120.31301,37.81691],[-120.31302,37.81693],[-120.31303,37.81695],[-120.31303,37.81696],[-120.31303,37.81698],[-120.31302,37.81703],[-120.31302,37.81705],[-120.31302,37.81706],[-120.31303,37.81707],[-120.31303,37.81707],[-120.31304,37.81707],[-120.31306,37.81707],[-120.31311,37.81703],[-120.31311,37.81703],[-120.31312,37.81701],[-120.31312,37.81699],[-120.31312,37.81698],[-120.31313,37.81698],[-120.31313,37.81698],[-120.31315,37.81698],[-120.31317,37.81698],[-120.3132,37.81699],[-120.3132,37.81699],[-120.31323,37.81701],[-120.31328,37.81702],[-120.31329,37.81703],[-120.3133,37.81704],[-120.31332,37.81706],[-120.31333,37.81707],[-120.31334,37.81709],[-120.31335,37.8171],[-120.31335,37.81712],[-120.31334,37.81714],[-120.31334,37.81715],[-120.31334,37.81716],[-120.31334,37.81717],[-120.31336,37.81717],[-120.31337,37.81717],[-120.31342,37.81718],[-120.31344,37.81718],[-120.3135,37.8172],[-120.31351,37.8172],[-120.31354,37.81721],[-120.31357,37.81723],[-120.31359,37.81724],[-120.31361,37.81725],[-120.31361,37.81725],[-120.31363,37.81727],[-120.31363,37.81729],[-120.31364,37.81732],[-120.31364,37.81735],[-120.31364,37.81737],[-120.31364,37.81738],[-120.31363,37.81738],[-120.31362,37.81739],[-120.31359,37.81739],[-120.31358,37.8174],[-120.31358,37.8174],[-120.31357,37.81741],[-120.31357,37.81743],[-120.31357,37.81744],[-120.31358,37.81744],[-120.31359,37.81745],[-120.31361,37.81745],[-120.31362,37.81745],[-120.31364,37.81745],[-120.31365,37.81745],[-120.31366,37.81744],[-120.31367,37.81743],[-120.31367,37.81743],[-120.31367,37.81741],[-120.31368,37.81741],[-120.31369,37.8174],[-120.3137,37.8174],[-120.31372,37.8174],[-120.31374,37.8174],[-120.31376,37.8174],[-120.31378,37.81741],[-120.3138,37.81742],[-120.31382,37.81743],[-120.31384,37.81744],[-120.31386,37.81745],[-120.31386,37.81745],[-120.31388,37.81747],[-120.3139,37.8175],[-120.31391,37.81752],[-120.31392,37.81754],[-120.31392,37.81757],[-120.31392,37.8176],[-120.31392,37.81762],[-120.31391,37.81763],[-120.31391,37.81763],[-120.3139,37.81764],[-120.31389,37.81763],[-120.31385,37.81761],[-120.31383,37.81761],[-120.31381,37.8176],[-120.3138,37.8176],[-120.3138,37.81761],[-120.31379,37.81761],[-120.31379,37.81762],[-120.31378,37.81763],[-120.31379,37.81764],[-120.31379,37.81764],[-120.3138,37.81765],[-120.31382,37.81766],[-120.31387,37.81767],[-120.31389,37.81768],[-120.31391,37.8177],[-120.31391,37.8177],[-120.31391,37.81771],[-120.31391,37.81772],[-120.31391,37.81776],[-120.31391,37.81778],[-120.31392,37.8178],[-120.31395,37.81784],[-120.31395,37.81786],[-120.31395,37.81788],[-120.31395,37.81791],[-120.31396,37.81793],[-120.31396,37.81794],[-120.31397,37.81795],[-120.31401,37.81797],[-120.31402,37.81798],[-120.31403,37.81799],[-120.31403,37.818],[-120.31404,37.81805],[-120.31404,37.81807],[-120.31405,37.81808],[-120.31406,37.81809],[-120.3141,37.81814],[-120.31411,37.81815],[-120.31412,37.81817],[-120.31412,37.81818],[-120.31413,37.81822],[-120.31413,37.81823],[-120.31416,37.81827],[-120.31416,37.81828],[-120.31417,37.81829],[-120.31416,37.81835],[-120.31416,37.81837],[-120.31416,37.81838],[-120.31417,37.8184],[-120.31418,37.81841],[-120.31418,37.81841],[-120.31419,37.81841],[-120.3142,37.81841],[-120.31422,37.81841],[-120.31422,37.81841],[-120.31423,37.8184],[-120.31425,37.81837],[-120.31426,37.81835],[-120.31426,37.81833],[-120.31426,37.81826],[-120.31426,37.81824],[-120.31427,37.81823],[-120.31428,37.81823],[-120.31429,37.81822],[-120.3143,37.81822],[-120.31432,37.81823],[-120.31436,37.81824],[-120.31444,37.81826],[-120.3145,37.81828],[-120.31452,37.81829],[-120.31454,37.8183],[-120.31455,37.81832],[-120.31456,37.81833],[-120.31457,37.81835],[-120.31456,37.81837],[-120.31456,37.81837],[-120.31454,37.81839],[-120.31454,37.81839],[-120.31453,37.8184],[-120.31454,37.81841],[-120.31455,37.81842],[-120.31457,37.81844],[-120.31459,37.81846],[-120.3146,37.81846],[-120.31461,37.81846],[-120.31467,37.81845],[-120.31468,37.81845],[-120.3147,37.81846],[-120.31471,37.81847],[-120.31473,37.81848],[-120.31475,37.8185],[-120.31476,37.81851],[-120.31476,37.81852],[-120.31476,37.81853],[-120.31476,37.81855],[-120.31476,37.81858],[-120.31474,37.81864],[-120.31474,37.81866],[-120.31474,37.81867],[-120.31474,37.81868],[-120.31475,37.81868],[-120.31475,37.81869],[-120.31477,37.81869],[-120.31478,37.81869],[-120.31478,37.81868],[-120.31477,37.81867],[-120.31476,37.81866],[-120.31476,37.81865],[-120.31477,37.81864],[-120.31479,37.81863],[-120.3148,37.81863],[-120.31481,37.81863],[-120.31481,37.81863],[-120.31483,37.81863],[-120.31484,37.81863],[-120.31484,37.81863],[-120.31485,37.81864],[-120.31487,37.81865],[-120.31488,37.81866],[-120.31491,37.8187],[-120.31492,37.81872],[-120.31494,37.81873],[-120.31495,37.81873],[-120.31497,37.81873],[-120.315,37.81872],[-120.31501,37.81871],[-120.31502,37.81871],[-120.31503,37.81872],[-120.31506,37.81873],[-120.31507,37.81874],[-120.31509,37.81875],[-120.3151,37.81876],[-120.31511,37.81878],[-120.31512,37.8188],[-120.31512,37.81883],[-120.31512,37.81885],[-120.31511,37.81889],[-120.31511,37.81891],[-120.31512,37.81891],[-120.31512,37.81892],[-120.31513,37.81893],[-120.31514,37.81893],[-120.31515,37.81894],[-120.31517,37.81893],[-120.31521,37.81892],[-120.31522,37.81892],[-120.31523,37.81892],[-120.31524,37.81893],[-120.31525,37.81894],[-120.31526,37.81895],[-120.31527,37.81896],[-120.31527,37.81898],[-120.31527,37.81899],[-120.31527,37.81901],[-120.31527,37.81902],[-120.31527,37.81902],[-120.31525,37.81903],[-120.31524,37.81904],[-120.31524,37.81905],[-120.31525,37.81907],[-120.31525,37.81908],[-120.31526,37.81909],[-120.31527,37.81909],[-120.31528,37.81909],[-120.3153,37.8191],[-120.31536,37.8191],[-120.31538,37.8191],[-120.31545,37.81912],[-120.3155,37.81914],[-120.31554,37.81916],[-120.31557,37.81918],[-120.3156,37.81921],[-120.31561,37.81922],[-120.31562,37.81923],[-120.31564,37.81923],[-120.31569,37.81924],[-120.31572,37.81925],[-120.31576,37.81927],[-120.31577,37.81928],[-120.31579,37.81929],[-120.3158,37.81931],[-120.31582,37.81935],[-120.31583,37.81936],[-120.31585,37.81937],[-120.31587,37.81937],[-120.31589,37.81938],[-120.31594,37.81937],[-120.31597,37.81938],[-120.31599,37.81938],[-120.316,37.81939],[-120.31602,37.8194],[-120.31604,37.81942],[-120.31605,37.81944],[-120.31607,37.81946],[-120.31607,37.81947],[-120.31608,37.81951],[-120.31608,37.81952],[-120.31609,37.81952],[-120.31611,37.81953],[-120.31612,37.81952],[-120.31617,37.81951],[-120.31619,37.81951],[-120.3162,37.81951],[-120.31622,37.81951],[-120.31625,37.81952],[-120.31628,37.81954],[-120.31631,37.81956],[-120.31632,37.81957],[-120.31633,37.81959],[-120.31634,37.8196],[-120.31634,37.81964],[-120.31634,37.81965],[-120.31634,37.81965],[-120.31635,37.81966],[-120.31636,37.81966],[-120.31638,37.81966],[-120.31645,37.81965],[-120.31647,37.81965],[-120.31648,37.81966],[-120.31649,37.81966],[-120.3165,37.81967],[-120.31654,37.81973],[-120.31655,37.81974],[-120.31656,37.81975],[-120.31658,37.81976],[-120.3166,37.81977],[-120.31663,37.81977],[-120.3167,37.81977],[-120.31674,37.81978],[-120.31678,37.81979],[-120.31685,37.81983],[-120.31689,37.81984],[-120.31695,37.81986],[-120.31699,37.81988],[-120.31703,37.81988],[-120.31706,37.81989],[-120.31709,37.81989],[-120.31713,37.81989]]]},"properties":{"src":"usmin","kind":"Tailings - Undifferentiated","name":"","topo":"Moccasin 1987","url":"https://mrdata.usgs.gov/usmin/show-usmin.php?type=polygon&id=13836"}},{"type":"Feature","geometry":{"type":"Polygon","coordinates":[[[-120.27934,37.97071],[-120.27947,37.97071],[-120.2797,37.97071],[-120.27975,37.97074],[-120.27975,37.97078],[-120.27974,37.97084],[-120.27966,37.97087],[-120.27961,37.97094],[-120.27957,37.97106],[-120.27955,37.97112],[-120.27949,37.97115],[-120.27937,37.97113],[-120.27924,37.9711],[-120.2792,37.97107],[-120.2792,37.97102],[-120.27926,37.97092],[-120.27929,37.97083],[-120.2793,37.97077],[-120.27934,37.97071]]]},"properties":{"src":"usmin","kind":"Tailings - Undifferentiated","name":"Junction Mine","topo":"Standard 1948","url":"https://mrdata.usgs.gov/usmin/show-usmin.php?type=polygon&id=13837"}},{"type":"Feature","geometry":{"type":"Polygon","coordinates":[[[-120.17635,37.96326],[-120.17646,37.96325],[-120.17676,37.96327],[-120.17698,37.96333],[-120.17709,37.96338],[-120.17706,37.96347],[-120.17693,37.96351],[-120.17671,37.96358],[-120.1765,37.96358],[-120.17647,37.96359],[-120.17638,37.96361],[-120.17634,37.96362],[-120.1763,37.96362],[-120.17626,37.9635],[-120.17628,37.96341],[-120.1763,37.96332],[-120.17633,37.96328],[-120.17635,37.96326]]]},"properties":{"src":"usmin","kind":"Tailings - Undifferentiated","name":"","topo":"Tuolumne 1948","url":"https://mrdata.usgs.gov/usmin/show-usmin.php?type=polygon&id=13838"}},{"type":"Feature","geometry":{"type":"Polygon","coordinates":[[[-120.45146,37.96158],[-120.45164,37.96154],[-120.45179,37.96155],[-120.45192,37.96158],[-120.452,37.96162],[-120.45207,37.96172],[-120.45211,37.96184],[-120.45211,37.96193],[-120.45205,37.96203],[-120.452,37.96209],[-120.4519,37.96214],[-120.45177,37.96217],[-120.45164,37.96214],[-120.4515,37.96205],[-120.45144,37.96193],[-120.45138,37.96176],[-120.45143,37.96166],[-120.45146,37.96158]]]},"properties":{"src":"usmin","kind":"Tailings - Undifferentiated","name":"","topo":"Sonora 1948","url":"https://mrdata.usgs.gov/usmin/show-usmin.php?type=polygon&id=13842"}},{"type":"Feature","geometry":{"type":"Polygon","coordinates":[[[-120.22925,37.96492],[-120.22935,37.96492],[-120.22952,37.965],[-120.22961,37.96508],[-120.22966,37.9652],[-120.22966,37.96531],[-120.22966,37.96542],[-120.22958,37.96554],[-120.22952,37.96559],[-120.22949,37.96562],[-120.2294,37.96562],[-120.22937,37.96556],[-120.22929,37.96555],[-120.22924,37.96531],[-120.22921,37.96516],[-120.22916,37.965],[-120.22925,37.96492]]]},"properties":{"src":"usmin","kind":"Tailings - Undifferentiated","name":"","topo":"Tuolumne 1948","url":"https://mrdata.usgs.gov/usmin/show-usmin.php?type=polygon&id=13843"}},{"type":"Feature","geometry":{"type":"Polygon","coordinates":[[[-120.4231,37.92603],[-120.42305,37.92602],[-120.42296,37.92602],[-120.42286,37.926],[-120.4228,37.92596],[-120.42271,37.92596],[-120.42262,37.92597],[-120.42256,37.92595],[-120.42253,37.92592],[-120.42252,37.9259],[-120.42258,37.92577],[-120.42266,37.92571],[-120.42276,37.92565],[-120.42305,37.92516],[-120.42309,37.92507],[-120.4231,37.92499],[-120.42312,37.92491],[-120.42316,37.9249],[-120.42322,37.92488],[-120.42329,37.92488],[-120.42335,37.92491],[-120.42346,37.92496],[-120.42349,37.92501],[-120.42351,37.92506],[-120.42357,37.92509],[-120.42361,37.92515],[-120.42361,37.92521],[-120.42361,37.92526],[-120.42363,37.92534],[-120.42363,37.9254],[-120.4236,37.92548],[-120.42363,37.92562],[-120.42368,37.92572],[-120.4237,37.92582],[-120.42368,37.92589],[-120.4236,37.92595],[-120.4235,37.92594],[-120.42342,37.92596],[-120.42337,37.926],[-120.42333,37.926],[-120.42324,37.926],[-120.4231,37.92603]]]},"properties":{"src":"usmin","kind":"Tailings - Undifferentiated","name":"","topo":"Sonora 1948","url":"https://mrdata.usgs.gov/usmin/show-usmin.php?type=polygon&id=13844"}},{"type":"Feature","geometry":{"type":"Polygon","coordinates":[[[-120.24718,37.97978],[-120.24711,37.97972],[-120.24698,37.97977],[-120.2469,37.9798],[-120.24688,37.97981],[-120.24675,37.97977],[-120.24651,37.97961],[-120.24625,37.97925],[-120.24608,37.97895],[-120.24594,37.97873],[-120.24589,37.97869],[-120.24574,37.97855],[-120.24564,37.97844],[-120.24562,37.97842],[-120.24556,37.97836],[-120.24548,37.97822],[-120.24543,37.97813],[-120.24544,37.97805],[-120.24544,37.97794],[-120.24545,37.97793],[-120.24553,37.97785],[-120.2456,37.9778],[-120.24573,37.97775],[-120.24574,37.97774],[-120.24582,37.97767],[-120.24589,37.97763],[-120.24593,37.9776],[-120.24605,37.97758],[-120.24613,37.97758],[-120.2463,37.97771],[-120.24641,37.97781],[-120.24646,37.97791],[-120.2465,37.978],[-120.2465,37.97803],[-120.24655,37.97811],[-120.24662,37.97813],[-120.24666,37.97822],[-120.24665,37.97831],[-120.24672,37.97843],[-120.24676,37.97848],[-120.24689,37.97851],[-120.24697,37.97856],[-120.24702,37.97865],[-120.24704,37.97874],[-120.24715,37.97877],[-120.24717,37.9788],[-120.24721,37.97886],[-120.24732,37.979],[-120.24737,37.97915],[-120.24744,37.97922],[-120.24752,37.97929],[-120.24755,37.97942],[-120.24759,37.9795],[-120.24765,37.97959],[-120.24766,37.97967],[-120.24763,37.97972],[-120.24753,37.97971],[-120.24748,37.97978],[-120.24747,37.97986],[-120.24747,37.97987],[-120.24743,37.97993],[-120.2473,37.97995],[-120.24721,37.97988],[-120.24717,37.97985],[-120.24718,37.97978]]]},"properties":{"src":"usmin","kind":"Tailings - Undifferentiated","name":"North Star Mine","topo":"Tuolumne 1948","url":"https://mrdata.usgs.gov/usmin/show-usmin.php?type=polygon&id=13845"}},{"type":"Feature","geometry":{"type":"Polygon","coordinates":[[[-120.2321,37.94769],[-120.23213,37.94768],[-120.23216,37.9477],[-120.23216,37.94777],[-120.23221,37.94787],[-120.23221,37.94798],[-120.23217,37.94803],[-120.23215,37.94807],[-120.23214,37.94817],[-120.2321,37.94822],[-120.232,37.94826],[-120.23192,37.94826],[-120.23183,37.94819],[-120.23185,37.94815],[-120.23188,37.9481],[-120.23187,37.94802],[-120.23188,37.94796],[-120.2319,37.9479],[-120.23193,37.94784],[-120.23194,37.94778],[-120.23198,37.94775],[-120.2321,37.94769]]]},"properties":{"src":"usmin","kind":"Tailings - Undifferentiated","name":"","topo":"Tuolumne 1948","url":"https://mrdata.usgs.gov/usmin/show-usmin.php?type=polygon&id=13846"}},{"type":"Feature","geometry":{"type":"Polygon","coordinates":[[[-120.2438,37.97339],[-120.24395,37.97336],[-120.24408,37.97346],[-120.24426,37.97355],[-120.24436,37.97364],[-120.24443,37.97369],[-120.24444,37.97373],[-120.24442,37.9738],[-120.24437,37.97383],[-120.24433,37.97384],[-120.24428,37.97387],[-120.2442,37.97393],[-120.24407,37.97392],[-120.24402,37.97386],[-120.24397,37.97381],[-120.24384,37.97372],[-120.24374,37.97364],[-120.24369,37.97354],[-120.2437,37.97347],[-120.2438,37.97339]]]},"properties":{"src":"usmin","kind":"Tailings - Undifferentiated","name":"","topo":"Tuolumne 1948","url":"https://mrdata.usgs.gov/usmin/show-usmin.php?type=polygon&id=13847"}},{"type":"Feature","geometry":{"type":"Polygon","coordinates":[[[-120.22313,37.98536],[-120.2233,37.98536],[-120.22338,37.9854],[-120.22337,37.98546],[-120.22335,37.98551],[-120.22336,37.98558],[-120.22336,37.98568],[-120.22337,37.9858],[-120.22339,37.98588],[-120.2234,37.98589],[-120.2234,37.98591],[-120.2234,37.98597],[-120.22338,37.98601],[-120.22331,37.98603],[-120.22323,37.98603],[-120.22316,37.98604],[-120.22303,37.98609],[-120.22294,37.98609],[-120.22286,37.98604],[-120.2228,37.98593],[-120.22275,37.98577],[-120.22274,37.98565],[-120.22276,37.98557],[-120.22282,37.9855],[-120.22298,37.98539],[-120.22313,37.98536]]]},"properties":{"src":"usmin","kind":"Tailings - Undifferentiated","name":"","topo":"Tuolumne 2001","url":"https://mrdata.usgs.gov/usmin/show-usmin.php?type=polygon&id=13848"}},{"type":"Feature","geometry":{"type":"Polygon","coordinates":[[[-120.28904,37.80133],[-120.28898,37.8013],[-120.28886,37.80133],[-120.28877,37.8014],[-120.28866,37.80136],[-120.28846,37.80121],[-120.28832,37.80105],[-120.28816,37.80092],[-120.288,37.80074],[-120.28778,37.80056],[-120.28764,37.8004],[-120.28754,37.80032],[-120.28736,37.80025],[-120.28716,37.79997],[-120.28709,37.79986],[-120.28695,37.7998],[-120.28686,37.79969],[-120.28674,37.79937],[-120.28663,37.79915],[-120.28652,37.79903],[-120.28636,37.79884],[-120.28632,37.79864],[-120.28621,37.79844],[-120.28602,37.79821],[-120.28583,37.79795],[-120.28571,37.79775],[-120.28553,37.79747],[-120.28543,37.79727],[-120.2854,37.79716],[-120.28544,37.79714],[-120.28549,37.79711],[-120.28559,37.79716],[-120.28569,37.79724],[-120.28576,37.79744],[-120.28591,37.79771],[-120.28603,37.79791],[-120.28617,37.79814],[-120.28623,37.79816],[-120.28634,37.7982],[-120.28651,37.79836],[-120.28661,37.79857],[-120.28673,37.79881],[-120.28678,37.79891],[-120.28685,37.79891],[-120.28695,37.79891],[-120.28704,37.79898],[-120.28706,37.79907],[-120.28709,37.79906],[-120.28723,37.79913],[-120.28741,37.79925],[-120.28762,37.79957],[-120.28778,37.79978],[-120.28786,37.79995],[-120.28784,37.8],[-120.28782,37.80004],[-120.2879,37.80002],[-120.28799,37.79998],[-120.2882,37.80005],[-120.2883,37.8001],[-120.28833,37.80015],[-120.28832,37.80018],[-120.28845,37.80022],[-120.28868,37.80035],[-120.28874,37.80048],[-120.2889,37.80058],[-120.28913,37.80066],[-120.28928,37.80084],[-120.2894,37.80099],[-120.28953,37.80106],[-120.28962,37.80115],[-120.28994,37.80128],[-120.29036,37.8015],[-120.29057,37.80164],[-120.29058,37.80172],[-120.29054,37.80174],[-120.29045,37.80176],[-120.29037,37.80177],[-120.29027,37.80179],[-120.29017,37.80183],[-120.29002,37.80184],[-120.28991,37.80184],[-120.28983,37.80177],[-120.28975,37.80167],[-120.28957,37.8016],[-120.28934,37.80151],[-120.2891,37.80139],[-120.28904,37.80133]]]},"properties":{"src":"usmin","kind":"Tailings - Undifferentiated","name":"","topo":"Moccasin 1948","url":"https://mrdata.usgs.gov/usmin/show-usmin.php?type=polygon&id=13849"}},{"type":"Feature","geometry":{"type":"Polygon","coordinates":[[[-120.35793,37.95105],[-120.35782,37.95094],[-120.35777,37.9509],[-120.35772,37.95077],[-120.35757,37.95067],[-120.35753,37.95061],[-120.35749,37.95055],[-120.35742,37.95052],[-120.35736,37.95051],[-120.35736,37.95042],[-120.35734,37.95035],[-120.35728,37.95031],[-120.35728,37.95022],[-120.35729,37.95012],[-120.35736,37.95001],[-120.3575,37.94994],[-120.35792,37.94974],[-120.35792,37.94965],[-120.35794,37.94962],[-120.35801,37.94959],[-120.35807,37.94953],[-120.35811,37.94946],[-120.35814,37.94937],[-120.35826,37.94922],[-120.35832,37.94911],[-120.35835,37.94902],[-120.35846,37.94896],[-120.3586,37.9488],[-120.35867,37.94866],[-120.35878,37.94853],[-120.3589,37.94837],[-120.35899,37.94826],[-120.35908,37.94819],[-120.35914,37.94818],[-120.3592,37.94817],[-120.35926,37.94807],[-120.35928,37.94801],[-120.35938,37.94797],[-120.35946,37.94787],[-120.35947,37.94779],[-120.35953,37.94774],[-120.35964,37.94767],[-120.35969,37.9476],[-120.35981,37.94753],[-120.35986,37.94746],[-120.35994,37.94738],[-120.3601,37.94734],[-120.36029,37.94718],[-120.36056,37.94714],[-120.36066,37.94718],[-120.36087,37.94723],[-120.36101,37.94729],[-120.36113,37.94733],[-120.36119,37.94738],[-120.3613,37.94742],[-120.36136,37.94743],[-120.36143,37.94745],[-120.36145,37.94751],[-120.36146,37.94758],[-120.36144,37.94768],[-120.3614,37.94778],[-120.36134,37.9479],[-120.36127,37.94797],[-120.36118,37.94803],[-120.36106,37.94811],[-120.36102,37.94822],[-120.3609,37.94831],[-120.3608,37.94846],[-120.36062,37.94856],[-120.36049,37.94863],[-120.3603,37.9487],[-120.36016,37.94878],[-120.35999,37.94885],[-120.35988,37.9489],[-120.35977,37.94894],[-120.35971,37.94902],[-120.3597,37.94909],[-120.35967,37.94919],[-120.35966,37.94925],[-120.35961,37.94935],[-120.35965,37.9494],[-120.35975,37.94945],[-120.35976,37.94954],[-120.35973,37.94959],[-120.35966,37.94964],[-120.35963,37.94967],[-120.35955,37.94972],[-120.35946,37.94978],[-120.35937,37.94986],[-120.35932,37.94998],[-120.35925,37.95006],[-120.3592,37.9501],[-120.35914,37.95012],[-120.35905,37.95015],[-120.359,37.95025],[-120.359,37.95032],[-120.35895,37.9504],[-120.3588,37.95054],[-120.3588,37.95062],[-120.35875,37.95071],[-120.35869,37.95075],[-120.35866,37.95081],[-120.35859,37.95091],[-120.3585,37.95094],[-120.3584,37.95096],[-120.35839,37.95102],[-120.35835,37.95108],[-120.35828,37.95108],[-120.35821,37.95105],[-120.35815,37.95108],[-120.35813,37.95116],[-120.35805,37.95121],[-120.35799,37.95121],[-120.35794,37.95112],[-120.35793,37.95105]]]},"properties":{"src":"usmin","kind":"Tailings - Undifferentiated","name":"","topo":"Standard 1948","url":"https://mrdata.usgs.gov/usmin/show-usmin.php?type=polygon&id=13850"}},{"type":"Feature","geometry":{"type":"Polygon","coordinates":[[[-120.26507,37.77978],[-120.26484,37.77972],[-120.26469,37.77973],[-120.26438,37.77971],[-120.2642,37.77973],[-120.26404,37.7797],[-120.264,37.77966],[-120.26402,37.77961],[-120.26409,37.77957],[-120.26416,37.77954],[-120.26428,37.77949],[-120.26451,37.77936],[-120.26484,37.77924],[-120.26512,37.77921],[-120.26538,37.77921],[-120.2656,37.77928],[-120.2657,37.77934],[-120.26572,37.77951],[-120.26572,37.77957],[-120.26562,37.77967],[-120.26546,37.77977],[-120.26524,37.77981],[-120.26507,37.77978]]]},"properties":{"src":"usmin","kind":"Tailings - Undifferentiated","name":"","topo":"Moccasin 1948","url":"https://mrdata.usgs.gov/usmin/show-usmin.php?type=polygon&id=13851"}},{"type":"Feature","geometry":{"type":"Polygon","coordinates":[[[-120.2431,37.97878],[-120.24316,37.97875],[-120.2434,37.97876],[-120.2435,37.97876],[-120.24373,37.97876],[-120.24384,37.97885],[-120.24402,37.97905],[-120.24406,37.97908],[-120.24403,37.97912],[-120.24399,37.97915],[-120.24393,37.97922],[-120.24392,37.97923],[-120.24386,37.97932],[-120.24382,37.97937],[-120.24375,37.97938],[-120.24364,37.97935],[-120.24353,37.97924],[-120.24344,37.97917],[-120.24336,37.97905],[-120.24317,37.97892],[-120.24309,37.97884],[-120.2431,37.97878]]]},"properties":{"src":"usmin","kind":"Tailings - Undifferentiated","name":"","topo":"Tuolumne 1948","url":"https://mrdata.usgs.gov/usmin/show-usmin.php?type=polygon&id=13852"}},{"type":"Feature","geometry":{"type":"Polygon","coordinates":[[[-120.26412,37.98175],[-120.26421,37.98168],[-120.26428,37.98172],[-120.26447,37.98186],[-120.26455,37.98197],[-120.26453,37.98202],[-120.26436,37.98213],[-120.26427,37.98222],[-120.26422,37.98224],[-120.26414,37.98227],[-120.26405,37.98223],[-120.26398,37.98214],[-120.26396,37.98209],[-120.26393,37.98206],[-120.26392,37.98199],[-120.26402,37.98194],[-120.2641,37.98177],[-120.26412,37.98175]]]},"properties":{"src":"usmin","kind":"Tailings - Undifferentiated","name":"","topo":"Standard 1948","url":"https://mrdata.usgs.gov/usmin/show-usmin.php?type=polygon&id=13853"}},{"type":"Feature","geometry":{"type":"Polygon","coordinates":[[[-120.26314,37.98887],[-120.2632,37.98884],[-120.26347,37.98886],[-120.26355,37.9889],[-120.26359,37.98899],[-120.26358,37.98909],[-120.26356,37.98915],[-120.2635,37.9892],[-120.26333,37.9892],[-120.26321,37.98917],[-120.26309,37.98914],[-120.26311,37.98899],[-120.26314,37.98887]]]},"properties":{"src":"usmin","kind":"Tailings - Undifferentiated","name":"Soulsby Mine","topo":"Standard 1948","url":"https://mrdata.usgs.gov/usmin/show-usmin.php?type=polygon&id=13854"}},{"type":"Feature","geometry":{"type":"Polygon","coordinates":[[[-120.24636,37.96645],[-120.24648,37.9664],[-120.24668,37.96647],[-120.24685,37.96653],[-120.24694,37.96656],[-120.24704,37.96662],[-120.24701,37.96672],[-120.24701,37.96673],[-120.24696,37.96682],[-120.24696,37.96689],[-120.24695,37.96693],[-120.24695,37.96695],[-120.24692,37.96698],[-120.24687,37.96704],[-120.2467,37.96706],[-120.24659,37.96702],[-120.24646,37.96692],[-120.24634,37.96678],[-120.24632,37.96676],[-120.24629,37.96666],[-120.2463,37.96655],[-120.24636,37.96645]]]},"properties":{"src":"usmin","kind":"Tailings - Undifferentiated","name":"","topo":"Tuolumne 2001","url":"https://mrdata.usgs.gov/usmin/show-usmin.php?type=polygon&id=13855"}},{"type":"Feature","geometry":{"type":"Polygon","coordinates":[[[-120.2663,37.77871],[-120.26652,37.77865],[-120.26675,37.77863],[-120.26691,37.77867],[-120.26709,37.77864],[-120.26715,37.77857],[-120.26726,37.77852],[-120.26729,37.77844],[-120.26738,37.77842],[-120.26757,37.7784],[-120.26765,37.77835],[-120.26771,37.77826],[-120.26778,37.77819],[-120.26803,37.77813],[-120.26822,37.77816],[-120.26841,37.77824],[-120.2686,37.77828],[-120.26904,37.7783],[-120.26961,37.77825],[-120.26992,37.77823],[-120.2703,37.7782],[-120.27075,37.77813],[-120.27102,37.77813],[-120.27119,37.77808],[-120.27132,37.77805],[-120.2714,37.77816],[-120.27144,37.77828],[-120.27138,37.77836],[-120.27127,37.7784],[-120.2711,37.77844],[-120.271,37.77851],[-120.26996,37.77859],[-120.26955,37.77866],[-120.26943,37.77873],[-120.26939,37.77885],[-120.26932,37.77891],[-120.26917,37.77897],[-120.2689,37.77897],[-120.26878,37.77901],[-120.26877,37.77907],[-120.26869,37.77911],[-120.2686,37.77913],[-120.2685,37.7792],[-120.26829,37.77929],[-120.26776,37.77935],[-120.26729,37.77937],[-120.26694,37.7794],[-120.26671,37.7794],[-120.26639,37.77938],[-120.26615,37.77933],[-120.26589,37.77918],[-120.26578,37.77909],[-120.26579,37.77898],[-120.26583,37.77888],[-120.26599,37.77879],[-120.2663,37.77871]]]},"properties":{"src":"usmin","kind":"Tailings - Undifferentiated","name":"","topo":"Moccasin 1948","url":"https://mrdata.usgs.gov/usmin/show-usmin.php?type=polygon&id=13856"}},{"type":"Feature","geometry":{"type":"Polygon","coordinates":[[[-120.33099,37.83082],[-120.3309,37.83079],[-120.33082,37.8308],[-120.33078,37.83075],[-120.3308,37.8307],[-120.33079,37.83069],[-120.33079,37.83069],[-120.33079,37.83069],[-120.33075,37.83057],[-120.3307,37.83053],[-120.33066,37.83053],[-120.33066,37.83053],[-120.33063,37.83054],[-120.33058,37.83049],[-120.33058,37.83049],[-120.3304,37.83031],[-120.3304,37.83031],[-120.3304,37.8303],[-120.3304,37.8303],[-120.33041,37.83025],[-120.33032,37.83022],[-120.33032,37.83022],[-120.33029,37.8302],[-120.33029,37.8302],[-120.33027,37.83019],[-120.33025,37.83016],[-120.33023,37.83013],[-120.33023,37.83013],[-120.33021,37.83011],[-120.33021,37.83],[-120.33011,37.82993],[-120.33003,37.82984],[-120.33002,37.82977],[-120.33003,37.82973],[-120.32995,37.82965],[-120.32977,37.82949],[-120.32964,37.82945],[-120.32959,37.82939],[-120.32962,37.8293],[-120.32962,37.82922],[-120.32961,37.82915],[-120.32954,37.82908],[-120.32948,37.82898],[-120.32947,37.82891],[-120.32942,37.82888],[-120.32942,37.82888],[-120.3294,37.82887],[-120.32941,37.82885],[-120.32941,37.82885],[-120.32941,37.82885],[-120.32942,37.82883],[-120.32943,37.82882],[-120.32943,37.82881],[-120.3295,37.8287],[-120.32945,37.82843],[-120.32936,37.82811],[-120.32918,37.82786],[-120.329,37.82767],[-120.32886,37.82745],[-120.32875,37.82727],[-120.32875,37.82727],[-120.32874,37.82725],[-120.32876,37.82722],[-120.32876,37.82722],[-120.32876,37.8272],[-120.32877,37.82713],[-120.32871,37.82707],[-120.32856,37.82705],[-120.32856,37.82705],[-120.32855,37.82705],[-120.32855,37.82705],[-120.32855,37.82705],[-120.32824,37.82695],[-120.328,37.82692],[-120.32799,37.82692],[-120.32792,37.82691],[-120.3279,37.82689],[-120.3279,37.82688],[-120.32784,37.82682],[-120.32771,37.82668],[-120.32748,37.82648],[-120.32741,37.82638],[-120.32735,37.82625],[-120.32733,37.82623],[-120.32733,37.82623],[-120.32717,37.82615],[-120.32717,37.82615],[-120.32712,37.82613],[-120.32688,37.82599],[-120.32688,37.82599],[-120.32687,37.82599],[-120.32685,37.82597],[-120.32685,37.82596],[-120.32676,37.82581],[-120.32676,37.82581],[-120.32673,37.82577],[-120.32649,37.82553],[-120.32633,37.82541],[-120.32632,37.82541],[-120.32608,37.82524],[-120.32591,37.82512],[-120.32586,37.82512],[-120.32586,37.82512],[-120.32578,37.82512],[-120.32566,37.82512],[-120.32566,37.82512],[-120.32564,37.82512],[-120.32551,37.82511],[-120.32525,37.82505],[-120.32507,37.82497],[-120.32498,37.82494],[-120.32489,37.82496],[-120.32447,37.82455],[-120.32443,37.82452],[-120.32443,37.82452],[-120.32437,37.82447],[-120.32433,37.82444],[-120.32433,37.82444],[-120.32432,37.82443],[-120.32431,37.82442],[-120.32428,37.8244],[-120.32424,37.82435],[-120.32423,37.82435],[-120.3242,37.82432],[-120.32412,37.82428],[-120.324,37.82421],[-120.324,37.82421],[-120.32398,37.8242],[-120.3239,37.82414],[-120.3239,37.82414],[-120.32386,37.82411],[-120.32382,37.82404],[-120.32375,37.82402],[-120.32375,37.82402],[-120.32375,37.82403],[-120.32371,37.82408],[-120.32369,37.82411],[-120.32357,37.82412],[-120.3234,37.8241],[-120.32332,37.8241],[-120.32319,37.82407],[-120.32316,37.82406],[-120.32316,37.82406],[-120.32302,37.824],[-120.32301,37.824],[-120.323,37.82399],[-120.32285,37.82399],[-120.32284,37.82398],[-120.32284,37.82398],[-120.32278,37.82395],[-120.32268,37.82391],[-120.32268,37.82391],[-120.32261,37.82388],[-120.32261,37.82388],[-120.3226,37.82388],[-120.3225,37.82386],[-120.3225,37.82386],[-120.32249,37.82386],[-120.32234,37.82382],[-120.32234,37.82382],[-120.32234,37.82382],[-120.32225,37.82376],[-120.32209,37.82364],[-120.32209,37.82364],[-120.32207,37.82362],[-120.32199,37.82356],[-120.32199,37.82356],[-120.32197,37.82355],[-120.32194,37.82343],[-120.32194,37.82335],[-120.32186,37.82327],[-120.32179,37.82325],[-120.32179,37.82325],[-120.32176,37.82324],[-120.32175,37.8233],[-120.3217,37.82333],[-120.3217,37.82333],[-120.32167,37.82334],[-120.32156,37.82326],[-120.32155,37.82317],[-120.32158,37.82308],[-120.32156,37.82306],[-120.32156,37.82306],[-120.32152,37.82304],[-120.32148,37.82302],[-120.32148,37.82302],[-120.32143,37.82301],[-120.3214,37.823],[-120.3214,37.823],[-120.32133,37.82296],[-120.32131,37.82294],[-120.32131,37.82294],[-120.32121,37.82285],[-120.32114,37.82282],[-120.32114,37.82282],[-120.32107,37.82279],[-120.321,37.82274],[-120.321,37.82274],[-120.32094,37.8227],[-120.32085,37.8227],[-120.32078,37.82261],[-120.32072,37.82249],[-120.32068,37.82232],[-120.32058,37.82217],[-120.32047,37.82206],[-120.32034,37.822],[-120.3203,37.82191],[-120.3203,37.82184],[-120.32027,37.82181],[-120.32019,37.82182],[-120.32003,37.82169],[-120.32003,37.82168],[-120.32003,37.82168],[-120.32001,37.82167],[-120.32001,37.82167],[-120.31991,37.82157],[-120.31991,37.82157],[-120.31987,37.82153],[-120.31983,37.82146],[-120.31983,37.82146],[-120.31982,37.82144],[-120.31974,37.8214],[-120.31974,37.82131],[-120.31977,37.82127],[-120.31973,37.82119],[-120.31963,37.82115],[-120.31963,37.82115],[-120.31959,37.82114],[-120.31953,37.82106],[-120.31953,37.82106],[-120.31951,37.82103],[-120.31942,37.82102],[-120.31934,37.82093],[-120.31928,37.82086],[-120.31928,37.82086],[-120.31918,37.82075],[-120.31902,37.82063],[-120.31901,37.82063],[-120.31897,37.8206],[-120.31888,37.82057],[-120.31887,37.82057],[-120.31847,37.82047],[-120.31788,37.82028],[-120.31788,37.82028],[-120.31785,37.82027],[-120.31718,37.82019],[-120.31678,37.82015],[-120.31678,37.82015],[-120.3165,37.82012],[-120.31647,37.82012],[-120.31647,37.82012],[-120.31601,37.82006],[-120.31584,37.82003],[-120.31584,37.82003],[-120.31581,37.82003],[-120.31571,37.82002],[-120.31567,37.82],[-120.31567,37.82],[-120.31551,37.81994],[-120.31517,37.81987],[-120.31479,37.81963],[-120.31446,37.81936],[-120.3141,37.8191],[-120.31409,37.81907],[-120.31409,37.81907],[-120.31406,37.81901],[-120.31406,37.81901],[-120.31405,37.81898],[-120.3138,37.81876],[-120.3136,37.81847],[-120.31353,37.81843],[-120.31356,37.81833],[-120.31358,37.81828],[-120.31356,37.81821],[-120.31342,37.81816],[-120.31326,37.8181],[-120.31314,37.818],[-120.31309,37.81783],[-120.31301,37.81782],[-120.31294,37.8177],[-120.31296,37.81766],[-120.31293,37.81763],[-120.31293,37.81763],[-120.31281,37.81755],[-120.31278,37.81752],[-120.31278,37.81752],[-120.31266,37.8174],[-120.31252,37.81726],[-120.31233,37.81723],[-120.31214,37.81721],[-120.31214,37.81721],[-120.3121,37.81721],[-120.31207,37.8172],[-120.31207,37.8172],[-120.31193,37.81713],[-120.31173,37.81701],[-120.3115,37.8168],[-120.31149,37.81679],[-120.31148,37.81679],[-120.31144,37.81675],[-120.31143,37.81675],[-120.31141,37.81672],[-120.31137,37.81673],[-120.31137,37.81673],[-120.31131,37.81674],[-120.31114,37.81659],[-120.31096,37.81645],[-120.31096,37.81645],[-120.31086,37.81637],[-120.31079,37.81628],[-120.31079,37.81628],[-120.31072,37.8162],[-120.31072,37.8162],[-120.3107,37.81618],[-120.31069,37.81618],[-120.31069,37.81618],[-120.31067,37.81619],[-120.31054,37.81616],[-120.31053,37.81614],[-120.31053,37.81614],[-120.31048,37.81609],[-120.31036,37.81602],[-120.31024,37.81595],[-120.31014,37.8158],[-120.31015,37.81567],[-120.3102,37.8156],[-120.31022,37.81553],[-120.3101,37.81549],[-120.30997,37.81547],[-120.30991,37.81544],[-120.3099,37.81544],[-120.30974,37.81538],[-120.30956,37.81526],[-120.30955,37.81524],[-120.30955,37.81524],[-120.30945,37.8151],[-120.30945,37.81504],[-120.30949,37.81502],[-120.30949,37.81502],[-120.30953,37.81499],[-120.30982,37.81506],[-120.31,37.81514],[-120.31004,37.81523],[-120.31009,37.81531],[-120.31032,37.81545],[-120.31034,37.81546],[-120.31034,37.81546],[-120.31042,37.8155],[-120.31049,37.81546],[-120.31053,37.81547],[-120.31053,37.81547],[-120.31058,37.81548],[-120.31072,37.81558],[-120.3108,37.81568],[-120.31083,37.81577],[-120.3109,37.8158],[-120.31096,37.81578],[-120.31109,37.81586],[-120.31124,37.81594],[-120.31124,37.81594],[-120.31128,37.81597],[-120.31136,37.81598],[-120.31136,37.81598],[-120.31152,37.816],[-120.3117,37.81617],[-120.3119,37.81632],[-120.3121,37.81638],[-120.31246,37.8166],[-120.31274,37.81679],[-120.31295,37.81682],[-120.31306,37.81688],[-120.3131,37.81695],[-120.31304,37.81699],[-120.31308,37.81702],[-120.31311,37.81703],[-120.31311,37.81703],[-120.31313,37.81703],[-120.3132,37.81699],[-120.3132,37.81699],[-120.31323,37.81698],[-120.31338,37.81703],[-120.3134,37.81713],[-120.31345,37.81717],[-120.3135,37.8172],[-120.3135,37.8172],[-120.31356,37.81723],[-120.31361,37.81725],[-120.31361,37.81725],[-120.31372,37.8173],[-120.31372,37.81735],[-120.31365,37.81737],[-120.31365,37.81743],[-120.31367,37.81743],[-120.31367,37.81743],[-120.31386,37.81745],[-120.31386,37.81745],[-120.31388,37.81746],[-120.31396,37.81752],[-120.31399,37.81774],[-120.31403,37.81791],[-120.3141,37.81806],[-120.31419,37.81812],[-120.31429,37.8182],[-120.31438,37.81818],[-120.31451,37.81818],[-120.3146,37.81827],[-120.31463,37.81839],[-120.31481,37.81849],[-120.3148,37.81863],[-120.3148,37.81863],[-120.31481,37.81863],[-120.31484,37.81863],[-120.31484,37.81863],[-120.31493,37.81864],[-120.31511,37.81874],[-120.31523,37.81883],[-120.31526,37.8189],[-120.31534,37.81895],[-120.31539,37.81905],[-120.3156,37.81913],[-120.31585,37.81925],[-120.31601,37.81932],[-120.31611,37.81943],[-120.3162,37.81947],[-120.31633,37.8195],[-120.31637,37.81959],[-120.31646,37.81963],[-120.31689,37.81982],[-120.31724,37.8199],[-120.31724,37.8199],[-120.31775,37.82003],[-120.31819,37.8201],[-120.31819,37.8201],[-120.31859,37.82017],[-120.3186,37.82017],[-120.31861,37.82017],[-120.31885,37.82025],[-120.31885,37.82026],[-120.31911,37.82034],[-120.31912,37.82035],[-120.31921,37.82038],[-120.3196,37.82056],[-120.31983,37.82069],[-120.32009,37.82081],[-120.32033,37.82098],[-120.32035,37.82098],[-120.32035,37.82098],[-120.32043,37.821],[-120.32044,37.821],[-120.32046,37.821],[-120.32056,37.82109],[-120.32072,37.82115],[-120.32075,37.82125],[-120.32073,37.82134],[-120.32076,37.82142],[-120.32086,37.82147],[-120.32088,37.82158],[-120.3209,37.82166],[-120.32097,37.82167],[-120.321,37.82171],[-120.32101,37.82176],[-120.32108,37.82178],[-120.32115,37.82182],[-120.32114,37.82189],[-120.32109,37.82197],[-120.3212,37.82202],[-120.32122,37.82208],[-120.32125,37.82212],[-120.32135,37.82216],[-120.32138,37.82224],[-120.3214,37.82227],[-120.32159,37.82229],[-120.32163,37.82233],[-120.32164,37.82241],[-120.32165,37.82247],[-120.32172,37.82247],[-120.32182,37.8225],[-120.32181,37.82255],[-120.32181,37.82261],[-120.32186,37.82262],[-120.32196,37.82267],[-120.32198,37.82276],[-120.32214,37.82282],[-120.32227,37.82288],[-120.3224,37.82293],[-120.32245,37.82302],[-120.32249,37.82306],[-120.32249,37.82307],[-120.32252,37.8231],[-120.32253,37.82305],[-120.32252,37.823],[-120.32254,37.82295],[-120.32254,37.82295],[-120.32255,37.82294],[-120.32256,37.82294],[-120.32256,37.82294],[-120.32265,37.82296],[-120.32265,37.82296],[-120.32269,37.82297],[-120.32271,37.82305],[-120.32274,37.82311],[-120.32274,37.82311],[-120.32274,37.82311],[-120.32277,37.82314],[-120.32278,37.82314],[-120.32278,37.82314],[-120.32282,37.82313],[-120.32288,37.82319],[-120.32296,37.82322],[-120.32302,37.82319],[-120.3231,37.82322],[-120.3231,37.82322],[-120.32314,37.82324],[-120.32321,37.82326],[-120.32332,37.82329],[-120.32338,37.82337],[-120.32347,37.82336],[-120.32349,37.82336],[-120.32349,37.82337],[-120.32363,37.82342],[-120.32368,37.82347],[-120.32382,37.82353],[-120.32384,37.82362],[-120.32387,37.82363],[-120.32387,37.82363],[-120.32394,37.82364],[-120.32398,37.82361],[-120.32398,37.82361],[-120.324,37.8236],[-120.32408,37.82363],[-120.3241,37.82367],[-120.3241,37.82367],[-120.32412,37.82371],[-120.3242,37.82372],[-120.32426,37.82371],[-120.32426,37.82371],[-120.32429,37.8237],[-120.32437,37.82377],[-120.32438,37.82379],[-120.32438,37.82379],[-120.3244,37.82383],[-120.32445,37.82385],[-120.32445,37.82385],[-120.32453,37.82388],[-120.32457,37.82387],[-120.32466,37.82393],[-120.32472,37.82397],[-120.32484,37.824],[-120.32488,37.82408],[-120.32492,37.82417],[-120.32495,37.82428],[-120.325,37.82428],[-120.32505,37.82433],[-120.32508,37.82433],[-120.32508,37.82433],[-120.32512,37.82433],[-120.32512,37.8243],[-120.32512,37.8243],[-120.32512,37.82429],[-120.32513,37.82426],[-120.32513,37.82425],[-120.32513,37.82423],[-120.32521,37.8242],[-120.32525,37.82421],[-120.32526,37.82421],[-120.32539,37.82423],[-120.32546,37.82423],[-120.32552,37.82421],[-120.32561,37.82417],[-120.32576,37.82417],[-120.3259,37.82425],[-120.32598,37.82432],[-120.32603,37.82439],[-120.32612,37.8244],[-120.32624,37.82443],[-120.32628,37.82449],[-120.32628,37.82455],[-120.32626,37.82457],[-120.32626,37.82457],[-120.32624,37.82458],[-120.32629,37.82464],[-120.32629,37.82464],[-120.32629,37.82465],[-120.32645,37.82471],[-120.32647,37.82473],[-120.32647,37.82473],[-120.32651,37.82476],[-120.32662,37.82475],[-120.32662,37.82475],[-120.32663,37.82475],[-120.32675,37.82477],[-120.32677,37.82478],[-120.32677,37.82478],[-120.32684,37.82481],[-120.3269,37.82481],[-120.3269,37.8248],[-120.32695,37.8248],[-120.32701,37.82489],[-120.32704,37.82496],[-120.32712,37.82496],[-120.32713,37.82495],[-120.32713,37.82495],[-120.32722,37.82495],[-120.32727,37.82496],[-120.32727,37.82496],[-120.32731,37.82497],[-120.32741,37.82494],[-120.32747,37.82496],[-120.3275,37.82504],[-120.32752,37.8251],[-120.32758,37.82512],[-120.32758,37.82512],[-120.32761,37.82513],[-120.32764,37.82514],[-120.32764,37.82514],[-120.32769,37.82515],[-120.3277,37.82523],[-120.3277,37.8253],[-120.3277,37.8253],[-120.32771,37.8253],[-120.32774,37.82529],[-120.3278,37.82521],[-120.3278,37.82521],[-120.3278,37.82521],[-120.32788,37.82518],[-120.32796,37.82522],[-120.32797,37.82529],[-120.32799,37.82533],[-120.3281,37.82533],[-120.32817,37.8254],[-120.32817,37.82547],[-120.32816,37.82555],[-120.32823,37.82561],[-120.32829,37.82571],[-120.3284,37.82579],[-120.32843,37.82581],[-120.32843,37.82581],[-120.32849,37.82585],[-120.3285,37.82585],[-120.32851,37.82587],[-120.32856,37.82596],[-120.32852,37.82598],[-120.32849,37.82597],[-120.32849,37.82597],[-120.32843,37.82596],[-120.32843,37.826],[-120.32846,37.82601],[-120.32846,37.82601],[-120.32855,37.82605],[-120.32869,37.82609],[-120.3287,37.8261],[-120.3287,37.8261],[-120.32875,37.82613],[-120.32875,37.82613],[-120.32893,37.82627],[-120.3291,37.82639],[-120.32923,37.82654],[-120.32931,37.82655],[-120.3294,37.82657],[-120.32944,37.82662],[-120.32944,37.82668],[-120.32949,37.82671],[-120.32949,37.82671],[-120.3295,37.82671],[-120.32951,37.8267],[-120.32951,37.8267],[-120.32953,37.82667],[-120.32965,37.82669],[-120.32981,37.82689],[-120.32999,37.82724],[-120.3301,37.82753],[-120.33015,37.82768],[-120.33015,37.82778],[-120.33007,37.82782],[-120.32998,37.8279],[-120.32995,37.82798],[-120.32988,37.82832],[-120.32987,37.82858],[-120.32999,37.82881],[-120.33007,37.82895],[-120.33007,37.82896],[-120.33007,37.82896],[-120.33012,37.82899],[-120.33012,37.829],[-120.33028,37.82911],[-120.33042,37.8292],[-120.33052,37.82934],[-120.33061,37.82941],[-120.33071,37.82943],[-120.33075,37.8295],[-120.33089,37.82954],[-120.33103,37.8296],[-120.33102,37.82966],[-120.33109,37.82975],[-120.33118,37.82979],[-120.33123,37.82988],[-120.33127,37.82995],[-120.33135,37.83004],[-120.33135,37.83008],[-120.33135,37.83015],[-120.33135,37.83015],[-120.33134,37.8302],[-120.33141,37.8302],[-120.33143,37.83021],[-120.33143,37.83021],[-120.33149,37.83024],[-120.33153,37.83033],[-120.33154,37.8304],[-120.33159,37.83041],[-120.33171,37.83042],[-120.33189,37.83053],[-120.3321,37.83064],[-120.3322,37.83079],[-120.33225,37.83098],[-120.33227,37.83104],[-120.33236,37.83112],[-120.33236,37.8312],[-120.33237,37.83129],[-120.33243,37.83133],[-120.33254,37.83138],[-120.33286,37.83164],[-120.33302,37.83178],[-120.33319,37.83199],[-120.33325,37.83216],[-120.3333,37.83218],[-120.33346,37.83226],[-120.33355,37.83235],[-120.33356,37.83249],[-120.33365,37.83257],[-120.33385,37.83269],[-120.33394,37.83282],[-120.33397,37.83295],[-120.33404,37.83306],[-120.33411,37.83308],[-120.33422,37.83321],[-120.33429,37.83341],[-120.33433,37.83363],[-120.33441,37.83378],[-120.33455,37.83391],[-120.33466,37.83404],[-120.33483,37.83419],[-120.33498,37.83424],[-120.33529,37.83437],[-120.33571,37.83443],[-120.3359,37.83452],[-120.33609,37.83462],[-120.3367,37.83525],[-120.33692,37.83563],[-120.33696,37.83581],[-120.33693,37.83639],[-120.33691,37.83651],[-120.33685,37.83657],[-120.3367,37.83653],[-120.33663,37.8365],[-120.33657,37.83646],[-120.33651,37.83641],[-120.33645,37.83634],[-120.33645,37.83628],[-120.33645,37.83621],[-120.33636,37.83619],[-120.33621,37.83611],[-120.33613,37.8361],[-120.33606,37.83601],[-120.33604,37.83591],[-120.33593,37.83579],[-120.33589,37.83576],[-120.33587,37.83565],[-120.33581,37.83563],[-120.33577,37.83555],[-120.3357,37.83549],[-120.33546,37.83541],[-120.33522,37.83519],[-120.33507,37.83495],[-120.33498,37.83477],[-120.33489,37.83474],[-120.33483,37.83466],[-120.33482,37.83451],[-120.33474,37.83446],[-120.3346,37.83438],[-120.33453,37.83427],[-120.33418,37.83402],[-120.3339,37.83383],[-120.33359,37.83375],[-120.33349,37.83366],[-120.33339,37.83358],[-120.33316,37.83341],[-120.33296,37.83314],[-120.33284,37.83294],[-120.33265,37.83281],[-120.33255,37.83278],[-120.33242,37.83274],[-120.33234,37.83268],[-120.33224,37.83257],[-120.33209,37.83251],[-120.3321,37.83244],[-120.33207,37.83231],[-120.33205,37.83229],[-120.33205,37.83221],[-120.33195,37.83216],[-120.33181,37.83206],[-120.33183,37.83199],[-120.33176,37.83187],[-120.33175,37.83181],[-120.33172,37.83159],[-120.33128,37.83117],[-120.33125,37.83107],[-120.33116,37.83097],[-120.3311,37.8309],[-120.33099,37.83082]]]},"properties":{"src":"usmin","kind":"Tailings - Undifferentiated","name":"","topo":"Moccasin 1948","url":"https://mrdata.usgs.gov/usmin/show-usmin.php?type=polygon&id=13857"}},{"type":"Feature","geometry":{"type":"Polygon","coordinates":[[[-119.92733,37.896],[-119.92733,37.896],[-119.92746,37.89605],[-119.9276,37.8961],[-119.92777,37.89619],[-119.92796,37.89631],[-119.92804,37.89637],[-119.92807,37.89639],[-119.9282,37.89645],[-119.92823,37.89646],[-119.92842,37.89654],[-119.92866,37.8967],[-119.9288,37.89694],[-119.92893,37.89711],[-119.92905,37.89731],[-119.92904,37.8975],[-119.92899,37.8976],[-119.92892,37.89775],[-119.92883,37.89789],[-119.92869,37.89803],[-119.92858,37.89801],[-119.92858,37.89801],[-119.92839,37.89798],[-119.92829,37.89794],[-119.92808,37.89792],[-119.92781,37.89784],[-119.92748,37.89769],[-119.92728,37.89756],[-119.9271,37.89747],[-119.92686,37.89741],[-119.9268,37.89731],[-119.9268,37.89726],[-119.92682,37.89721],[-119.92683,37.89717],[-119.92682,37.89712],[-119.9268,37.89704],[-119.92683,37.89697],[-119.92686,37.89692],[-119.92689,37.89685],[-119.9269,37.89677],[-119.9269,37.89669],[-119.92689,37.89661],[-119.92688,37.89649],[-119.92692,37.89634],[-119.92699,37.89623],[-119.92704,37.89613],[-119.92714,37.89603],[-119.92722,37.89601],[-119.92733,37.896]]]},"properties":{"src":"usmin","kind":"Tailings - Undifferentiated","name":"","topo":"Cherry Lake South 2001","url":"https://mrdata.usgs.gov/usmin/show-usmin.php?type=polygon&id=13858"}},{"type":"Feature","geometry":{"type":"Polygon","coordinates":[[[-120.264,37.98647],[-120.26404,37.98645],[-120.26416,37.9865],[-120.26422,37.98653],[-120.26425,37.98657],[-120.26424,37.98661],[-120.26426,37.98682],[-120.26429,37.98699],[-120.26423,37.9871],[-120.26411,37.98699],[-120.26406,37.98686],[-120.26402,37.98674],[-120.26392,37.98651],[-120.264,37.98647]]]},"properties":{"src":"usmin","kind":"Tailings - Undifferentiated","name":"Soulsby Mine","topo":"Standard 1948","url":"https://mrdata.usgs.gov/usmin/show-usmin.php?type=polygon&id=13859"}},{"type":"Feature","geometry":{"type":"Polygon","coordinates":[[[-120.22535,37.99738],[-120.22535,37.9973],[-120.22532,37.99719],[-120.22524,37.99709],[-120.22509,37.99705],[-120.22501,37.99705],[-120.22486,37.99699],[-120.22481,37.99688],[-120.22482,37.9968],[-120.22479,37.99669],[-120.22466,37.99663],[-120.22465,37.99658],[-120.22458,37.99649],[-120.2246,37.99641],[-120.22467,37.99637],[-120.22482,37.99636],[-120.22491,37.99639],[-120.22495,37.99641],[-120.225,37.99643],[-120.22517,37.99652],[-120.22523,37.99653],[-120.22531,37.99653],[-120.2254,37.99661],[-120.22542,37.99669],[-120.22546,37.99674],[-120.22552,37.99681],[-120.22551,37.99687],[-120.22559,37.99692],[-120.22564,37.99699],[-120.22567,37.99706],[-120.22571,37.99712],[-120.22575,37.99722],[-120.22576,37.99728],[-120.22576,37.99735],[-120.22568,37.99739],[-120.22556,37.99738],[-120.22554,37.99738],[-120.22548,37.99741],[-120.2254,37.9974],[-120.22535,37.99738]]]},"properties":{"src":"usmin","kind":"Tailings - Undifferentiated","name":"Ophir Mine","topo":"Tuolumne 1948","url":"https://mrdata.usgs.gov/usmin/show-usmin.php?type=polygon&id=13860"}},{"type":"Feature","geometry":{"type":"Polygon","coordinates":[[[-120.24737,37.97989],[-120.24723,37.97988],[-120.24721,37.97988],[-120.2471,37.97988],[-120.24695,37.97984],[-120.2469,37.9798],[-120.24672,37.97966],[-120.24657,37.97943],[-120.2465,37.97929],[-120.24641,37.97909],[-120.24634,37.97904],[-120.24626,37.97899],[-120.24623,37.97894],[-120.24618,37.97886],[-120.2461,37.97878],[-120.2459,37.97869],[-120.24589,37.97869],[-120.24574,37.97861],[-120.24565,37.97849],[-120.24562,37.97842],[-120.24559,37.97836],[-120.2455,37.97815],[-120.24545,37.978],[-120.24545,37.97793],[-120.24546,37.97785],[-120.24555,37.97777],[-120.24572,37.97775],[-120.24574,37.97774],[-120.24587,37.97768],[-120.24589,37.97763],[-120.24592,37.97754],[-120.24595,37.9774],[-120.24603,37.97737],[-120.24609,37.97736],[-120.24622,37.9774],[-120.2463,37.97743],[-120.24663,37.97773],[-120.24694,37.9781],[-120.24731,37.97847],[-120.24755,37.97889],[-120.24773,37.97941],[-120.24772,37.9797],[-120.24761,37.9798],[-120.24748,37.97986],[-120.24747,37.97987],[-120.24737,37.97989]]]},"properties":{"src":"usmin","kind":"Tailings - Undifferentiated","name":"","topo":"Tuolumne 2001","url":"https://mrdata.usgs.gov/usmin/show-usmin.php?type=polygon&id=13861"}},{"type":"Feature","geometry":{"type":"Polygon","coordinates":[[[-120.31713,37.81989],[-120.31714,37.81989],[-120.31717,37.81989],[-120.31713,37.81989]],[[-120.31713,37.81989],[-120.31715,37.8199],[-120.31724,37.8199],[-120.31724,37.8199],[-120.31736,37.81992],[-120.31743,37.81993],[-120.31747,37.81994],[-120.31758,37.81998],[-120.31763,37.81999],[-120.31767,37.82],[-120.31771,37.82001],[-120.31787,37.82002],[-120.31792,37.82002],[-120.31796,37.82003],[-120.318,37.82004],[-120.31803,37.82005],[-120.31809,37.82008],[-120.31811,37.82008],[-120.31813,37.82008],[-120.31815,37.82009],[-120.31817,37.82009],[-120.31819,37.82009],[-120.3182,37.82009],[-120.3182,37.82008],[-120.31821,37.82007],[-120.31821,37.82006],[-120.31822,37.82006],[-120.31823,37.82006],[-120.31825,37.82006],[-120.31829,37.82007],[-120.31834,37.82008],[-120.3184,37.8201],[-120.31846,37.82011],[-120.31853,37.82014],[-120.3186,37.82017],[-120.3186,37.82017],[-120.31865,37.8202],[-120.31869,37.82022],[-120.31875,37.82023],[-120.31885,37.82025],[-120.31885,37.82026],[-120.3189,37.82027],[-120.31902,37.82031],[-120.31907,37.82033],[-120.31911,37.82034],[-120.31912,37.82035],[-120.31916,37.82037],[-120.31919,37.82039],[-120.31924,37.82042],[-120.31927,37.82044],[-120.31928,37.82045],[-120.3193,37.82049],[-120.31932,37.8205],[-120.31933,37.82051],[-120.31934,37.82051],[-120.31941,37.82051],[-120.31943,37.82051],[-120.31945,37.82052],[-120.31947,37.82053],[-120.31955,37.82058],[-120.31956,37.82059],[-120.31958,37.8206],[-120.3196,37.8206],[-120.31966,37.82061],[-120.31968,37.82061],[-120.31969,37.82062],[-120.3197,37.82063],[-120.31972,37.82065],[-120.31972,37.82066],[-120.31972,37.82067],[-120.31972,37.82074],[-120.31973,37.82075],[-120.31973,37.82075],[-120.31974,37.82075],[-120.31974,37.82075],[-120.31979,37.82073],[-120.3198,37.82073],[-120.31981,37.82073],[-120.31982,37.82073],[-120.31983,37.82074],[-120.31987,37.82078],[-120.31988,37.82079],[-120.31989,37.8208],[-120.3199,37.8208],[-120.31991,37.8208],[-120.31998,37.82079],[-120.31999,37.82079],[-120.32001,37.8208],[-120.32002,37.82081],[-120.32005,37.82082],[-120.32008,37.82083],[-120.32009,37.82084],[-120.32009,37.82085],[-120.3201,37.82086],[-120.32009,37.82091],[-120.32009,37.82092],[-120.3201,37.82092],[-120.3201,37.82093],[-120.32011,37.82092],[-120.32015,37.82091],[-120.32017,37.8209],[-120.32019,37.8209],[-120.32022,37.82091],[-120.32024,37.82093],[-120.32026,37.82095],[-120.32026,37.82095],[-120.32027,37.82098],[-120.32027,37.82099],[-120.32028,37.82099],[-120.3203,37.82099],[-120.32035,37.82098],[-120.32035,37.82098],[-120.32037,37.82098],[-120.32041,37.82099],[-120.32044,37.821],[-120.32044,37.821],[-120.32045,37.821],[-120.32045,37.82101],[-120.32046,37.82101],[-120.32046,37.82102],[-120.32046,37.82103],[-120.32045,37.82106],[-120.32045,37.82106],[-120.32046,37.82107],[-120.32046,37.82107],[-120.32048,37.82108],[-120.32048,37.82108],[-120.32048,37.82109],[-120.32048,37.82111],[-120.32048,37.82112],[-120.32049,37.82112],[-120.32049,37.82113],[-120.3205,37.82113],[-120.32052,37.82113],[-120.32058,37.82112],[-120.32059,37.82113],[-120.32061,37.82113],[-120.32063,37.82115],[-120.32066,37.82117],[-120.32067,37.82119],[-120.32069,37.82121],[-120.32069,37.82122],[-120.32069,37.82125],[-120.32069,37.82126],[-120.3207,37.82127],[-120.3207,37.82127],[-120.32071,37.82129],[-120.32071,37.82132],[-120.3207,37.82133],[-120.32068,37.82135],[-120.32068,37.82138],[-120.32071,37.8214],[-120.32071,37.8214],[-120.32078,37.82147],[-120.32082,37.82149],[-120.32082,37.82149],[-120.32082,37.8215],[-120.32087,37.82156],[-120.32087,37.82158],[-120.32087,37.82159],[-120.32086,37.82159],[-120.32085,37.8216],[-120.32085,37.82161],[-120.32084,37.82162],[-120.32084,37.82163],[-120.32085,37.82165],[-120.32085,37.82167],[-120.32086,37.82167],[-120.32088,37.82168],[-120.32092,37.8217],[-120.32093,37.8217],[-120.32095,37.82171],[-120.32095,37.82172],[-120.32096,37.82173],[-120.32096,37.82176],[-120.32096,37.82178],[-120.32097,37.82178],[-120.32098,37.82179],[-120.321,37.82179],[-120.32104,37.8218],[-120.32106,37.8218],[-120.32107,37.8218],[-120.32108,37.82182],[-120.32108,37.82183],[-120.32108,37.82185],[-120.32108,37.82186],[-120.32108,37.82188],[-120.32105,37.82194],[-120.32104,37.82195],[-120.32104,37.82196],[-120.32105,37.82197],[-120.32106,37.82197],[-120.32107,37.82198],[-120.32112,37.82199],[-120.32113,37.822],[-120.32115,37.82201],[-120.32115,37.82202],[-120.32116,37.82203],[-120.32116,37.82204],[-120.32116,37.82209],[-120.32116,37.8221],[-120.32117,37.82211],[-120.32118,37.82212],[-120.3212,37.82212],[-120.32125,37.82214],[-120.32126,37.82214],[-120.32127,37.82215],[-120.3213,37.82217],[-120.3213,37.82218],[-120.32131,37.82219],[-120.32131,37.82222],[-120.32131,37.82223],[-120.32131,37.82224],[-120.32132,37.82225],[-120.32133,37.82225],[-120.32135,37.82227],[-120.3214,37.82229],[-120.32142,37.82229],[-120.32144,37.8223],[-120.32151,37.82231],[-120.32153,37.82232],[-120.32154,37.82232],[-120.32155,37.82232],[-120.32156,37.82233],[-120.32157,37.82234],[-120.32158,37.82236],[-120.32158,37.82239],[-120.32158,37.8224],[-120.32158,37.82241],[-120.32158,37.82241],[-120.32157,37.82242],[-120.32155,37.82242],[-120.32154,37.82243],[-120.32154,37.82244],[-120.32154,37.82245],[-120.32154,37.82246],[-120.32155,37.82247],[-120.32159,37.82248],[-120.32161,37.82249],[-120.32162,37.82249],[-120.32168,37.82249],[-120.3217,37.8225],[-120.32172,37.8225],[-120.32173,37.82251],[-120.32175,37.82253],[-120.32175,37.82255],[-120.32175,37.82256],[-120.32174,37.82259],[-120.32174,37.8226],[-120.32174,37.82261],[-120.32175,37.82261],[-120.32176,37.82263],[-120.32178,37.82263],[-120.32184,37.82265],[-120.32186,37.82265],[-120.32187,37.82266],[-120.32188,37.82268],[-120.32192,37.82274],[-120.32193,37.82275],[-120.32194,37.82276],[-120.32195,37.82277],[-120.32197,37.82278],[-120.322,37.82279],[-120.32205,37.82281],[-120.32208,37.82281],[-120.3221,37.82282],[-120.32212,37.82284],[-120.32213,37.82285],[-120.32217,37.8229],[-120.32218,37.82292],[-120.32219,37.82292],[-120.32219,37.82292],[-120.3222,37.82292],[-120.32225,37.82292],[-120.32226,37.82292],[-120.32227,37.82292],[-120.32229,37.82292],[-120.32232,37.82294],[-120.32233,37.82295],[-120.32235,37.82297],[-120.32236,37.82299],[-120.32238,37.82303],[-120.32239,37.82305],[-120.3224,37.82306],[-120.32241,37.82307],[-120.32242,37.82307],[-120.32243,37.82308],[-120.32245,37.82308],[-120.32247,37.82308],[-120.32248,37.82307],[-120.32249,37.82307],[-120.32249,37.82306],[-120.3225,37.82305],[-120.32251,37.82305],[-120.32251,37.82304],[-120.32251,37.823],[-120.32251,37.82299],[-120.32251,37.82298],[-120.32252,37.82297],[-120.32254,37.82296],[-120.32254,37.82295],[-120.32254,37.82295],[-120.32256,37.82294],[-120.32256,37.82294],[-120.32257,37.82294],[-120.32259,37.82294],[-120.3226,37.82294],[-120.32262,37.82294],[-120.32263,37.82295],[-120.32265,37.82296],[-120.32265,37.82296],[-120.32266,37.82297],[-120.32267,37.82299],[-120.32267,37.82301],[-120.32267,37.82303],[-120.32266,37.82308],[-120.32266,37.8231],[-120.32266,37.82311],[-120.32266,37.82311],[-120.32267,37.82312],[-120.32268,37.82312],[-120.32272,37.82311],[-120.32273,37.8231],[-120.32274,37.82311],[-120.32274,37.82311],[-120.32275,37.82311],[-120.32276,37.82312],[-120.32278,37.82314],[-120.32278,37.82314],[-120.32282,37.82319],[-120.32284,37.82321],[-120.32285,37.82321],[-120.32287,37.82322],[-120.32289,37.82323],[-120.32291,37.82323],[-120.32293,37.82323],[-120.32297,37.82323],[-120.32306,37.82322],[-120.3231,37.82322],[-120.3231,37.82322],[-120.32313,37.82322],[-120.32316,37.82323],[-120.32321,37.82324],[-120.32325,37.82325],[-120.3233,37.82326],[-120.32334,37.82328],[-120.32338,37.8233],[-120.32342,37.82332],[-120.32345,37.82334],[-120.32349,37.82336],[-120.32349,37.82337],[-120.32352,37.82339],[-120.32354,37.82341],[-120.32356,37.82342],[-120.32357,37.82342],[-120.32359,37.82341],[-120.3236,37.82341],[-120.32361,37.82342],[-120.32362,37.82343],[-120.32365,37.82347],[-120.32366,37.82349],[-120.32367,37.8235],[-120.32368,37.8235],[-120.32373,37.82352],[-120.32375,37.82353],[-120.32376,37.82354],[-120.32377,37.82356],[-120.32377,37.82357],[-120.32378,37.8236],[-120.32379,37.82361],[-120.32379,37.82361],[-120.3238,37.82362],[-120.32383,37.82363],[-120.32385,37.82363],[-120.32386,37.82363],[-120.32387,37.82363],[-120.32387,37.82363],[-120.32388,37.82362],[-120.32389,37.82361],[-120.3239,37.8236],[-120.32391,37.8236],[-120.32392,37.8236],[-120.32395,37.8236],[-120.32396,37.82361],[-120.32398,37.82361],[-120.32398,37.82361],[-120.32403,37.82365],[-120.32406,37.82366],[-120.32407,37.82366],[-120.3241,37.82367],[-120.3241,37.82367],[-120.32417,37.82367],[-120.32419,37.82368],[-120.3242,37.82368],[-120.32425,37.8237],[-120.32426,37.82371],[-120.32426,37.82371],[-120.32431,37.82374],[-120.32438,37.82379],[-120.32438,37.82379],[-120.32445,37.82385],[-120.32445,37.82385],[-120.32452,37.82389],[-120.32461,37.82395],[-120.32464,37.82397],[-120.32467,37.82399],[-120.32468,37.82399],[-120.32473,37.82401],[-120.32475,37.82401],[-120.32476,37.82402],[-120.32478,37.82404],[-120.3248,37.82406],[-120.3248,37.82408],[-120.3248,37.82412],[-120.32481,37.82413],[-120.32482,37.82414],[-120.32483,37.82416],[-120.32484,37.82417],[-120.32484,37.82419],[-120.32483,37.82424],[-120.32483,37.82425],[-120.32484,37.82426],[-120.32484,37.82427],[-120.32485,37.82428],[-120.32486,37.8243],[-120.32487,37.8243],[-120.32488,37.82431],[-120.3249,37.82431],[-120.32491,37.82431],[-120.32497,37.8243],[-120.32498,37.8243],[-120.325,37.8243],[-120.32502,37.82432],[-120.32503,37.82433],[-120.32504,37.82433],[-120.32506,37.82433],[-120.32507,37.82433],[-120.32508,37.82433],[-120.32508,37.82433],[-120.32509,37.82433],[-120.3251,37.82432],[-120.32512,37.8243],[-120.32512,37.8243],[-120.32512,37.8243],[-120.32512,37.82429],[-120.32513,37.82428],[-120.32513,37.82426],[-120.32513,37.82425],[-120.32512,37.82422],[-120.32513,37.82421],[-120.32513,37.8242],[-120.32513,37.82419],[-120.32515,37.82419],[-120.32517,37.82419],[-120.32519,37.82419],[-120.32524,37.8242],[-120.32525,37.82421],[-120.32526,37.82421],[-120.32534,37.82424],[-120.32536,37.82425],[-120.32537,37.82425],[-120.3254,37.82425],[-120.32543,37.82425],[-120.32551,37.82425],[-120.32553,37.82425],[-120.32555,37.82424],[-120.32558,37.82423],[-120.32563,37.8242],[-120.32565,37.82419],[-120.32566,37.82418],[-120.3257,37.82418],[-120.32572,37.82418],[-120.32573,37.82418],[-120.32574,37.82418],[-120.32575,37.82419],[-120.32578,37.82421],[-120.32579,37.82423],[-120.32581,37.82428],[-120.32582,37.82429],[-120.32583,37.8243],[-120.32585,37.82431],[-120.3259,37.82432],[-120.32592,37.82433],[-120.32593,37.82434],[-120.32595,37.82435],[-120.32601,37.82442],[-120.32603,37.82444],[-120.32604,37.82445],[-120.32606,37.82446],[-120.32608,37.82446],[-120.32615,37.82448],[-120.32617,37.82448],[-120.32619,37.82449],[-120.32621,37.8245],[-120.32624,37.82453],[-120.32626,37.82457],[-120.32626,37.82457],[-120.32627,37.82459],[-120.32628,37.82461],[-120.32628,37.82462],[-120.32629,37.82464],[-120.32629,37.82464],[-120.32629,37.82465],[-120.32629,37.82468],[-120.32629,37.82468],[-120.3263,37.82469],[-120.32631,37.8247],[-120.32633,37.82471],[-120.32637,37.82473],[-120.32639,37.82473],[-120.32641,37.82473],[-120.32643,37.82473],[-120.32647,37.82473],[-120.32647,37.82473],[-120.32651,37.82473],[-120.32654,37.82473],[-120.32657,37.82473],[-120.32662,37.82475],[-120.32662,37.82475],[-120.32666,37.82477],[-120.32669,37.82478],[-120.32673,37.82478],[-120.32677,37.82478],[-120.32677,37.82478],[-120.32681,37.82478],[-120.32683,37.82478],[-120.32685,37.82478],[-120.32687,37.82479],[-120.3269,37.8248],[-120.3269,37.82481],[-120.32693,37.82482],[-120.32695,37.82485],[-120.32696,37.82486],[-120.32697,37.82487],[-120.32699,37.82494],[-120.32699,37.82495],[-120.327,37.82496],[-120.32701,37.82497],[-120.32702,37.82497],[-120.32703,37.82497],[-120.32705,37.82497],[-120.32708,37.82497],[-120.32713,37.82495],[-120.32713,37.82495],[-120.32717,37.82494],[-120.3272,37.82494],[-120.32722,37.82494],[-120.32724,37.82494],[-120.32727,37.82496],[-120.32727,37.82496],[-120.32729,37.82497],[-120.3273,37.82497],[-120.32732,37.82497],[-120.32736,37.82497],[-120.32737,37.82497],[-120.32737,37.82497],[-120.32738,37.82498],[-120.32739,37.82499],[-120.32742,37.82503],[-120.32742,37.82505],[-120.32743,37.82507],[-120.32744,37.82513],[-120.32744,37.82515],[-120.32744,37.82516],[-120.32745,37.82517],[-120.32746,37.82518],[-120.32746,37.82518],[-120.32748,37.82518],[-120.3275,37.82518],[-120.32751,37.82518],[-120.32751,37.82517],[-120.32755,37.82513],[-120.32755,37.82512],[-120.32756,37.82512],[-120.32758,37.82512],[-120.32758,37.82512],[-120.3276,37.82512],[-120.32761,37.82512],[-120.32762,37.82513],[-120.32764,37.82514],[-120.32764,37.82514],[-120.32765,37.82515],[-120.32766,37.82517],[-120.32767,37.82518],[-120.32767,37.8252],[-120.32767,37.82523],[-120.32766,37.82528],[-120.32766,37.82529],[-120.32766,37.82531],[-120.32766,37.82531],[-120.32767,37.82531],[-120.32768,37.82531],[-120.32771,37.8253],[-120.32771,37.8253],[-120.32772,37.82529],[-120.32773,37.82529],[-120.32774,37.82528],[-120.32778,37.82523],[-120.32779,37.82522],[-120.3278,37.82521],[-120.3278,37.82521],[-120.32781,37.82521],[-120.32782,37.82521],[-120.32784,37.82521],[-120.32785,37.82521],[-120.32787,37.82522],[-120.32788,37.82523],[-120.32789,37.82524],[-120.3279,37.82526],[-120.32792,37.82531],[-120.32793,37.82532],[-120.32794,37.82534],[-120.32796,37.82535],[-120.32797,37.82535],[-120.32798,37.82535],[-120.32804,37.82535],[-120.32805,37.82535],[-120.32806,37.82536],[-120.32808,37.82537],[-120.3281,37.82538],[-120.32811,37.82539],[-120.32812,37.82541],[-120.32813,37.82543],[-120.32813,37.82545],[-120.32812,37.82547],[-120.32811,37.82552],[-120.32811,37.82554],[-120.32811,37.82555],[-120.32811,37.82557],[-120.32813,37.82558],[-120.32816,37.82561],[-120.32818,37.82563],[-120.32821,37.82569],[-120.32822,37.82571],[-120.32823,37.82572],[-120.32825,37.82574],[-120.32826,37.82575],[-120.32828,37.82577],[-120.32831,37.82578],[-120.32833,37.82579],[-120.32835,37.8258],[-120.32837,37.82581],[-120.3284,37.82581],[-120.32841,37.82581],[-120.32843,37.82581],[-120.32844,37.82581],[-120.32845,37.82581],[-120.32846,37.82582],[-120.32847,37.82583],[-120.32849,37.82585],[-120.3285,37.82585],[-120.3285,37.82586],[-120.32851,37.82588],[-120.32852,37.82589],[-120.32852,37.82591],[-120.32853,37.82592],[-120.32852,37.82594],[-120.32852,37.82596],[-120.32852,37.82596],[-120.32851,37.82596],[-120.32849,37.82597],[-120.32849,37.82597],[-120.32846,37.82598],[-120.32845,37.82599],[-120.32845,37.82599],[-120.32845,37.826],[-120.32846,37.82601],[-120.32846,37.82601],[-120.32846,37.82602],[-120.32846,37.82603],[-120.32845,37.82605],[-120.32845,37.82606],[-120.32845,37.82607],[-120.32846,37.82607],[-120.32847,37.82608],[-120.32851,37.82608],[-120.3286,37.82608],[-120.32864,37.82608],[-120.32867,37.82609],[-120.3287,37.8261],[-120.3287,37.8261],[-120.32872,37.8261],[-120.32874,37.82612],[-120.32875,37.82613],[-120.32875,37.82613],[-120.32875,37.82613],[-120.32875,37.82615],[-120.32875,37.82618],[-120.32876,37.82619],[-120.32876,37.8262],[-120.32877,37.82621],[-120.32877,37.82621],[-120.32878,37.82622],[-120.32881,37.82622],[-120.32887,37.82624],[-120.32888,37.82625],[-120.3289,37.82625],[-120.32892,37.82627],[-120.32894,37.82629],[-120.32896,37.82632],[-120.32901,37.82638],[-120.32903,37.82641],[-120.32906,37.82644],[-120.32907,37.82644],[-120.32909,37.82645],[-120.32911,37.82646],[-120.32912,37.82646],[-120.32913,37.82647],[-120.32913,37.82648],[-120.32914,37.82651],[-120.32915,37.82653],[-120.32916,37.82654],[-120.32918,37.82655],[-120.32921,37.82655],[-120.32928,37.82657],[-120.32929,37.82657],[-120.32931,37.82658],[-120.32932,37.82659],[-120.32934,37.8266],[-120.32939,37.82666],[-120.32941,37.82668],[-120.32943,37.8267],[-120.32945,37.82671],[-120.32947,37.82671],[-120.32949,37.82671],[-120.32949,37.82671],[-120.32951,37.8267],[-120.32951,37.8267],[-120.32954,37.82669],[-120.32956,37.82669],[-120.32958,37.82669],[-120.32959,37.8267],[-120.3296,37.82671],[-120.32962,37.82675],[-120.32963,37.82676],[-120.32963,37.82677],[-120.32964,37.82677],[-120.32965,37.82677],[-120.32971,37.82679],[-120.32971,37.82679],[-120.32972,37.82679],[-120.32973,37.82681],[-120.32973,37.82682],[-120.32973,37.82684],[-120.32972,37.8269],[-120.32972,37.82692],[-120.32973,37.82694],[-120.32974,37.82695],[-120.32977,37.82698],[-120.32979,37.827],[-120.3298,37.82702],[-120.32981,37.82707],[-120.32982,37.82708],[-120.32982,37.82709],[-120.32984,37.8271],[-120.32988,37.82711],[-120.32989,37.82712],[-120.32991,37.82714],[-120.32991,37.82717],[-120.32991,37.82717],[-120.32991,37.82718],[-120.3299,37.82722],[-120.3299,37.82723],[-120.3299,37.82724],[-120.3299,37.82725],[-120.32993,37.82727],[-120.32994,37.82729],[-120.32994,37.82729],[-120.32994,37.82731],[-120.32993,37.82736],[-120.32993,37.82737],[-120.32994,37.82738],[-120.32994,37.82739],[-120.32995,37.8274],[-120.33001,37.82743],[-120.33002,37.82744],[-120.33002,37.82745],[-120.33002,37.82746],[-120.33002,37.82747],[-120.33001,37.82752],[-120.33,37.82754],[-120.33,37.82755],[-120.33001,37.82755],[-120.33001,37.82755],[-120.33003,37.82755],[-120.33003,37.82755],[-120.33004,37.82756],[-120.33004,37.82756],[-120.33005,37.82758],[-120.33006,37.8276],[-120.33006,37.82762],[-120.33006,37.82764],[-120.33005,37.82768],[-120.33004,37.82773],[-120.33002,37.82779],[-120.33,37.82785],[-120.32997,37.82791],[-120.32994,37.82795],[-120.32988,37.82804],[-120.32986,37.82807],[-120.32985,37.82809],[-120.32985,37.82812],[-120.32984,37.82815],[-120.32985,37.82818],[-120.32986,37.82826],[-120.32986,37.82829],[-120.32986,37.82832],[-120.32986,37.82835],[-120.32985,37.82838],[-120.32982,37.82844],[-120.32982,37.82847],[-120.32981,37.82851],[-120.32981,37.82852],[-120.32982,37.82854],[-120.32983,37.82857],[-120.32984,37.82859],[-120.32983,37.82863],[-120.32983,37.82864],[-120.32983,37.82865],[-120.32984,37.82866],[-120.32988,37.82867],[-120.32989,37.82869],[-120.32989,37.82869],[-120.32989,37.82871],[-120.32989,37.82876],[-120.32989,37.82878],[-120.32989,37.82879],[-120.3299,37.82881],[-120.32992,37.82884],[-120.32994,37.82887],[-120.32998,37.82891],[-120.32999,37.82892],[-120.33,37.82892],[-120.33007,37.82895],[-120.33007,37.82896],[-120.33009,37.82897],[-120.33012,37.82899],[-120.33012,37.829],[-120.33014,37.82902],[-120.33016,37.82905],[-120.33018,37.82906],[-120.33019,37.82908],[-120.33019,37.8291],[-120.3302,37.82912],[-120.3302,37.82915],[-120.3302,37.82916],[-120.33021,37.82917],[-120.33021,37.82919],[-120.33022,37.82921],[-120.33023,37.82922],[-120.33025,37.82923],[-120.33027,37.82924],[-120.33029,37.82924],[-120.33035,37.82924],[-120.33038,37.82925],[-120.3304,37.82925],[-120.33042,37.82926],[-120.33043,37.82928],[-120.33045,37.8293],[-120.33046,37.82931],[-120.33047,37.82933],[-120.33047,37.82935],[-120.33047,37.82939],[-120.33047,37.8294],[-120.33048,37.82943],[-120.3305,37.82944],[-120.3305,37.82945],[-120.33051,37.82945],[-120.33053,37.82945],[-120.33056,37.82945],[-120.33061,37.82943],[-120.33063,37.82942],[-120.33065,37.82942],[-120.33066,37.82942],[-120.33067,37.82943],[-120.33068,37.82944],[-120.33069,37.82945],[-120.33069,37.82947],[-120.33071,37.82952],[-120.33071,37.82954],[-120.33073,37.82956],[-120.33074,37.82957],[-120.33075,37.82958],[-120.33078,37.82958],[-120.33084,37.82957],[-120.33084,37.82956],[-120.33085,37.82956],[-120.33086,37.82956],[-120.33087,37.82957],[-120.3309,37.82958],[-120.33091,37.82959],[-120.33093,37.8296],[-120.33094,37.82961],[-120.33096,37.82963],[-120.33097,37.82964],[-120.33097,37.82965],[-120.33097,37.82967],[-120.33098,37.82968],[-120.33097,37.82969],[-120.33096,37.82972],[-120.33096,37.82973],[-120.33096,37.82974],[-120.33097,37.82976],[-120.33098,37.82977],[-120.33099,37.82977],[-120.33099,37.82978],[-120.331,37.82978],[-120.33103,37.82977],[-120.33105,37.82976],[-120.33107,37.82977],[-120.33109,37.82978],[-120.33112,37.82979],[-120.33114,37.82982],[-120.33116,37.82984],[-120.33117,37.82986],[-120.33119,37.82989],[-120.33119,37.82992],[-120.33119,37.82994],[-120.33119,37.82999],[-120.33119,37.82999],[-120.33119,37.83],[-120.3312,37.83001],[-120.33121,37.83001],[-120.33122,37.83002],[-120.33127,37.83002],[-120.33129,37.83003],[-120.3313,37.83003],[-120.33131,37.83005],[-120.33132,37.83006],[-120.33132,37.83007],[-120.33132,37.8301],[-120.33132,37.83011],[-120.33132,37.83012],[-120.33133,37.83013],[-120.33134,37.83014],[-120.33135,37.83015],[-120.33135,37.83015],[-120.33141,37.83019],[-120.33143,37.83021],[-120.33143,37.83021],[-120.33143,37.83021],[-120.33147,37.83026],[-120.33148,37.83028],[-120.33149,37.83029],[-120.3315,37.83032],[-120.3315,37.83034],[-120.3315,37.83034],[-120.33145,37.83038],[-120.33141,37.8304],[-120.33135,37.83042],[-120.33129,37.83044],[-120.33125,37.83046],[-120.33119,37.83049],[-120.33113,37.83049],[-120.33109,37.83051],[-120.33104,37.83053],[-120.33098,37.83059],[-120.33095,37.83062],[-120.33091,37.83065],[-120.33088,37.83069],[-120.33082,37.83071],[-120.3308,37.8307],[-120.33079,37.83069],[-120.33079,37.83069],[-120.33078,37.83068],[-120.33076,37.83068],[-120.33074,37.83067],[-120.33073,37.83061],[-120.3307,37.83057],[-120.33066,37.83053],[-120.33066,37.83053],[-120.33064,37.83051],[-120.33058,37.83049],[-120.33058,37.83049],[-120.3305,37.83046],[-120.33048,37.83044],[-120.33044,37.83042],[-120.33039,37.83041],[-120.33039,37.83036],[-120.33038,37.83034],[-120.3304,37.83031],[-120.3304,37.8303],[-120.3304,37.8303],[-120.33038,37.83026],[-120.33032,37.83022],[-120.33032,37.83022],[-120.33027,37.83019],[-120.33025,37.83016],[-120.33023,37.83013],[-120.33023,37.83013],[-120.33016,37.83009],[-120.33014,37.83007],[-120.33013,37.83005],[-120.33011,37.83004],[-120.33012,37.82999],[-120.3301,37.82996],[-120.33009,37.82994],[-120.33006,37.82991],[-120.32998,37.82989],[-120.32997,37.82987],[-120.32996,37.82985],[-120.32996,37.82983],[-120.32996,37.82974],[-120.32996,37.82972],[-120.32995,37.82971],[-120.32994,37.82969],[-120.32993,37.82967],[-120.32991,37.82965],[-120.32989,37.82963],[-120.32987,37.82962],[-120.32985,37.8296],[-120.32975,37.82955],[-120.32972,37.82953],[-120.32965,37.8295],[-120.32963,37.82949],[-120.32961,37.82948],[-120.32959,37.82946],[-120.32957,37.82944],[-120.32955,37.82942],[-120.32954,37.8294],[-120.32954,37.82939],[-120.32954,37.82936],[-120.32954,37.82934],[-120.32957,37.82927],[-120.32957,37.82925],[-120.32957,37.82923],[-120.32957,37.82921],[-120.32955,37.82919],[-120.32953,37.82917],[-120.32949,37.82912],[-120.32947,37.82909],[-120.32946,37.82908],[-120.32946,37.82907],[-120.32946,37.82906],[-120.32946,37.82904],[-120.32947,37.82901],[-120.32946,37.82899],[-120.32944,37.82894],[-120.32945,37.82892],[-120.32944,37.82891],[-120.32943,37.82892],[-120.32942,37.82888],[-120.32942,37.82888],[-120.32941,37.82885],[-120.32941,37.82885],[-120.3294,37.82885],[-120.32943,37.82882],[-120.32943,37.82881],[-120.32944,37.82879],[-120.32945,37.82876],[-120.32945,37.82872],[-120.32945,37.82867],[-120.32945,37.82863],[-120.32944,37.82861],[-120.32942,37.82856],[-120.32941,37.82854],[-120.32941,37.82852],[-120.32941,37.82847],[-120.32941,37.82845],[-120.3294,37.82843],[-120.32937,37.82834],[-120.32936,37.8283],[-120.32935,37.82823],[-120.32935,37.8282],[-120.32934,37.82819],[-120.32933,37.82817],[-120.32928,37.82811],[-120.32927,37.82809],[-120.32926,37.82807],[-120.32926,37.82805],[-120.32925,37.82801],[-120.32924,37.82799],[-120.32922,37.82795],[-120.32921,37.82792],[-120.32919,37.82789],[-120.32917,37.82786],[-120.32915,37.82785],[-120.32914,37.82784],[-120.32905,37.82779],[-120.32903,37.82777],[-120.32902,37.82776],[-120.329,37.82774],[-120.32897,37.82768],[-120.32895,37.82766],[-120.32893,37.82765],[-120.32889,37.82762],[-120.32887,37.82761],[-120.32885,37.82759],[-120.32882,37.82757],[-120.3288,37.82754],[-120.32879,37.82752],[-120.32877,37.82749],[-120.32876,37.82745],[-120.32876,37.82741],[-120.32875,37.82733],[-120.32875,37.8273],[-120.32875,37.82727],[-120.32875,37.82727],[-120.32876,37.82722],[-120.32876,37.82722],[-120.32876,37.82719],[-120.32876,37.82717],[-120.32875,37.82715],[-120.32874,37.82713],[-120.32873,37.82712],[-120.3287,37.8271],[-120.32868,37.82709],[-120.32862,37.82707],[-120.3286,37.82706],[-120.32856,37.82705],[-120.32856,37.82705],[-120.32855,37.82705],[-120.32855,37.82705],[-120.32841,37.82703],[-120.32837,37.82702],[-120.32834,37.82702],[-120.32821,37.82697],[-120.32816,37.82695],[-120.32805,37.82693],[-120.328,37.82692],[-120.328,37.82692],[-120.32798,37.82691],[-120.3279,37.82689],[-120.3279,37.82688],[-120.32788,37.82687],[-120.32786,37.82686],[-120.32785,37.82685],[-120.32784,37.82684],[-120.3278,37.82678],[-120.32778,37.82676],[-120.32777,37.82675],[-120.32772,37.82673],[-120.3277,37.82672],[-120.32769,37.8267],[-120.32764,37.82664],[-120.32762,37.82662],[-120.3276,37.8266],[-120.32753,37.82656],[-120.3275,37.82653],[-120.32748,37.82651],[-120.32746,37.82648],[-120.32744,37.82645],[-120.32741,37.8264],[-120.3274,37.82637],[-120.32737,37.82629],[-120.32736,37.82627],[-120.32735,37.82625],[-120.32733,37.82623],[-120.32733,37.82623],[-120.32731,37.82622],[-120.32729,37.8262],[-120.32719,37.82616],[-120.32717,37.82615],[-120.32717,37.82615],[-120.32713,37.82614],[-120.32705,37.82611],[-120.32702,37.8261],[-120.32698,37.82608],[-120.32695,37.82606],[-120.32691,37.82603],[-120.32688,37.82599],[-120.32688,37.82599],[-120.32686,37.82597],[-120.32685,37.82596],[-120.3268,37.82589],[-120.32678,37.82586],[-120.32676,37.82581],[-120.32676,37.82581],[-120.32673,37.82574],[-120.32671,37.82572],[-120.3267,37.8257],[-120.32668,37.82568],[-120.32665,37.82565],[-120.32661,37.82561],[-120.32658,37.82558],[-120.32654,37.82554],[-120.3265,37.82551],[-120.32646,37.82549],[-120.32642,37.82546],[-120.32638,37.82544],[-120.32635,37.82542],[-120.32633,37.82541],[-120.32632,37.82541],[-120.32624,37.82538],[-120.3262,37.82536],[-120.32617,37.82534],[-120.3261,37.82528],[-120.32606,37.82526],[-120.32603,37.82524],[-120.32594,37.8252],[-120.32592,37.82519],[-120.3259,37.82518],[-120.32589,37.82517],[-120.32588,37.82516],[-120.32586,37.82512],[-120.32586,37.82512],[-120.32585,37.8251],[-120.32584,37.82508],[-120.32583,37.82507],[-120.32582,37.82506],[-120.32579,37.82505],[-120.32576,37.82505],[-120.32574,37.82505],[-120.32573,37.82505],[-120.32572,37.82506],[-120.3257,37.82506],[-120.3257,37.82507],[-120.32568,37.8251],[-120.32567,37.82511],[-120.32566,37.82512],[-120.32565,37.82512],[-120.32563,37.82513],[-120.32561,37.82513],[-120.32559,37.82513],[-120.32555,37.82513],[-120.32545,37.82511],[-120.3254,37.8251],[-120.32529,37.82507],[-120.32524,37.82506],[-120.32521,37.82506],[-120.32511,37.82506],[-120.32509,37.82506],[-120.32507,37.82505],[-120.32502,37.82504],[-120.32498,37.82502],[-120.32492,37.825],[-120.3249,37.82498],[-120.32488,37.82497],[-120.32486,37.82495],[-120.32483,37.8249],[-120.32481,37.82488],[-120.32479,37.82486],[-120.32476,37.82484],[-120.32473,37.82482],[-120.32462,37.82476],[-120.32459,37.82474],[-120.32457,37.82472],[-120.32453,37.82467],[-120.32452,37.82466],[-120.32451,37.82464],[-120.3245,37.82463],[-120.32449,37.8246],[-120.32449,37.82458],[-120.32448,37.82458],[-120.32448,37.82457],[-120.32443,37.82454],[-120.32443,37.82453],[-120.32443,37.82453],[-120.32443,37.82452],[-120.32443,37.82452],[-120.32444,37.82451],[-120.32444,37.82451],[-120.32444,37.82451],[-120.32443,37.8245],[-120.32442,37.82449],[-120.32441,37.82448],[-120.32435,37.82445],[-120.32433,37.82444],[-120.32433,37.82444],[-120.32432,37.82444],[-120.32432,37.82443],[-120.32431,37.82442],[-120.32426,37.82437],[-120.32424,37.82435],[-120.32423,37.82435],[-120.32419,37.82433],[-120.32411,37.8243],[-120.32408,37.82428],[-120.32405,37.82426],[-120.32403,37.82424],[-120.324,37.82421],[-120.324,37.82421],[-120.32398,37.82419],[-120.32397,37.82417],[-120.32394,37.82416],[-120.32392,37.82415],[-120.3239,37.82414],[-120.3239,37.82414],[-120.32385,37.82415],[-120.32384,37.82415],[-120.32383,37.82415],[-120.32382,37.82414],[-120.32381,37.82413],[-120.3238,37.82411],[-120.32378,37.82406],[-120.32377,37.82405],[-120.32376,37.82403],[-120.32375,37.82403],[-120.32375,37.82402],[-120.32375,37.82402],[-120.32373,37.82402],[-120.32371,37.82402],[-120.32369,37.82403],[-120.32367,37.82404],[-120.32367,37.82404],[-120.32366,37.82405],[-120.32365,37.82409],[-120.32364,37.8241],[-120.32364,37.82411],[-120.32363,37.82411],[-120.32361,37.82411],[-120.32353,37.82411],[-120.32345,37.8241],[-120.32338,37.82409],[-120.32331,37.82409],[-120.32325,37.82408],[-120.32316,37.82406],[-120.32316,37.82406],[-120.32312,37.82404],[-120.32305,37.82402],[-120.32302,37.824],[-120.32301,37.824],[-120.32299,37.82399],[-120.32298,37.82397],[-120.32296,37.82396],[-120.32294,37.82391],[-120.32293,37.8239],[-120.32292,37.8239],[-120.32291,37.8239],[-120.3229,37.8239],[-120.32288,37.82391],[-120.32288,37.82392],[-120.32288,37.82393],[-120.32288,37.82395],[-120.32288,37.82396],[-120.32287,37.82396],[-120.32286,37.82397],[-120.32284,37.82398],[-120.32284,37.82398],[-120.32282,37.82398],[-120.3228,37.82398],[-120.32278,37.82397],[-120.32275,37.82397],[-120.32272,37.82396],[-120.3227,37.82394],[-120.32269,37.82393],[-120.32268,37.82392],[-120.32268,37.82391],[-120.32268,37.82391],[-120.32267,37.82388],[-120.32267,37.82387],[-120.32265,37.82387],[-120.32264,37.82387],[-120.32261,37.82388],[-120.32261,37.82388],[-120.32257,37.82389],[-120.32255,37.82389],[-120.32254,37.82389],[-120.32252,37.82388],[-120.3225,37.82386],[-120.3225,37.82386],[-120.32248,37.82384],[-120.32246,37.82383],[-120.32245,37.82383],[-120.32243,37.82382],[-120.32237,37.82382],[-120.32234,37.82382],[-120.32234,37.82382],[-120.32234,37.82382],[-120.32232,37.82381],[-120.32229,37.8238],[-120.32225,37.82378],[-120.3222,37.82375],[-120.32215,37.8237],[-120.32212,37.82368],[-120.32209,37.82364],[-120.32209,37.82364],[-120.32206,37.82361],[-120.32204,37.82359],[-120.32202,37.82357],[-120.32199,37.82356],[-120.32199,37.82356],[-120.32196,37.82355],[-120.32194,37.82353],[-120.32191,37.82352],[-120.3219,37.8235],[-120.32189,37.82349],[-120.32188,37.82348],[-120.32188,37.82346],[-120.32188,37.82344],[-120.32188,37.82342],[-120.32189,37.82341],[-120.3219,37.8234],[-120.32193,37.82337],[-120.32194,37.82336],[-120.32194,37.82336],[-120.32193,37.82335],[-120.32192,37.82334],[-120.32191,37.82334],[-120.32185,37.82332],[-120.32183,37.82332],[-120.32181,37.8233],[-120.3218,37.82329],[-120.3218,37.82329],[-120.32179,37.82328],[-120.32179,37.82325],[-120.32179,37.82325],[-120.32179,37.82323],[-120.32179,37.82321],[-120.32178,37.82321],[-120.32178,37.8232],[-120.32176,37.8232],[-120.32175,37.8232],[-120.32174,37.82321],[-120.32173,37.82322],[-120.32172,37.82323],[-120.32171,37.82324],[-120.32171,37.82325],[-120.32171,37.82326],[-120.32171,37.8233],[-120.32171,37.82331],[-120.32171,37.82332],[-120.3217,37.82333],[-120.3217,37.82333],[-120.32169,37.82333],[-120.32167,37.82334],[-120.32165,37.82335],[-120.32164,37.82335],[-120.32162,37.82335],[-120.3216,37.82335],[-120.32158,37.82334],[-120.32157,37.82334],[-120.32155,37.82333],[-120.32155,37.82332],[-120.32154,37.82331],[-120.32152,37.82328],[-120.32152,37.82326],[-120.32152,37.82323],[-120.32153,37.8232],[-120.32155,37.82314],[-120.32156,37.82311],[-120.32156,37.82308],[-120.32156,37.82307],[-120.32156,37.82306],[-120.32156,37.82306],[-120.32155,37.82305],[-120.32154,37.82303],[-120.32152,37.82303],[-120.32152,37.82302],[-120.32151,37.82302],[-120.32148,37.82302],[-120.32148,37.82302],[-120.32145,37.82303],[-120.32144,37.82303],[-120.32143,37.82303],[-120.32142,37.82301],[-120.3214,37.823],[-120.3214,37.823],[-120.32139,37.82297],[-120.32137,37.82296],[-120.32136,37.82295],[-120.32134,37.82294],[-120.32131,37.82294],[-120.32131,37.82294],[-120.32126,37.82293],[-120.32124,37.82292],[-120.32123,37.82292],[-120.32118,37.82289],[-120.32117,37.82288],[-120.32116,37.82287],[-120.32114,37.82282],[-120.32114,37.82282],[-120.32114,37.82282],[-120.32112,37.82281],[-120.32111,37.82279],[-120.32109,37.82278],[-120.32105,37.82276],[-120.32103,37.82275],[-120.321,37.82274],[-120.321,37.82274],[-120.32088,37.82272],[-120.32085,37.82272],[-120.32082,37.8227],[-120.3208,37.8227],[-120.3208,37.82269],[-120.32079,37.82269],[-120.3208,37.82268],[-120.3208,37.82267],[-120.32078,37.82268],[-120.32077,37.82267],[-120.32076,37.82267],[-120.32075,37.82265],[-120.32075,37.82264],[-120.32076,37.8226],[-120.32075,37.82259],[-120.32075,37.82258],[-120.32074,37.82257],[-120.3207,37.82255],[-120.32069,37.82253],[-120.32068,37.82252],[-120.32067,37.8225],[-120.32067,37.82247],[-120.32066,37.82241],[-120.32065,37.82239],[-120.32065,37.82237],[-120.32063,37.82233],[-120.32061,37.82231],[-120.3206,37.8223],[-120.32058,37.82229],[-120.32057,37.82228],[-120.32056,37.82226],[-120.32055,37.82225],[-120.32054,37.82218],[-120.32053,37.82216],[-120.32053,37.82214],[-120.32051,37.82213],[-120.3205,37.82213],[-120.32048,37.82212],[-120.32046,37.82211],[-120.32045,37.8221],[-120.32041,37.82205],[-120.32039,37.82204],[-120.32038,37.82203],[-120.32034,37.82201],[-120.32032,37.822],[-120.3203,37.82199],[-120.32029,37.82197],[-120.32028,37.82196],[-120.32027,37.82195],[-120.32027,37.82194],[-120.32027,37.82191],[-120.32026,37.82189],[-120.32026,37.82189],[-120.32025,37.82189],[-120.32022,37.82188],[-120.32021,37.82188],[-120.3202,37.82187],[-120.32018,37.82183],[-120.32017,37.82182],[-120.32017,37.82182],[-120.32014,37.82182],[-120.32013,37.82181],[-120.32012,37.82179],[-120.32005,37.82177],[-120.32005,37.82172],[-120.32003,37.82169],[-120.32003,37.82168],[-120.32001,37.82167],[-120.32001,37.82167],[-120.31997,37.82165],[-120.31994,37.82165],[-120.3199,37.82161],[-120.31991,37.82157],[-120.31991,37.82157],[-120.31991,37.82154],[-120.31991,37.82153],[-120.31991,37.82151],[-120.3199,37.8215],[-120.31989,37.82149],[-120.31988,37.82148],[-120.31984,37.82146],[-120.31983,37.82146],[-120.31983,37.82146],[-120.31977,37.82144],[-120.31975,37.82144],[-120.31974,37.82143],[-120.31973,37.82142],[-120.31972,37.8214],[-120.31971,37.82138],[-120.3197,37.82137],[-120.3197,37.82135],[-120.3197,37.82133],[-120.31971,37.82132],[-120.31973,37.82129],[-120.31973,37.82128],[-120.31973,37.82127],[-120.31973,37.82126],[-120.31972,37.82126],[-120.31967,37.82124],[-120.31966,37.82123],[-120.31965,37.82122],[-120.31964,37.8212],[-120.31963,37.82115],[-120.31963,37.82115],[-120.31963,37.82114],[-120.31962,37.82112],[-120.3196,37.8211],[-120.31958,37.82108],[-120.31955,37.82107],[-120.31953,37.82106],[-120.31953,37.82106],[-120.3195,37.82105],[-120.31945,37.82105],[-120.31944,37.82104],[-120.31942,37.82104],[-120.31938,37.821],[-120.31935,37.82098],[-120.31933,37.82095],[-120.31931,37.82092],[-120.31928,37.82086],[-120.31928,37.82086],[-120.31926,37.82082],[-120.31924,37.8208],[-120.31922,37.82078],[-120.31921,37.82076],[-120.31918,37.82074],[-120.31915,37.82071],[-120.31908,37.82067],[-120.31905,37.82065],[-120.31902,37.82063],[-120.31901,37.82063],[-120.31895,37.8206],[-120.31888,37.82057],[-120.31887,37.82057],[-120.31866,37.82051],[-120.3184,37.82041],[-120.31829,37.82038],[-120.31819,37.82035],[-120.31817,37.82035],[-120.31812,37.82033],[-120.3181,37.82033],[-120.31805,37.82032],[-120.31803,37.82031],[-120.31796,37.8203],[-120.31788,37.82028],[-120.31788,37.82028],[-120.31782,37.82027],[-120.31777,37.82026],[-120.31772,37.82026],[-120.31758,37.82026],[-120.31752,37.82026],[-120.31747,37.82025],[-120.31737,37.82023],[-120.31732,37.82023],[-120.31729,37.82022],[-120.31725,37.82022],[-120.31707,37.82022],[-120.31703,37.82021],[-120.31699,37.82021],[-120.31693,37.8202],[-120.31683,37.82016],[-120.31678,37.82015],[-120.31678,37.82015],[-120.31676,37.82015],[-120.31668,37.82014],[-120.31659,37.82012],[-120.31653,37.82012],[-120.31647,37.82012],[-120.31647,37.82012],[-120.31629,37.82013],[-120.31622,37.82013],[-120.31615,37.82013],[-120.31609,37.82012],[-120.31605,37.82011],[-120.316,37.8201],[-120.31584,37.82003],[-120.31584,37.82003],[-120.31579,37.82002],[-120.31575,37.82001],[-120.31572,37.82],[-120.31567,37.82],[-120.31567,37.82],[-120.3156,37.81999],[-120.31555,37.81998],[-120.31552,37.81997],[-120.31549,37.81997],[-120.31539,37.81992],[-120.31535,37.81991],[-120.31531,37.8199],[-120.31527,37.8199],[-120.3152,37.8199],[-120.31518,37.81989],[-120.31515,37.81989],[-120.31512,37.81988],[-120.31509,37.81987],[-120.31503,37.81985],[-120.31495,37.8198],[-120.3149,37.81978],[-120.31486,37.81976],[-120.31482,37.81973],[-120.31478,37.8197],[-120.31473,37.81966],[-120.31469,37.81962],[-120.31458,37.81951],[-120.31452,37.81945],[-120.31449,37.81942],[-120.31448,37.81941],[-120.31445,37.81939],[-120.31436,37.81935],[-120.31432,37.81932],[-120.3142,37.81925],[-120.31417,37.81923],[-120.31415,37.81921],[-120.31413,37.81919],[-120.31411,37.81917],[-120.3141,37.81915],[-120.31409,37.81912],[-120.31409,37.81911],[-120.31409,37.81907],[-120.31409,37.81907],[-120.31408,37.81905],[-120.31408,37.81903],[-120.31406,37.81901],[-120.31406,37.81901],[-120.31405,37.81899],[-120.31403,37.81897],[-120.31395,37.8189],[-120.31393,37.81888],[-120.31391,37.81886],[-120.31381,37.8188],[-120.31378,37.81877],[-120.31374,37.81874],[-120.31372,37.81871],[-120.31371,37.81869],[-120.3137,37.81867],[-120.31366,37.81857],[-120.31365,37.81855],[-120.31364,37.81854],[-120.31361,37.81851],[-120.31355,37.81846],[-120.31354,37.81844],[-120.31353,37.81843],[-120.31351,37.81839],[-120.3135,37.81837],[-120.3135,37.81835],[-120.3135,37.81834],[-120.31351,37.81829],[-120.31352,37.81827],[-120.31352,37.81826],[-120.31351,37.81825],[-120.3135,37.81824],[-120.31349,37.81823],[-120.31343,37.8182],[-120.31341,37.81819],[-120.31337,37.81817],[-120.31334,37.81817],[-120.31325,37.81814],[-120.3132,37.81813],[-120.31318,37.81812],[-120.31316,37.81811],[-120.31314,37.81809],[-120.31313,37.81807],[-120.31311,37.81804],[-120.3131,37.81799],[-120.31309,37.81797],[-120.3131,37.81792],[-120.3131,37.8179],[-120.31309,37.81789],[-120.31308,37.81788],[-120.31307,37.81787],[-120.31303,37.81784],[-120.31301,37.81783],[-120.31296,37.81781],[-120.31295,37.81781],[-120.31294,37.8178],[-120.31292,37.81777],[-120.31291,37.81776],[-120.3129,37.81775],[-120.3129,37.81773],[-120.3129,37.81771],[-120.3129,37.8177],[-120.31292,37.81769],[-120.31293,37.81768],[-120.31293,37.81767],[-120.31293,37.81766],[-120.31293,37.81764],[-120.31293,37.81763],[-120.31293,37.81763],[-120.31293,37.81762],[-120.31292,37.81761],[-120.31291,37.8176],[-120.31288,37.81757],[-120.31287,37.81756],[-120.31285,37.81755],[-120.31278,37.81752],[-120.31278,37.81752],[-120.31276,37.8175],[-120.31274,37.81749],[-120.31272,37.81747],[-120.31266,37.81739],[-120.31264,37.81738],[-120.31262,37.81737],[-120.31259,37.81734],[-120.31253,37.81732],[-120.3125,37.8173],[-120.31246,37.81729],[-120.31243,37.81727],[-120.31239,37.81726],[-120.31231,37.81724],[-120.31214,37.81721],[-120.31214,37.81721],[-120.31207,37.8172],[-120.31207,37.8172],[-120.31203,37.81719],[-120.31199,37.81717],[-120.31195,37.81716],[-120.31186,37.81713],[-120.31182,37.81712],[-120.31179,37.81711],[-120.31177,37.8171],[-120.31175,37.81708],[-120.31174,37.81707],[-120.31172,37.81706],[-120.3117,37.81702],[-120.31169,37.81701],[-120.31166,37.81699],[-120.3116,37.81695],[-120.31159,37.81694],[-120.31158,37.81693],[-120.31156,37.81691],[-120.31154,37.81686],[-120.31153,37.81685],[-120.31151,37.81681],[-120.31149,37.81679],[-120.31148,37.81679],[-120.31146,37.81676],[-120.31144,37.81675],[-120.31144,37.81675],[-120.31143,37.81675],[-120.31141,37.81674],[-120.31137,37.81673],[-120.31137,37.81673],[-120.31134,37.81672],[-120.31132,37.81672],[-120.31131,37.81671],[-120.31129,37.8167],[-120.31128,37.81668],[-120.31125,37.81664],[-120.31124,37.81662],[-120.31122,37.81661],[-120.31118,37.81658],[-120.31117,37.81657],[-120.31115,37.81655],[-120.31112,37.8165],[-120.3111,37.81648],[-120.31108,37.81646],[-120.31105,37.81645],[-120.31104,37.81644],[-120.31102,37.81644],[-120.31096,37.81645],[-120.31096,37.81645],[-120.31093,37.81645],[-120.31091,37.81644],[-120.3109,37.81643],[-120.31088,37.81642],[-120.31086,37.81641],[-120.31084,37.81639],[-120.31083,37.81637],[-120.31081,37.81636],[-120.3108,37.81634],[-120.31079,37.81632],[-120.31079,37.81631],[-120.31079,37.81628],[-120.31079,37.81628],[-120.31078,37.81626],[-120.31078,37.81624],[-120.31076,37.81623],[-120.31075,37.81622],[-120.31073,37.8162],[-120.31072,37.8162],[-120.3107,37.81618],[-120.31069,37.81618],[-120.31069,37.81618],[-120.31066,37.81617],[-120.31063,37.81616],[-120.31059,37.81615],[-120.31053,37.81614],[-120.31053,37.81614],[-120.31048,37.81614],[-120.31045,37.81613],[-120.31042,37.81612],[-120.3104,37.81611],[-120.31037,37.81609],[-120.31032,37.81603],[-120.3103,37.81601],[-120.31027,37.81599],[-120.3102,37.81595],[-120.31019,37.81594],[-120.31017,37.81593],[-120.31015,37.81591],[-120.31014,37.81589],[-120.31012,37.81587],[-120.31011,37.81585],[-120.3101,37.81583],[-120.31009,37.8158],[-120.31008,37.81577],[-120.31008,37.81574],[-120.31008,37.81572],[-120.31008,37.8157],[-120.31009,37.81568],[-120.3101,37.81566],[-120.31011,37.81564],[-120.31012,37.81563],[-120.31013,37.81563],[-120.31016,37.81563],[-120.31017,37.81562],[-120.31018,37.81562],[-120.31018,37.81561],[-120.31018,37.8156],[-120.31018,37.81557],[-120.31017,37.81556],[-120.31017,37.81555],[-120.31016,37.81554],[-120.31012,37.81552],[-120.31011,37.81552],[-120.31009,37.81551],[-120.31003,37.81551],[-120.31,37.8155],[-120.30998,37.8155],[-120.30996,37.81548],[-120.30991,37.81544],[-120.3099,37.81544],[-120.30988,37.81542],[-120.30985,37.81541],[-120.30983,37.8154],[-120.30978,37.81538],[-120.30975,37.81537],[-120.30972,37.81535],[-120.3097,37.81533],[-120.30955,37.81524],[-120.30955,37.81524],[-120.30951,37.81522],[-120.30949,37.8152],[-120.30947,37.81519],[-120.30945,37.81517],[-120.30944,37.81516],[-120.30943,37.81514],[-120.30943,37.81512],[-120.30943,37.81511],[-120.30942,37.81509],[-120.30942,37.81507],[-120.30943,37.81505],[-120.30943,37.81504],[-120.30944,37.81503],[-120.30944,37.81502],[-120.30945,37.81502],[-120.30947,37.81502],[-120.30949,37.81502],[-120.30949,37.81502],[-120.30955,37.81502],[-120.30957,37.81502],[-120.30961,37.81503],[-120.30967,37.81504],[-120.30973,37.81506],[-120.30978,37.81509],[-120.30984,37.81511],[-120.30988,37.81513],[-120.30992,37.81516],[-120.30994,37.81517],[-120.30996,37.81519],[-120.30997,37.81522],[-120.31003,37.81529],[-120.31005,37.81531],[-120.31006,37.81533],[-120.31014,37.81539],[-120.31017,37.81542],[-120.3102,37.81543],[-120.31022,37.81545],[-120.31025,37.81546],[-120.31027,37.81546],[-120.3103,37.81546],[-120.31032,37.81546],[-120.31034,37.81546],[-120.31034,37.81546],[-120.31038,37.81544],[-120.31041,37.81544],[-120.31044,37.81544],[-120.31047,37.81545],[-120.31049,37.81545],[-120.31051,37.81546],[-120.31053,37.81547],[-120.31053,37.81547],[-120.31055,37.81548],[-120.31058,37.8155],[-120.3106,37.81553],[-120.31062,37.81555],[-120.31063,37.81557],[-120.31064,37.8156],[-120.31065,37.81562],[-120.31066,37.81565],[-120.31069,37.81567],[-120.31071,37.8157],[-120.31077,37.81575],[-120.31083,37.8158],[-120.31087,37.81584],[-120.31091,37.81586],[-120.31094,37.81588],[-120.31098,37.8159],[-120.31101,37.81591],[-120.31105,37.81592],[-120.31109,37.81593],[-120.31113,37.81594],[-120.31116,37.81594],[-120.31124,37.81594],[-120.31124,37.81594],[-120.31125,37.81594],[-120.31127,37.81595],[-120.3113,37.81596],[-120.31133,37.81596],[-120.31136,37.81598],[-120.31136,37.81598],[-120.31143,37.81601],[-120.31147,37.81603],[-120.31149,37.81605],[-120.3115,37.81606],[-120.31151,37.81607],[-120.31154,37.81612],[-120.31155,37.81614],[-120.31158,37.81616],[-120.31164,37.81621],[-120.31166,37.81623],[-120.31169,37.81627],[-120.3117,37.81629],[-120.31172,37.8163],[-120.31175,37.81632],[-120.31178,37.81633],[-120.3118,37.81634],[-120.3119,37.81637],[-120.31194,37.81638],[-120.312,37.8164],[-120.31203,37.81641],[-120.31205,37.81642],[-120.31207,37.81644],[-120.31208,37.81647],[-120.31209,37.81648],[-120.3121,37.81648],[-120.31214,37.8165],[-120.31216,37.8165],[-120.31217,37.81652],[-120.3122,37.81656],[-120.31221,37.81657],[-120.31224,37.81659],[-120.31229,37.81662],[-120.31231,37.81663],[-120.31235,37.81665],[-120.31246,37.81668],[-120.3125,37.8167],[-120.31255,37.81672],[-120.31264,37.81677],[-120.31268,37.81679],[-120.31272,37.81681],[-120.31275,37.81682],[-120.31278,37.81682],[-120.31284,37.81683],[-120.31287,37.81683],[-120.31292,37.81685],[-120.31295,37.81686],[-120.31297,37.81687],[-120.31299,37.81688],[-120.313,37.81689],[-120.31301,37.81691],[-120.31302,37.81693],[-120.31303,37.81695],[-120.31303,37.81696],[-120.31303,37.81698],[-120.31302,37.81703],[-120.31302,37.81705],[-120.31302,37.81706],[-120.31303,37.81707],[-120.31303,37.81707],[-120.31304,37.81707],[-120.31306,37.81707],[-120.31311,37.81703],[-120.31311,37.81703],[-120.31312,37.81701],[-120.31312,37.81699],[-120.31312,37.81698],[-120.31313,37.81698],[-120.31313,37.81698],[-120.31315,37.81698],[-120.31317,37.81698],[-120.3132,37.81699],[-120.3132,37.81699],[-120.31323,37.81701],[-120.31328,37.81702],[-120.31329,37.81703],[-120.3133,37.81704],[-120.31332,37.81706],[-120.31333,37.81707],[-120.31334,37.81709],[-120.31335,37.8171],[-120.31335,37.81712],[-120.31334,37.81714],[-120.31334,37.81715],[-120.31334,37.81716],[-120.31334,37.81717],[-120.31336,37.81717],[-120.31337,37.81717],[-120.31342,37.81718],[-120.31344,37.81718],[-120.3135,37.8172],[-120.31351,37.8172],[-120.31354,37.81721],[-120.31357,37.81723],[-120.31359,37.81724],[-120.31361,37.81725],[-120.31361,37.81725],[-120.31363,37.81727],[-120.31363,37.81729],[-120.31364,37.81732],[-120.31364,37.81735],[-120.31364,37.81737],[-120.31364,37.81738],[-120.31363,37.81738],[-120.31362,37.81739],[-120.31359,37.81739],[-120.31358,37.8174],[-120.31358,37.8174],[-120.31357,37.81741],[-120.31357,37.81743],[-120.31357,37.81744],[-120.31358,37.81744],[-120.31359,37.81745],[-120.31361,37.81745],[-120.31362,37.81745],[-120.31364,37.81745],[-120.31365,37.81745],[-120.31366,37.81744],[-120.31367,37.81743],[-120.31367,37.81743],[-120.31367,37.81741],[-120.31368,37.81741],[-120.31369,37.8174],[-120.3137,37.8174],[-120.31372,37.8174],[-120.31374,37.8174],[-120.31376,37.8174],[-120.31378,37.81741],[-120.3138,37.81742],[-120.31382,37.81743],[-120.31384,37.81744],[-120.31386,37.81745],[-120.31386,37.81745],[-120.31388,37.81747],[-120.3139,37.8175],[-120.31391,37.81752],[-120.31392,37.81754],[-120.31392,37.81757],[-120.31392,37.8176],[-120.31392,37.81762],[-120.31391,37.81763],[-120.31391,37.81763],[-120.3139,37.81764],[-120.31389,37.81763],[-120.31385,37.81761],[-120.31383,37.81761],[-120.31381,37.8176],[-120.3138,37.8176],[-120.3138,37.81761],[-120.31379,37.81761],[-120.31379,37.81762],[-120.31378,37.81763],[-120.31379,37.81764],[-120.31379,37.81764],[-120.3138,37.81765],[-120.31382,37.81766],[-120.31387,37.81767],[-120.31389,37.81768],[-120.31391,37.8177],[-120.31391,37.8177],[-120.31391,37.81771],[-120.31391,37.81772],[-120.31391,37.81776],[-120.31391,37.81778],[-120.31392,37.8178],[-120.31395,37.81784],[-120.31395,37.81786],[-120.31395,37.81788],[-120.31395,37.81791],[-120.31396,37.81793],[-120.31396,37.81794],[-120.31397,37.81795],[-120.31401,37.81797],[-120.31402,37.81798],[-120.31403,37.81799],[-120.31403,37.818],[-120.31404,37.81805],[-120.31404,37.81807],[-120.31405,37.81808],[-120.31406,37.81809],[-120.3141,37.81814],[-120.31411,37.81815],[-120.31412,37.81817],[-120.31412,37.81818],[-120.31413,37.81822],[-120.31413,37.81823],[-120.31416,37.81827],[-120.31416,37.81828],[-120.31417,37.81829],[-120.31416,37.81835],[-120.31416,37.81837],[-120.31416,37.81838],[-120.31417,37.8184],[-120.31418,37.81841],[-120.31418,37.81841],[-120.31419,37.81841],[-120.3142,37.81841],[-120.31422,37.81841],[-120.31422,37.81841],[-120.31423,37.8184],[-120.31425,37.81837],[-120.31426,37.81835],[-120.31426,37.81833],[-120.31426,37.81826],[-120.31426,37.81824],[-120.31427,37.81823],[-120.31428,37.81823],[-120.31429,37.81822],[-120.3143,37.81822],[-120.31432,37.81823],[-120.31436,37.81824],[-120.31444,37.81826],[-120.3145,37.81828],[-120.31452,37.81829],[-120.31454,37.8183],[-120.31455,37.81832],[-120.31456,37.81833],[-120.31457,37.81835],[-120.31456,37.81837],[-120.31456,37.81837],[-120.31454,37.81839],[-120.31454,37.81839],[-120.31453,37.8184],[-120.31454,37.81841],[-120.31455,37.81842],[-120.31457,37.81844],[-120.31459,37.81846],[-120.3146,37.81846],[-120.31461,37.81846],[-120.31467,37.81845],[-120.31468,37.81845],[-120.3147,37.81846],[-120.31471,37.81847],[-120.31473,37.81848],[-120.31475,37.8185],[-120.31476,37.81851],[-120.31476,37.81852],[-120.31476,37.81853],[-120.31476,37.81855],[-120.31476,37.81858],[-120.31474,37.81864],[-120.31474,37.81866],[-120.31474,37.81867],[-120.31474,37.81868],[-120.31475,37.81868],[-120.31475,37.81869],[-120.31477,37.81869],[-120.31478,37.81869],[-120.31478,37.81868],[-120.31477,37.81867],[-120.31476,37.81866],[-120.31476,37.81865],[-120.31477,37.81864],[-120.31479,37.81863],[-120.3148,37.81863],[-120.31481,37.81863],[-120.31481,37.81863],[-120.31483,37.81863],[-120.31484,37.81863],[-120.31484,37.81863],[-120.31485,37.81864],[-120.31487,37.81865],[-120.31488,37.81866],[-120.31491,37.8187],[-120.31492,37.81872],[-120.31494,37.81873],[-120.31495,37.81873],[-120.31497,37.81873],[-120.315,37.81872],[-120.31501,37.81871],[-120.31502,37.81871],[-120.31503,37.81872],[-120.31506,37.81873],[-120.31507,37.81874],[-120.31509,37.81875],[-120.3151,37.81876],[-120.31511,37.81878],[-120.31512,37.8188],[-120.31512,37.81883],[-120.31512,37.81885],[-120.31511,37.81889],[-120.31511,37.81891],[-120.31512,37.81891],[-120.31512,37.81892],[-120.31513,37.81893],[-120.31514,37.81893],[-120.31515,37.81894],[-120.31517,37.81893],[-120.31521,37.81892],[-120.31522,37.81892],[-120.31523,37.81892],[-120.31524,37.81893],[-120.31525,37.81894],[-120.31526,37.81895],[-120.31527,37.81896],[-120.31527,37.81898],[-120.31527,37.81899],[-120.31527,37.81901],[-120.31527,37.81902],[-120.31527,37.81902],[-120.31525,37.81903],[-120.31524,37.81904],[-120.31524,37.81905],[-120.31525,37.81907],[-120.31525,37.81908],[-120.31526,37.81909],[-120.31527,37.81909],[-120.31528,37.81909],[-120.3153,37.8191],[-120.31536,37.8191],[-120.31538,37.8191],[-120.31545,37.81912],[-120.3155,37.81914],[-120.31554,37.81916],[-120.31557,37.81918],[-120.3156,37.81921],[-120.31561,37.81922],[-120.31562,37.81923],[-120.31564,37.81923],[-120.31569,37.81924],[-120.31572,37.81925],[-120.31576,37.81927],[-120.31577,37.81928],[-120.31579,37.81929],[-120.3158,37.81931],[-120.31582,37.81935],[-120.31583,37.81936],[-120.31585,37.81937],[-120.31587,37.81937],[-120.31589,37.81938],[-120.31594,37.81937],[-120.31597,37.81938],[-120.31599,37.81938],[-120.316,37.81939],[-120.31602,37.8194],[-120.31604,37.81942],[-120.31605,37.81944],[-120.31607,37.81946],[-120.31607,37.81947],[-120.31608,37.81951],[-120.31608,37.81952],[-120.31609,37.81952],[-120.31611,37.81953],[-120.31612,37.81952],[-120.31617,37.81951],[-120.31619,37.81951],[-120.3162,37.81951],[-120.31622,37.81951],[-120.31625,37.81952],[-120.31628,37.81954],[-120.31631,37.81956],[-120.31632,37.81957],[-120.31633,37.81959],[-120.31634,37.8196],[-120.31634,37.81964],[-120.31634,37.81965],[-120.31634,37.81965],[-120.31635,37.81966],[-120.31636,37.81966],[-120.31638,37.81966],[-120.31645,37.81965],[-120.31647,37.81965],[-120.31648,37.81966],[-120.31649,37.81966],[-120.3165,37.81967],[-120.31654,37.81973],[-120.31655,37.81974],[-120.31656,37.81975],[-120.31658,37.81976],[-120.3166,37.81977],[-120.31663,37.81977],[-120.3167,37.81977],[-120.31674,37.81978],[-120.31678,37.81979],[-120.31685,37.81983],[-120.31689,37.81984],[-120.31695,37.81986],[-120.31699,37.81988],[-120.31703,37.81988],[-120.31706,37.81989],[-120.31709,37.81989],[-120.31713,37.81989]]]},"properties":{"src":"usmin","kind":"Tailings - Undifferentiated","name":"","topo":"Moccasin 1973","url":"https://mrdata.usgs.gov/usmin/show-usmin.php?type=polygon&id=13862"}},{"type":"Feature","geometry":{"type":"Polygon","coordinates":[[[-120.37373,37.97096],[-120.37377,37.97091],[-120.37389,37.97091],[-120.37395,37.97095],[-120.37406,37.97095],[-120.37409,37.97098],[-120.37411,37.97101],[-120.37423,37.97103],[-120.37424,37.97105],[-120.37426,37.97114],[-120.37426,37.97127],[-120.37423,37.97138],[-120.37416,37.9714],[-120.37411,37.97145],[-120.37408,37.97146],[-120.37403,37.97155],[-120.37396,37.97156],[-120.37392,37.97157],[-120.37384,37.97156],[-120.37373,37.9715],[-120.37366,37.97137],[-120.37359,37.9712],[-120.37355,37.9711],[-120.37359,37.97101],[-120.37369,37.971],[-120.37373,37.97096]]]},"properties":{"src":"usmin","kind":"Tailings - Undifferentiated","name":"","topo":"Standard 1948","url":"https://mrdata.usgs.gov/usmin/show-usmin.php?type=polygon&id=13863"}},{"type":"Feature","geometry":{"type":"Polygon","coordinates":[[[-120.45822,37.89463],[-120.45822,37.89453],[-120.45825,37.89449],[-120.45843,37.89443],[-120.45864,37.89441],[-120.45881,37.89438],[-120.45886,37.89438],[-120.45889,37.89443],[-120.45894,37.89447],[-120.45897,37.89453],[-120.45901,37.89455],[-120.45909,37.89455],[-120.45916,37.89456],[-120.45918,37.89459],[-120.45919,37.89465],[-120.45914,37.89471],[-120.45906,37.89483],[-120.45892,37.89496],[-120.45872,37.89508],[-120.45853,37.89516],[-120.45847,37.89518],[-120.45842,37.89517],[-120.45836,37.89514],[-120.45828,37.89511],[-120.45826,37.89506],[-120.45827,37.89503],[-120.4583,37.89498],[-120.4583,37.89494],[-120.45827,37.89491],[-120.45821,37.89489],[-120.45814,37.89484],[-120.45813,37.8948],[-120.45815,37.89474],[-120.45819,37.89467],[-120.45822,37.89463]]]},"properties":{"src":"usmin","kind":"Tailings - Undifferentiated","name":"","topo":"Sonora 1948","url":"https://mrdata.usgs.gov/usmin/show-usmin.php?type=polygon&id=13864"}},{"type":"Feature","geometry":{"type":"Polygon","coordinates":[[[-120.35556,37.83826],[-120.35547,37.83822],[-120.35545,37.83823],[-120.35541,37.83826],[-120.35536,37.83827],[-120.3549,37.838],[-120.35472,37.83785],[-120.35436,37.83751],[-120.3543,37.83739],[-120.3542,37.83725],[-120.35406,37.83714],[-120.35379,37.83699],[-120.35361,37.83677],[-120.35335,37.83666],[-120.35314,37.83645],[-120.35289,37.83637],[-120.35265,37.83616],[-120.35243,37.83607],[-120.35219,37.83602],[-120.35169,37.83578],[-120.35136,37.83566],[-120.35093,37.83557],[-120.35061,37.83558],[-120.35031,37.83559],[-120.35004,37.83557],[-120.34997,37.83554],[-120.34995,37.83547],[-120.34996,37.83541],[-120.35,37.83535],[-120.35009,37.83528],[-120.35034,37.83513],[-120.35054,37.83506],[-120.35105,37.83505],[-120.35149,37.83513],[-120.35205,37.8353],[-120.35287,37.83556],[-120.35328,37.83577],[-120.35381,37.83616],[-120.35422,37.83654],[-120.35477,37.8371],[-120.35516,37.83757],[-120.35546,37.83801],[-120.35574,37.83826],[-120.35582,37.83841],[-120.35581,37.83847],[-120.35571,37.83847],[-120.35562,37.83839],[-120.35556,37.83826]]]},"properties":{"src":"usmin","kind":"Tailings - Undifferentiated","name":"","topo":"Moccasin 1948","url":"https://mrdata.usgs.gov/usmin/show-usmin.php?type=polygon&id=13865"}},{"type":"Feature","geometry":{"type":"Polygon","coordinates":[[[-120.23992,37.97488],[-120.23996,37.97488],[-120.24003,37.97488],[-120.24013,37.9749],[-120.24014,37.97491],[-120.2402,37.97497],[-120.24053,37.97511],[-120.24087,37.9753],[-120.24089,37.97532],[-120.24097,37.97548],[-120.241,37.97554],[-120.24102,37.97563],[-120.24114,37.97574],[-120.24122,37.97587],[-120.24115,37.97592],[-120.24107,37.97592],[-120.24095,37.97588],[-120.24078,37.97579],[-120.24069,37.97567],[-120.24068,37.97565],[-120.24067,37.97558],[-120.24049,37.97547],[-120.24045,37.97546],[-120.24016,37.97537],[-120.24,37.97534],[-120.23996,37.97526],[-120.23991,37.97491],[-120.23992,37.97488]]]},"properties":{"src":"usmin","kind":"Tailings - Undifferentiated","name":"","topo":"Tuolumne 1948","url":"https://mrdata.usgs.gov/usmin/show-usmin.php?type=polygon&id=13866"}},{"type":"Feature","geometry":{"type":"Polygon","coordinates":[[[-120.37152,37.8449],[-120.37097,37.84476],[-120.37058,37.84464],[-120.37014,37.84455],[-120.36984,37.84451],[-120.36916,37.84434],[-120.36889,37.84429],[-120.36881,37.8442],[-120.36882,37.84415],[-120.36882,37.84405],[-120.36876,37.844],[-120.36842,37.84389],[-120.36788,37.84375],[-120.36721,37.84364],[-120.36653,37.84351],[-120.36606,37.84335],[-120.36532,37.84311],[-120.365,37.84296],[-120.36496,37.84282],[-120.36495,37.84272],[-120.36498,37.84266],[-120.36503,37.84265],[-120.36514,37.84272],[-120.36528,37.84279],[-120.36566,37.84287],[-120.36587,37.8429],[-120.36609,37.84296],[-120.36615,37.84293],[-120.36632,37.84297],[-120.36654,37.84302],[-120.36667,37.84303],[-120.36697,37.84304],[-120.36716,37.84308],[-120.36731,37.84318],[-120.36743,37.84322],[-120.36769,37.84327],[-120.36801,37.84336],[-120.36824,37.84346],[-120.36856,37.84355],[-120.36881,37.8436],[-120.36898,37.84368],[-120.36905,37.84375],[-120.36916,37.84377],[-120.36932,37.84376],[-120.36943,37.84379],[-120.36949,37.84384],[-120.36955,37.84383],[-120.36966,37.84383],[-120.37,37.84388],[-120.37033,37.84398],[-120.37037,37.84401],[-120.3705,37.84401],[-120.37077,37.84401],[-120.37102,37.8441],[-120.37123,37.84414],[-120.37132,37.84423],[-120.37142,37.84423],[-120.37154,37.8442],[-120.37166,37.84424],[-120.37175,37.84426],[-120.37177,37.8442],[-120.37197,37.84417],[-120.37213,37.84419],[-120.37218,37.84424],[-120.37225,37.84424],[-120.37237,37.84422],[-120.3725,37.84429],[-120.37263,37.84426],[-120.37291,37.84425],[-120.37317,37.84424],[-120.37336,37.84427],[-120.37338,37.84421],[-120.37342,37.84415],[-120.37355,37.84414],[-120.37362,37.84408],[-120.37365,37.84405],[-120.37375,37.84401],[-120.37386,37.8441],[-120.37395,37.84408],[-120.37402,37.84401],[-120.37428,37.84401],[-120.37442,37.84392],[-120.37455,37.84385],[-120.37472,37.8438],[-120.37479,37.8438],[-120.37488,37.84379],[-120.37494,37.84374],[-120.37501,37.84368],[-120.37524,37.8436],[-120.37546,37.84354],[-120.37553,37.84347],[-120.37571,37.84334],[-120.37589,37.84312],[-120.376,37.84301],[-120.37603,37.84293],[-120.37608,37.84295],[-120.37611,37.84302],[-120.37613,37.84307],[-120.37617,37.84317],[-120.37618,37.84329],[-120.37624,37.84346],[-120.37631,37.8436],[-120.37638,37.84372],[-120.3764,37.84385],[-120.37637,37.84401],[-120.3763,37.8441],[-120.37622,37.84413],[-120.37618,37.84415],[-120.37606,37.84418],[-120.37604,37.84421],[-120.37603,37.84423],[-120.37603,37.84423],[-120.37592,37.84429],[-120.37578,37.84433],[-120.37556,37.84441],[-120.37508,37.84459],[-120.37484,37.84467],[-120.37456,37.84473],[-120.3743,37.84474],[-120.37416,37.8448],[-120.374,37.84484],[-120.37355,37.84485],[-120.37308,37.84483],[-120.37273,37.84488],[-120.37239,37.84492],[-120.372,37.84494],[-120.37152,37.8449]]]},"properties":{"src":"usmin","kind":"Tailings - Undifferentiated","name":"","topo":"Moccasin 1948","url":"https://mrdata.usgs.gov/usmin/show-usmin.php?type=polygon&id=13867"}},{"type":"Feature","geometry":{"type":"Polygon","coordinates":[[[-120.21779,37.95022],[-120.21785,37.9502],[-120.21798,37.95023],[-120.21801,37.95026],[-120.21808,37.95031],[-120.21808,37.95035],[-120.21808,37.95039],[-120.21806,37.95045],[-120.21803,37.95049],[-120.21801,37.95053],[-120.21792,37.95051],[-120.21786,37.95045],[-120.21779,37.95032],[-120.21776,37.95025],[-120.21779,37.95022]]]},"properties":{"src":"usmin","kind":"Tailings - Undifferentiated","name":"Providence Mine","topo":"Tuolumne 1948","url":"https://mrdata.usgs.gov/usmin/show-usmin.php?type=polygon&id=13868"}},{"type":"Feature","geometry":{"type":"Polygon","coordinates":[[[-120.36902,38.05481],[-120.36901,38.05477],[-120.36901,38.05475],[-120.36902,38.05473],[-120.36902,38.05473],[-120.36903,38.05472],[-120.36904,38.05472],[-120.36905,38.05471],[-120.36905,38.0547],[-120.36906,38.05469],[-120.36907,38.05468],[-120.36912,38.05467],[-120.36913,38.05467],[-120.36918,38.05467],[-120.3692,38.05467],[-120.36921,38.05466],[-120.36923,38.05465],[-120.36924,38.05464],[-120.36925,38.05464],[-120.36927,38.05464],[-120.36933,38.05465],[-120.36938,38.05466],[-120.3694,38.05467],[-120.36941,38.05468],[-120.36942,38.05469],[-120.36943,38.0547],[-120.36944,38.05472],[-120.36945,38.05474],[-120.36945,38.05476],[-120.36946,38.05477],[-120.36946,38.05479],[-120.36945,38.0548],[-120.36944,38.05481],[-120.36943,38.05483],[-120.36942,38.05483],[-120.3694,38.05484],[-120.36938,38.05485],[-120.36937,38.05485],[-120.36933,38.05484],[-120.36924,38.05482],[-120.36921,38.05482],[-120.36917,38.05482],[-120.36916,38.05482],[-120.36914,38.05482],[-120.3691,38.05484],[-120.36909,38.05485],[-120.36907,38.05485],[-120.36905,38.05485],[-120.36903,38.05485],[-120.36902,38.05484],[-120.36902,38.05483],[-120.36902,38.05481]]]},"properties":{"src":"usmin","kind":"Tailings - Undifferentiated","name":"","topo":"Columbia SE 1948","url":"https://mrdata.usgs.gov/usmin/show-usmin.php?type=polygon&id=13869"}},{"type":"Feature","geometry":{"type":"Polygon","coordinates":[[[-120.27598,37.97853],[-120.27597,37.97847],[-120.27584,37.97848],[-120.27577,37.97847],[-120.27571,37.97833],[-120.27581,37.97825],[-120.27587,37.9782],[-120.27591,37.97814],[-120.27581,37.97814],[-120.27565,37.97819],[-120.27548,37.97824],[-120.27541,37.97834],[-120.27531,37.97834],[-120.27512,37.97826],[-120.27493,37.97818],[-120.27486,37.9781],[-120.27486,37.97793],[-120.2749,37.97775],[-120.27496,37.9776],[-120.27514,37.97746],[-120.27545,37.97735],[-120.27554,37.97734],[-120.2756,37.97727],[-120.2757,37.9772],[-120.27579,37.9772],[-120.27587,37.97724],[-120.27593,37.97731],[-120.27604,37.97734],[-120.27609,37.9773],[-120.27611,37.97724],[-120.27612,37.97717],[-120.27624,37.97713],[-120.27659,37.97708],[-120.27669,37.97711],[-120.27666,37.9772],[-120.27656,37.97743],[-120.27651,37.97757],[-120.27639,37.97777],[-120.27629,37.97794],[-120.27618,37.97804],[-120.27613,37.97812],[-120.27608,37.97821],[-120.27608,37.97827],[-120.27612,37.97832],[-120.27621,37.97836],[-120.27622,37.97845],[-120.27624,37.97856],[-120.27621,37.97863],[-120.27618,37.97869],[-120.2761,37.97869],[-120.27601,37.97867],[-120.27598,37.97858],[-120.27598,37.97853]]]},"properties":{"src":"usmin","kind":"Tailings - Undifferentiated","name":"Black Oak Mine","topo":"Standard 1948","url":"https://mrdata.usgs.gov/usmin/show-usmin.php?type=polygon&id=13870"}},{"type":"Feature","geometry":{"type":"Polygon","coordinates":[[[-120.22285,37.98566],[-120.22288,37.98561],[-120.22302,37.98562],[-120.2231,37.98556],[-120.22321,37.98556],[-120.22319,37.98561],[-120.22322,37.98572],[-120.22329,37.98582],[-120.22336,37.98587],[-120.22339,37.98588],[-120.2234,37.98588],[-120.2234,37.98589],[-120.2234,37.98591],[-120.2234,37.98591],[-120.2234,37.98591],[-120.22335,37.98593],[-120.2233,37.98594],[-120.22323,37.98595],[-120.22316,37.98597],[-120.22312,37.98601],[-120.22306,37.98606],[-120.22294,37.98602],[-120.2229,37.98595],[-120.22287,37.98586],[-120.22285,37.98575],[-120.22285,37.98566]]]},"properties":{"src":"usmin","kind":"Tailings - Undifferentiated","name":"","topo":"Tuolumne 1948","url":"https://mrdata.usgs.gov/usmin/show-usmin.php?type=polygon&id=13871"}},{"type":"Feature","geometry":{"type":"Polygon","coordinates":[[[-120.41772,37.92359],[-120.41778,37.92358],[-120.41796,37.92363],[-120.41807,37.9237],[-120.4181,37.92378],[-120.41811,37.92384],[-120.41809,37.9239],[-120.41805,37.92394],[-120.41794,37.92398],[-120.41789,37.924],[-120.41783,37.924],[-120.4178,37.92398],[-120.41773,37.92388],[-120.41769,37.92379],[-120.41765,37.92369],[-120.41767,37.92363],[-120.41772,37.92359]]]},"properties":{"src":"usmin","kind":"Tailings - Undifferentiated","name":"","topo":"Sonora 1948","url":"https://mrdata.usgs.gov/usmin/show-usmin.php?type=polygon&id=13872"}},{"type":"Feature","geometry":{"type":"Polygon","coordinates":[[[-120.24155,37.97654],[-120.24161,37.97651],[-120.24162,37.97649],[-120.24167,37.97652],[-120.24178,37.97652],[-120.2419,37.97651],[-120.24192,37.97651],[-120.242,37.97647],[-120.24204,37.9764],[-120.24208,37.97632],[-120.24211,37.97621],[-120.24217,37.97609],[-120.24227,37.97605],[-120.24236,37.97605],[-120.24243,37.97605],[-120.24246,37.97606],[-120.24264,37.97618],[-120.2427,37.9763],[-120.24269,37.97633],[-120.24267,37.97639],[-120.24265,37.97645],[-120.24264,37.97654],[-120.24262,37.97664],[-120.24262,37.97665],[-120.24252,37.97672],[-120.2424,37.97676],[-120.24233,37.97677],[-120.24224,37.97679],[-120.24208,37.97683],[-120.24187,37.97685],[-120.24173,37.97684],[-120.24166,37.97683],[-120.24158,37.97673],[-120.24155,37.97664],[-120.24155,37.97654]]]},"properties":{"src":"usmin","kind":"Tailings - Undifferentiated","name":"","topo":"Tuolumne 2001","url":"https://mrdata.usgs.gov/usmin/show-usmin.php?type=polygon&id=13873"}},{"type":"Feature","geometry":{"type":"Polygon","coordinates":[[[-120.40231,37.86863],[-120.40231,37.86856],[-120.40225,37.86856],[-120.40219,37.86851],[-120.40221,37.8684],[-120.40215,37.86837],[-120.40211,37.86832],[-120.40213,37.86825],[-120.40221,37.8682],[-120.40226,37.86811],[-120.40219,37.86804],[-120.40211,37.868],[-120.40209,37.86787],[-120.40207,37.86781],[-120.40199,37.86782],[-120.40195,37.86783],[-120.40189,37.86771],[-120.40182,37.86765],[-120.40169,37.86757],[-120.40168,37.86747],[-120.40166,37.86742],[-120.40157,37.86741],[-120.40157,37.86733],[-120.40152,37.86726],[-120.40148,37.86716],[-120.40148,37.86707],[-120.4015,37.86694],[-120.40152,37.86687],[-120.4015,37.86672],[-120.40148,37.86663],[-120.40147,37.86653],[-120.40154,37.86648],[-120.40154,37.86642],[-120.40152,37.86635],[-120.40156,37.86631],[-120.40161,37.86623],[-120.40161,37.86621],[-120.40154,37.86618],[-120.40146,37.86601],[-120.40147,37.8659],[-120.40147,37.86578],[-120.40149,37.86562],[-120.40149,37.86562],[-120.40149,37.86561],[-120.40151,37.8655],[-120.4016,37.86536],[-120.40172,37.86533],[-120.40185,37.86537],[-120.40193,37.86548],[-120.40195,37.86558],[-120.40198,37.86571],[-120.40205,37.86578],[-120.40209,37.8659],[-120.40213,37.86602],[-120.40216,37.86611],[-120.40219,37.86623],[-120.40225,37.86635],[-120.40234,37.86643],[-120.40241,37.86666],[-120.40241,37.86682],[-120.40242,37.86697],[-120.40245,37.86706],[-120.40255,37.86713],[-120.40259,37.86735],[-120.40259,37.86749],[-120.40258,37.86756],[-120.40261,37.86761],[-120.40271,37.86774],[-120.4027,37.8678],[-120.40266,37.8679],[-120.40266,37.8679],[-120.40268,37.86795],[-120.40271,37.86801],[-120.40275,37.86812],[-120.40276,37.86814],[-120.40275,37.86832],[-120.40275,37.86844],[-120.40267,37.86856],[-120.40262,37.86857],[-120.40255,37.86861],[-120.40251,37.86868],[-120.40239,37.86868],[-120.40239,37.86868],[-120.40236,37.86868],[-120.40236,37.86868],[-120.40231,37.86863]]]},"properties":{"src":"usmin","kind":"Tailings - Undifferentiated","name":"","topo":"Chinese Camp 1947","url":"https://mrdata.usgs.gov/usmin/show-usmin.php?type=polygon&id=13874"}},{"type":"Feature","geometry":{"type":"Polygon","coordinates":[[[-120.24346,37.97894],[-120.24362,37.97884],[-120.24386,37.97885],[-120.24414,37.97896],[-120.24421,37.97917],[-120.2439,37.97956],[-120.24361,37.97951],[-120.24344,37.97929],[-120.24341,37.97912],[-120.24346,37.97894]]]},"properties":{"src":"usmin","kind":"Mine Dump","name":"","topo":"Tuolumne 1948","url":"https://mrdata.usgs.gov/usmin/show-usmin.php?type=polygon&id=143045"}},{"type":"Feature","geometry":{"type":"Polygon","coordinates":[[[-120.37536,37.98991],[-120.37538,37.98971],[-120.37562,37.98974],[-120.37581,37.98982],[-120.37597,37.98998],[-120.37567,37.99017],[-120.37536,37.98991]]]},"properties":{"src":"usmin","kind":"Mine Dump","name":"","topo":"Sonora 1948","url":"https://mrdata.usgs.gov/usmin/show-usmin.php?type=polygon&id=143247"}},{"type":"Feature","geometry":{"type":"Polygon","coordinates":[[[-120.26411,37.98187],[-120.2644,37.98184],[-120.26446,37.98211],[-120.26434,37.98225],[-120.26404,37.98219],[-120.26411,37.98187]]]},"properties":{"src":"usmin","kind":"Mine Dump","name":"","topo":"Sonora 1948","url":"https://mrdata.usgs.gov/usmin/show-usmin.php?type=polygon&id=143277"}},{"type":"Feature","geometry":{"type":"Polygon","coordinates":[[[-120.26539,37.98285],[-120.26568,37.98283],[-120.26562,37.98307],[-120.26555,37.98329],[-120.26518,37.98317],[-120.26539,37.98285]]]},"properties":{"src":"usmin","kind":"Mine Dump","name":"","topo":"Sonora 1948","url":"https://mrdata.usgs.gov/usmin/show-usmin.php?type=polygon&id=143345"}},{"type":"Feature","geometry":{"type":"Polygon","coordinates":[[[-120.27568,37.97746],[-120.27606,37.9774],[-120.27652,37.97762],[-120.27647,37.97804],[-120.27533,37.97843],[-120.27501,37.97828],[-120.27502,37.97798],[-120.27516,37.97775],[-120.27568,37.97746]]]},"properties":{"src":"usmin","kind":"Mine Dump","name":"","topo":"Sonora 1948","url":"https://mrdata.usgs.gov/usmin/show-usmin.php?type=polygon&id=144977"}},{"type":"Feature","geometry":{"type":"Polygon","coordinates":[[[-120.26159,37.99017],[-120.262,37.99012],[-120.26214,37.99041],[-120.26189,37.99054],[-120.2616,37.9905],[-120.26159,37.99017]]]},"properties":{"src":"usmin","kind":"Mine Dump","name":"","topo":"Sonora 1948","url":"https://mrdata.usgs.gov/usmin/show-usmin.php?type=polygon&id=144979"}},{"type":"Feature","geometry":{"type":"Polygon","coordinates":[[[-120.2432,37.97548],[-120.24339,37.97543],[-120.24358,37.97545],[-120.24367,37.97623],[-120.24329,37.97611],[-120.24313,37.97596],[-120.24308,37.97575],[-120.2432,37.97548]]]},"properties":{"src":"usmin","kind":"Mine Dump","name":"","topo":"Tuolumne 1948","url":"https://mrdata.usgs.gov/usmin/show-usmin.php?type=polygon&id=144980"}},{"type":"Feature","geometry":{"type":"Polygon","coordinates":[[[-120.26549,37.98115],[-120.26586,37.98109],[-120.26585,37.98136],[-120.26579,37.98151],[-120.26544,37.98142],[-120.26549,37.98115]]]},"properties":{"src":"usmin","kind":"Mine Dump","name":"","topo":"Sonora 1948","url":"https://mrdata.usgs.gov/usmin/show-usmin.php?type=polygon&id=144985"}},{"type":"Feature","geometry":{"type":"Polygon","coordinates":[[[-120.40527,37.83609],[-120.40542,37.83606],[-120.40561,37.83611],[-120.40565,37.83628],[-120.40563,37.83654],[-120.40556,37.83678],[-120.40543,37.83719],[-120.4054,37.83756],[-120.40547,37.83787],[-120.40567,37.83834],[-120.40574,37.83866],[-120.40581,37.83914],[-120.40593,37.83951],[-120.4061,37.8398],[-120.40645,37.8402],[-120.40689,37.84065],[-120.40745,37.84128],[-120.40802,37.84179],[-120.40766,37.84203],[-120.40695,37.84135],[-120.40635,37.84065],[-120.40585,37.84011],[-120.40546,37.83957],[-120.40534,37.83927],[-120.40531,37.83883],[-120.40519,37.83848],[-120.40501,37.83803],[-120.40488,37.83765],[-120.40489,37.83714],[-120.40503,37.83681],[-120.40514,37.83619],[-120.40527,37.83609]]]},"properties":{"src":"usmin","kind":"Tailings - Undifferentiated","name":"","topo":"Sonora 1948","url":"https://mrdata.usgs.gov/usmin/show-usmin.php?type=polygon&id=146348"}},{"type":"Feature","geometry":{"type":"Polygon","coordinates":[[[-120.49067,37.80702],[-120.49088,37.80699],[-120.49118,37.80712],[-120.49169,37.80747],[-120.49195,37.80776],[-120.4917,37.8079],[-120.49141,37.80766],[-120.49107,37.80749],[-120.49065,37.80732],[-120.49059,37.80712],[-120.49067,37.80702]]]},"properties":{"src":"usmin","kind":"Tailings - Undifferentiated","name":"","topo":"Sonora 1948","url":"https://mrdata.usgs.gov/usmin/show-usmin.php?type=polygon&id=146349"}},{"type":"Feature","geometry":{"type":"Polygon","coordinates":[[[-120.4402,37.83528],[-120.43974,37.83525],[-120.4389,37.8355],[-120.43837,37.83568],[-120.43778,37.83555],[-120.43666,37.83525],[-120.43616,37.83501],[-120.43574,37.83462],[-120.43527,37.83447],[-120.43456,37.83432],[-120.43363,37.83409],[-120.43287,37.8336],[-120.4322,37.83322],[-120.43118,37.83265],[-120.43074,37.83248],[-120.43042,37.83237],[-120.43036,37.83231],[-120.43043,37.83216],[-120.43105,37.83217],[-120.43189,37.83257],[-120.43264,37.8329],[-120.43316,37.83303],[-120.43425,37.83332],[-120.43504,37.83372],[-120.43566,37.83419],[-120.43627,37.83432],[-120.43709,37.83454],[-120.43791,37.83469],[-120.43869,37.83473],[-120.43984,37.83466],[-120.44081,37.83472],[-120.44147,37.83486],[-120.44252,37.83515],[-120.44356,37.83556],[-120.44422,37.8359],[-120.44486,37.83606],[-120.4458,37.83616],[-120.4464,37.83629],[-120.44675,37.83673],[-120.44703,37.8375],[-120.44732,37.83846],[-120.44742,37.83876],[-120.44756,37.83895],[-120.44793,37.83921],[-120.44819,37.83937],[-120.44866,37.83964],[-120.44924,37.83998],[-120.44976,37.84035],[-120.4501,37.84071],[-120.4504,37.84125],[-120.45076,37.8417],[-120.45119,37.84222],[-120.45146,37.84268],[-120.45155,37.84322],[-120.45181,37.84365],[-120.45214,37.84399],[-120.45256,37.84437],[-120.45292,37.84468],[-120.4533,37.84504],[-120.45348,37.84557],[-120.45362,37.84618],[-120.45369,37.84676],[-120.45359,37.84716],[-120.4535,37.84735],[-120.45309,37.84741],[-120.45294,37.84769],[-120.4526,37.84783],[-120.45256,37.84811],[-120.45266,37.84891],[-120.45258,37.84929],[-120.45239,37.8493],[-120.45228,37.84922],[-120.45225,37.84903],[-120.45217,37.84857],[-120.45212,37.84785],[-120.4521,37.84712],[-120.45212,37.8459],[-120.45173,37.84482],[-120.45126,37.84383],[-120.45073,37.84302],[-120.45027,37.84261],[-120.44966,37.84173],[-120.44921,37.84115],[-120.44875,37.84078],[-120.44831,37.84046],[-120.44777,37.84012],[-120.44734,37.83992],[-120.44691,37.8394],[-120.44673,37.83905],[-120.4464,37.83834],[-120.44608,37.83778],[-120.4459,37.8374],[-120.4455,37.83721],[-120.44482,37.83694],[-120.44372,37.83651],[-120.44251,37.83614],[-120.44165,37.8358],[-120.4409,37.83548],[-120.4402,37.83528]]]},"properties":{"src":"usmin","kind":"Tailings - Undifferentiated","name":"","topo":"Sonora 1948","url":"https://mrdata.usgs.gov/usmin/show-usmin.php?type=polygon&id=146352"}},{"type":"Feature","geometry":{"type":"Polygon","coordinates":[[[-120.38695,37.85323],[-120.38712,37.8532],[-120.38734,37.85328],[-120.38778,37.85343],[-120.38858,37.8536],[-120.38935,37.8539],[-120.39002,37.85423],[-120.39044,37.85453],[-120.39094,37.85504],[-120.3915,37.85564],[-120.39207,37.85618],[-120.39266,37.85653],[-120.39352,37.85675],[-120.3946,37.85699],[-120.39529,37.85723],[-120.39521,37.85742],[-120.39491,37.85742],[-120.39417,37.85724],[-120.39336,37.85706],[-120.39248,37.85684],[-120.39203,37.85656],[-120.39145,37.85616],[-120.39098,37.85567],[-120.3905,37.85511],[-120.38992,37.85465],[-120.38943,37.85431],[-120.38874,37.85409],[-120.38802,37.85384],[-120.38725,37.85363],[-120.3869,37.85339],[-120.38687,37.8533],[-120.38695,37.85323]]]},"properties":{"src":"usmin","kind":"Tailings - Undifferentiated","name":"","topo":"Sonora 1948","url":"https://mrdata.usgs.gov/usmin/show-usmin.php?type=polygon&id=146354"}},{"type":"Feature","geometry":{"type":"Polygon","coordinates":[[[-120.27877,37.78949],[-120.27892,37.78942],[-120.27913,37.78957],[-120.27929,37.78975],[-120.27962,37.79011],[-120.28003,37.79045],[-120.28056,37.79093],[-120.28097,37.79139],[-120.28139,37.79192],[-120.28183,37.79248],[-120.28222,37.79274],[-120.28271,37.79294],[-120.28325,37.79323],[-120.28365,37.7935],[-120.28405,37.79387],[-120.28425,37.79412],[-120.28439,37.79457],[-120.28453,37.79522],[-120.28465,37.7957],[-120.28476,37.79637],[-120.28471,37.79652],[-120.28456,37.79651],[-120.28448,37.79644],[-120.2843,37.79604],[-120.28422,37.79574],[-120.28405,37.79514],[-120.28396,37.79431],[-120.2836,37.79389],[-120.28308,37.79351],[-120.28254,37.79325],[-120.28202,37.79299],[-120.28158,37.79272],[-120.28116,37.79228],[-120.28082,37.79184],[-120.28047,37.79141],[-120.27999,37.79098],[-120.27949,37.79048],[-120.27904,37.79003],[-120.27892,37.78979],[-120.27877,37.78949]]]},"properties":{"src":"usmin","kind":"Tailings - Undifferentiated","name":"","topo":"Sonora 1948","url":"https://mrdata.usgs.gov/usmin/show-usmin.php?type=polygon&id=146357"}},{"type":"Feature","geometry":{"type":"Polygon","coordinates":[[[-120.26422,37.77936],[-120.26497,37.77926],[-120.26559,37.77928],[-120.26563,37.77944],[-120.26556,37.77953],[-120.26518,37.77956],[-120.26425,37.77967],[-120.26413,37.77946],[-120.26422,37.77936]]]},"properties":{"src":"usmin","kind":"Tailings - Undifferentiated","name":"","topo":"Sonora 1948","url":"https://mrdata.usgs.gov/usmin/show-usmin.php?type=polygon&id=146358"}},{"type":"Feature","geometry":{"type":"Polygon","coordinates":[[[-120.11748,37.8295],[-120.11784,37.82882],[-120.11818,37.82868],[-120.11865,37.82868],[-120.11882,37.8288],[-120.11895,37.82901],[-120.11914,37.82891],[-120.11937,37.82883],[-120.11962,37.82909],[-120.1197,37.82955],[-120.11959,37.8298],[-120.11945,37.83019],[-120.11923,37.83075],[-120.11884,37.83116],[-120.11849,37.83143],[-120.11805,37.83181],[-120.11723,37.83212],[-120.11666,37.8325],[-120.11626,37.83245],[-120.11599,37.83228],[-120.11575,37.83197],[-120.1162,37.83137],[-120.11661,37.83098],[-120.11702,37.83024],[-120.11748,37.8295]]]},"properties":{"src":"usmin","kind":"Tailings - Undifferentiated","name":"","topo":"Tuolumne 1948","url":"https://mrdata.usgs.gov/usmin/show-usmin.php?type=polygon&id=146360"}},{"type":"Feature","geometry":{"type":"Polygon","coordinates":[[[-120.40751,37.84075],[-120.40772,37.84072],[-120.40808,37.84078],[-120.40842,37.84098],[-120.40862,37.84123],[-120.40838,37.84137],[-120.40807,37.84126],[-120.40788,37.84112],[-120.40749,37.84104],[-120.40745,37.84087],[-120.40751,37.84075]]]},"properties":{"src":"usmin","kind":"Tailings - Undifferentiated","name":"","topo":"Sonora 1948","url":"https://mrdata.usgs.gov/usmin/show-usmin.php?type=polygon&id=146369"}},{"type":"Feature","geometry":{"type":"Polygon","coordinates":[[[-120.40322,37.86878],[-120.40296,37.86845],[-120.40278,37.86857],[-120.40244,37.86859],[-120.40217,37.86829],[-120.40175,37.86792],[-120.40149,37.86726],[-120.40147,37.86672],[-120.40151,37.86617],[-120.40156,37.86559],[-120.40177,37.8654],[-120.40203,37.86528],[-120.40208,37.86492],[-120.40226,37.86481],[-120.40243,37.86496],[-120.40262,37.86536],[-120.40289,37.86589],[-120.40308,37.86636],[-120.40332,37.8673],[-120.40353,37.86806],[-120.40382,37.86866],[-120.40417,37.86886],[-120.40447,37.86905],[-120.40507,37.86961],[-120.40567,37.86992],[-120.40644,37.87014],[-120.40727,37.8703],[-120.40837,37.87031],[-120.40875,37.87039],[-120.4086,37.87063],[-120.40806,37.87079],[-120.40716,37.87094],[-120.40626,37.87092],[-120.40549,37.87081],[-120.40461,37.87044],[-120.40394,37.86994],[-120.40349,37.86945],[-120.40322,37.86878]]]},"properties":{"src":"usmin","kind":"Tailings - Undifferentiated","name":"","topo":"Sonora 1948","url":"https://mrdata.usgs.gov/usmin/show-usmin.php?type=polygon&id=146371"}},{"type":"Feature","geometry":{"type":"Polygon","coordinates":[[[-120.4176,37.91307],[-120.41783,37.91302],[-120.41793,37.91315],[-120.41798,37.91343],[-120.418,37.91357],[-120.41775,37.91387],[-120.41736,37.91421],[-120.41678,37.91439],[-120.41632,37.91406],[-120.41661,37.91369],[-120.41708,37.91333],[-120.4176,37.91307]]]},"properties":{"src":"usmin","kind":"Tailings - Undifferentiated","name":"","topo":"Sonora 1948","url":"https://mrdata.usgs.gov/usmin/show-usmin.php?type=polygon&id=146372"}},{"type":"Feature","geometry":{"type":"Polygon","coordinates":[[[-120.44446,37.89875],[-120.44489,37.89847],[-120.4453,37.89851],[-120.44557,37.89877],[-120.44612,37.89897],[-120.447,37.89926],[-120.44765,37.89986],[-120.44808,37.90037],[-120.44858,37.90125],[-120.44881,37.90195],[-120.44846,37.90238],[-120.4479,37.90256],[-120.4477,37.90311],[-120.44757,37.90386],[-120.44766,37.90431],[-120.44797,37.90498],[-120.44848,37.90549],[-120.44933,37.9061],[-120.44983,37.90662],[-120.45022,37.90714],[-120.4504,37.90778],[-120.45048,37.90868],[-120.45047,37.90972],[-120.45026,37.91052],[-120.44983,37.9113],[-120.45003,37.91187],[-120.45005,37.91219],[-120.44997,37.91278],[-120.44964,37.91315],[-120.44913,37.91333],[-120.44847,37.9135],[-120.44779,37.91329],[-120.44728,37.91282],[-120.44701,37.91229],[-120.44714,37.91189],[-120.4475,37.91107],[-120.44802,37.91067],[-120.44877,37.91066],[-120.44921,37.91066],[-120.44948,37.9101],[-120.4495,37.90933],[-120.44933,37.90875],[-120.44897,37.90797],[-120.44904,37.90784],[-120.44922,37.90772],[-120.4492,37.90754],[-120.44898,37.90717],[-120.44865,37.90687],[-120.44816,37.9063],[-120.44752,37.90578],[-120.447,37.90513],[-120.44676,37.90447],[-120.44667,37.90385],[-120.44668,37.90304],[-120.44652,37.90224],[-120.4461,37.90199],[-120.44571,37.90165],[-120.44524,37.90127],[-120.44474,37.90085],[-120.44446,37.90042],[-120.44436,37.89997],[-120.44421,37.89955],[-120.4444,37.89914],[-120.44446,37.89875]]]},"properties":{"src":"usmin","kind":"Tailings - Undifferentiated","name":"","topo":"Sonora 1948","url":"https://mrdata.usgs.gov/usmin/show-usmin.php?type=polygon&id=146373"}},{"type":"Feature","geometry":{"type":"Polygon","coordinates":[[[-120.31782,37.82028],[-120.31724,37.82017],[-120.31664,37.82018],[-120.31583,37.82008],[-120.31504,37.8198],[-120.31454,37.81944],[-120.31412,37.81902],[-120.31375,37.8185],[-120.31326,37.81796],[-120.31289,37.81754],[-120.31255,37.81724],[-120.31221,37.81714],[-120.31183,37.81689],[-120.31137,37.81658],[-120.31098,37.81632],[-120.31062,37.8161],[-120.31026,37.81571],[-120.30989,37.81535],[-120.30949,37.81511],[-120.30951,37.81497],[-120.3096,37.81492],[-120.3099,37.81505],[-120.31016,37.81517],[-120.31046,37.81544],[-120.31084,37.81576],[-120.31102,37.81572],[-120.31139,37.81584],[-120.31167,37.81599],[-120.31241,37.8164],[-120.31304,37.81674],[-120.31345,37.81708],[-120.31379,37.81754],[-120.31421,37.81803],[-120.31461,37.81849],[-120.31503,37.819],[-120.31551,37.8193],[-120.31612,37.81953],[-120.317,37.81977],[-120.31795,37.81991],[-120.31868,37.82015],[-120.31913,37.82038],[-120.31965,37.8207],[-120.32036,37.82097],[-120.32079,37.8213],[-120.321,37.82165],[-120.32156,37.82227],[-120.3219,37.8226],[-120.32242,37.82304],[-120.32277,37.82322],[-120.32335,37.82337],[-120.32376,37.8235],[-120.32424,37.82378],[-120.32471,37.82403],[-120.32506,37.82425],[-120.32556,37.8243],[-120.3259,37.82437],[-120.3264,37.82457],[-120.3268,37.82482],[-120.32729,37.82509],[-120.32775,37.8253],[-120.32793,37.82545],[-120.32821,37.82581],[-120.32852,37.82614],[-120.32884,37.82635],[-120.32917,37.82653],[-120.32944,37.8267],[-120.32963,37.82698],[-120.32985,37.82735],[-120.32996,37.82774],[-120.32989,37.82802],[-120.3298,37.82816],[-120.32992,37.8285],[-120.33003,37.8289],[-120.33036,37.82915],[-120.3306,37.82942],[-120.33082,37.82958],[-120.33109,37.82979],[-120.33137,37.83016],[-120.33175,37.8305],[-120.3322,37.83092],[-120.33267,37.83156],[-120.33325,37.83212],[-120.33369,37.83264],[-120.334,37.83307],[-120.33438,37.83362],[-120.33473,37.834],[-120.33517,37.83436],[-120.33549,37.83444],[-120.33575,37.83447],[-120.33613,37.83481],[-120.33647,37.83518],[-120.33679,37.83551],[-120.33686,37.83586],[-120.33692,37.83651],[-120.33676,37.83657],[-120.33665,37.83658],[-120.33651,37.83653],[-120.33629,37.83632],[-120.33585,37.83598],[-120.33539,37.83551],[-120.33503,37.83498],[-120.33472,37.83442],[-120.33416,37.834],[-120.33386,37.83385],[-120.33342,37.83363],[-120.33297,37.83312],[-120.33254,37.83263],[-120.33213,37.83213],[-120.33185,37.83165],[-120.33135,37.83116],[-120.33091,37.83064],[-120.33029,37.83002],[-120.3299,37.82957],[-120.32964,37.82926],[-120.32965,37.82892],[-120.32957,37.82846],[-120.32928,37.82805],[-120.32896,37.82749],[-120.32879,37.8271],[-120.32839,37.82696],[-120.32804,37.82686],[-120.32765,37.8265],[-120.32725,37.82606],[-120.32677,37.82573],[-120.32656,37.82539],[-120.32627,37.82523],[-120.32582,37.82509],[-120.32529,37.82504],[-120.32466,37.82471],[-120.32419,37.82441],[-120.32381,37.82416],[-120.32328,37.82406],[-120.32265,37.82391],[-120.32228,37.82368],[-120.32188,37.82341],[-120.32136,37.82303],[-120.32093,37.82267],[-120.32062,37.82221],[-120.32036,37.8218],[-120.32007,37.82158],[-120.3197,37.82122],[-120.31934,37.82095],[-120.31887,37.82065],[-120.3184,37.82044],[-120.31782,37.82028]]]},"properties":{"src":"usmin","kind":"Tailings - Undifferentiated","name":"","topo":"Sonora 1948","url":"https://mrdata.usgs.gov/usmin/show-usmin.php?type=polygon&id=146374"}},{"type":"Feature","geometry":{"type":"Polygon","coordinates":[[[-120.35994,37.94754],[-120.36065,37.94713],[-120.36093,37.9473],[-120.36126,37.94742],[-120.36147,37.94768],[-120.36154,37.94783],[-120.36137,37.94795],[-120.36112,37.94812],[-120.3609,37.94829],[-120.36045,37.94866],[-120.36005,37.94915],[-120.35981,37.94941],[-120.35962,37.94979],[-120.35923,37.95007],[-120.35881,37.9506],[-120.35823,37.95104],[-120.35798,37.95096],[-120.3577,37.95069],[-120.35753,37.95053],[-120.35746,37.9502],[-120.35766,37.94994],[-120.35815,37.94953],[-120.35867,37.94879],[-120.35922,37.94815],[-120.35994,37.94754]]]},"properties":{"src":"usmin","kind":"Tailings - Undifferentiated","name":"","topo":"Sonora 1948","url":"https://mrdata.usgs.gov/usmin/show-usmin.php?type=polygon&id=146376"}},{"type":"Feature","geometry":{"type":"Polygon","coordinates":[[[-120.3483,37.8344],[-120.34906,37.83428],[-120.34971,37.83438],[-120.35024,37.83452],[-120.35033,37.83464],[-120.35018,37.83479],[-120.34964,37.83503],[-120.34858,37.83563],[-120.34759,37.83607],[-120.34646,37.83661],[-120.3456,37.83705],[-120.34532,37.8369],[-120.34529,37.83673],[-120.34535,37.83657],[-120.34557,37.83629],[-120.34596,37.836],[-120.34642,37.83556],[-120.34701,37.83509],[-120.34768,37.83461],[-120.3483,37.8344]]]},"properties":{"src":"usmin","kind":"Tailings - Undifferentiated","name":"","topo":"Sonora 1948","url":"https://mrdata.usgs.gov/usmin/show-usmin.php?type=polygon&id=146378"}},{"type":"Feature","geometry":{"type":"Polygon","coordinates":[[[-120.34411,37.83735],[-120.34493,37.83714],[-120.34537,37.83723],[-120.34539,37.8374],[-120.3453,37.83755],[-120.34518,37.83766],[-120.34463,37.83788],[-120.34401,37.83802],[-120.34328,37.83814],[-120.34268,37.83821],[-120.34246,37.83815],[-120.34243,37.83803],[-120.34279,37.83786],[-120.34328,37.83769],[-120.34411,37.83735]]]},"properties":{"src":"usmin","kind":"Tailings - Undifferentiated","name":"","topo":"Sonora 1948","url":"https://mrdata.usgs.gov/usmin/show-usmin.php?type=polygon&id=146384"}},{"type":"Feature","geometry":{"type":"Point","coordinates":[-119.31218,37.88144]},"properties":{"src":"usmin","kind":"Borrow Pit","name":"","topo":"Tioga Pass 1990","url":"https://mrdata.usgs.gov/usmin/show-usmin.php?type=point&id=50514"}},{"type":"Feature","geometry":{"type":"Point","coordinates":[-119.21636,37.85431]},"properties":{"src":"usmin","kind":"Mine Shaft","name":"","topo":"Koip Peak 1988","url":"https://mrdata.usgs.gov/usmin/show-usmin.php?type=point&id=58791"}},{"type":"Feature","geometry":{"type":"Point","coordinates":[-119.21783,37.84708]},"properties":{"src":"usmin","kind":"Mine Shaft","name":"","topo":"Koip Peak 1988","url":"https://mrdata.usgs.gov/usmin/show-usmin.php?type=point&id=58795"}},{"type":"Feature","geometry":{"type":"Point","coordinates":[-119.21225,37.85522]},"properties":{"src":"usmin","kind":"Mine Shaft","name":"","topo":"Koip Peak 1988","url":"https://mrdata.usgs.gov/usmin/show-usmin.php?type=point&id=58828"}},{"type":"Feature","geometry":{"type":"Point","coordinates":[-119.2152,37.85215]},"properties":{"src":"usmin","kind":"Mine Shaft","name":"","topo":"Koip Peak 1988","url":"https://mrdata.usgs.gov/usmin/show-usmin.php?type=point&id=58884"}},{"type":"Feature","geometry":{"type":"Point","coordinates":[-119.21555,37.8523]},"properties":{"src":"usmin","kind":"Mine Shaft","name":"","topo":"Koip Peak 1988","url":"https://mrdata.usgs.gov/usmin/show-usmin.php?type=point&id=58900"}},{"type":"Feature","geometry":{"type":"Point","coordinates":[-119.21288,37.84837]},"properties":{"src":"usmin","kind":"Prospect Pit","name":"","topo":"Koip Peak 1988","url":"https://mrdata.usgs.gov/usmin/show-usmin.php?type=point&id=73542"}},{"type":"Feature","geometry":{"type":"Point","coordinates":[-119.21573,37.85396]},"properties":{"src":"usmin","kind":"Prospect Pit","name":"","topo":"Koip Peak 1988","url":"https://mrdata.usgs.gov/usmin/show-usmin.php?type=point&id=84684"}},{"type":"Feature","geometry":{"type":"Point","coordinates":[-119.21764,37.85634]},"properties":{"src":"usmin","kind":"Prospect Pit","name":"","topo":"Koip Peak 1988","url":"https://mrdata.usgs.gov/usmin/show-usmin.php?type=point&id=84702"}},{"type":"Feature","geometry":{"type":"Point","coordinates":[-119.21481,37.85136]},"properties":{"src":"usmin","kind":"Prospect Pit","name":"","topo":"Koip Peak 1988","url":"https://mrdata.usgs.gov/usmin/show-usmin.php?type=point&id=84709"}},{"type":"Feature","geometry":{"type":"Point","coordinates":[-119.21714,37.85332]},"properties":{"src":"usmin","kind":"Prospect Pit","name":"","topo":"Koip Peak 1988","url":"https://mrdata.usgs.gov/usmin/show-usmin.php?type=point&id=84720"}},{"type":"Feature","geometry":{"type":"Point","coordinates":[-119.21509,37.85399]},"properties":{"src":"usmin","kind":"Prospect Pit","name":"","topo":"Koip Peak 1988","url":"https://mrdata.usgs.gov/usmin/show-usmin.php?type=point&id=84805"}},{"type":"Feature","geometry":{"type":"Point","coordinates":[-119.21796,37.85573]},"properties":{"src":"usmin","kind":"Prospect Pit","name":"","topo":"Koip Peak 1988","url":"https://mrdata.usgs.gov/usmin/show-usmin.php?type=point&id=84865"}},{"type":"Feature","geometry":{"type":"Point","coordinates":[-119.21644,37.8536]},"properties":{"src":"usmin","kind":"Prospect Pit","name":"","topo":"Koip Peak 1988","url":"https://mrdata.usgs.gov/usmin/show-usmin.php?type=point&id=84872"}},{"type":"Feature","geometry":{"type":"Point","coordinates":[-119.2176,37.84761]},"properties":{"src":"usmin","kind":"Mine Shaft","name":"","topo":"Mono Craters 1953","url":"https://mrdata.usgs.gov/usmin/show-usmin.php?type=point&id=494143"}},{"type":"Feature","geometry":{"type":"Point","coordinates":[-119.21595,37.85148]},"properties":{"src":"usmin","kind":"Mine Shaft","name":"","topo":"Mono Craters 1953","url":"https://mrdata.usgs.gov/usmin/show-usmin.php?type=point&id=494196"}},{"type":"Feature","geometry":{"type":"Point","coordinates":[-119.21527,37.85109]},"properties":{"src":"usmin","kind":"Mine Shaft","name":"","topo":"Mono Craters 1953","url":"https://mrdata.usgs.gov/usmin/show-usmin.php?type=point&id=494225"}},{"type":"Feature","geometry":{"type":"Point","coordinates":[-119.21806,37.84667]},"properties":{"src":"usmin","kind":"Prospect Pit","name":"","topo":"Mono Craters 1953","url":"https://mrdata.usgs.gov/usmin/show-usmin.php?type=point&id=501408"}},{"type":"Feature","geometry":{"type":"Point","coordinates":[-119.21708,37.84818]},"properties":{"src":"usmin","kind":"Prospect Pit","name":"","topo":"Mono Craters 1953","url":"https://mrdata.usgs.gov/usmin/show-usmin.php?type=point&id=501470"}},{"type":"Feature","geometry":{"type":"Point","coordinates":[-119.21237,37.84825]},"properties":{"src":"usmin","kind":"Adit","name":"","topo":"Koip Peak 1988","url":"https://mrdata.usgs.gov/usmin/show-usmin.php?type=point&id=45296"}},{"type":"Feature","geometry":{"type":"Point","coordinates":[-119.21313,37.84906]},"properties":{"src":"usmin","kind":"Adit","name":"","topo":"Mono Craters 1953","url":"https://mrdata.usgs.gov/usmin/show-usmin.php?type=point&id=487533"}},{"type":"Feature","geometry":{"type":"Point","coordinates":[-120.47423,37.99535]},"properties":{"src":"usmin","kind":"Mine Shaft","name":"","topo":"Sonora 1948","url":"https://mrdata.usgs.gov/usmin/show-usmin.php?type=point&id=58793"}},{"type":"Feature","geometry":{"type":"Point","coordinates":[-120.42291,38.05624]},"properties":{"src":"usmin","kind":"Mine Shaft","name":"Vine Spring Mine","topo":"Columbia 1948","url":"https://mrdata.usgs.gov/usmin/show-usmin.php?type=point&id=58794"}},{"type":"Feature","geometry":{"type":"Point","coordinates":[-120.46184,37.98946]},"properties":{"src":"usmin","kind":"Mine Shaft","name":"","topo":"Sonora 1948","url":"https://mrdata.usgs.gov/usmin/show-usmin.php?type=point&id=58796"}},{"type":"Feature","geometry":{"type":"Point","coordinates":[-120.47685,37.99687]},"properties":{"src":"usmin","kind":"Mine Shaft","name":"","topo":"Sonora 1948","url":"https://mrdata.usgs.gov/usmin/show-usmin.php?type=point&id=58804"}},{"type":"Feature","geometry":{"type":"Point","coordinates":[-120.47584,37.99715]},"properties":{"src":"usmin","kind":"Mine Shaft","name":"","topo":"Sonora 1948","url":"https://mrdata.usgs.gov/usmin/show-usmin.php?type=point&id=58806"}},{"type":"Feature","geometry":{"type":"Point","coordinates":[-120.4628,37.99453]},"properties":{"src":"usmin","kind":"Mine Shaft","name":"","topo":"Sonora 1948","url":"https://mrdata.usgs.gov/usmin/show-usmin.php?type=point&id=58813"}},{"type":"Feature","geometry":{"type":"Point","coordinates":[-120.47562,37.99963]},"properties":{"src":"usmin","kind":"Mine Shaft","name":"","topo":"Sonora 1948","url":"https://mrdata.usgs.gov/usmin/show-usmin.php?type=point&id=58815"}},{"type":"Feature","geometry":{"type":"Point","coordinates":[-120.42881,38.02948]},"properties":{"src":"usmin","kind":"Mine Shaft","name":"","topo":"Columbia 1948","url":"https://mrdata.usgs.gov/usmin/show-usmin.php?type=point&id=58819"}},{"type":"Feature","geometry":{"type":"Point","coordinates":[-120.46212,37.99438]},"properties":{"src":"usmin","kind":"Mine Shaft","name":"","topo":"Sonora 1948","url":"https://mrdata.usgs.gov/usmin/show-usmin.php?type=point&id=58823"}},{"type":"Feature","geometry":{"type":"Point","coordinates":[-120.47858,37.99955]},"properties":{"src":"usmin","kind":"Mine Shaft","name":"","topo":"Sonora 1948","url":"https://mrdata.usgs.gov/usmin/show-usmin.php?type=point&id=58826"}},{"type":"Feature","geometry":{"type":"Point","coordinates":[-120.47388,37.99575]},"properties":{"src":"usmin","kind":"Mine Shaft","name":"","topo":"Sonora 1948","url":"https://mrdata.usgs.gov/usmin/show-usmin.php?type=point&id=58847"}},{"type":"Feature","geometry":{"type":"Point","coordinates":[-120.42744,38.02785]},"properties":{"src":"usmin","kind":"Mine Shaft","name":"Springfield Mine","topo":"Columbia 1948","url":"https://mrdata.usgs.gov/usmin/show-usmin.php?type=point&id=58850"}},{"type":"Feature","geometry":{"type":"Point","coordinates":[-120.47519,37.99781]},"properties":{"src":"usmin","kind":"Mine Shaft","name":"","topo":"Sonora 1948","url":"https://mrdata.usgs.gov/usmin/show-usmin.php?type=point&id=58856"}},{"type":"Feature","geometry":{"type":"Point","coordinates":[-120.45017,37.96141]},"properties":{"src":"usmin","kind":"Mine Shaft","name":"","topo":"Sonora 1948","url":"https://mrdata.usgs.gov/usmin/show-usmin.php?type=point&id=58863"}},{"type":"Feature","geometry":{"type":"Point","coordinates":[-120.47686,37.99805]},"properties":{"src":"usmin","kind":"Mine Shaft","name":"","topo":"Sonora 1948","url":"https://mrdata.usgs.gov/usmin/show-usmin.php?type=point&id=58874"}},{"type":"Feature","geometry":{"type":"Point","coordinates":[-120.46083,37.99301]},"properties":{"src":"usmin","kind":"Mine Shaft","name":"","topo":"Sonora 1948","url":"https://mrdata.usgs.gov/usmin/show-usmin.php?type=point&id=58875"}},{"type":"Feature","geometry":{"type":"Point","coordinates":[-120.46261,38.00425]},"properties":{"src":"usmin","kind":"Mine Shaft","name":"","topo":"Columbia 1948","url":"https://mrdata.usgs.gov/usmin/show-usmin.php?type=point&id=58885"}},{"type":"Feature","geometry":{"type":"Point","coordinates":[-120.43371,37.94295]},"properties":{"src":"usmin","kind":"Mine Shaft","name":"","topo":"Sonora 1948","url":"https://mrdata.usgs.gov/usmin/show-usmin.php?type=point&id=58887"}},{"type":"Feature","geometry":{"type":"Point","coordinates":[-120.46311,37.99347]},"properties":{"src":"usmin","kind":"Mine Shaft","name":"","topo":"Sonora 1948","url":"https://mrdata.usgs.gov/usmin/show-usmin.php?type=point&id=58890"}},{"type":"Feature","geometry":{"type":"Point","coordinates":[-120.42053,38.023]},"properties":{"src":"usmin","kind":"Mine Shaft","name":"","topo":"Columbia 1948","url":"https://mrdata.usgs.gov/usmin/show-usmin.php?type=point&id=58898"}},{"type":"Feature","geometry":{"type":"Point","coordinates":[-120.47957,37.99244]},"properties":{"src":"usmin","kind":"Mine Shaft","name":"","topo":"Sonora 1948","url":"https://mrdata.usgs.gov/usmin/show-usmin.php?type=point&id=58899"}},{"type":"Feature","geometry":{"type":"Point","coordinates":[-120.43809,38.03597]},"properties":{"src":"usmin","kind":"Mine Shaft","name":"","topo":"Columbia 1948","url":"https://mrdata.usgs.gov/usmin/show-usmin.php?type=point&id=58901"}},{"type":"Feature","geometry":{"type":"Point","coordinates":[-120.48203,38.00471]},"properties":{"src":"usmin","kind":"Mine Shaft","name":"","topo":"Columbia 1948","url":"https://mrdata.usgs.gov/usmin/show-usmin.php?type=point&id=58902"}},{"type":"Feature","geometry":{"type":"Point","coordinates":[-120.47941,37.97334]},"properties":{"src":"usmin","kind":"Mine Shaft","name":"","topo":"Sonora 1948","url":"https://mrdata.usgs.gov/usmin/show-usmin.php?type=point&id=58904"}},{"type":"Feature","geometry":{"type":"Point","coordinates":[-120.43965,37.97057]},"properties":{"src":"usmin","kind":"Mine Shaft","name":"","topo":"Sonora 1948","url":"https://mrdata.usgs.gov/usmin/show-usmin.php?type=point&id=58912"}},{"type":"Feature","geometry":{"type":"Point","coordinates":[-120.46491,37.99353]},"properties":{"src":"usmin","kind":"Mine Shaft","name":"","topo":"Sonora 1948","url":"https://mrdata.usgs.gov/usmin/show-usmin.php?type=point&id=58921"}},{"type":"Feature","geometry":{"type":"Point","coordinates":[-120.47562,37.99656]},"properties":{"src":"usmin","kind":"Mine Shaft","name":"","topo":"Sonora 1948","url":"https://mrdata.usgs.gov/usmin/show-usmin.php?type=point&id=58922"}},{"type":"Feature","geometry":{"type":"Point","coordinates":[-120.46538,37.99577]},"properties":{"src":"usmin","kind":"Mine Shaft","name":"","topo":"Sonora 1948","url":"https://mrdata.usgs.gov/usmin/show-usmin.php?type=point&id=58924"}},{"type":"Feature","geometry":{"type":"Point","coordinates":[-120.42772,38.02759]},"properties":{"src":"usmin","kind":"Mine Shaft","name":"","topo":"Columbia 1948","url":"https://mrdata.usgs.gov/usmin/show-usmin.php?type=point&id=58932"}},{"type":"Feature","geometry":{"type":"Point","coordinates":[-120.47612,37.99262]},"properties":{"src":"usmin","kind":"Mine Shaft","name":"","topo":"Sonora 1948","url":"https://mrdata.usgs.gov/usmin/show-usmin.php?type=point&id=58933"}},{"type":"Feature","geometry":{"type":"Point","coordinates":[-120.47875,37.99032]},"properties":{"src":"usmin","kind":"Mine Shaft","name":"","topo":"Sonora 1948","url":"https://mrdata.usgs.gov/usmin/show-usmin.php?type=point&id=58934"}},{"type":"Feature","geometry":{"type":"Point","coordinates":[-120.43082,38.05181]},"properties":{"src":"usmin","kind":"Open Pit Mine or Quarry","name":"","topo":"Columbia 1973","url":"https://mrdata.usgs.gov/usmin/show-usmin.php?type=point&id=60728"}},{"type":"Feature","geometry":{"type":"Point","coordinates":[-120.4916,38.00279]},"properties":{"src":"usmin","kind":"Prospect Pit","name":"","topo":"Columbia 1948","url":"https://mrdata.usgs.gov/usmin/show-usmin.php?type=point&id=84710"}},{"type":"Feature","geometry":{"type":"Point","coordinates":[-120.43746,38.04149]},"properties":{"src":"usmin","kind":"Prospect Pit","name":"","topo":"Columbia 1948","url":"https://mrdata.usgs.gov/usmin/show-usmin.php?type=point&id=84756"}},{"type":"Feature","geometry":{"type":"Point","coordinates":[-120.43702,38.04091]},"properties":{"src":"usmin","kind":"Prospect Pit","name":"","topo":"Columbia 1948","url":"https://mrdata.usgs.gov/usmin/show-usmin.php?type=point&id=84772"}},{"type":"Feature","geometry":{"type":"Point","coordinates":[-120.46559,37.99653]},"properties":{"src":"usmin","kind":"Prospect Pit","name":"","topo":"Sonora 1948","url":"https://mrdata.usgs.gov/usmin/show-usmin.php?type=point&id=84857"}},{"type":"Feature","geometry":{"type":"Point","coordinates":[-120.46528,37.99641]},"properties":{"src":"usmin","kind":"Prospect Pit","name":"","topo":"Sonora 1948","url":"https://mrdata.usgs.gov/usmin/show-usmin.php?type=point&id=84863"}},{"type":"Feature","geometry":{"type":"Point","coordinates":[-120.42659,38.06639]},"properties":{"src":"usmin","kind":"Quarry","name":"Marble Quarry","topo":"Columbia 1948","url":"https://mrdata.usgs.gov/usmin/show-usmin.php?type=point&id=85805"}},{"type":"Feature","geometry":{"type":"Point","coordinates":[-120.42275,38.05602]},"properties":{"src":"usmin","kind":"Mine Shaft","name":"Vine Spring Mine","topo":"Columbia 1948","url":"https://mrdata.usgs.gov/usmin/show-usmin.php?type=point&id=494090"}},{"type":"Feature","geometry":{"type":"Point","coordinates":[-120.47705,37.99689]},"properties":{"src":"usmin","kind":"Mine Shaft","name":"","topo":"Sonora 1948","url":"https://mrdata.usgs.gov/usmin/show-usmin.php?type=point&id=494099"}},{"type":"Feature","geometry":{"type":"Point","coordinates":[-120.47571,37.99962]},"properties":{"src":"usmin","kind":"Mine Shaft","name":"","topo":"Sonora 1948","url":"https://mrdata.usgs.gov/usmin/show-usmin.php?type=point&id=494106"}},{"type":"Feature","geometry":{"type":"Point","coordinates":[-120.50023,37.96314]},"properties":{"src":"usmin","kind":"Mine Shaft","name":"","topo":"Sonora 1948","url":"https://mrdata.usgs.gov/usmin/show-usmin.php?type=point&id=494108"}},{"type":"Feature","geometry":{"type":"Point","coordinates":[-120.47433,37.99534]},"properties":{"src":"usmin","kind":"Mine Shaft","name":"","topo":"Sonora 1948","url":"https://mrdata.usgs.gov/usmin/show-usmin.php?type=point&id=494114"}},{"type":"Feature","geometry":{"type":"Point","coordinates":[-120.4788,37.99025]},"properties":{"src":"usmin","kind":"Mine Shaft","name":"","topo":"Sonora 1948","url":"https://mrdata.usgs.gov/usmin/show-usmin.php?type=point&id=494116"}},{"type":"Feature","geometry":{"type":"Point","coordinates":[-120.47603,37.99725]},"properties":{"src":"usmin","kind":"Mine Shaft","name":"","topo":"Sonora 1948","url":"https://mrdata.usgs.gov/usmin/show-usmin.php?type=point&id=494120"}},{"type":"Feature","geometry":{"type":"Point","coordinates":[-120.4621,37.99432]},"properties":{"src":"usmin","kind":"Mine Shaft","name":"","topo":"Sonora 1948","url":"https://mrdata.usgs.gov/usmin/show-usmin.php?type=point&id=494128"}},{"type":"Feature","geometry":{"type":"Point","coordinates":[-120.47872,37.99932]},"properties":{"src":"usmin","kind":"Mine Shaft","name":"","topo":"Sonora 1948","url":"https://mrdata.usgs.gov/usmin/show-usmin.php?type=point&id=494140"}},{"type":"Feature","geometry":{"type":"Point","coordinates":[-120.42039,38.02308]},"properties":{"src":"usmin","kind":"Mine Shaft","name":"","topo":"Columbia 1948","url":"https://mrdata.usgs.gov/usmin/show-usmin.php?type=point&id=494157"}},{"type":"Feature","geometry":{"type":"Point","coordinates":[-120.47956,37.99248]},"properties":{"src":"usmin","kind":"Mine Shaft","name":"","topo":"Sonora 1948","url":"https://mrdata.usgs.gov/usmin/show-usmin.php?type=point&id=494176"}},{"type":"Feature","geometry":{"type":"Point","coordinates":[-120.48363,37.981]},"properties":{"src":"usmin","kind":"Mine Shaft","name":"Toledo Mine","topo":"Sonora 1948","url":"https://mrdata.usgs.gov/usmin/show-usmin.php?type=point&id=494177"}},{"type":"Feature","geometry":{"type":"Point","coordinates":[-120.46524,37.99591]},"properties":{"src":"usmin","kind":"Mine Shaft","name":"","topo":"Sonora 1948","url":"https://mrdata.usgs.gov/usmin/show-usmin.php?type=point&id=494179"}},{"type":"Feature","geometry":{"type":"Point","coordinates":[-120.47633,37.9926]},"properties":{"src":"usmin","kind":"Mine Shaft","name":"","topo":"Sonora 1948","url":"https://mrdata.usgs.gov/usmin/show-usmin.php?type=point&id=494215"}},{"type":"Feature","geometry":{"type":"Point","coordinates":[-120.46247,38.00428]},"properties":{"src":"usmin","kind":"Mine Shaft","name":"","topo":"Columbia 1948","url":"https://mrdata.usgs.gov/usmin/show-usmin.php?type=point&id=494219"}},{"type":"Feature","geometry":{"type":"Point","coordinates":[-120.42673,38.02833]},"properties":{"src":"usmin","kind":"Mine Shaft","name":"","topo":"Columbia 1948","url":"https://mrdata.usgs.gov/usmin/show-usmin.php?type=point&id=494220"}},{"type":"Feature","geometry":{"type":"Point","coordinates":[-120.48191,38.00474]},"properties":{"src":"usmin","kind":"Mine Shaft","name":"","topo":"Columbia 1948","url":"https://mrdata.usgs.gov/usmin/show-usmin.php?type=point&id=494226"}},{"type":"Feature","geometry":{"type":"Point","coordinates":[-120.4271,38.02774]},"properties":{"src":"usmin","kind":"Mine Shaft","name":"Springfield Mine","topo":"Columbia 1948","url":"https://mrdata.usgs.gov/usmin/show-usmin.php?type=point&id=494234"}},{"type":"Feature","geometry":{"type":"Point","coordinates":[-120.4374,38.04132]},"properties":{"src":"usmin","kind":"Prospect Pit","name":"","topo":"Columbia 1948","url":"https://mrdata.usgs.gov/usmin/show-usmin.php?type=point&id=501446"}},{"type":"Feature","geometry":{"type":"Point","coordinates":[-120.4369,38.04082]},"properties":{"src":"usmin","kind":"Prospect Pit","name":"","topo":"Columbia 1948","url":"https://mrdata.usgs.gov/usmin/show-usmin.php?type=point&id=501450"}},{"type":"Feature","geometry":{"type":"Point","coordinates":[-120.42653,38.06636]},"properties":{"src":"usmin","kind":"Quarry","name":"Marble Quarries","topo":"Columbia 1948","url":"https://mrdata.usgs.gov/usmin/show-usmin.php?type=point&id=501883"}},{"type":"Feature","geometry":{"type":"Point","coordinates":[-120.47073,37.99016]},"properties":{"src":"usmin","kind":"Adit","name":"","topo":"Sonora 1948","url":"https://mrdata.usgs.gov/usmin/show-usmin.php?type=point&id=490224"}},{"type":"Feature","geometry":{"type":"Point","coordinates":[-120.42322,38.00822]},"properties":{"src":"usmin","kind":"Adit","name":"Crystal Springs Mine","topo":"Columbia 1948","url":"https://mrdata.usgs.gov/usmin/show-usmin.php?type=point&id=49118"}},{"type":"Feature","geometry":{"type":"Point","coordinates":[-120.47761,37.99107]},"properties":{"src":"usmin","kind":"Adit","name":"","topo":"Sonora 1948","url":"https://mrdata.usgs.gov/usmin/show-usmin.php?type=point&id=49154"}},{"type":"Feature","geometry":{"type":"Point","coordinates":[-120.4408,38.05651]},"properties":{"src":"usmin","kind":"Adit","name":"","topo":"Columbia 1948","url":"https://mrdata.usgs.gov/usmin/show-usmin.php?type=point&id=49160"}},{"type":"Feature","geometry":{"type":"Point","coordinates":[-120.43274,38.03247]},"properties":{"src":"usmin","kind":"Adit","name":"","topo":"Columbia 1948","url":"https://mrdata.usgs.gov/usmin/show-usmin.php?type=point&id=49166"}},{"type":"Feature","geometry":{"type":"Point","coordinates":[-120.43272,37.99221]},"properties":{"src":"usmin","kind":"Adit","name":"","topo":"Sonora 1948","url":"https://mrdata.usgs.gov/usmin/show-usmin.php?type=point&id=49223"}},{"type":"Feature","geometry":{"type":"Point","coordinates":[-120.43935,38.0551]},"properties":{"src":"usmin","kind":"Adit","name":"","topo":"Columbia 1948","url":"https://mrdata.usgs.gov/usmin/show-usmin.php?type=point&id=49225"}},{"type":"Feature","geometry":{"type":"Point","coordinates":[-120.44375,38.04907]},"properties":{"src":"usmin","kind":"Adit","name":"","topo":"Columbia 1948","url":"https://mrdata.usgs.gov/usmin/show-usmin.php?type=point&id=49228"}},{"type":"Feature","geometry":{"type":"Point","coordinates":[-120.44359,38.04907]},"properties":{"src":"usmin","kind":"Adit","name":"","topo":"Columbia 1948","url":"https://mrdata.usgs.gov/usmin/show-usmin.php?type=point&id=490177"}},{"type":"Feature","geometry":{"type":"Point","coordinates":[-120.46153,38.00816]},"properties":{"src":"usmin","kind":"Adit","name":"","topo":"Columbia 1948","url":"https://mrdata.usgs.gov/usmin/show-usmin.php?type=point&id=490201"}},{"type":"Feature","geometry":{"type":"Point","coordinates":[-120.44115,38.05645]},"properties":{"src":"usmin","kind":"Adit","name":"","topo":"Columbia 1948","url":"https://mrdata.usgs.gov/usmin/show-usmin.php?type=point&id=490212"}},{"type":"Feature","geometry":{"type":"Point","coordinates":[-120.44047,38.05636]},"properties":{"src":"usmin","kind":"Adit","name":"","topo":"Columbia 1948","url":"https://mrdata.usgs.gov/usmin/show-usmin.php?type=point&id=490273"}},{"type":"Feature","geometry":{"type":"Point","coordinates":[-120.4393,38.05496]},"properties":{"src":"usmin","kind":"Adit","name":"","topo":"Columbia 1948","url":"https://mrdata.usgs.gov/usmin/show-usmin.php?type=point&id=490320"}},{"type":"Feature","geometry":{"type":"Point","coordinates":[-120.4323,37.99266]},"properties":{"src":"usmin","kind":"Adit","name":"","topo":"Sonora 1948","url":"https://mrdata.usgs.gov/usmin/show-usmin.php?type=point&id=490344"}},{"type":"Feature","geometry":{"type":"Point","coordinates":[-120.46423,38.00581]},"properties":{"src":"usmin","kind":"Adit","name":"","topo":"Columbia 1948","url":"https://mrdata.usgs.gov/usmin/show-usmin.php?type=point&id=49194"}},{"type":"Feature","geometry":{"type":"Point","coordinates":[-120.46977,37.9919]},"properties":{"src":"usmin","kind":"Adit","name":"","topo":"Sonora 1948","url":"https://mrdata.usgs.gov/usmin/show-usmin.php?type=point&id=490248"}},{"type":"Feature","geometry":{"type":"Point","coordinates":[-120.46005,37.97248]},"properties":{"src":"usmin","kind":"Adit","name":"","topo":"Sonora 1948","url":"https://mrdata.usgs.gov/usmin/show-usmin.php?type=point&id=49264"}},{"type":"Feature","geometry":{"type":"Point","coordinates":[-120.44648,38.04913]},"properties":{"src":"usmin","kind":"Adit","name":"","topo":"Columbia 1948","url":"https://mrdata.usgs.gov/usmin/show-usmin.php?type=point&id=49270"}},{"type":"Feature","geometry":{"type":"Point","coordinates":[-119.21162,37.84809]},"properties":{"src":"usmin","kind":"Adit","name":"","topo":"Koip Peak 1988","url":"https://mrdata.usgs.gov/usmin/show-usmin.php?type=point&id=45325"}},{"type":"Feature","geometry":{"type":"Point","coordinates":[-119.21119,37.8466]},"properties":{"src":"usmin","kind":"Adit","name":"","topo":"Mono Craters 1953","url":"https://mrdata.usgs.gov/usmin/show-usmin.php?type=point&id=487605"}},{"type":"Feature","geometry":{"type":"Point","coordinates":[-119.21359,37.85077]},"properties":{"src":"usmin","kind":"Adit","name":"","topo":"Koip Peak 1988","url":"https://mrdata.usgs.gov/usmin/show-usmin.php?type=point&id=45286"}},{"type":"Feature","geometry":{"type":"Point","coordinates":[-120.49419,37.90712]},"properties":{"src":"usmin","kind":"Mine Shaft","name":"","topo":"Sonora 1948","url":"https://mrdata.usgs.gov/usmin/show-usmin.php?type=point&id=58860"}},{"type":"Feature","geometry":{"type":"Point","coordinates":[-120.51211,37.88182]},"properties":{"src":"usmin","kind":"Mine Shaft","name":"McCormick Mine","topo":"New Melones Dam 1962","url":"https://mrdata.usgs.gov/usmin/show-usmin.php?type=point&id=58905"}},{"type":"Feature","geometry":{"type":"Point","coordinates":[-120.46087,37.91634]},"properties":{"src":"usmin","kind":"Mine Shaft","name":"","topo":"Sonora 1948","url":"https://mrdata.usgs.gov/usmin/show-usmin.php?type=point&id=58929"}},{"type":"Feature","geometry":{"type":"Point","coordinates":[-120.42536,37.92972]},"properties":{"src":"usmin","kind":"Mine Shaft","name":"","topo":"Sonora 1948","url":"https://mrdata.usgs.gov/usmin/show-usmin.php?type=point&id=58931"}},{"type":"Feature","geometry":{"type":"Point","coordinates":[-120.42303,37.92551]},"properties":{"src":"usmin","kind":"Mine Shaft","name":"","topo":"Sonora 1948","url":"https://mrdata.usgs.gov/usmin/show-usmin.php?type=point&id=58935"}},{"type":"Feature","geometry":{"type":"Point","coordinates":[-120.60725,37.82063]},"properties":{"src":"usmin","kind":"Mine Shaft","name":"","topo":"Keystone 1962","url":"https://mrdata.usgs.gov/usmin/show-usmin.php?type=point&id=58938"}},{"type":"Feature","geometry":{"type":"Point","coordinates":[-120.58232,37.88996]},"properties":{"src":"usmin","kind":"Open Pit Mine","name":"Valencia Mine","topo":"New Melones Dam 1962","url":"https://mrdata.usgs.gov/usmin/show-usmin.php?type=point&id=60320"}},{"type":"Feature","geometry":{"type":"Point","coordinates":[-120.4507,37.85218]},"properties":{"src":"usmin","kind":"Open Pit Mine or Quarry","name":"","topo":"Chinese Camp 1947","url":"https://mrdata.usgs.gov/usmin/show-usmin.php?type=point&id=60727"}},{"type":"Feature","geometry":{"type":"Point","coordinates":[-120.49717,37.81391]},"properties":{"src":"usmin","kind":"Open Pit Mine or Quarry","name":"","topo":"Chinese Camp 1947","url":"https://mrdata.usgs.gov/usmin/show-usmin.php?type=point&id=60731"}},{"type":"Feature","geometry":{"type":"Point","coordinates":[-120.44635,37.87456]},"properties":{"src":"usmin","kind":"Prospect Pit","name":"","topo":"Chinese Camp 1947","url":"https://mrdata.usgs.gov/usmin/show-usmin.php?type=point&id=84691"}},{"type":"Feature","geometry":{"type":"Point","coordinates":[-120.49246,37.90749]},"properties":{"src":"usmin","kind":"Prospect Pit","name":"","topo":"Sonora 1948","url":"https://mrdata.usgs.gov/usmin/show-usmin.php?type=point&id=84714"}},{"type":"Feature","geometry":{"type":"Point","coordinates":[-120.44587,37.87463]},"properties":{"src":"usmin","kind":"Prospect Pit","name":"","topo":"Chinese Camp 1947","url":"https://mrdata.usgs.gov/usmin/show-usmin.php?type=point&id=84742"}},{"type":"Feature","geometry":{"type":"Point","coordinates":[-120.45363,37.86821]},"properties":{"src":"usmin","kind":"Prospect Pit","name":"","topo":"Chinese Camp 1947","url":"https://mrdata.usgs.gov/usmin/show-usmin.php?type=point&id=84751"}},{"type":"Feature","geometry":{"type":"Point","coordinates":[-120.5285,37.91554]},"properties":{"src":"usmin","kind":"Prospect Pit","name":"","topo":"New Melones Dam 1962","url":"https://mrdata.usgs.gov/usmin/show-usmin.php?type=point&id=84774"}},{"type":"Feature","geometry":{"type":"Point","coordinates":[-120.49871,37.85102]},"properties":{"src":"usmin","kind":"Prospect Pit","name":"","topo":"Chinese Camp 1947","url":"https://mrdata.usgs.gov/usmin/show-usmin.php?type=point&id=84775"}},{"type":"Feature","geometry":{"type":"Point","coordinates":[-120.46695,37.84106]},"properties":{"src":"usmin","kind":"Prospect Pit","name":"","topo":"Chinese Camp 1947","url":"https://mrdata.usgs.gov/usmin/show-usmin.php?type=point&id=84777"}},{"type":"Feature","geometry":{"type":"Point","coordinates":[-120.47415,37.84525]},"properties":{"src":"usmin","kind":"Prospect Pit","name":"","topo":"Chinese Camp 1947","url":"https://mrdata.usgs.gov/usmin/show-usmin.php?type=point&id=84782"}},{"type":"Feature","geometry":{"type":"Point","coordinates":[-120.46916,37.87295]},"properties":{"src":"usmin","kind":"Prospect Pit","name":"","topo":"Chinese Camp 1947","url":"https://mrdata.usgs.gov/usmin/show-usmin.php?type=point&id=84817"}},{"type":"Feature","geometry":{"type":"Point","coordinates":[-120.53196,37.86639]},"properties":{"src":"usmin","kind":"Prospect Pit","name":"","topo":"Keystone 1962","url":"https://mrdata.usgs.gov/usmin/show-usmin.php?type=point&id=84818"}},{"type":"Feature","geometry":{"type":"Point","coordinates":[-120.45515,37.86801]},"properties":{"src":"usmin","kind":"Prospect Pit","name":"","topo":"Chinese Camp 1947","url":"https://mrdata.usgs.gov/usmin/show-usmin.php?type=point&id=84837"}},{"type":"Feature","geometry":{"type":"Point","coordinates":[-120.45025,37.87209]},"properties":{"src":"usmin","kind":"Prospect Pit","name":"","topo":"Chinese Camp 1947","url":"https://mrdata.usgs.gov/usmin/show-usmin.php?type=point&id=84858"}},{"type":"Feature","geometry":{"type":"Point","coordinates":[-120.42778,37.93596]},"properties":{"src":"usmin","kind":"Prospect Pit","name":"","topo":"Sonora 1948","url":"https://mrdata.usgs.gov/usmin/show-usmin.php?type=point&id=84867"}},{"type":"Feature","geometry":{"type":"Point","coordinates":[-120.56008,37.76296]},"properties":{"src":"usmin","kind":"Clay Pit","name":"","topo":"Copperopolis 1962","url":"https://mrdata.usgs.gov/usmin/show-usmin.php?type=point&id=490534"}},{"type":"Feature","geometry":{"type":"Point","coordinates":[-120.42526,37.92972]},"properties":{"src":"usmin","kind":"Mine Shaft","name":"","topo":"Sonora 1948","url":"https://mrdata.usgs.gov/usmin/show-usmin.php?type=point&id=494091"}},{"type":"Feature","geometry":{"type":"Point","coordinates":[-120.60728,37.82054]},"properties":{"src":"usmin","kind":"Mine Shaft","name":"","topo":"Copperopolis 1962","url":"https://mrdata.usgs.gov/usmin/show-usmin.php?type=point&id=494155"}},{"type":"Feature","geometry":{"type":"Point","coordinates":[-120.42303,37.92563]},"properties":{"src":"usmin","kind":"Mine Shaft","name":"","topo":"Sonora 1948","url":"https://mrdata.usgs.gov/usmin/show-usmin.php?type=point&id=494183"}},{"type":"Feature","geometry":{"type":"Point","coordinates":[-120.45964,37.89332]},"properties":{"src":"usmin","kind":"Mine Shaft","name":"","topo":"Sonora 1948","url":"https://mrdata.usgs.gov/usmin/show-usmin.php?type=point&id=494188"}},{"type":"Feature","geometry":{"type":"Point","coordinates":[-120.45088,37.85216]},"properties":{"src":"usmin","kind":"Open Pit Mine or Quarry","name":"","topo":"Sonora 1948","url":"https://mrdata.usgs.gov/usmin/show-usmin.php?type=point&id=496011"}},{"type":"Feature","geometry":{"type":"Point","coordinates":[-120.48808,37.90836]},"properties":{"src":"usmin","kind":"Prospect Pit","name":"","topo":"Sonora 1948","url":"https://mrdata.usgs.gov/usmin/show-usmin.php?type=point&id=501379"}},{"type":"Feature","geometry":{"type":"Point","coordinates":[-120.45365,37.8682]},"properties":{"src":"usmin","kind":"Prospect Pit","name":"","topo":"Sonora 1948","url":"https://mrdata.usgs.gov/usmin/show-usmin.php?type=point&id=501432"}},{"type":"Feature","geometry":{"type":"Point","coordinates":[-120.4924,37.90764]},"properties":{"src":"usmin","kind":"Prospect Pit","name":"","topo":"Sonora 1948","url":"https://mrdata.usgs.gov/usmin/show-usmin.php?type=point&id=501482"}},{"type":"Feature","geometry":{"type":"Point","coordinates":[-120.45009,37.87199]},"properties":{"src":"usmin","kind":"Prospect Pit","name":"","topo":"Sonora 1948","url":"https://mrdata.usgs.gov/usmin/show-usmin.php?type=point&id=501492"}},{"type":"Feature","geometry":{"type":"Point","coordinates":[-120.49873,37.85092]},"properties":{"src":"usmin","kind":"Prospect Pit","name":"","topo":"Sonora 1948","url":"https://mrdata.usgs.gov/usmin/show-usmin.php?type=point&id=501509"}},{"type":"Feature","geometry":{"type":"Point","coordinates":[-120.46679,37.84113]},"properties":{"src":"usmin","kind":"Prospect Pit","name":"","topo":"Sonora 1948","url":"https://mrdata.usgs.gov/usmin/show-usmin.php?type=point&id=501516"}},{"type":"Feature","geometry":{"type":"Point","coordinates":[-120.46482,37.92879]},"properties":{"src":"usmin","kind":"Adit","name":"","topo":"Sonora 1948","url":"https://mrdata.usgs.gov/usmin/show-usmin.php?type=point&id=49294"}},{"type":"Feature","geometry":{"type":"Point","coordinates":[-120.55667,37.76341]},"properties":{"src":"usmin","kind":"Clay Pit","name":"","topo":"Copperopolis 1962","url":"https://mrdata.usgs.gov/usmin/show-usmin.php?type=point&id=490533"}},{"type":"Feature","geometry":{"type":"Point","coordinates":[-120.46295,37.99457]},"properties":{"src":"usmin","kind":"Mine Shaft","name":"","topo":"Sonora 1948","url":"https://mrdata.usgs.gov/usmin/show-usmin.php?type=point&id=494131"}},{"type":"Feature","geometry":{"type":"Point","coordinates":[-120.4605,37.99302]},"properties":{"src":"usmin","kind":"Mine Shaft","name":"","topo":"Sonora 1948","url":"https://mrdata.usgs.gov/usmin/show-usmin.php?type=point&id=494152"}},{"type":"Feature","geometry":{"type":"Point","coordinates":[-120.45575,37.72154]},"properties":{"src":"usmin","kind":"Mine Shaft","name":"","topo":"Merced Falls 1962","url":"https://mrdata.usgs.gov/usmin/show-usmin.php?type=point&id=494169"}},{"type":"Feature","geometry":{"type":"Point","coordinates":[-120.56324,37.89048]},"properties":{"src":"usmin","kind":"Mine Shaft","name":"Green Spring Mine","topo":"Copperopolis 1962","url":"https://mrdata.usgs.gov/usmin/show-usmin.php?type=point&id=494224"}},{"type":"Feature","geometry":{"type":"Point","coordinates":[-120.512,37.88178]},"properties":{"src":"usmin","kind":"Open Pit Mine","name":"McCormick Mine","topo":"Copperopolis 1962","url":"https://mrdata.usgs.gov/usmin/show-usmin.php?type=point&id=495078"}},{"type":"Feature","geometry":{"type":"Point","coordinates":[-120.58248,37.89041]},"properties":{"src":"usmin","kind":"Open Pit Mine","name":"Valencia Mine","topo":"Copperopolis 1942","url":"https://mrdata.usgs.gov/usmin/show-usmin.php?type=point&id=495081"}},{"type":"Feature","geometry":{"type":"Point","coordinates":[-120.49564,37.84733]},"properties":{"src":"usmin","kind":"Open Pit Mine or Quarry","name":"","topo":"Sonora 1948","url":"https://mrdata.usgs.gov/usmin/show-usmin.php?type=point&id=496004"}},{"type":"Feature","geometry":{"type":"Point","coordinates":[-120.52857,37.91547]},"properties":{"src":"usmin","kind":"Prospect Pit","name":"","topo":"Copperopolis 1962","url":"https://mrdata.usgs.gov/usmin/show-usmin.php?type=point&id=501457"}},{"type":"Feature","geometry":{"type":"Point","coordinates":[-120.45605,37.72184]},"properties":{"src":"usmin","kind":"Prospect Pit","name":"","topo":"Merced Falls 1954","url":"https://mrdata.usgs.gov/usmin/show-usmin.php?type=point&id=501473"}},{"type":"Feature","geometry":{"type":"Point","coordinates":[-120.56117,37.90877]},"properties":{"src":"usmin","kind":"Adit","name":"","topo":"New Melones Dam 1962","url":"https://mrdata.usgs.gov/usmin/show-usmin.php?type=point&id=49145"}},{"type":"Feature","geometry":{"type":"Point","coordinates":[-120.46567,37.99203]},"properties":{"src":"usmin","kind":"Adit","name":"","topo":"Sonora 1948","url":"https://mrdata.usgs.gov/usmin/show-usmin.php?type=point&id=490200"}},{"type":"Feature","geometry":{"type":"Point","coordinates":[-120.45849,37.93112]},"properties":{"src":"usmin","kind":"Adit","name":"","topo":"Sonora 1948","url":"https://mrdata.usgs.gov/usmin/show-usmin.php?type=point&id=490293"}},{"type":"Feature","geometry":{"type":"Point","coordinates":[-120.56127,37.90869]},"properties":{"src":"usmin","kind":"Adit","name":"","topo":"Copperopolis 1962","url":"https://mrdata.usgs.gov/usmin/show-usmin.php?type=point&id=490332"}},{"type":"Feature","geometry":{"type":"Point","coordinates":[-120.50286,37.90855]},"properties":{"src":"usmin","kind":"Adit","name":"","topo":"New Melones Dam 1962","url":"https://mrdata.usgs.gov/usmin/show-usmin.php?type=point&id=49243"}},{"type":"Feature","geometry":{"type":"Point","coordinates":[-120.46939,37.99209]},"properties":{"src":"usmin","kind":"Adit","name":"","topo":"Sonora 1948","url":"https://mrdata.usgs.gov/usmin/show-usmin.php?type=point&id=49135"}},{"type":"Feature","geometry":{"type":"Point","coordinates":[-120.49006,37.97266]},"properties":{"src":"usmin","kind":"Adit","name":"","topo":"Sonora 1948","url":"https://mrdata.usgs.gov/usmin/show-usmin.php?type=point&id=49296"}},{"type":"Feature","geometry":{"type":"Point","coordinates":[-120.34087,37.70419]},"properties":{"src":"usmin","kind":"Mine Shaft","name":"","topo":"Merced Falls 1962","url":"https://mrdata.usgs.gov/usmin/show-usmin.php?type=point&id=494206"}},{"type":"Feature","geometry":{"type":"Point","coordinates":[-120.24851,37.75359]},"properties":{"src":"usmin","kind":"Open Pit Mine or Quarry","name":"","topo":"Tuolumne 1948","url":"https://mrdata.usgs.gov/usmin/show-usmin.php?type=point&id=496012"}},{"type":"Feature","geometry":{"type":"Point","coordinates":[-120.25912,37.77537]},"properties":{"src":"usmin","kind":"Prospect Pit","name":"","topo":"Sonora 1948","url":"https://mrdata.usgs.gov/usmin/show-usmin.php?type=point&id=501391"}},{"type":"Feature","geometry":{"type":"Point","coordinates":[-120.24426,37.754]},"properties":{"src":"usmin","kind":"Prospect Pit","name":"","topo":"Tuolumne 1948","url":"https://mrdata.usgs.gov/usmin/show-usmin.php?type=point&id=501453"}},{"type":"Feature","geometry":{"type":"Point","coordinates":[-120.26797,37.78907]},"properties":{"src":"usmin","kind":"Prospect Pit","name":"","topo":"Sonora 1948","url":"https://mrdata.usgs.gov/usmin/show-usmin.php?type=point&id=501459"}},{"type":"Feature","geometry":{"type":"Point","coordinates":[-120.2476,37.75776]},"properties":{"src":"usmin","kind":"Adit","name":"","topo":"Groveland 1947","url":"https://mrdata.usgs.gov/usmin/show-usmin.php?type=point&id=49239"}},{"type":"Feature","geometry":{"type":"Point","coordinates":[-120.11826,37.83051]},"properties":{"src":"usmin","kind":"Gravel/Borrow Pit - Undifferentiated","name":"","topo":"Jawbone Ridge 2001","url":"https://mrdata.usgs.gov/usmin/show-usmin.php?type=point&id=52891"}},{"type":"Feature","geometry":{"type":"Point","coordinates":[-120.121,37.83507]},"properties":{"src":"usmin","kind":"Mine Shaft","name":"Gold Queen","topo":"Jawbone Ridge 1947","url":"https://mrdata.usgs.gov/usmin/show-usmin.php?type=point&id=58824"}},{"type":"Feature","geometry":{"type":"Point","coordinates":[-120.14565,37.81368]},"properties":{"src":"usmin","kind":"Mine Shaft","name":"","topo":"Groveland 1947","url":"https://mrdata.usgs.gov/usmin/show-usmin.php?type=point&id=58843"}},{"type":"Feature","geometry":{"type":"Point","coordinates":[-120.17665,37.84177]},"properties":{"src":"usmin","kind":"Prospect Pit","name":"","topo":"Groveland 1947","url":"https://mrdata.usgs.gov/usmin/show-usmin.php?type=point&id=84763"}},{"type":"Feature","geometry":{"type":"Point","coordinates":[-120.1664,37.87011]},"properties":{"src":"usmin","kind":"Prospect Pit","name":"","topo":"Groveland 1947","url":"https://mrdata.usgs.gov/usmin/show-usmin.php?type=point&id=84804"}},{"type":"Feature","geometry":{"type":"Point","coordinates":[-120.19105,37.82658]},"properties":{"src":"usmin","kind":"Prospect Pit","name":"","topo":"Groveland 1947","url":"https://mrdata.usgs.gov/usmin/show-usmin.php?type=point&id=84834"}},{"type":"Feature","geometry":{"type":"Point","coordinates":[-120.14548,37.81355]},"properties":{"src":"usmin","kind":"Mine Shaft","name":"","topo":"Tuolumne 1948","url":"https://mrdata.usgs.gov/usmin/show-usmin.php?type=point&id=494141"}},{"type":"Feature","geometry":{"type":"Point","coordinates":[-120.17149,37.85219]},"properties":{"src":"usmin","kind":"Prospect Pit","name":"","topo":"Tuolumne 1948","url":"https://mrdata.usgs.gov/usmin/show-usmin.php?type=point&id=501452"}},{"type":"Feature","geometry":{"type":"Point","coordinates":[-120.17905,37.86571]},"properties":{"src":"usmin","kind":"Prospect Pit","name":"","topo":"Tuolumne 1948","url":"https://mrdata.usgs.gov/usmin/show-usmin.php?type=point&id=501527"}},{"type":"Feature","geometry":{"type":"Point","coordinates":[-120.16074,37.87012]},"properties":{"src":"usmin","kind":"Adit","name":"Kanaka Mine","topo":"Tuolumne 1948","url":"https://mrdata.usgs.gov/usmin/show-usmin.php?type=point&id=490353"}},{"type":"Feature","geometry":{"type":"Point","coordinates":[-120.15936,37.87024]},"properties":{"src":"usmin","kind":"Adit","name":"","topo":"Groveland 1947","url":"https://mrdata.usgs.gov/usmin/show-usmin.php?type=point&id=49161"}},{"type":"Feature","geometry":{"type":"Point","coordinates":[-120.15867,37.86988]},"properties":{"src":"usmin","kind":"Adit","name":"","topo":"Tuolumne 1948","url":"https://mrdata.usgs.gov/usmin/show-usmin.php?type=point&id=490333"}},{"type":"Feature","geometry":{"type":"Point","coordinates":[-120.44051,37.95002]},"properties":{"src":"usmin","kind":"Mine Shaft","name":"","topo":"Sonora 1948","url":"https://mrdata.usgs.gov/usmin/show-usmin.php?type=point&id=494096"}},{"type":"Feature","geometry":{"type":"Point","coordinates":[-120.42875,38.02945]},"properties":{"src":"usmin","kind":"Mine Shaft","name":"","topo":"Columbia 1948","url":"https://mrdata.usgs.gov/usmin/show-usmin.php?type=point&id=494097"}},{"type":"Feature","geometry":{"type":"Point","coordinates":[-120.47381,37.99596]},"properties":{"src":"usmin","kind":"Mine Shaft","name":"","topo":"Sonora 1948","url":"https://mrdata.usgs.gov/usmin/show-usmin.php?type=point&id=494100"}},{"type":"Feature","geometry":{"type":"Point","coordinates":[-120.46332,37.99331]},"properties":{"src":"usmin","kind":"Mine Shaft","name":"","topo":"Sonora 1948","url":"https://mrdata.usgs.gov/usmin/show-usmin.php?type=point&id=494119"}},{"type":"Feature","geometry":{"type":"Point","coordinates":[-120.43806,38.0359]},"properties":{"src":"usmin","kind":"Mine Shaft","name":"","topo":"Columbia 1948","url":"https://mrdata.usgs.gov/usmin/show-usmin.php?type=point&id=494130"}},{"type":"Feature","geometry":{"type":"Point","coordinates":[-120.47678,37.99805]},"properties":{"src":"usmin","kind":"Mine Shaft","name":"","topo":"Sonora 1948","url":"https://mrdata.usgs.gov/usmin/show-usmin.php?type=point&id=494133"}},{"type":"Feature","geometry":{"type":"Point","coordinates":[-120.46519,37.99352]},"properties":{"src":"usmin","kind":"Mine Shaft","name":"","topo":"Sonora 1948","url":"https://mrdata.usgs.gov/usmin/show-usmin.php?type=point&id=494146"}},{"type":"Feature","geometry":{"type":"Point","coordinates":[-120.46191,37.98935]},"properties":{"src":"usmin","kind":"Mine Shaft","name":"","topo":"Sonora 1948","url":"https://mrdata.usgs.gov/usmin/show-usmin.php?type=point&id=494164"}},{"type":"Feature","geometry":{"type":"Point","coordinates":[-120.47483,37.99777]},"properties":{"src":"usmin","kind":"Mine Shaft","name":"","topo":"Sonora 1948","url":"https://mrdata.usgs.gov/usmin/show-usmin.php?type=point&id=494182"}},{"type":"Feature","geometry":{"type":"Point","coordinates":[-120.47576,37.99659]},"properties":{"src":"usmin","kind":"Mine Shaft","name":"","topo":"Sonora 1948","url":"https://mrdata.usgs.gov/usmin/show-usmin.php?type=point&id=494197"}},{"type":"Feature","geometry":{"type":"Point","coordinates":[-120.46069,37.91637]},"properties":{"src":"usmin","kind":"Mine Shaft","name":"","topo":"Sonora 1948","url":"https://mrdata.usgs.gov/usmin/show-usmin.php?type=point&id=494199"}},{"type":"Feature","geometry":{"type":"Point","coordinates":[-120.45029,37.9616]},"properties":{"src":"usmin","kind":"Mine Shaft","name":"","topo":"Sonora 1948","url":"https://mrdata.usgs.gov/usmin/show-usmin.php?type=point&id=494201"}},{"type":"Feature","geometry":{"type":"Point","coordinates":[-120.41961,37.92784]},"properties":{"src":"usmin","kind":"Mine Shaft","name":"","topo":"Sonora 1948","url":"https://mrdata.usgs.gov/usmin/show-usmin.php?type=point&id=494216"}},{"type":"Feature","geometry":{"type":"Point","coordinates":[-120.46573,37.99704]},"properties":{"src":"usmin","kind":"Prospect Pit","name":"","topo":"Sonora 1948","url":"https://mrdata.usgs.gov/usmin/show-usmin.php?type=point&id=501394"}},{"type":"Feature","geometry":{"type":"Point","coordinates":[-120.46494,37.99682]},"properties":{"src":"usmin","kind":"Prospect Pit","name":"","topo":"Sonora 1948","url":"https://mrdata.usgs.gov/usmin/show-usmin.php?type=point&id=501496"}},{"type":"Feature","geometry":{"type":"Point","coordinates":[-120.42702,38.07081]},"properties":{"src":"usmin","kind":"Quarry","name":"Marble Quarries","topo":"Columbia 1948","url":"https://mrdata.usgs.gov/usmin/show-usmin.php?type=point&id=501887"}},{"type":"Feature","geometry":{"type":"Point","coordinates":[-120.47078,37.99002]},"properties":{"src":"usmin","kind":"Adit","name":"","topo":"Sonora 1948","url":"https://mrdata.usgs.gov/usmin/show-usmin.php?type=point&id=49108"}},{"type":"Feature","geometry":{"type":"Point","coordinates":[-120.44308,38.04968]},"properties":{"src":"usmin","kind":"Adit","name":"Republic Mine","topo":"Columbia 1948","url":"https://mrdata.usgs.gov/usmin/show-usmin.php?type=point&id=49105"}},{"type":"Feature","geometry":{"type":"Point","coordinates":[-120.46595,37.99181]},"properties":{"src":"usmin","kind":"Adit","name":"","topo":"Sonora 1948","url":"https://mrdata.usgs.gov/usmin/show-usmin.php?type=point&id=49269"}},{"type":"Feature","geometry":{"type":"Point","coordinates":[-120.4429,38.0498]},"properties":{"src":"usmin","kind":"Adit","name":"Republic Mine","topo":"Columbia 1948","url":"https://mrdata.usgs.gov/usmin/show-usmin.php?type=point&id=490206"}},{"type":"Feature","geometry":{"type":"Point","coordinates":[-120.42331,38.00815]},"properties":{"src":"usmin","kind":"Adit","name":"Crystal Springs Mine","topo":"Columbia 1948","url":"https://mrdata.usgs.gov/usmin/show-usmin.php?type=point&id=490346"}},{"type":"Feature","geometry":{"type":"Point","coordinates":[-120.43731,38.0536]},"properties":{"src":"usmin","kind":"Adit","name":"Densmore Mine","topo":"Columbia 1948","url":"https://mrdata.usgs.gov/usmin/show-usmin.php?type=point&id=49134"}},{"type":"Feature","geometry":{"type":"Point","coordinates":[-120.44115,38.05665]},"properties":{"src":"usmin","kind":"Adit","name":"","topo":"Columbia 1948","url":"https://mrdata.usgs.gov/usmin/show-usmin.php?type=point&id=49179"}},{"type":"Feature","geometry":{"type":"Point","coordinates":[-120.44202,38.0481]},"properties":{"src":"usmin","kind":"Adit","name":"Henning Mine","topo":"Columbia 1948","url":"https://mrdata.usgs.gov/usmin/show-usmin.php?type=point&id=49183"}},{"type":"Feature","geometry":{"type":"Point","coordinates":[-120.46159,38.00812]},"properties":{"src":"usmin","kind":"Adit","name":"","topo":"Columbia 1948","url":"https://mrdata.usgs.gov/usmin/show-usmin.php?type=point&id=49282"}},{"type":"Feature","geometry":{"type":"Point","coordinates":[-120.46395,38.00585]},"properties":{"src":"usmin","kind":"Adit","name":"","topo":"Columbia 1948","url":"https://mrdata.usgs.gov/usmin/show-usmin.php?type=point&id=490185"}},{"type":"Feature","geometry":{"type":"Point","coordinates":[-120.45921,37.9306]},"properties":{"src":"usmin","kind":"Adit","name":"","topo":"Sonora 1948","url":"https://mrdata.usgs.gov/usmin/show-usmin.php?type=point&id=490197"}},{"type":"Feature","geometry":{"type":"Point","coordinates":[-120.44198,38.04805]},"properties":{"src":"usmin","kind":"Adit","name":"Henning Mine","topo":"Columbia 1948","url":"https://mrdata.usgs.gov/usmin/show-usmin.php?type=point&id=490217"}},{"type":"Feature","geometry":{"type":"Point","coordinates":[-120.47736,37.99047]},"properties":{"src":"usmin","kind":"Adit","name":"","topo":"Sonora 1948","url":"https://mrdata.usgs.gov/usmin/show-usmin.php?type=point&id=490262"}},{"type":"Feature","geometry":{"type":"Point","coordinates":[-120.43725,38.05366]},"properties":{"src":"usmin","kind":"Adit","name":"Densmore Mine","topo":"Columbia 1948","url":"https://mrdata.usgs.gov/usmin/show-usmin.php?type=point&id=490355"}},{"type":"Feature","geometry":{"type":"Point","coordinates":[-120.43343,38.05292]},"properties":{"src":"usmin","kind":"Adit","name":"","topo":"Columbia 1948","url":"https://mrdata.usgs.gov/usmin/show-usmin.php?type=point&id=49167"}},{"type":"Feature","geometry":{"type":"Point","coordinates":[-120.45138,37.93795]},"properties":{"src":"usmin","kind":"Adit","name":"","topo":"Sonora 1948","url":"https://mrdata.usgs.gov/usmin/show-usmin.php?type=point&id=49126"}},{"type":"Feature","geometry":{"type":"Point","coordinates":[-120.43524,37.94396]},"properties":{"src":"usmin","kind":"Adit","name":"","topo":"Sonora 1948","url":"https://mrdata.usgs.gov/usmin/show-usmin.php?type=point&id=490198"}},{"type":"Feature","geometry":{"type":"Point","coordinates":[-120.44362,37.95444]},"properties":{"src":"usmin","kind":"Adit","name":"","topo":"Sonora 1948","url":"https://mrdata.usgs.gov/usmin/show-usmin.php?type=point&id=490335"}},{"type":"Feature","geometry":{"type":"Point","coordinates":[-120.45211,38.05099]},"properties":{"src":"usmin","kind":"Adit","name":"Dutchess Mine","topo":"Columbia 1948","url":"https://mrdata.usgs.gov/usmin/show-usmin.php?type=point&id=485750"}},{"type":"Feature","geometry":{"type":"Point","coordinates":[-120.44643,38.04918]},"properties":{"src":"usmin","kind":"Adit","name":"","topo":"Columbia 1948","url":"https://mrdata.usgs.gov/usmin/show-usmin.php?type=point&id=490358"}},{"type":"Feature","geometry":{"type":"Point","coordinates":[-120.43074,37.94596]},"properties":{"src":"usmin","kind":"Adit","name":"","topo":"Sonora 1948","url":"https://mrdata.usgs.gov/usmin/show-usmin.php?type=point&id=49184"}},{"type":"Feature","geometry":{"type":"Point","coordinates":[-120.2655,37.81025]},"properties":{"src":"usmin","kind":"Gravel Pit","name":"","topo":"Moccasin 1948","url":"https://mrdata.usgs.gov/usmin/show-usmin.php?type=point&id=52453"}},{"type":"Feature","geometry":{"type":"Point","coordinates":[-120.29457,37.79355]},"properties":{"src":"usmin","kind":"Gravel Pit","name":"","topo":"Moccasin 1948","url":"https://mrdata.usgs.gov/usmin/show-usmin.php?type=point&id=52454"}},{"type":"Feature","geometry":{"type":"Point","coordinates":[-120.22678,37.81329]},"properties":{"src":"usmin","kind":"Gravel/Borrow Pit - Undifferentiated","name":"","topo":"Groveland 2001","url":"https://mrdata.usgs.gov/usmin/show-usmin.php?type=point&id=52893"}},{"type":"Feature","geometry":{"type":"Point","coordinates":[-120.25699,37.81987]},"properties":{"src":"usmin","kind":"Mine Shaft","name":"","topo":"Moccasin 1948","url":"https://mrdata.usgs.gov/usmin/show-usmin.php?type=point&id=58790"}},{"type":"Feature","geometry":{"type":"Point","coordinates":[-120.20553,37.82675]},"properties":{"src":"usmin","kind":"Mine Shaft","name":"","topo":"Groveland 1947","url":"https://mrdata.usgs.gov/usmin/show-usmin.php?type=point&id=58798"}},{"type":"Feature","geometry":{"type":"Point","coordinates":[-120.23728,37.94099]},"properties":{"src":"usmin","kind":"Mine Shaft","name":"","topo":"Tuolumne 1948","url":"https://mrdata.usgs.gov/usmin/show-usmin.php?type=point&id=58799"}},{"type":"Feature","geometry":{"type":"Point","coordinates":[-120.25777,37.83414]},"properties":{"src":"usmin","kind":"Mine Shaft","name":"","topo":"Moccasin 1948","url":"https://mrdata.usgs.gov/usmin/show-usmin.php?type=point&id=58805"}},{"type":"Feature","geometry":{"type":"Point","coordinates":[-120.2952,37.82612]},"properties":{"src":"usmin","kind":"Mine Shaft","name":"","topo":"Moccasin 1948","url":"https://mrdata.usgs.gov/usmin/show-usmin.php?type=point&id=58816"}},{"type":"Feature","geometry":{"type":"Point","coordinates":[-120.27392,37.82923]},"properties":{"src":"usmin","kind":"Mine Shaft","name":"","topo":"Moccasin 1948","url":"https://mrdata.usgs.gov/usmin/show-usmin.php?type=point&id=58820"}},{"type":"Feature","geometry":{"type":"Point","coordinates":[-120.19186,37.9151]},"properties":{"src":"usmin","kind":"Mine Shaft","name":"","topo":"Tuolumne 1948","url":"https://mrdata.usgs.gov/usmin/show-usmin.php?type=point&id=58821"}},{"type":"Feature","geometry":{"type":"Point","coordinates":[-120.19343,37.91378]},"properties":{"src":"usmin","kind":"Mine Shaft","name":"","topo":"Tuolumne 1948","url":"https://mrdata.usgs.gov/usmin/show-usmin.php?type=point&id=58829"}},{"type":"Feature","geometry":{"type":"Point","coordinates":[-120.25191,37.80051]},"properties":{"src":"usmin","kind":"Mine Shaft","name":"","topo":"Moccasin 1948","url":"https://mrdata.usgs.gov/usmin/show-usmin.php?type=point&id=58845"}},{"type":"Feature","geometry":{"type":"Point","coordinates":[-120.21045,37.92807]},"properties":{"src":"usmin","kind":"Mine Shaft","name":"Hattie Ester Mine","topo":"Tuolumne 1948","url":"https://mrdata.usgs.gov/usmin/show-usmin.php?type=point&id=58846"}},{"type":"Feature","geometry":{"type":"Point","coordinates":[-120.26074,37.82695]},"properties":{"src":"usmin","kind":"Mine Shaft","name":"","topo":"Moccasin 1948","url":"https://mrdata.usgs.gov/usmin/show-usmin.php?type=point&id=58880"}},{"type":"Feature","geometry":{"type":"Point","coordinates":[-120.28312,37.82376]},"properties":{"src":"usmin","kind":"Mine Shaft","name":"","topo":"Moccasin 1948","url":"https://mrdata.usgs.gov/usmin/show-usmin.php?type=point&id=58891"}},{"type":"Feature","geometry":{"type":"Point","coordinates":[-120.22884,37.84137]},"properties":{"src":"usmin","kind":"Mine Shaft","name":"","topo":"Groveland 1947","url":"https://mrdata.usgs.gov/usmin/show-usmin.php?type=point&id=58893"}},{"type":"Feature","geometry":{"type":"Point","coordinates":[-120.28455,37.97819]},"properties":{"src":"usmin","kind":"Mine Shaft","name":"Draiper Mine","topo":"Standard 1948","url":"https://mrdata.usgs.gov/usmin/show-usmin.php?type=point&id=58915"}},{"type":"Feature","geometry":{"type":"Point","coordinates":[-120.22906,37.84174]},"properties":{"src":"usmin","kind":"Mine Shaft","name":"","topo":"Groveland 1947","url":"https://mrdata.usgs.gov/usmin/show-usmin.php?type=point&id=58936"}},{"type":"Feature","geometry":{"type":"Point","coordinates":[-120.20455,37.82696]},"properties":{"src":"usmin","kind":"Mine Shaft","name":"","topo":"Groveland 1947","url":"https://mrdata.usgs.gov/usmin/show-usmin.php?type=point&id=58937"}},{"type":"Feature","geometry":{"type":"Point","coordinates":[-120.2576,37.91726]},"properties":{"src":"usmin","kind":"Open Pit Mine or Quarry","name":"","topo":"Standard 1948","url":"https://mrdata.usgs.gov/usmin/show-usmin.php?type=point&id=60726"}},{"type":"Feature","geometry":{"type":"Point","coordinates":[-120.22863,37.96443]},"properties":{"src":"usmin","kind":"Open Pit Mine or Quarry","name":"","topo":"Tuolumne 1948","url":"https://mrdata.usgs.gov/usmin/show-usmin.php?type=point&id=60737"}},{"type":"Feature","geometry":{"type":"Point","coordinates":[-120.265,37.82323]},"properties":{"src":"usmin","kind":"Open Pit Mine or Quarry","name":"","topo":"Moccasin 1948","url":"https://mrdata.usgs.gov/usmin/show-usmin.php?type=point&id=60738"}},{"type":"Feature","geometry":{"type":"Point","coordinates":[-120.2143,37.92619]},"properties":{"src":"usmin","kind":"Prospect Pit","name":"","topo":"Tuolumne 1948","url":"https://mrdata.usgs.gov/usmin/show-usmin.php?type=point&id=84692"}},{"type":"Feature","geometry":{"type":"Point","coordinates":[-120.23769,37.83975]},"properties":{"src":"usmin","kind":"Prospect Pit","name":"","topo":"Groveland 1947","url":"https://mrdata.usgs.gov/usmin/show-usmin.php?type=point&id=84703"}},{"type":"Feature","geometry":{"type":"Point","coordinates":[-120.24671,37.83296]},"properties":{"src":"usmin","kind":"Prospect Pit","name":"","topo":"Groveland 1947","url":"https://mrdata.usgs.gov/usmin/show-usmin.php?type=point&id=84707"}},{"type":"Feature","geometry":{"type":"Point","coordinates":[-120.27144,37.81659]},"properties":{"src":"usmin","kind":"Prospect Pit","name":"","topo":"Moccasin 1948","url":"https://mrdata.usgs.gov/usmin/show-usmin.php?type=point&id=84711"}},{"type":"Feature","geometry":{"type":"Point","coordinates":[-120.2632,37.82912]},"properties":{"src":"usmin","kind":"Prospect Pit","name":"","topo":"Moccasin 1948","url":"https://mrdata.usgs.gov/usmin/show-usmin.php?type=point&id=84716"}},{"type":"Feature","geometry":{"type":"Point","coordinates":[-120.21489,37.94236]},"properties":{"src":"usmin","kind":"Prospect Pit","name":"","topo":"Tuolumne 1948","url":"https://mrdata.usgs.gov/usmin/show-usmin.php?type=point&id=84718"}},{"type":"Feature","geometry":{"type":"Point","coordinates":[-120.27992,37.82214]},"properties":{"src":"usmin","kind":"Prospect Pit","name":"","topo":"Moccasin 1948","url":"https://mrdata.usgs.gov/usmin/show-usmin.php?type=point&id=84724"}},{"type":"Feature","geometry":{"type":"Point","coordinates":[-120.18594,37.88552]},"properties":{"src":"usmin","kind":"Prospect Pit","name":"Duleke Mine","topo":"Tuolumne 1948","url":"https://mrdata.usgs.gov/usmin/show-usmin.php?type=point&id=84725"}},{"type":"Feature","geometry":{"type":"Point","coordinates":[-120.16765,37.9147]},"properties":{"src":"usmin","kind":"Prospect Pit","name":"","topo":"Tuolumne 1948","url":"https://mrdata.usgs.gov/usmin/show-usmin.php?type=point&id=84744"}},{"type":"Feature","geometry":{"type":"Point","coordinates":[-120.24658,37.82037]},"properties":{"src":"usmin","kind":"Prospect Pit","name":"","topo":"Groveland 1947","url":"https://mrdata.usgs.gov/usmin/show-usmin.php?type=point&id=84746"}},{"type":"Feature","geometry":{"type":"Point","coordinates":[-120.17185,37.85174]},"properties":{"src":"usmin","kind":"Prospect Pit","name":"","topo":"Groveland 1947","url":"https://mrdata.usgs.gov/usmin/show-usmin.php?type=point&id=84752"}},{"type":"Feature","geometry":{"type":"Point","coordinates":[-120.21137,37.94369]},"properties":{"src":"usmin","kind":"Prospect Pit","name":"","topo":"Tuolumne 1948","url":"https://mrdata.usgs.gov/usmin/show-usmin.php?type=point&id=84754"}},{"type":"Feature","geometry":{"type":"Point","coordinates":[-120.19368,37.90662]},"properties":{"src":"usmin","kind":"Prospect Pit","name":"","topo":"Tuolumne 1948","url":"https://mrdata.usgs.gov/usmin/show-usmin.php?type=point&id=84765"}},{"type":"Feature","geometry":{"type":"Point","coordinates":[-120.28286,37.82295]},"properties":{"src":"usmin","kind":"Prospect Pit","name":"","topo":"Moccasin 1948","url":"https://mrdata.usgs.gov/usmin/show-usmin.php?type=point&id=84773"}},{"type":"Feature","geometry":{"type":"Point","coordinates":[-120.28106,37.8225]},"properties":{"src":"usmin","kind":"Prospect Pit","name":"","topo":"Moccasin 1948","url":"https://mrdata.usgs.gov/usmin/show-usmin.php?type=point&id=84788"}},{"type":"Feature","geometry":{"type":"Point","coordinates":[-120.25072,37.8171]},"properties":{"src":"usmin","kind":"Prospect Pit","name":"","topo":"Groveland 1947","url":"https://mrdata.usgs.gov/usmin/show-usmin.php?type=point&id=84793"}},{"type":"Feature","geometry":{"type":"Point","coordinates":[-120.20216,37.92667]},"properties":{"src":"usmin","kind":"Prospect Pit","name":"","topo":"Tuolumne 1948","url":"https://mrdata.usgs.gov/usmin/show-usmin.php?type=point&id=84801"}},{"type":"Feature","geometry":{"type":"Point","coordinates":[-120.29591,37.82661]},"properties":{"src":"usmin","kind":"Prospect Pit","name":"","topo":"Moccasin 1948","url":"https://mrdata.usgs.gov/usmin/show-usmin.php?type=point&id=84811"}},{"type":"Feature","geometry":{"type":"Point","coordinates":[-120.2587,37.81846]},"properties":{"src":"usmin","kind":"Prospect Pit","name":"","topo":"Moccasin 1948","url":"https://mrdata.usgs.gov/usmin/show-usmin.php?type=point&id=84819"}},{"type":"Feature","geometry":{"type":"Point","coordinates":[-120.25299,37.98024]},"properties":{"src":"usmin","kind":"Prospect Pit","name":"Chickenfeed Mine","topo":"Standard 1948","url":"https://mrdata.usgs.gov/usmin/show-usmin.php?type=point&id=84824"}},{"type":"Feature","geometry":{"type":"Point","coordinates":[-120.25337,37.97617]},"properties":{"src":"usmin","kind":"Prospect Pit","name":"","topo":"Standard 1948","url":"https://mrdata.usgs.gov/usmin/show-usmin.php?type=point&id=84826"}},{"type":"Feature","geometry":{"type":"Point","coordinates":[-120.24308,37.82049]},"properties":{"src":"usmin","kind":"Prospect Pit","name":"","topo":"Groveland 1947","url":"https://mrdata.usgs.gov/usmin/show-usmin.php?type=point&id=84828"}},{"type":"Feature","geometry":{"type":"Point","coordinates":[-120.27186,37.81699]},"properties":{"src":"usmin","kind":"Prospect Pit","name":"","topo":"Moccasin 1948","url":"https://mrdata.usgs.gov/usmin/show-usmin.php?type=point&id=84833"}},{"type":"Feature","geometry":{"type":"Point","coordinates":[-120.20864,37.94849]},"properties":{"src":"usmin","kind":"Prospect Pit","name":"","topo":"Tuolumne 1948","url":"https://mrdata.usgs.gov/usmin/show-usmin.php?type=point&id=84836"}},{"type":"Feature","geometry":{"type":"Point","coordinates":[-120.26009,37.9761]},"properties":{"src":"usmin","kind":"Prospect Pit","name":"","topo":"Standard 1948","url":"https://mrdata.usgs.gov/usmin/show-usmin.php?type=point&id=84841"}},{"type":"Feature","geometry":{"type":"Point","coordinates":[-120.27745,37.81958]},"properties":{"src":"usmin","kind":"Prospect Pit","name":"","topo":"Moccasin 1948","url":"https://mrdata.usgs.gov/usmin/show-usmin.php?type=point&id=84864"}},{"type":"Feature","geometry":{"type":"Point","coordinates":[-120.20875,37.94752]},"properties":{"src":"usmin","kind":"Prospect Pit","name":"","topo":"Tuolumne 1948","url":"https://mrdata.usgs.gov/usmin/show-usmin.php?type=point&id=84868"}},{"type":"Feature","geometry":{"type":"Point","coordinates":[-120.17918,37.86558]},"properties":{"src":"usmin","kind":"Prospect Pit","name":"","topo":"Groveland 1947","url":"https://mrdata.usgs.gov/usmin/show-usmin.php?type=point&id=84876"}},{"type":"Feature","geometry":{"type":"Point","coordinates":[-120.27622,37.81853]},"properties":{"src":"usmin","kind":"Prospect Pit","name":"","topo":"Moccasin 1948","url":"https://mrdata.usgs.gov/usmin/show-usmin.php?type=point&id=84877"}},{"type":"Feature","geometry":{"type":"Point","coordinates":[-120.20406,37.93063]},"properties":{"src":"usmin","kind":"Prospect Pit","name":"Spring Gulch Mine","topo":"Tuolumne 1948","url":"https://mrdata.usgs.gov/usmin/show-usmin.php?type=point&id=84879"}},{"type":"Feature","geometry":{"type":"Point","coordinates":[-120.22418,37.86832]},"properties":{"src":"usmin","kind":"Quarry","name":"","topo":"Groveland 2001","url":"https://mrdata.usgs.gov/usmin/show-usmin.php?type=point&id=85811"}},{"type":"Feature","geometry":{"type":"Point","coordinates":[-120.20438,37.82692]},"properties":{"src":"usmin","kind":"Mine Shaft","name":"","topo":"Tuolumne 1948","url":"https://mrdata.usgs.gov/usmin/show-usmin.php?type=point&id=494102"}},{"type":"Feature","geometry":{"type":"Point","coordinates":[-120.26066,37.827]},"properties":{"src":"usmin","kind":"Mine Shaft","name":"","topo":"Sonora 1948","url":"https://mrdata.usgs.gov/usmin/show-usmin.php?type=point&id=494175"}},{"type":"Feature","geometry":{"type":"Point","coordinates":[-120.19329,37.91376]},"properties":{"src":"usmin","kind":"Mine Shaft","name":"","topo":"Tuolumne 1948","url":"https://mrdata.usgs.gov/usmin/show-usmin.php?type=point&id=494185"}},{"type":"Feature","geometry":{"type":"Point","coordinates":[-120.27389,37.82941]},"properties":{"src":"usmin","kind":"Mine Shaft","name":"","topo":"Sonora 1948","url":"https://mrdata.usgs.gov/usmin/show-usmin.php?type=point&id=494209"}},{"type":"Feature","geometry":{"type":"Point","coordinates":[-120.22841,37.96445]},"properties":{"src":"usmin","kind":"Open Pit Mine or Quarry","name":"","topo":"Tuolumne 1948","url":"https://mrdata.usgs.gov/usmin/show-usmin.php?type=point&id=496002"}},{"type":"Feature","geometry":{"type":"Point","coordinates":[-120.25738,37.91744]},"properties":{"src":"usmin","kind":"Open Pit Mine or Quarry","name":"","topo":"Sonora 1948","url":"https://mrdata.usgs.gov/usmin/show-usmin.php?type=point&id=496006"}},{"type":"Feature","geometry":{"type":"Point","coordinates":[-120.24329,37.8205]},"properties":{"src":"usmin","kind":"Prospect Pit","name":"","topo":"Tuolumne 1948","url":"https://mrdata.usgs.gov/usmin/show-usmin.php?type=point&id=501376"}},{"type":"Feature","geometry":{"type":"Point","coordinates":[-120.27613,37.81884]},"properties":{"src":"usmin","kind":"Prospect Pit","name":"","topo":"Sonora 1948","url":"https://mrdata.usgs.gov/usmin/show-usmin.php?type=point&id=501386"}},{"type":"Feature","geometry":{"type":"Point","coordinates":[-120.28262,37.82295]},"properties":{"src":"usmin","kind":"Prospect Pit","name":"","topo":"Sonora 1948","url":"https://mrdata.usgs.gov/usmin/show-usmin.php?type=point&id=501392"}},{"type":"Feature","geometry":{"type":"Point","coordinates":[-120.27759,37.81963]},"properties":{"src":"usmin","kind":"Prospect Pit","name":"","topo":"Sonora 1948","url":"https://mrdata.usgs.gov/usmin/show-usmin.php?type=point&id=501417"}},{"type":"Feature","geometry":{"type":"Point","coordinates":[-120.20341,37.93059]},"properties":{"src":"usmin","kind":"Prospect Pit","name":"Spring Gulch Mine","topo":"Tuolumne 1948","url":"https://mrdata.usgs.gov/usmin/show-usmin.php?type=point&id=501418"}},{"type":"Feature","geometry":{"type":"Point","coordinates":[-120.24645,37.83285]},"properties":{"src":"usmin","kind":"Prospect Pit","name":"","topo":"Tuolumne 1948","url":"https://mrdata.usgs.gov/usmin/show-usmin.php?type=point&id=501463"}},{"type":"Feature","geometry":{"type":"Point","coordinates":[-120.25605,37.97738]},"properties":{"src":"usmin","kind":"Prospect Pit","name":"","topo":"Sonora 1948","url":"https://mrdata.usgs.gov/usmin/show-usmin.php?type=point&id=501465"}},{"type":"Feature","geometry":{"type":"Point","coordinates":[-120.25315,37.97613]},"properties":{"src":"usmin","kind":"Prospect Pit","name":"","topo":"Sonora 1948","url":"https://mrdata.usgs.gov/usmin/show-usmin.php?type=point&id=501466"}},{"type":"Feature","geometry":{"type":"Point","coordinates":[-120.2623,37.82905]},"properties":{"src":"usmin","kind":"Prospect Pit","name":"","topo":"Sonora 1948","url":"https://mrdata.usgs.gov/usmin/show-usmin.php?type=point&id=501481"}},{"type":"Feature","geometry":{"type":"Point","coordinates":[-120.17657,37.84182]},"properties":{"src":"usmin","kind":"Prospect Pit","name":"","topo":"Tuolumne 1948","url":"https://mrdata.usgs.gov/usmin/show-usmin.php?type=point&id=501494"}},{"type":"Feature","geometry":{"type":"Point","coordinates":[-120.25855,37.81851]},"properties":{"src":"usmin","kind":"Prospect Pit","name":"","topo":"Sonora 1948","url":"https://mrdata.usgs.gov/usmin/show-usmin.php?type=point&id=501514"}},{"type":"Feature","geometry":{"type":"Point","coordinates":[-120.24665,37.82048]},"properties":{"src":"usmin","kind":"Prospect Pit","name":"","topo":"Tuolumne 1948","url":"https://mrdata.usgs.gov/usmin/show-usmin.php?type=point&id=501519"}},{"type":"Feature","geometry":{"type":"Point","coordinates":[-120.16716,37.915]},"properties":{"src":"usmin","kind":"Prospect Pit","name":"","topo":"Tuolumne 1948","url":"https://mrdata.usgs.gov/usmin/show-usmin.php?type=point&id=501520"}},{"type":"Feature","geometry":{"type":"Point","coordinates":[-120.27184,37.81705]},"properties":{"src":"usmin","kind":"Prospect Pit","name":"","topo":"Sonora 1948","url":"https://mrdata.usgs.gov/usmin/show-usmin.php?type=point&id=501526"}},{"type":"Feature","geometry":{"type":"Point","coordinates":[-120.26223,37.90067]},"properties":{"src":"usmin","kind":"Adit","name":"Sunnyside Mine","topo":"Standard 1948","url":"https://mrdata.usgs.gov/usmin/show-usmin.php?type=point&id=49260"}},{"type":"Feature","geometry":{"type":"Point","coordinates":[-120.27036,37.83168]},"properties":{"src":"usmin","kind":"Adit","name":"","topo":"Moccasin 1948","url":"https://mrdata.usgs.gov/usmin/show-usmin.php?type=point&id=49271"}},{"type":"Feature","geometry":{"type":"Point","coordinates":[-120.20711,37.92964]},"properties":{"src":"usmin","kind":"Adit","name":"","topo":"Tuolumne 1948","url":"https://mrdata.usgs.gov/usmin/show-usmin.php?type=point&id=490190"}},{"type":"Feature","geometry":{"type":"Point","coordinates":[-120.27023,37.83186]},"properties":{"src":"usmin","kind":"Adit","name":"","topo":"Sonora 1948","url":"https://mrdata.usgs.gov/usmin/show-usmin.php?type=point&id=490282"}},{"type":"Feature","geometry":{"type":"Point","coordinates":[-120.29501,37.82576]},"properties":{"src":"usmin","kind":"Adit","name":"","topo":"Moccasin 1948","url":"https://mrdata.usgs.gov/usmin/show-usmin.php?type=point&id=49123"}},{"type":"Feature","geometry":{"type":"Point","coordinates":[-120.2088,37.92942]},"properties":{"src":"usmin","kind":"Adit","name":"Jigger Bill Brothers Mine","topo":"Tuolumne 1948","url":"https://mrdata.usgs.gov/usmin/show-usmin.php?type=point&id=49148"}},{"type":"Feature","geometry":{"type":"Point","coordinates":[-120.2478,37.81756]},"properties":{"src":"usmin","kind":"Adit","name":"","topo":"Groveland 1947","url":"https://mrdata.usgs.gov/usmin/show-usmin.php?type=point&id=49163"}},{"type":"Feature","geometry":{"type":"Point","coordinates":[-120.25036,37.81827]},"properties":{"src":"usmin","kind":"Adit","name":"","topo":"Groveland 1947","url":"https://mrdata.usgs.gov/usmin/show-usmin.php?type=point&id=49210"}},{"type":"Feature","geometry":{"type":"Point","coordinates":[-120.20852,37.92965]},"properties":{"src":"usmin","kind":"Adit","name":"Jigger Bill Brothers Mine","topo":"Tuolumne 1948","url":"https://mrdata.usgs.gov/usmin/show-usmin.php?type=point&id=490258"}},{"type":"Feature","geometry":{"type":"Point","coordinates":[-120.29503,37.82583]},"properties":{"src":"usmin","kind":"Adit","name":"","topo":"Sonora 1948","url":"https://mrdata.usgs.gov/usmin/show-usmin.php?type=point&id=490356"}},{"type":"Feature","geometry":{"type":"Point","coordinates":[-120.26502,37.82876]},"properties":{"src":"usmin","kind":"Adit","name":"","topo":"Moccasin 1948","url":"https://mrdata.usgs.gov/usmin/show-usmin.php?type=point&id=49136"}},{"type":"Feature","geometry":{"type":"Point","coordinates":[-120.24103,37.89353]},"properties":{"src":"usmin","kind":"Adit","name":"","topo":"Tuolumne 1948","url":"https://mrdata.usgs.gov/usmin/show-usmin.php?type=point&id=49140"}},{"type":"Feature","geometry":{"type":"Point","coordinates":[-120.26568,37.82902]},"properties":{"src":"usmin","kind":"Adit","name":"","topo":"Moccasin 1948","url":"https://mrdata.usgs.gov/usmin/show-usmin.php?type=point&id=49141"}},{"type":"Feature","geometry":{"type":"Point","coordinates":[-120.26583,37.82947]},"properties":{"src":"usmin","kind":"Adit","name":"","topo":"Moccasin 1948","url":"https://mrdata.usgs.gov/usmin/show-usmin.php?type=point&id=49212"}},{"type":"Feature","geometry":{"type":"Point","coordinates":[-120.267,37.97965]},"properties":{"src":"usmin","kind":"Adit","name":"","topo":"Standard 1948","url":"https://mrdata.usgs.gov/usmin/show-usmin.php?type=point&id=49283"}},{"type":"Feature","geometry":{"type":"Point","coordinates":[-120.24073,37.89355]},"properties":{"src":"usmin","kind":"Adit","name":"","topo":"Tuolumne 1948","url":"https://mrdata.usgs.gov/usmin/show-usmin.php?type=point&id=490176"}},{"type":"Feature","geometry":{"type":"Point","coordinates":[-120.21673,37.95039]},"properties":{"src":"usmin","kind":"Adit","name":"Providence Mine","topo":"Tuolumne 1948","url":"https://mrdata.usgs.gov/usmin/show-usmin.php?type=point&id=490216"}},{"type":"Feature","geometry":{"type":"Point","coordinates":[-120.2643,37.82859]},"properties":{"src":"usmin","kind":"Adit","name":"","topo":"Sonora 1948","url":"https://mrdata.usgs.gov/usmin/show-usmin.php?type=point&id=490254"}},{"type":"Feature","geometry":{"type":"Point","coordinates":[-120.26559,37.8296]},"properties":{"src":"usmin","kind":"Adit","name":"","topo":"Sonora 1948","url":"https://mrdata.usgs.gov/usmin/show-usmin.php?type=point&id=490269"}},{"type":"Feature","geometry":{"type":"Point","coordinates":[-120.26384,37.82993]},"properties":{"src":"usmin","kind":"Adit","name":"","topo":"Moccasin 1948","url":"https://mrdata.usgs.gov/usmin/show-usmin.php?type=point&id=49106"}},{"type":"Feature","geometry":{"type":"Point","coordinates":[-120.26602,37.88601]},"properties":{"src":"usmin","kind":"Adit","name":"Russell Telegraph Mine","topo":"Standard 1948","url":"https://mrdata.usgs.gov/usmin/show-usmin.php?type=point&id=49164"}},{"type":"Feature","geometry":{"type":"Point","coordinates":[-120.24399,37.82171]},"properties":{"src":"usmin","kind":"Adit","name":"","topo":"Groveland 1947","url":"https://mrdata.usgs.gov/usmin/show-usmin.php?type=point&id=49189"}},{"type":"Feature","geometry":{"type":"Point","coordinates":[-120.2779,37.82097]},"properties":{"src":"usmin","kind":"Adit","name":"","topo":"Moccasin 1948","url":"https://mrdata.usgs.gov/usmin/show-usmin.php?type=point&id=49217"}},{"type":"Feature","geometry":{"type":"Point","coordinates":[-120.27776,37.82117]},"properties":{"src":"usmin","kind":"Adit","name":"","topo":"Moccasin 1948","url":"https://mrdata.usgs.gov/usmin/show-usmin.php?type=point&id=49220"}},{"type":"Feature","geometry":{"type":"Point","coordinates":[-120.25717,37.82048]},"properties":{"src":"usmin","kind":"Adit","name":"","topo":"Moccasin 1948","url":"https://mrdata.usgs.gov/usmin/show-usmin.php?type=point&id=49231"}},{"type":"Feature","geometry":{"type":"Point","coordinates":[-120.26865,37.82968]},"properties":{"src":"usmin","kind":"Adit","name":"","topo":"Moccasin 1948","url":"https://mrdata.usgs.gov/usmin/show-usmin.php?type=point&id=49249"}},{"type":"Feature","geometry":{"type":"Point","coordinates":[-120.26358,37.83002]},"properties":{"src":"usmin","kind":"Adit","name":"","topo":"Sonora 1948","url":"https://mrdata.usgs.gov/usmin/show-usmin.php?type=point&id=490297"}},{"type":"Feature","geometry":{"type":"Point","coordinates":[-120.27724,37.82133]},"properties":{"src":"usmin","kind":"Adit","name":"","topo":"Sonora 1948","url":"https://mrdata.usgs.gov/usmin/show-usmin.php?type=point&id=490316"}},{"type":"Feature","geometry":{"type":"Point","coordinates":[-120.26666,37.97929]},"properties":{"src":"usmin","kind":"Adit","name":"","topo":"Sonora 1948","url":"https://mrdata.usgs.gov/usmin/show-usmin.php?type=point&id=490330"}},{"type":"Feature","geometry":{"type":"Point","coordinates":[-120.24333,37.83187]},"properties":{"src":"usmin","kind":"Adit","name":"","topo":"Tuolumne 1948","url":"https://mrdata.usgs.gov/usmin/show-usmin.php?type=point&id=490263"}},{"type":"Feature","geometry":{"type":"Point","coordinates":[-120.26281,37.83045]},"properties":{"src":"usmin","kind":"Adit","name":"","topo":"Moccasin 1948","url":"https://mrdata.usgs.gov/usmin/show-usmin.php?type=point&id=49241"}},{"type":"Feature","geometry":{"type":"Point","coordinates":[-120.23756,37.82926]},"properties":{"src":"usmin","kind":"Adit","name":"","topo":"Tuolumne 1948","url":"https://mrdata.usgs.gov/usmin/show-usmin.php?type=point&id=490193"}},{"type":"Feature","geometry":{"type":"Point","coordinates":[-120.23759,37.83049]},"properties":{"src":"usmin","kind":"Adit","name":"","topo":"Tuolumne 1948","url":"https://mrdata.usgs.gov/usmin/show-usmin.php?type=point&id=490208"}},{"type":"Feature","geometry":{"type":"Point","coordinates":[-120.26269,37.83041]},"properties":{"src":"usmin","kind":"Adit","name":"","topo":"Sonora 1948","url":"https://mrdata.usgs.gov/usmin/show-usmin.php?type=point&id=490265"}},{"type":"Feature","geometry":{"type":"Point","coordinates":[-120.21241,37.7961]},"properties":{"src":"usmin","kind":"Adit","name":"","topo":"Groveland 1947","url":"https://mrdata.usgs.gov/usmin/show-usmin.php?type=point&id=49142"}},{"type":"Feature","geometry":{"type":"Point","coordinates":[-120.26513,37.82398]},"properties":{"src":"usmin","kind":"Adit","name":"","topo":"Sonora 1948","url":"https://mrdata.usgs.gov/usmin/show-usmin.php?type=point&id=490327"}},{"type":"Feature","geometry":{"type":"Point","coordinates":[-120.23817,37.83016]},"properties":{"src":"usmin","kind":"Adit","name":"","topo":"Groveland 1947","url":"https://mrdata.usgs.gov/usmin/show-usmin.php?type=point&id=49131"}},{"type":"Feature","geometry":{"type":"Point","coordinates":[-120.27316,37.8286]},"properties":{"src":"usmin","kind":"Adit","name":"","topo":"Moccasin 1948","url":"https://mrdata.usgs.gov/usmin/show-usmin.php?type=point&id=49244"}},{"type":"Feature","geometry":{"type":"Point","coordinates":[-120.27008,37.827]},"properties":{"src":"usmin","kind":"Adit","name":"","topo":"Moccasin 1948","url":"https://mrdata.usgs.gov/usmin/show-usmin.php?type=point&id=49255"}},{"type":"Feature","geometry":{"type":"Point","coordinates":[-120.30049,37.82863]},"properties":{"src":"usmin","kind":"Adit","name":"","topo":"Moccasin 1948","url":"https://mrdata.usgs.gov/usmin/show-usmin.php?type=point&id=49288"}},{"type":"Feature","geometry":{"type":"Point","coordinates":[-120.26234,37.82594]},"properties":{"src":"usmin","kind":"Adit","name":"","topo":"Moccasin 1948","url":"https://mrdata.usgs.gov/usmin/show-usmin.php?type=point&id=49295"}},{"type":"Feature","geometry":{"type":"Point","coordinates":[-120.23848,37.83027]},"properties":{"src":"usmin","kind":"Adit","name":"","topo":"Tuolumne 1948","url":"https://mrdata.usgs.gov/usmin/show-usmin.php?type=point&id=490179"}},{"type":"Feature","geometry":{"type":"Point","coordinates":[-120.26224,37.82608]},"properties":{"src":"usmin","kind":"Adit","name":"","topo":"Sonora 1948","url":"https://mrdata.usgs.gov/usmin/show-usmin.php?type=point&id=490184"}},{"type":"Feature","geometry":{"type":"Point","coordinates":[-120.30061,37.82896]},"properties":{"src":"usmin","kind":"Adit","name":"","topo":"Sonora 1948","url":"https://mrdata.usgs.gov/usmin/show-usmin.php?type=point&id=490205"}},{"type":"Feature","geometry":{"type":"Point","coordinates":[-120.27312,37.82889]},"properties":{"src":"usmin","kind":"Adit","name":"","topo":"Sonora 1948","url":"https://mrdata.usgs.gov/usmin/show-usmin.php?type=point&id=490289"}},{"type":"Feature","geometry":{"type":"Point","coordinates":[-120.26974,37.82733]},"properties":{"src":"usmin","kind":"Adit","name":"","topo":"Sonora 1948","url":"https://mrdata.usgs.gov/usmin/show-usmin.php?type=point&id=490299"}},{"type":"Feature","geometry":{"type":"Point","coordinates":[-120.27757,37.83517]},"properties":{"src":"usmin","kind":"Adit","name":"","topo":"Sonora 1948","url":"https://mrdata.usgs.gov/usmin/show-usmin.php?type=point&id=490361"}},{"type":"Feature","geometry":{"type":"Point","coordinates":[-120.28207,37.82236]},"properties":{"src":"usmin","kind":"Adit","name":"","topo":"Moccasin 1948","url":"https://mrdata.usgs.gov/usmin/show-usmin.php?type=point&id=49262"}},{"type":"Feature","geometry":{"type":"Point","coordinates":[-120.26231,37.90059]},"properties":{"src":"usmin","kind":"Adit","name":"Sunnyside Mine","topo":"Sonora 1948","url":"https://mrdata.usgs.gov/usmin/show-usmin.php?type=point&id=490298"}},{"type":"Feature","geometry":{"type":"Point","coordinates":[-120.40092,37.86524]},"properties":{"src":"usmin","kind":"Mill Site","name":"Eagle-Shawmut Mill","topo":"Chinese Camp 1947","url":"https://mrdata.usgs.gov/usmin/show-usmin.php?type=point&id=52926"}},{"type":"Feature","geometry":{"type":"Point","coordinates":[-120.42516,37.92833]},"properties":{"src":"usmin","kind":"Mine Shaft","name":"","topo":"Sonora 1948","url":"https://mrdata.usgs.gov/usmin/show-usmin.php?type=point&id=58792"}},{"type":"Feature","geometry":{"type":"Point","coordinates":[-120.36174,37.90486]},"properties":{"src":"usmin","kind":"Mine Shaft","name":"","topo":"Standard 1948","url":"https://mrdata.usgs.gov/usmin/show-usmin.php?type=point&id=58800"}},{"type":"Feature","geometry":{"type":"Point","coordinates":[-120.40121,37.87955]},"properties":{"src":"usmin","kind":"Mine Shaft","name":"","topo":"Sonora 1948","url":"https://mrdata.usgs.gov/usmin/show-usmin.php?type=point&id=58801"}},{"type":"Feature","geometry":{"type":"Point","coordinates":[-120.40324,37.88194]},"properties":{"src":"usmin","kind":"Mine Shaft","name":"","topo":"Sonora 1948","url":"https://mrdata.usgs.gov/usmin/show-usmin.php?type=point&id=58803"}},{"type":"Feature","geometry":{"type":"Point","coordinates":[-120.49023,37.97318]},"properties":{"src":"usmin","kind":"Mine Shaft","name":"","topo":"Sonora 1948","url":"https://mrdata.usgs.gov/usmin/show-usmin.php?type=point&id=58808"}},{"type":"Feature","geometry":{"type":"Point","coordinates":[-120.43784,37.94549]},"properties":{"src":"usmin","kind":"Mine Shaft","name":"Harvard Mine","topo":"Sonora 1948","url":"https://mrdata.usgs.gov/usmin/show-usmin.php?type=point&id=58809"}},{"type":"Feature","geometry":{"type":"Point","coordinates":[-120.39731,37.86849]},"properties":{"src":"usmin","kind":"Mine Shaft","name":"","topo":"Chinese Camp 1947","url":"https://mrdata.usgs.gov/usmin/show-usmin.php?type=point&id=58812"}},{"type":"Feature","geometry":{"type":"Point","coordinates":[-120.39583,37.86704]},"properties":{"src":"usmin","kind":"Mine Shaft","name":"","topo":"Chinese Camp 1947","url":"https://mrdata.usgs.gov/usmin/show-usmin.php?type=point&id=58818"}},{"type":"Feature","geometry":{"type":"Point","coordinates":[-120.48348,37.98096]},"properties":{"src":"usmin","kind":"Mine Shaft","name":"Toledo Mine","topo":"Sonora 1948","url":"https://mrdata.usgs.gov/usmin/show-usmin.php?type=point&id=58822"}},{"type":"Feature","geometry":{"type":"Point","coordinates":[-120.41141,37.90524]},"properties":{"src":"usmin","kind":"Mine Shaft","name":"","topo":"Sonora 1948","url":"https://mrdata.usgs.gov/usmin/show-usmin.php?type=point&id=58830"}},{"type":"Feature","geometry":{"type":"Point","coordinates":[-120.41378,37.90933]},"properties":{"src":"usmin","kind":"Mine Shaft","name":"","topo":"Sonora 1948","url":"https://mrdata.usgs.gov/usmin/show-usmin.php?type=point&id=58831"}},{"type":"Feature","geometry":{"type":"Point","coordinates":[-120.56334,37.89045]},"properties":{"src":"usmin","kind":"Mine Shaft","name":"Green Spring Mine","topo":"New Melones Dam 1962","url":"https://mrdata.usgs.gov/usmin/show-usmin.php?type=point&id=58833"}},{"type":"Feature","geometry":{"type":"Point","coordinates":[-120.50029,37.96298]},"properties":{"src":"usmin","kind":"Mine Shaft","name":"","topo":"Sonora 1948","url":"https://mrdata.usgs.gov/usmin/show-usmin.php?type=point&id=58835"}},{"type":"Feature","geometry":{"type":"Point","coordinates":[-120.4405,37.94999]},"properties":{"src":"usmin","kind":"Mine Shaft","name":"","topo":"Sonora 1948","url":"https://mrdata.usgs.gov/usmin/show-usmin.php?type=point&id=58842"}},{"type":"Feature","geometry":{"type":"Point","coordinates":[-120.36142,37.85868]},"properties":{"src":"usmin","kind":"Mine Shaft","name":"","topo":"Moccasin 1948","url":"https://mrdata.usgs.gov/usmin/show-usmin.php?type=point&id=58844"}},{"type":"Feature","geometry":{"type":"Point","coordinates":[-120.45972,37.89336]},"properties":{"src":"usmin","kind":"Mine Shaft","name":"","topo":"Sonora 1948","url":"https://mrdata.usgs.gov/usmin/show-usmin.php?type=point&id=58848"}},{"type":"Feature","geometry":{"type":"Point","coordinates":[-120.37358,37.90713]},"properties":{"src":"usmin","kind":"Mine Shaft","name":"","topo":"Standard 1948","url":"https://mrdata.usgs.gov/usmin/show-usmin.php?type=point&id=58849"}},{"type":"Feature","geometry":{"type":"Point","coordinates":[-120.41238,37.91414]},"properties":{"src":"usmin","kind":"Mine Shaft","name":"","topo":"Sonora 1948","url":"https://mrdata.usgs.gov/usmin/show-usmin.php?type=point&id=58854"}},{"type":"Feature","geometry":{"type":"Point","coordinates":[-120.36728,37.84658]},"properties":{"src":"usmin","kind":"Mine Shaft","name":"Clio Mine","topo":"Moccasin 1948","url":"https://mrdata.usgs.gov/usmin/show-usmin.php?type=point&id=58857"}},{"type":"Feature","geometry":{"type":"Point","coordinates":[-120.41814,37.91912]},"properties":{"src":"usmin","kind":"Mine Shaft","name":"","topo":"Sonora 1948","url":"https://mrdata.usgs.gov/usmin/show-usmin.php?type=point&id=58858"}},{"type":"Feature","geometry":{"type":"Point","coordinates":[-120.36179,37.85884]},"properties":{"src":"usmin","kind":"Mine Shaft","name":"","topo":"Moccasin 1948","url":"https://mrdata.usgs.gov/usmin/show-usmin.php?type=point&id=58873"}},{"type":"Feature","geometry":{"type":"Point","coordinates":[-120.41388,37.91049]},"properties":{"src":"usmin","kind":"Mine Shaft","name":"","topo":"Sonora 1948","url":"https://mrdata.usgs.gov/usmin/show-usmin.php?type=point&id=58876"}},{"type":"Feature","geometry":{"type":"Point","coordinates":[-120.41625,37.91406]},"properties":{"src":"usmin","kind":"Mine Shaft","name":"","topo":"Sonora 1948","url":"https://mrdata.usgs.gov/usmin/show-usmin.php?type=point&id=58883"}},{"type":"Feature","geometry":{"type":"Point","coordinates":[-120.41971,37.92785]},"properties":{"src":"usmin","kind":"Mine Shaft","name":"","topo":"Sonora 1948","url":"https://mrdata.usgs.gov/usmin/show-usmin.php?type=point&id=58886"}},{"type":"Feature","geometry":{"type":"Point","coordinates":[-120.40283,37.88281]},"properties":{"src":"usmin","kind":"Mine Shaft","name":"","topo":"Sonora 1948","url":"https://mrdata.usgs.gov/usmin/show-usmin.php?type=point&id=58888"}},{"type":"Feature","geometry":{"type":"Point","coordinates":[-120.41065,37.92684]},"properties":{"src":"usmin","kind":"Mine Shaft","name":"","topo":"Sonora 1948","url":"https://mrdata.usgs.gov/usmin/show-usmin.php?type=point&id=58889"}},{"type":"Feature","geometry":{"type":"Point","coordinates":[-120.39287,37.88904]},"properties":{"src":"usmin","kind":"Mine Shaft","name":"","topo":"Sonora 1948","url":"https://mrdata.usgs.gov/usmin/show-usmin.php?type=point&id=58897"}},{"type":"Feature","geometry":{"type":"Point","coordinates":[-120.41415,37.91113]},"properties":{"src":"usmin","kind":"Mine Shaft","name":"","topo":"Sonora 1948","url":"https://mrdata.usgs.gov/usmin/show-usmin.php?type=point&id=58907"}},{"type":"Feature","geometry":{"type":"Point","coordinates":[-120.41366,37.91]},"properties":{"src":"usmin","kind":"Mine Shaft","name":"Golden Rule Mine","topo":"Sonora 1948","url":"https://mrdata.usgs.gov/usmin/show-usmin.php?type=point&id=58908"}},{"type":"Feature","geometry":{"type":"Point","coordinates":[-120.40084,37.87973]},"properties":{"src":"usmin","kind":"Mine Shaft","name":"","topo":"Sonora 1948","url":"https://mrdata.usgs.gov/usmin/show-usmin.php?type=point&id=58909"}},{"type":"Feature","geometry":{"type":"Point","coordinates":[-120.41236,37.91383]},"properties":{"src":"usmin","kind":"Mine Shaft","name":"","topo":"Sonora 1948","url":"https://mrdata.usgs.gov/usmin/show-usmin.php?type=point&id=58911"}},{"type":"Feature","geometry":{"type":"Point","coordinates":[-120.44499,37.95442]},"properties":{"src":"usmin","kind":"Mine Shaft","name":"","topo":"Sonora 1948","url":"https://mrdata.usgs.gov/usmin/show-usmin.php?type=point&id=58913"}},{"type":"Feature","geometry":{"type":"Point","coordinates":[-120.37543,37.95343]},"properties":{"src":"usmin","kind":"Mine Shaft","name":"","topo":"Standard 1948","url":"https://mrdata.usgs.gov/usmin/show-usmin.php?type=point&id=58914"}},{"type":"Feature","geometry":{"type":"Point","coordinates":[-120.40233,37.88271]},"properties":{"src":"usmin","kind":"Mine Shaft","name":"","topo":"Sonora 1948","url":"https://mrdata.usgs.gov/usmin/show-usmin.php?type=point&id=58916"}},{"type":"Feature","geometry":{"type":"Point","coordinates":[-120.40494,37.89049]},"properties":{"src":"usmin","kind":"Mine Shaft","name":"","topo":"Sonora 1948","url":"https://mrdata.usgs.gov/usmin/show-usmin.php?type=point&id=58918"}},{"type":"Feature","geometry":{"type":"Point","coordinates":[-120.41343,37.90442]},"properties":{"src":"usmin","kind":"Mine Shaft","name":"","topo":"Sonora 1948","url":"https://mrdata.usgs.gov/usmin/show-usmin.php?type=point&id=58919"}},{"type":"Feature","geometry":{"type":"Point","coordinates":[-120.45976,37.97208]},"properties":{"src":"usmin","kind":"Mine Shaft","name":"","topo":"Sonora 1948","url":"https://mrdata.usgs.gov/usmin/show-usmin.php?type=point&id=58920"}},{"type":"Feature","geometry":{"type":"Point","coordinates":[-120.36782,37.84616]},"properties":{"src":"usmin","kind":"Mine Shaft","name":"","topo":"Moccasin 1948","url":"https://mrdata.usgs.gov/usmin/show-usmin.php?type=point&id=58923"}},{"type":"Feature","geometry":{"type":"Point","coordinates":[-120.3486,37.83815]},"properties":{"src":"usmin","kind":"Mine Shaft","name":"Harriman Mine","topo":"Moccasin 1948","url":"https://mrdata.usgs.gov/usmin/show-usmin.php?type=point&id=58925"}},{"type":"Feature","geometry":{"type":"Point","coordinates":[-120.39026,37.9712]},"properties":{"src":"usmin","kind":"Mine Shaft","name":"","topo":"Sonora 1948","url":"https://mrdata.usgs.gov/usmin/show-usmin.php?type=point&id=58927"}},{"type":"Feature","geometry":{"type":"Point","coordinates":[-120.34959,37.83843]},"properties":{"src":"usmin","kind":"Mine Shaft","name":"","topo":"Moccasin 1948","url":"https://mrdata.usgs.gov/usmin/show-usmin.php?type=point&id=58930"}},{"type":"Feature","geometry":{"type":"Point","coordinates":[-120.49568,37.84747]},"properties":{"src":"usmin","kind":"Open Pit Mine or Quarry","name":"","topo":"Chinese Camp 1947","url":"https://mrdata.usgs.gov/usmin/show-usmin.php?type=point&id=60729"}},{"type":"Feature","geometry":{"type":"Point","coordinates":[-120.44984,37.85242]},"properties":{"src":"usmin","kind":"Open Pit Mine or Quarry","name":"","topo":"Chinese Camp 1947","url":"https://mrdata.usgs.gov/usmin/show-usmin.php?type=point&id=60734"}},{"type":"Feature","geometry":{"type":"Point","coordinates":[-120.38657,37.85537]},"properties":{"src":"usmin","kind":"Prospect Pit","name":"","topo":"Chinese Camp 1947","url":"https://mrdata.usgs.gov/usmin/show-usmin.php?type=point&id=84683"}},{"type":"Feature","geometry":{"type":"Point","coordinates":[-120.38535,37.85384]},"properties":{"src":"usmin","kind":"Prospect Pit","name":"Mammoth Mine","topo":"Chinese Camp 1947","url":"https://mrdata.usgs.gov/usmin/show-usmin.php?type=point&id=84685"}},{"type":"Feature","geometry":{"type":"Point","coordinates":[-120.36769,37.84651]},"properties":{"src":"usmin","kind":"Prospect Pit","name":"","topo":"Moccasin 1948","url":"https://mrdata.usgs.gov/usmin/show-usmin.php?type=point&id=84690"}},{"type":"Feature","geometry":{"type":"Point","coordinates":[-120.3807,37.85198]},"properties":{"src":"usmin","kind":"Prospect Pit","name":"Orcutt Mine","topo":"Chinese Camp 1947","url":"https://mrdata.usgs.gov/usmin/show-usmin.php?type=point&id=84699"}},{"type":"Feature","geometry":{"type":"Point","coordinates":[-120.42082,37.92317]},"properties":{"src":"usmin","kind":"Prospect Pit","name":"","topo":"Sonora 1948","url":"https://mrdata.usgs.gov/usmin/show-usmin.php?type=point&id=84717"}},{"type":"Feature","geometry":{"type":"Point","coordinates":[-120.3765,37.85264]},"properties":{"src":"usmin","kind":"Prospect Pit","name":"","topo":"Chinese Camp 1947","url":"https://mrdata.usgs.gov/usmin/show-usmin.php?type=point&id=84729"}},{"type":"Feature","geometry":{"type":"Point","coordinates":[-120.37623,37.85477]},"properties":{"src":"usmin","kind":"Prospect Pit","name":"","topo":"Chinese Camp 1947","url":"https://mrdata.usgs.gov/usmin/show-usmin.php?type=point&id=84738"}},{"type":"Feature","geometry":{"type":"Point","coordinates":[-120.48795,37.90817]},"properties":{"src":"usmin","kind":"Prospect Pit","name":"","topo":"Sonora 1948","url":"https://mrdata.usgs.gov/usmin/show-usmin.php?type=point&id=84739"}},{"type":"Feature","geometry":{"type":"Point","coordinates":[-120.38007,37.85196]},"properties":{"src":"usmin","kind":"Prospect Pit","name":"","topo":"Chinese Camp 1947","url":"https://mrdata.usgs.gov/usmin/show-usmin.php?type=point&id=84743"}},{"type":"Feature","geometry":{"type":"Point","coordinates":[-120.37765,37.85349]},"properties":{"src":"usmin","kind":"Prospect Pit","name":"","topo":"Chinese Camp 1947","url":"https://mrdata.usgs.gov/usmin/show-usmin.php?type=point&id=84750"}},{"type":"Feature","geometry":{"type":"Point","coordinates":[-120.45933,37.86976]},"properties":{"src":"usmin","kind":"Prospect Pit","name":"","topo":"Chinese Camp 1947","url":"https://mrdata.usgs.gov/usmin/show-usmin.php?type=point&id=84753"}},{"type":"Feature","geometry":{"type":"Point","coordinates":[-120.42791,37.93651]},"properties":{"src":"usmin","kind":"Prospect Pit","name":"","topo":"Sonora 1948","url":"https://mrdata.usgs.gov/usmin/show-usmin.php?type=point&id=84761"}},{"type":"Feature","geometry":{"type":"Point","coordinates":[-120.37722,37.85137]},"properties":{"src":"usmin","kind":"Prospect Pit","name":"","topo":"Chinese Camp 1947","url":"https://mrdata.usgs.gov/usmin/show-usmin.php?type=point&id=84764"}},{"type":"Feature","geometry":{"type":"Point","coordinates":[-120.37811,37.85298]},"properties":{"src":"usmin","kind":"Prospect Pit","name":"","topo":"Chinese Camp 1947","url":"https://mrdata.usgs.gov/usmin/show-usmin.php?type=point&id=84768"}},{"type":"Feature","geometry":{"type":"Point","coordinates":[-120.361,37.85847]},"properties":{"src":"usmin","kind":"Prospect Pit","name":"","topo":"Moccasin 1948","url":"https://mrdata.usgs.gov/usmin/show-usmin.php?type=point&id=84769"}},{"type":"Feature","geometry":{"type":"Point","coordinates":[-120.3767,37.85311]},"properties":{"src":"usmin","kind":"Prospect Pit","name":"","topo":"Chinese Camp 1947","url":"https://mrdata.usgs.gov/usmin/show-usmin.php?type=point&id=84792"}},{"type":"Feature","geometry":{"type":"Point","coordinates":[-120.50494,37.91331]},"properties":{"src":"usmin","kind":"Prospect Pit","name":"","topo":"New Melones Dam 1962","url":"https://mrdata.usgs.gov/usmin/show-usmin.php?type=point&id=84809"}},{"type":"Feature","geometry":{"type":"Point","coordinates":[-120.37359,37.97975]},"properties":{"src":"usmin","kind":"Prospect Pit","name":"","topo":"Standard 1948","url":"https://mrdata.usgs.gov/usmin/show-usmin.php?type=point&id=84814"}},{"type":"Feature","geometry":{"type":"Point","coordinates":[-120.3871,37.85655]},"properties":{"src":"usmin","kind":"Prospect Pit","name":"","topo":"Chinese Camp 1947","url":"https://mrdata.usgs.gov/usmin/show-usmin.php?type=point&id=84825"}},{"type":"Feature","geometry":{"type":"Point","coordinates":[-120.37713,37.85219]},"properties":{"src":"usmin","kind":"Prospect Pit","name":"","topo":"Chinese Camp 1947","url":"https://mrdata.usgs.gov/usmin/show-usmin.php?type=point&id=84832"}},{"type":"Feature","geometry":{"type":"Point","coordinates":[-120.40088,37.87922]},"properties":{"src":"usmin","kind":"Prospect Pit","name":"","topo":"Sonora 1948","url":"https://mrdata.usgs.gov/usmin/show-usmin.php?type=point&id=84843"}},{"type":"Feature","geometry":{"type":"Point","coordinates":[-120.37587,37.79848]},"properties":{"src":"usmin","kind":"Prospect Pit","name":"Brown Adit","topo":"Moccasin 1948","url":"https://mrdata.usgs.gov/usmin/show-usmin.php?type=point&id=84844"}},{"type":"Feature","geometry":{"type":"Point","coordinates":[-120.36704,37.85095]},"properties":{"src":"usmin","kind":"Prospect Pit","name":"","topo":"Moccasin 1948","url":"https://mrdata.usgs.gov/usmin/show-usmin.php?type=point&id=84849"}},{"type":"Feature","geometry":{"type":"Point","coordinates":[-120.345,37.83608]},"properties":{"src":"usmin","kind":"Prospect Pit","name":"","topo":"Moccasin 1948","url":"https://mrdata.usgs.gov/usmin/show-usmin.php?type=point&id=84850"}},{"type":"Feature","geometry":{"type":"Point","coordinates":[-120.40214,37.88109]},"properties":{"src":"usmin","kind":"Prospect Pit","name":"","topo":"Sonora 1948","url":"https://mrdata.usgs.gov/usmin/show-usmin.php?type=point&id=84855"}},{"type":"Feature","geometry":{"type":"Point","coordinates":[-120.41208,37.91404]},"properties":{"src":"usmin","kind":"Prospect Pit","name":"","topo":"Sonora 1948","url":"https://mrdata.usgs.gov/usmin/show-usmin.php?type=point&id=84859"}},{"type":"Feature","geometry":{"type":"Point","coordinates":[-120.41126,37.89927]},"properties":{"src":"usmin","kind":"Prospect Pit","name":"","topo":"Sonora 1948","url":"https://mrdata.usgs.gov/usmin/show-usmin.php?type=point&id=84861"}},{"type":"Feature","geometry":{"type":"Point","coordinates":[-120.50379,37.91339]},"properties":{"src":"usmin","kind":"Prospect Pit","name":"","topo":"New Melones Dam 1962","url":"https://mrdata.usgs.gov/usmin/show-usmin.php?type=point&id=84862"}},{"type":"Feature","geometry":{"type":"Point","coordinates":[-120.37628,37.96722]},"properties":{"src":"usmin","kind":"Quarry","name":"","topo":"Sonora 1948","url":"https://mrdata.usgs.gov/usmin/show-usmin.php?type=point&id=85799"}},{"type":"Feature","geometry":{"type":"Point","coordinates":[-120.52701,37.91892]},"properties":{"src":"usmin","kind":"Quarry","name":"","topo":"New Melones Dam 1962","url":"https://mrdata.usgs.gov/usmin/show-usmin.php?type=point&id=85810"}},{"type":"Feature","geometry":{"type":"Point","coordinates":[-120.42513,37.92841]},"properties":{"src":"usmin","kind":"Mine Shaft","name":"","topo":"Sonora 1948","url":"https://mrdata.usgs.gov/usmin/show-usmin.php?type=point&id=494092"}},{"type":"Feature","geometry":{"type":"Point","coordinates":[-120.40209,37.88275]},"properties":{"src":"usmin","kind":"Mine Shaft","name":"","topo":"Sonora 1948","url":"https://mrdata.usgs.gov/usmin/show-usmin.php?type=point&id=494093"}},{"type":"Feature","geometry":{"type":"Point","coordinates":[-120.34975,37.83808]},"properties":{"src":"usmin","kind":"Mine Shaft","name":"Harriman Mine","topo":"Sonora 1948","url":"https://mrdata.usgs.gov/usmin/show-usmin.php?type=point&id=494109"}},{"type":"Feature","geometry":{"type":"Point","coordinates":[-120.41343,37.90864]},"properties":{"src":"usmin","kind":"Mine Shaft","name":"","topo":"Sonora 1948","url":"https://mrdata.usgs.gov/usmin/show-usmin.php?type=point&id=494111"}},{"type":"Feature","geometry":{"type":"Point","coordinates":[-120.40508,37.89059]},"properties":{"src":"usmin","kind":"Mine Shaft","name":"","topo":"Sonora 1948","url":"https://mrdata.usgs.gov/usmin/show-usmin.php?type=point&id=494117"}},{"type":"Feature","geometry":{"type":"Point","coordinates":[-120.43956,37.97056]},"properties":{"src":"usmin","kind":"Mine Shaft","name":"","topo":"Sonora 1948","url":"https://mrdata.usgs.gov/usmin/show-usmin.php?type=point&id=494126"}},{"type":"Feature","geometry":{"type":"Point","coordinates":[-120.44483,37.95435]},"properties":{"src":"usmin","kind":"Mine Shaft","name":"","topo":"Sonora 1948","url":"https://mrdata.usgs.gov/usmin/show-usmin.php?type=point&id=494145"}},{"type":"Feature","geometry":{"type":"Point","coordinates":[-120.36156,37.90493]},"properties":{"src":"usmin","kind":"Mine Shaft","name":"","topo":"Sonora 1948","url":"https://mrdata.usgs.gov/usmin/show-usmin.php?type=point&id=494150"}},{"type":"Feature","geometry":{"type":"Point","coordinates":[-120.41345,37.90448]},"properties":{"src":"usmin","kind":"Mine Shaft","name":"","topo":"Sonora 1948","url":"https://mrdata.usgs.gov/usmin/show-usmin.php?type=point&id=494159"}},{"type":"Feature","geometry":{"type":"Point","coordinates":[-120.43368,37.94298]},"properties":{"src":"usmin","kind":"Mine Shaft","name":"","topo":"Sonora 1948","url":"https://mrdata.usgs.gov/usmin/show-usmin.php?type=point&id=494161"}},{"type":"Feature","geometry":{"type":"Point","coordinates":[-120.47932,37.97352]},"properties":{"src":"usmin","kind":"Mine Shaft","name":"","topo":"Sonora 1948","url":"https://mrdata.usgs.gov/usmin/show-usmin.php?type=point&id=494163"}},{"type":"Feature","geometry":{"type":"Point","coordinates":[-120.49034,37.97334]},"properties":{"src":"usmin","kind":"Mine Shaft","name":"","topo":"Sonora 1948","url":"https://mrdata.usgs.gov/usmin/show-usmin.php?type=point&id=494165"}},{"type":"Feature","geometry":{"type":"Point","coordinates":[-120.41384,37.91026]},"properties":{"src":"usmin","kind":"Mine Shaft","name":"","topo":"Sonora 1948","url":"https://mrdata.usgs.gov/usmin/show-usmin.php?type=point&id=494180"}},{"type":"Feature","geometry":{"type":"Point","coordinates":[-120.41226,37.91444]},"properties":{"src":"usmin","kind":"Mine Shaft","name":"","topo":"Sonora 1948","url":"https://mrdata.usgs.gov/usmin/show-usmin.php?type=point&id=494181"}},{"type":"Feature","geometry":{"type":"Point","coordinates":[-120.45948,37.97201]},"properties":{"src":"usmin","kind":"Mine Shaft","name":"","topo":"Sonora 1948","url":"https://mrdata.usgs.gov/usmin/show-usmin.php?type=point&id=494207"}},{"type":"Feature","geometry":{"type":"Point","coordinates":[-120.41414,37.91104]},"properties":{"src":"usmin","kind":"Mine Shaft","name":"Golden Rule Mine","topo":"Sonora 1948","url":"https://mrdata.usgs.gov/usmin/show-usmin.php?type=point&id=494211"}},{"type":"Feature","geometry":{"type":"Point","coordinates":[-120.37301,37.90753]},"properties":{"src":"usmin","kind":"Mine Shaft","name":"","topo":"Sonora 1948","url":"https://mrdata.usgs.gov/usmin/show-usmin.php?type=point&id=494212"}},{"type":"Feature","geometry":{"type":"Point","coordinates":[-120.41631,37.91401]},"properties":{"src":"usmin","kind":"Mine Shaft","name":"","topo":"Sonora 1948","url":"https://mrdata.usgs.gov/usmin/show-usmin.php?type=point&id=494213"}},{"type":"Feature","geometry":{"type":"Point","coordinates":[-120.49428,37.90716]},"properties":{"src":"usmin","kind":"Mine Shaft","name":"","topo":"Sonora 1948","url":"https://mrdata.usgs.gov/usmin/show-usmin.php?type=point&id=494223"}},{"type":"Feature","geometry":{"type":"Point","coordinates":[-120.34848,37.83813]},"properties":{"src":"usmin","kind":"Mine Shaft","name":"","topo":"Sonora 1948","url":"https://mrdata.usgs.gov/usmin/show-usmin.php?type=point&id=494231"}},{"type":"Feature","geometry":{"type":"Point","coordinates":[-120.39284,37.88896]},"properties":{"src":"usmin","kind":"Mine Shaft","name":"","topo":"Sonora 1948","url":"https://mrdata.usgs.gov/usmin/show-usmin.php?type=point&id=494233"}},{"type":"Feature","geometry":{"type":"Point","coordinates":[-120.36699,37.85102]},"properties":{"src":"usmin","kind":"Prospect Pit","name":"","topo":"Sonora 1948","url":"https://mrdata.usgs.gov/usmin/show-usmin.php?type=point&id=501380"}},{"type":"Feature","geometry":{"type":"Point","coordinates":[-120.3774,37.85217]},"properties":{"src":"usmin","kind":"Prospect Pit","name":"","topo":"Sonora 1948","url":"https://mrdata.usgs.gov/usmin/show-usmin.php?type=point&id=501396"}},{"type":"Feature","geometry":{"type":"Point","coordinates":[-120.50392,37.9136]},"properties":{"src":"usmin","kind":"Prospect Pit","name":"","topo":"Copperopolis 1962","url":"https://mrdata.usgs.gov/usmin/show-usmin.php?type=point&id=501440"}},{"type":"Feature","geometry":{"type":"Point","coordinates":[-120.37575,37.79853]},"properties":{"src":"usmin","kind":"Prospect Pit","name":"Brown Adit","topo":"Sonora 1948","url":"https://mrdata.usgs.gov/usmin/show-usmin.php?type=point&id=501445"}},{"type":"Feature","geometry":{"type":"Point","coordinates":[-120.38695,37.85643]},"properties":{"src":"usmin","kind":"Prospect Pit","name":"","topo":"Sonora 1948","url":"https://mrdata.usgs.gov/usmin/show-usmin.php?type=point&id=501454"}},{"type":"Feature","geometry":{"type":"Point","coordinates":[-120.42082,37.92319]},"properties":{"src":"usmin","kind":"Prospect Pit","name":"","topo":"Sonora 1948","url":"https://mrdata.usgs.gov/usmin/show-usmin.php?type=point&id=501460"}},{"type":"Feature","geometry":{"type":"Point","coordinates":[-120.37738,37.85123]},"properties":{"src":"usmin","kind":"Prospect Pit","name":"","topo":"Sonora 1948","url":"https://mrdata.usgs.gov/usmin/show-usmin.php?type=point&id=501467"}},{"type":"Feature","geometry":{"type":"Point","coordinates":[-120.50492,37.91331]},"properties":{"src":"usmin","kind":"Prospect Pit","name":"","topo":"Copperopolis 1962","url":"https://mrdata.usgs.gov/usmin/show-usmin.php?type=point&id=501472"}},{"type":"Feature","geometry":{"type":"Point","coordinates":[-120.46902,37.87304]},"properties":{"src":"usmin","kind":"Prospect Pit","name":"","topo":"Sonora 1948","url":"https://mrdata.usgs.gov/usmin/show-usmin.php?type=point&id=501474"}},{"type":"Feature","geometry":{"type":"Point","coordinates":[-120.36058,37.85841]},"properties":{"src":"usmin","kind":"Prospect Pit","name":"","topo":"Sonora 1948","url":"https://mrdata.usgs.gov/usmin/show-usmin.php?type=point&id=501475"}},{"type":"Feature","geometry":{"type":"Point","coordinates":[-120.42777,37.93637]},"properties":{"src":"usmin","kind":"Prospect Pit","name":"","topo":"Sonora 1948","url":"https://mrdata.usgs.gov/usmin/show-usmin.php?type=point&id=501480"}},{"type":"Feature","geometry":{"type":"Point","coordinates":[-120.40216,37.88135]},"properties":{"src":"usmin","kind":"Prospect Pit","name":"","topo":"Sonora 1948","url":"https://mrdata.usgs.gov/usmin/show-usmin.php?type=point&id=501487"}},{"type":"Feature","geometry":{"type":"Point","coordinates":[-120.4463,37.87455]},"properties":{"src":"usmin","kind":"Prospect Pit","name":"","topo":"Sonora 1948","url":"https://mrdata.usgs.gov/usmin/show-usmin.php?type=point&id=501500"}},{"type":"Feature","geometry":{"type":"Point","coordinates":[-120.41096,37.91424]},"properties":{"src":"usmin","kind":"Prospect Pit","name":"","topo":"Sonora 1948","url":"https://mrdata.usgs.gov/usmin/show-usmin.php?type=point&id=501524"}},{"type":"Feature","geometry":{"type":"Point","coordinates":[-120.41134,37.89963]},"properties":{"src":"usmin","kind":"Prospect Pit","name":"","topo":"Sonora 1948","url":"https://mrdata.usgs.gov/usmin/show-usmin.php?type=point&id=501529"}},{"type":"Feature","geometry":{"type":"Point","coordinates":[-120.52703,37.91885]},"properties":{"src":"usmin","kind":"Quarry","name":"","topo":"Copperopolis 1962","url":"https://mrdata.usgs.gov/usmin/show-usmin.php?type=point&id=501884"}},{"type":"Feature","geometry":{"type":"Point","coordinates":[-120.41087,37.8985]},"properties":{"src":"usmin","kind":"Adit","name":"","topo":"Sonora 1948","url":"https://mrdata.usgs.gov/usmin/show-usmin.php?type=point&id=490317"}},{"type":"Feature","geometry":{"type":"Point","coordinates":[-120.3669,37.84536]},"properties":{"src":"usmin","kind":"Adit","name":"","topo":"Moccasin 1948","url":"https://mrdata.usgs.gov/usmin/show-usmin.php?type=point&id=49109"}},{"type":"Feature","geometry":{"type":"Point","coordinates":[-120.36743,37.84542]},"properties":{"src":"usmin","kind":"Adit","name":"","topo":"Moccasin 1948","url":"https://mrdata.usgs.gov/usmin/show-usmin.php?type=point&id=49120"}},{"type":"Feature","geometry":{"type":"Point","coordinates":[-120.3764,37.85077]},"properties":{"src":"usmin","kind":"Adit","name":"Republican Mine","topo":"Chinese Camp 1947","url":"https://mrdata.usgs.gov/usmin/show-usmin.php?type=point&id=49138"}},{"type":"Feature","geometry":{"type":"Point","coordinates":[-120.3666,37.84591]},"properties":{"src":"usmin","kind":"Adit","name":"","topo":"Moccasin 1948","url":"https://mrdata.usgs.gov/usmin/show-usmin.php?type=point&id=49256"}},{"type":"Feature","geometry":{"type":"Point","coordinates":[-120.37435,37.85246]},"properties":{"src":"usmin","kind":"Adit","name":"","topo":"Sonora 1948","url":"https://mrdata.usgs.gov/usmin/show-usmin.php?type=point&id=490183"}},{"type":"Feature","geometry":{"type":"Point","coordinates":[-120.36654,37.84525]},"properties":{"src":"usmin","kind":"Adit","name":"","topo":"Sonora 1948","url":"https://mrdata.usgs.gov/usmin/show-usmin.php?type=point&id=490295"}},{"type":"Feature","geometry":{"type":"Point","coordinates":[-120.37621,37.85082]},"properties":{"src":"usmin","kind":"Adit","name":"","topo":"Sonora 1948","url":"https://mrdata.usgs.gov/usmin/show-usmin.php?type=point&id=490304"}},{"type":"Feature","geometry":{"type":"Point","coordinates":[-120.40243,37.87165]},"properties":{"src":"usmin","kind":"Adit","name":"Tarantula Mine","topo":"Sonora 1948","url":"https://mrdata.usgs.gov/usmin/show-usmin.php?type=point&id=490309"}},{"type":"Feature","geometry":{"type":"Point","coordinates":[-120.56113,37.90912]},"properties":{"src":"usmin","kind":"Adit","name":"If I Can Mine","topo":"New Melones Dam 1962","url":"https://mrdata.usgs.gov/usmin/show-usmin.php?type=point&id=49155"}},{"type":"Feature","geometry":{"type":"Point","coordinates":[-120.41484,37.90802]},"properties":{"src":"usmin","kind":"Adit","name":"","topo":"Sonora 1948","url":"https://mrdata.usgs.gov/usmin/show-usmin.php?type=point&id=49165"}},{"type":"Feature","geometry":{"type":"Point","coordinates":[-120.45885,37.9311]},"properties":{"src":"usmin","kind":"Adit","name":"","topo":"Sonora 1948","url":"https://mrdata.usgs.gov/usmin/show-usmin.php?type=point&id=49261"}},{"type":"Feature","geometry":{"type":"Point","coordinates":[-120.3366,37.84512]},"properties":{"src":"usmin","kind":"Adit","name":"","topo":"Sonora 1948","url":"https://mrdata.usgs.gov/usmin/show-usmin.php?type=point&id=490256"}},{"type":"Feature","geometry":{"type":"Point","coordinates":[-120.33231,37.85667]},"properties":{"src":"usmin","kind":"Adit","name":"","topo":"Sonora 1948","url":"https://mrdata.usgs.gov/usmin/show-usmin.php?type=point&id=490312"}},{"type":"Feature","geometry":{"type":"Point","coordinates":[-120.56129,37.90903]},"properties":{"src":"usmin","kind":"Adit","name":"If I Can Mine","topo":"Copperopolis 1962","url":"https://mrdata.usgs.gov/usmin/show-usmin.php?type=point&id=490328"}},{"type":"Feature","geometry":{"type":"Point","coordinates":[-120.34079,37.83831]},"properties":{"src":"usmin","kind":"Adit","name":"","topo":"Moccasin 1948","url":"https://mrdata.usgs.gov/usmin/show-usmin.php?type=point&id=49144"}},{"type":"Feature","geometry":{"type":"Point","coordinates":[-120.45935,37.93077]},"properties":{"src":"usmin","kind":"Adit","name":"","topo":"Sonora 1948","url":"https://mrdata.usgs.gov/usmin/show-usmin.php?type=point&id=49180"}},{"type":"Feature","geometry":{"type":"Point","coordinates":[-120.34185,37.83769]},"properties":{"src":"usmin","kind":"Adit","name":"","topo":"Moccasin 1948","url":"https://mrdata.usgs.gov/usmin/show-usmin.php?type=point&id=49213"}},{"type":"Feature","geometry":{"type":"Point","coordinates":[-120.34361,37.83686]},"properties":{"src":"usmin","kind":"Adit","name":"","topo":"Moccasin 1948","url":"https://mrdata.usgs.gov/usmin/show-usmin.php?type=point&id=49301"}},{"type":"Feature","geometry":{"type":"Point","coordinates":[-120.34058,37.83808]},"properties":{"src":"usmin","kind":"Adit","name":"","topo":"Sonora 1948","url":"https://mrdata.usgs.gov/usmin/show-usmin.php?type=point&id=490218"}},{"type":"Feature","geometry":{"type":"Point","coordinates":[-120.46475,37.92869]},"properties":{"src":"usmin","kind":"Adit","name":"","topo":"Sonora 1948","url":"https://mrdata.usgs.gov/usmin/show-usmin.php?type=point&id=490350"}},{"type":"Feature","geometry":{"type":"Point","coordinates":[-120.50284,37.90855]},"properties":{"src":"usmin","kind":"Adit","name":"","topo":"Copperopolis 1962","url":"https://mrdata.usgs.gov/usmin/show-usmin.php?type=point&id=490195"}},{"type":"Feature","geometry":{"type":"Point","coordinates":[-120.33757,37.85882]},"properties":{"src":"usmin","kind":"Adit","name":"","topo":"Moccasin 1948","url":"https://mrdata.usgs.gov/usmin/show-usmin.php?type=point&id=49162"}},{"type":"Feature","geometry":{"type":"Point","coordinates":[-120.37432,37.90249]},"properties":{"src":"usmin","kind":"Adit","name":"","topo":"Standard 1948","url":"https://mrdata.usgs.gov/usmin/show-usmin.php?type=point&id=49200"}},{"type":"Feature","geometry":{"type":"Point","coordinates":[-120.43474,37.94311]},"properties":{"src":"usmin","kind":"Adit","name":"","topo":"Sonora 1948","url":"https://mrdata.usgs.gov/usmin/show-usmin.php?type=point&id=490236"}},{"type":"Feature","geometry":{"type":"Point","coordinates":[-120.37425,37.90245]},"properties":{"src":"usmin","kind":"Adit","name":"","topo":"Sonora 1948","url":"https://mrdata.usgs.gov/usmin/show-usmin.php?type=point&id=490322"}},{"type":"Feature","geometry":{"type":"Point","coordinates":[-120.33774,37.85877]},"properties":{"src":"usmin","kind":"Adit","name":"","topo":"Sonora 1948","url":"https://mrdata.usgs.gov/usmin/show-usmin.php?type=point&id=490345"}},{"type":"Feature","geometry":{"type":"Point","coordinates":[-120.43497,37.94402]},"properties":{"src":"usmin","kind":"Adit","name":"","topo":"Sonora 1948","url":"https://mrdata.usgs.gov/usmin/show-usmin.php?type=point&id=49119"}},{"type":"Feature","geometry":{"type":"Point","coordinates":[-120.33816,37.84902]},"properties":{"src":"usmin","kind":"Adit","name":"","topo":"Moccasin 1948","url":"https://mrdata.usgs.gov/usmin/show-usmin.php?type=point&id=49215"}},{"type":"Feature","geometry":{"type":"Point","coordinates":[-120.33963,37.84371]},"properties":{"src":"usmin","kind":"Adit","name":"","topo":"Moccasin 1948","url":"https://mrdata.usgs.gov/usmin/show-usmin.php?type=point&id=49263"}},{"type":"Feature","geometry":{"type":"Point","coordinates":[-120.47366,37.91125]},"properties":{"src":"usmin","kind":"Adit","name":"","topo":"Sonora 1948","url":"https://mrdata.usgs.gov/usmin/show-usmin.php?type=point&id=490180"}},{"type":"Feature","geometry":{"type":"Point","coordinates":[-120.33839,37.84901]},"properties":{"src":"usmin","kind":"Adit","name":"","topo":"Sonora 1948","url":"https://mrdata.usgs.gov/usmin/show-usmin.php?type=point&id=490220"}},{"type":"Feature","geometry":{"type":"Point","coordinates":[-120.3968,37.973]},"properties":{"src":"usmin","kind":"Adit","name":"","topo":"Sonora 1948","url":"https://mrdata.usgs.gov/usmin/show-usmin.php?type=point&id=490280"}},{"type":"Feature","geometry":{"type":"Point","coordinates":[-120.35985,37.85843]},"properties":{"src":"usmin","kind":"Adit","name":"","topo":"Sonora 1948","url":"https://mrdata.usgs.gov/usmin/show-usmin.php?type=point&id=490276"}},{"type":"Feature","geometry":{"type":"Point","coordinates":[-120.46012,37.9729]},"properties":{"src":"usmin","kind":"Adit","name":"","topo":"Sonora 1948","url":"https://mrdata.usgs.gov/usmin/show-usmin.php?type=point&id=490307"}},{"type":"Feature","geometry":{"type":"Point","coordinates":[-120.33868,37.83306]},"properties":{"src":"usmin","kind":"Adit","name":"","topo":"Sonora 1948","url":"https://mrdata.usgs.gov/usmin/show-usmin.php?type=point&id=490342"}},{"type":"Feature","geometry":{"type":"Point","coordinates":[-120.412,37.89877]},"properties":{"src":"usmin","kind":"Adit","name":"","topo":"Sonora 1948","url":"https://mrdata.usgs.gov/usmin/show-usmin.php?type=point&id=490181"}},{"type":"Feature","geometry":{"type":"Point","coordinates":[-120.24971,37.75792]},"properties":{"src":"usmin","kind":"Gravel Pit","name":"","topo":"Groveland 1947","url":"https://mrdata.usgs.gov/usmin/show-usmin.php?type=point&id=52455"}},{"type":"Feature","geometry":{"type":"Point","coordinates":[-120.24826,37.75349]},"properties":{"src":"usmin","kind":"Gravel Pit","name":"","topo":"Groveland 1947","url":"https://mrdata.usgs.gov/usmin/show-usmin.php?type=point&id=52457"}},{"type":"Feature","geometry":{"type":"Point","coordinates":[-120.2537,37.76578]},"properties":{"src":"usmin","kind":"Mine Shaft","name":"McAlpine Mine","topo":"Moccasin 1948","url":"https://mrdata.usgs.gov/usmin/show-usmin.php?type=point&id=58802"}},{"type":"Feature","geometry":{"type":"Point","coordinates":[-120.26614,37.77957]},"properties":{"src":"usmin","kind":"Mine Shaft","name":"","topo":"Moccasin 1948","url":"https://mrdata.usgs.gov/usmin/show-usmin.php?type=point&id=58859"}},{"type":"Feature","geometry":{"type":"Point","coordinates":[-120.24314,37.75191]},"properties":{"src":"usmin","kind":"Mine Shaft","name":"","topo":"Groveland 1947","url":"https://mrdata.usgs.gov/usmin/show-usmin.php?type=point&id=58861"}},{"type":"Feature","geometry":{"type":"Point","coordinates":[-120.24825,37.75919]},"properties":{"src":"usmin","kind":"Mine Shaft","name":"","topo":"Groveland 1947","url":"https://mrdata.usgs.gov/usmin/show-usmin.php?type=point&id=58872"}},{"type":"Feature","geometry":{"type":"Point","coordinates":[-120.25351,37.76718]},"properties":{"src":"usmin","kind":"Mine Shaft","name":"","topo":"Moccasin 1948","url":"https://mrdata.usgs.gov/usmin/show-usmin.php?type=point&id=58928"}},{"type":"Feature","geometry":{"type":"Point","coordinates":[-120.24365,37.75394]},"properties":{"src":"usmin","kind":"Prospect Pit","name":"","topo":"Groveland 1947","url":"https://mrdata.usgs.gov/usmin/show-usmin.php?type=point&id=84705"}},{"type":"Feature","geometry":{"type":"Point","coordinates":[-120.26612,37.78131]},"properties":{"src":"usmin","kind":"Prospect Pit","name":"","topo":"Moccasin 1948","url":"https://mrdata.usgs.gov/usmin/show-usmin.php?type=point&id=84708"}},{"type":"Feature","geometry":{"type":"Point","coordinates":[-120.24952,37.7597]},"properties":{"src":"usmin","kind":"Prospect Pit","name":"","topo":"Groveland 1947","url":"https://mrdata.usgs.gov/usmin/show-usmin.php?type=point&id=84715"}},{"type":"Feature","geometry":{"type":"Point","coordinates":[-120.25706,37.7703]},"properties":{"src":"usmin","kind":"Prospect Pit","name":"","topo":"Moccasin 1948","url":"https://mrdata.usgs.gov/usmin/show-usmin.php?type=point&id=84721"}},{"type":"Feature","geometry":{"type":"Point","coordinates":[-120.25947,37.77515]},"properties":{"src":"usmin","kind":"Prospect Pit","name":"","topo":"Moccasin 1948","url":"https://mrdata.usgs.gov/usmin/show-usmin.php?type=point&id=84728"}},{"type":"Feature","geometry":{"type":"Point","coordinates":[-120.25432,37.76692]},"properties":{"src":"usmin","kind":"Prospect Pit","name":"","topo":"Moccasin 1948","url":"https://mrdata.usgs.gov/usmin/show-usmin.php?type=point&id=84736"}},{"type":"Feature","geometry":{"type":"Point","coordinates":[-120.24514,37.75562]},"properties":{"src":"usmin","kind":"Prospect Pit","name":"","topo":"Groveland 1947","url":"https://mrdata.usgs.gov/usmin/show-usmin.php?type=point&id=84755"}},{"type":"Feature","geometry":{"type":"Point","coordinates":[-120.24423,37.75391]},"properties":{"src":"usmin","kind":"Prospect Pit","name":"","topo":"Groveland 1947","url":"https://mrdata.usgs.gov/usmin/show-usmin.php?type=point&id=84791"}},{"type":"Feature","geometry":{"type":"Point","coordinates":[-120.26325,37.77871]},"properties":{"src":"usmin","kind":"Prospect Pit","name":"","topo":"Moccasin 1948","url":"https://mrdata.usgs.gov/usmin/show-usmin.php?type=point&id=84810"}},{"type":"Feature","geometry":{"type":"Point","coordinates":[-120.25282,37.76465]},"properties":{"src":"usmin","kind":"Prospect Pit","name":"","topo":"Moccasin 1948","url":"https://mrdata.usgs.gov/usmin/show-usmin.php?type=point&id=84813"}},{"type":"Feature","geometry":{"type":"Point","coordinates":[-120.25243,37.76422]},"properties":{"src":"usmin","kind":"Prospect Pit","name":"","topo":"Moccasin 1948","url":"https://mrdata.usgs.gov/usmin/show-usmin.php?type=point&id=84815"}},{"type":"Feature","geometry":{"type":"Point","coordinates":[-120.25436,37.76618]},"properties":{"src":"usmin","kind":"Prospect Pit","name":"","topo":"Moccasin 1948","url":"https://mrdata.usgs.gov/usmin/show-usmin.php?type=point&id=84816"}},{"type":"Feature","geometry":{"type":"Point","coordinates":[-120.24908,37.75921]},"properties":{"src":"usmin","kind":"Prospect Pit","name":"","topo":"Groveland 1947","url":"https://mrdata.usgs.gov/usmin/show-usmin.php?type=point&id=84830"}},{"type":"Feature","geometry":{"type":"Point","coordinates":[-120.25003,37.76009]},"properties":{"src":"usmin","kind":"Prospect Pit","name":"","topo":"Groveland 1947","url":"https://mrdata.usgs.gov/usmin/show-usmin.php?type=point&id=84866"}},{"type":"Feature","geometry":{"type":"Point","coordinates":[-120.24302,37.75193]},"properties":{"src":"usmin","kind":"Mine Shaft","name":"","topo":"Tuolumne 1948","url":"https://mrdata.usgs.gov/usmin/show-usmin.php?type=point&id=492373"}},{"type":"Feature","geometry":{"type":"Point","coordinates":[-120.26594,37.77959]},"properties":{"src":"usmin","kind":"Mine Shaft","name":"","topo":"Sonora 1948","url":"https://mrdata.usgs.gov/usmin/show-usmin.php?type=point&id=494094"}},{"type":"Feature","geometry":{"type":"Point","coordinates":[-120.24831,37.7594]},"properties":{"src":"usmin","kind":"Mine Shaft","name":"","topo":"Tuolumne 1948","url":"https://mrdata.usgs.gov/usmin/show-usmin.php?type=point&id=494148"}},{"type":"Feature","geometry":{"type":"Point","coordinates":[-120.2536,37.7654]},"properties":{"src":"usmin","kind":"Mine Shaft","name":"McAlpine Mine","topo":"Sonora 1948","url":"https://mrdata.usgs.gov/usmin/show-usmin.php?type=point&id=494172"}},{"type":"Feature","geometry":{"type":"Point","coordinates":[-120.24973,37.75792]},"properties":{"src":"usmin","kind":"Open Pit Mine or Quarry","name":"","topo":"Tuolumne 1948","url":"https://mrdata.usgs.gov/usmin/show-usmin.php?type=point&id=496000"}},{"type":"Feature","geometry":{"type":"Point","coordinates":[-120.25436,37.76671]},"properties":{"src":"usmin","kind":"Prospect Pit","name":"","topo":"Sonora 1948","url":"https://mrdata.usgs.gov/usmin/show-usmin.php?type=point&id=501378"}},{"type":"Feature","geometry":{"type":"Point","coordinates":[-120.25437,37.76584]},"properties":{"src":"usmin","kind":"Prospect Pit","name":"","topo":"Sonora 1948","url":"https://mrdata.usgs.gov/usmin/show-usmin.php?type=point&id=501390"}},{"type":"Feature","geometry":{"type":"Point","coordinates":[-120.25283,37.76462]},"properties":{"src":"usmin","kind":"Prospect Pit","name":"","topo":"Sonora 1948","url":"https://mrdata.usgs.gov/usmin/show-usmin.php?type=point&id=501402"}},{"type":"Feature","geometry":{"type":"Point","coordinates":[-120.24528,37.75551]},"properties":{"src":"usmin","kind":"Prospect Pit","name":"","topo":"Tuolumne 1948","url":"https://mrdata.usgs.gov/usmin/show-usmin.php?type=point&id=501406"}},{"type":"Feature","geometry":{"type":"Point","coordinates":[-120.25033,37.76016]},"properties":{"src":"usmin","kind":"Prospect Pit","name":"","topo":"Tuolumne 1948","url":"https://mrdata.usgs.gov/usmin/show-usmin.php?type=point&id=501437"}},{"type":"Feature","geometry":{"type":"Point","coordinates":[-120.25204,37.76421]},"properties":{"src":"usmin","kind":"Prospect Pit","name":"","topo":"Sonora 1948","url":"https://mrdata.usgs.gov/usmin/show-usmin.php?type=point&id=501451"}},{"type":"Feature","geometry":{"type":"Point","coordinates":[-120.24897,37.75927]},"properties":{"src":"usmin","kind":"Prospect Pit","name":"","topo":"Tuolumne 1948","url":"https://mrdata.usgs.gov/usmin/show-usmin.php?type=point&id=501488"}},{"type":"Feature","geometry":{"type":"Point","coordinates":[-120.24346,37.75415]},"properties":{"src":"usmin","kind":"Prospect Pit","name":"","topo":"Tuolumne 1948","url":"https://mrdata.usgs.gov/usmin/show-usmin.php?type=point&id=501498"}},{"type":"Feature","geometry":{"type":"Point","coordinates":[-120.24763,37.75957]},"properties":{"src":"usmin","kind":"Adit","name":"","topo":"Groveland 1947","url":"https://mrdata.usgs.gov/usmin/show-usmin.php?type=point&id=49218"}},{"type":"Feature","geometry":{"type":"Point","coordinates":[-120.25738,37.77249]},"properties":{"src":"usmin","kind":"Adit","name":"","topo":"Sonora 1948","url":"https://mrdata.usgs.gov/usmin/show-usmin.php?type=point&id=490315"}},{"type":"Feature","geometry":{"type":"Point","coordinates":[-120.24763,37.7579]},"properties":{"src":"usmin","kind":"Adit","name":"","topo":"Tuolumne 1948","url":"https://mrdata.usgs.gov/usmin/show-usmin.php?type=point&id=490347"}},{"type":"Feature","geometry":{"type":"Point","coordinates":[-120.25713,37.76987]},"properties":{"src":"usmin","kind":"Adit","name":"","topo":"Moccasin 1948","url":"https://mrdata.usgs.gov/usmin/show-usmin.php?type=point&id=49177"}},{"type":"Feature","geometry":{"type":"Point","coordinates":[-120.24362,37.75353]},"properties":{"src":"usmin","kind":"Adit","name":"","topo":"Groveland 1947","url":"https://mrdata.usgs.gov/usmin/show-usmin.php?type=point&id=49206"}},{"type":"Feature","geometry":{"type":"Point","coordinates":[-120.24366,37.75345]},"properties":{"src":"usmin","kind":"Adit","name":"","topo":"Tuolumne 1948","url":"https://mrdata.usgs.gov/usmin/show-usmin.php?type=point&id=490171"}},{"type":"Feature","geometry":{"type":"Point","coordinates":[-120.24304,37.75267]},"properties":{"src":"usmin","kind":"Adit","name":"","topo":"Tuolumne 1948","url":"https://mrdata.usgs.gov/usmin/show-usmin.php?type=point&id=490305"}},{"type":"Feature","geometry":{"type":"Point","coordinates":[-120.25663,37.77052]},"properties":{"src":"usmin","kind":"Adit","name":"","topo":"Moccasin 1948","url":"https://mrdata.usgs.gov/usmin/show-usmin.php?type=point&id=49192"}},{"type":"Feature","geometry":{"type":"Point","coordinates":[-120.2613,37.77979]},"properties":{"src":"usmin","kind":"Adit","name":"","topo":"Sonora 1948","url":"https://mrdata.usgs.gov/usmin/show-usmin.php?type=point&id=490277"}},{"type":"Feature","geometry":{"type":"Point","coordinates":[-120.25652,37.77034]},"properties":{"src":"usmin","kind":"Adit","name":"","topo":"Sonora 1948","url":"https://mrdata.usgs.gov/usmin/show-usmin.php?type=point&id=490313"}},{"type":"Feature","geometry":{"type":"Point","coordinates":[-120.25443,37.76837]},"properties":{"src":"usmin","kind":"Adit","name":"","topo":"Sonora 1948","url":"https://mrdata.usgs.gov/usmin/show-usmin.php?type=point&id=490223"}},{"type":"Feature","geometry":{"type":"Point","coordinates":[-120.25399,37.76732]},"properties":{"src":"usmin","kind":"Adit","name":"","topo":"Sonora 1948","url":"https://mrdata.usgs.gov/usmin/show-usmin.php?type=point&id=490294"}},{"type":"Feature","geometry":{"type":"Point","coordinates":[-120.26479,37.76338]},"properties":{"src":"usmin","kind":"Adit","name":"","topo":"Moccasin 1948","url":"https://mrdata.usgs.gov/usmin/show-usmin.php?type=point&id=49248"}},{"type":"Feature","geometry":{"type":"Point","coordinates":[-120.25113,37.76246]},"properties":{"src":"usmin","kind":"Adit","name":"","topo":"Moccasin 1948","url":"https://mrdata.usgs.gov/usmin/show-usmin.php?type=point&id=49149"}},{"type":"Feature","geometry":{"type":"Point","coordinates":[-120.25128,37.76258]},"properties":{"src":"usmin","kind":"Adit","name":"","topo":"Sonora 1948","url":"https://mrdata.usgs.gov/usmin/show-usmin.php?type=point&id=490232"}},{"type":"Feature","geometry":{"type":"Point","coordinates":[-120.53738,37.74551]},"properties":{"src":"usmin","kind":"Clay Pit","name":"","topo":"Cooperstown 1968","url":"https://mrdata.usgs.gov/usmin/show-usmin.php?type=point&id=50816"}},{"type":"Feature","geometry":{"type":"Point","coordinates":[-120.55666,37.76338]},"properties":{"src":"usmin","kind":"Clay Pit","name":"","topo":"Keystone 1962","url":"https://mrdata.usgs.gov/usmin/show-usmin.php?type=point&id=50817"}},{"type":"Feature","geometry":{"type":"Point","coordinates":[-120.55949,37.76283]},"properties":{"src":"usmin","kind":"Clay Pit","name":"","topo":"Keystone 1962","url":"https://mrdata.usgs.gov/usmin/show-usmin.php?type=point&id=50818"}},{"type":"Feature","geometry":{"type":"Point","coordinates":[-120.35242,37.72297]},"properties":{"src":"usmin","kind":"Mine Shaft","name":"","topo":"Penon Blanco Peak 1962","url":"https://mrdata.usgs.gov/usmin/show-usmin.php?type=point&id=58810"}},{"type":"Feature","geometry":{"type":"Point","coordinates":[-120.34449,37.71257]},"properties":{"src":"usmin","kind":"Mine Shaft","name":"","topo":"Penon Blanco Peak 1962","url":"https://mrdata.usgs.gov/usmin/show-usmin.php?type=point&id=58811"}},{"type":"Feature","geometry":{"type":"Point","coordinates":[-120.47369,37.72887]},"properties":{"src":"usmin","kind":"Mine Shaft","name":"Mitchell Mine","topo":"La Grange 1962","url":"https://mrdata.usgs.gov/usmin/show-usmin.php?type=point&id=58814"}},{"type":"Feature","geometry":{"type":"Point","coordinates":[-120.35344,37.72348]},"properties":{"src":"usmin","kind":"Mine Shaft","name":"","topo":"Penon Blanco Peak 1962","url":"https://mrdata.usgs.gov/usmin/show-usmin.php?type=point&id=58852"}},{"type":"Feature","geometry":{"type":"Point","coordinates":[-120.45498,37.72091]},"properties":{"src":"usmin","kind":"Mine Shaft","name":"Oak Hill Mine","topo":"La Grange 1962","url":"https://mrdata.usgs.gov/usmin/show-usmin.php?type=point&id=58855"}},{"type":"Feature","geometry":{"type":"Point","coordinates":[-120.40777,37.73519]},"properties":{"src":"usmin","kind":"Mine Shaft","name":"Fortynine Mine","topo":"La Grange 1962","url":"https://mrdata.usgs.gov/usmin/show-usmin.php?type=point&id=58864"}},{"type":"Feature","geometry":{"type":"Point","coordinates":[-120.35273,37.72313]},"properties":{"src":"usmin","kind":"Mine Shaft","name":"Solambo Mine","topo":"Penon Blanco Peak 1962","url":"https://mrdata.usgs.gov/usmin/show-usmin.php?type=point&id=58878"}},{"type":"Feature","geometry":{"type":"Point","coordinates":[-120.45582,37.72153]},"properties":{"src":"usmin","kind":"Mine Shaft","name":"","topo":"La Grange 1962","url":"https://mrdata.usgs.gov/usmin/show-usmin.php?type=point&id=58881"}},{"type":"Feature","geometry":{"type":"Point","coordinates":[-120.34088,37.70422]},"properties":{"src":"usmin","kind":"Mine Shaft","name":"","topo":"Penon Blanco Peak 1962","url":"https://mrdata.usgs.gov/usmin/show-usmin.php?type=point&id=58906"}},{"type":"Feature","geometry":{"type":"Point","coordinates":[-120.36825,37.68596]},"properties":{"src":"usmin","kind":"Prospect Pit","name":"","topo":"Penon Blanco Peak 1962","url":"https://mrdata.usgs.gov/usmin/show-usmin.php?type=point&id=84686"}},{"type":"Feature","geometry":{"type":"Point","coordinates":[-120.35133,37.71668]},"properties":{"src":"usmin","kind":"Prospect Pit","name":"","topo":"Penon Blanco Peak 1962","url":"https://mrdata.usgs.gov/usmin/show-usmin.php?type=point&id=84712"}},{"type":"Feature","geometry":{"type":"Point","coordinates":[-120.35142,37.72162]},"properties":{"src":"usmin","kind":"Prospect Pit","name":"","topo":"Penon Blanco Peak 1962","url":"https://mrdata.usgs.gov/usmin/show-usmin.php?type=point&id=84762"}},{"type":"Feature","geometry":{"type":"Point","coordinates":[-120.39451,37.65949]},"properties":{"src":"usmin","kind":"Prospect Pit","name":"","topo":"La Grange 1962","url":"https://mrdata.usgs.gov/usmin/show-usmin.php?type=point&id=84771"}},{"type":"Feature","geometry":{"type":"Point","coordinates":[-120.36195,37.73587]},"properties":{"src":"usmin","kind":"Prospect Pit","name":"","topo":"Penon Blanco Peak 1962","url":"https://mrdata.usgs.gov/usmin/show-usmin.php?type=point&id=84784"}},{"type":"Feature","geometry":{"type":"Point","coordinates":[-120.37053,37.69311]},"properties":{"src":"usmin","kind":"Prospect Pit","name":"","topo":"Penon Blanco Peak 1962","url":"https://mrdata.usgs.gov/usmin/show-usmin.php?type=point&id=84785"}},{"type":"Feature","geometry":{"type":"Point","coordinates":[-120.36837,37.68529]},"properties":{"src":"usmin","kind":"Prospect Pit","name":"","topo":"Penon Blanco Peak 1962","url":"https://mrdata.usgs.gov/usmin/show-usmin.php?type=point&id=84786"}},{"type":"Feature","geometry":{"type":"Point","coordinates":[-120.3904,37.65454]},"properties":{"src":"usmin","kind":"Prospect Pit","name":"","topo":"La Grange 1962","url":"https://mrdata.usgs.gov/usmin/show-usmin.php?type=point&id=84847"}},{"type":"Feature","geometry":{"type":"Point","coordinates":[-120.39567,37.66028]},"properties":{"src":"usmin","kind":"Prospect Pit","name":"","topo":"La Grange 1962","url":"https://mrdata.usgs.gov/usmin/show-usmin.php?type=point&id=84856"}},{"type":"Feature","geometry":{"type":"Point","coordinates":[-120.35252,37.72291]},"properties":{"src":"usmin","kind":"Mine Shaft","name":"Solambo Mine","topo":"Merced Falls 1962","url":"https://mrdata.usgs.gov/usmin/show-usmin.php?type=point&id=494158"}},{"type":"Feature","geometry":{"type":"Point","coordinates":[-120.45489,37.7209]},"properties":{"src":"usmin","kind":"Mine Shaft","name":"Oak Hill Mine","topo":"Merced Falls 1962","url":"https://mrdata.usgs.gov/usmin/show-usmin.php?type=point&id=494221"}},{"type":"Feature","geometry":{"type":"Point","coordinates":[-120.3443,37.71259]},"properties":{"src":"usmin","kind":"Mine Shaft","name":"","topo":"Merced Falls 1962","url":"https://mrdata.usgs.gov/usmin/show-usmin.php?type=point&id=494230"}},{"type":"Feature","geometry":{"type":"Point","coordinates":[-120.40802,37.73508]},"properties":{"src":"usmin","kind":"Open Pit Mine","name":"Fortynine Mine","topo":"Merced Falls 1944","url":"https://mrdata.usgs.gov/usmin/show-usmin.php?type=point&id=495071"}},{"type":"Feature","geometry":{"type":"Point","coordinates":[-120.39069,37.65479]},"properties":{"src":"usmin","kind":"Prospect Pit","name":"","topo":"Merced Falls 1944","url":"https://mrdata.usgs.gov/usmin/show-usmin.php?type=point&id=501382"}},{"type":"Feature","geometry":{"type":"Point","coordinates":[-120.31599,37.73736]},"properties":{"src":"usmin","kind":"Prospect Pit","name":"","topo":"Merced Falls 1944","url":"https://mrdata.usgs.gov/usmin/show-usmin.php?type=point&id=501405"}},{"type":"Feature","geometry":{"type":"Point","coordinates":[-120.47396,37.72879]},"properties":{"src":"usmin","kind":"Prospect Pit","name":"","topo":"Merced Falls 1954","url":"https://mrdata.usgs.gov/usmin/show-usmin.php?type=point&id=501421"}},{"type":"Feature","geometry":{"type":"Point","coordinates":[-120.3956,37.66028]},"properties":{"src":"usmin","kind":"Prospect Pit","name":"","topo":"Merced Falls 1962","url":"https://mrdata.usgs.gov/usmin/show-usmin.php?type=point&id=501430"}},{"type":"Feature","geometry":{"type":"Point","coordinates":[-120.34467,37.71226]},"properties":{"src":"usmin","kind":"Prospect Pit","name":"","topo":"Merced Falls 1944","url":"https://mrdata.usgs.gov/usmin/show-usmin.php?type=point&id=501438"}},{"type":"Feature","geometry":{"type":"Point","coordinates":[-120.3481,37.67746]},"properties":{"src":"usmin","kind":"Prospect Pit","name":"","topo":"Merced Falls 1944","url":"https://mrdata.usgs.gov/usmin/show-usmin.php?type=point&id=501469"}},{"type":"Feature","geometry":{"type":"Point","coordinates":[-120.40807,37.73531]},"properties":{"src":"usmin","kind":"Prospect Pit","name":"","topo":"Merced Falls 1954","url":"https://mrdata.usgs.gov/usmin/show-usmin.php?type=point&id=501493"}},{"type":"Feature","geometry":{"type":"Point","coordinates":[-120.32754,37.73236]},"properties":{"src":"usmin","kind":"Prospect Pit","name":"Buzzard Roost Mine","topo":"Merced Falls 1944","url":"https://mrdata.usgs.gov/usmin/show-usmin.php?type=point&id=501507"}},{"type":"Feature","geometry":{"type":"Point","coordinates":[-120.36991,37.69288]},"properties":{"src":"usmin","kind":"Prospect Pit","name":"","topo":"Merced Falls 1944","url":"https://mrdata.usgs.gov/usmin/show-usmin.php?type=point&id=501528"}},{"type":"Feature","geometry":{"type":"Point","coordinates":[-120.35127,37.71668]},"properties":{"src":"usmin","kind":"Prospect Pit","name":"","topo":"Merced Falls 1962","url":"https://mrdata.usgs.gov/usmin/show-usmin.php?type=point&id=501531"}},{"type":"Feature","geometry":{"type":"Point","coordinates":[-120.32751,37.73241]},"properties":{"src":"usmin","kind":"Adit","name":"Buzzard Roost Mine","topo":"Penon Blanco Peak 1962","url":"https://mrdata.usgs.gov/usmin/show-usmin.php?type=point&id=49111"}},{"type":"Feature","geometry":{"type":"Point","coordinates":[-120.32752,37.73233]},"properties":{"src":"usmin","kind":"Adit","name":"Buzzard Roost Mine","topo":"Merced Falls 1962","url":"https://mrdata.usgs.gov/usmin/show-usmin.php?type=point&id=490253"}},{"type":"Feature","geometry":{"type":"Point","coordinates":[-119.78939,38.29867]},"properties":{"src":"usmin","kind":"Prospect Pit","name":"","topo":"Dardanelles Cone 1956","url":"https://mrdata.usgs.gov/usmin/show-usmin.php?type=point&id=501429"}},{"type":"Feature","geometry":{"type":"Point","coordinates":[-120.3706,38.00728]},"properties":{"src":"usmin","kind":"Mine Shaft","name":"","topo":"Columbia 1948","url":"https://mrdata.usgs.gov/usmin/show-usmin.php?type=point&id=494103"}},{"type":"Feature","geometry":{"type":"Point","coordinates":[-120.35592,38.14097]},"properties":{"src":"usmin","kind":"Mine Shaft","name":"","topo":"Columbia 1948","url":"https://mrdata.usgs.gov/usmin/show-usmin.php?type=point&id=494105"}},{"type":"Feature","geometry":{"type":"Point","coordinates":[-120.36162,38.09092]},"properties":{"src":"usmin","kind":"Mine Shaft","name":"","topo":"Columbia 1948","url":"https://mrdata.usgs.gov/usmin/show-usmin.php?type=point&id=494113"}},{"type":"Feature","geometry":{"type":"Point","coordinates":[-120.36591,38.04953]},"properties":{"src":"usmin","kind":"Mine Shaft","name":"Shanghai Mine","topo":"Columbia 1948","url":"https://mrdata.usgs.gov/usmin/show-usmin.php?type=point&id=494124"}},{"type":"Feature","geometry":{"type":"Point","coordinates":[-120.38266,37.98876]},"properties":{"src":"usmin","kind":"Mine Shaft","name":"","topo":"Sonora 1948","url":"https://mrdata.usgs.gov/usmin/show-usmin.php?type=point&id=494134"}},{"type":"Feature","geometry":{"type":"Point","coordinates":[-120.23682,37.94134]},"properties":{"src":"usmin","kind":"Mine Shaft","name":"","topo":"Tuolumne 1948","url":"https://mrdata.usgs.gov/usmin/show-usmin.php?type=point&id=494151"}},{"type":"Feature","geometry":{"type":"Point","coordinates":[-120.39847,38.06635]},"properties":{"src":"usmin","kind":"Mine Shaft","name":"","topo":"Columbia 1948","url":"https://mrdata.usgs.gov/usmin/show-usmin.php?type=point&id=494154"}},{"type":"Feature","geometry":{"type":"Point","coordinates":[-120.37687,38.01724]},"properties":{"src":"usmin","kind":"Mine Shaft","name":"","topo":"Columbia 1948","url":"https://mrdata.usgs.gov/usmin/show-usmin.php?type=point&id=494160"}},{"type":"Feature","geometry":{"type":"Point","coordinates":[-120.32082,38.08682]},"properties":{"src":"usmin","kind":"Mine Shaft","name":"","topo":"Columbia 1948","url":"https://mrdata.usgs.gov/usmin/show-usmin.php?type=point&id=494162"}},{"type":"Feature","geometry":{"type":"Point","coordinates":[-120.34123,38.05688]},"properties":{"src":"usmin","kind":"Mine Shaft","name":"","topo":"Columbia 1948","url":"https://mrdata.usgs.gov/usmin/show-usmin.php?type=point&id=494171"}},{"type":"Feature","geometry":{"type":"Point","coordinates":[-120.386,38.01783]},"properties":{"src":"usmin","kind":"Mine Shaft","name":"","topo":"Columbia 1948","url":"https://mrdata.usgs.gov/usmin/show-usmin.php?type=point&id=494190"}},{"type":"Feature","geometry":{"type":"Point","coordinates":[-120.41042,37.92674]},"properties":{"src":"usmin","kind":"Mine Shaft","name":"","topo":"Sonora 1948","url":"https://mrdata.usgs.gov/usmin/show-usmin.php?type=point&id=494191"}},{"type":"Feature","geometry":{"type":"Point","coordinates":[-120.37546,37.95357]},"properties":{"src":"usmin","kind":"Mine Shaft","name":"","topo":"Sonora 1948","url":"https://mrdata.usgs.gov/usmin/show-usmin.php?type=point&id=494202"}},{"type":"Feature","geometry":{"type":"Point","coordinates":[-120.34874,38.05926]},"properties":{"src":"usmin","kind":"Mine Shaft","name":"","topo":"Columbia 1948","url":"https://mrdata.usgs.gov/usmin/show-usmin.php?type=point&id=494208"}},{"type":"Feature","geometry":{"type":"Point","coordinates":[-120.30599,38.08918]},"properties":{"src":"usmin","kind":"Mine Shaft","name":"","topo":"Columbia 1948","url":"https://mrdata.usgs.gov/usmin/show-usmin.php?type=point&id=494227"}},{"type":"Feature","geometry":{"type":"Point","coordinates":[-120.24259,38.05062]},"properties":{"src":"usmin","kind":"Open Pit Mine","name":"Thunderbolt Mine","topo":"Long Barn 1956","url":"https://mrdata.usgs.gov/usmin/show-usmin.php?type=point&id=495077"}},{"type":"Feature","geometry":{"type":"Point","coordinates":[-120.40684,38.01134]},"properties":{"src":"usmin","kind":"Open Pit Mine or Quarry","name":"","topo":"Columbia 1948","url":"https://mrdata.usgs.gov/usmin/show-usmin.php?type=point&id=496001"}},{"type":"Feature","geometry":{"type":"Point","coordinates":[-120.40377,38.02019]},"properties":{"src":"usmin","kind":"Open Pit Mine or Quarry","name":"","topo":"Columbia 1948","url":"https://mrdata.usgs.gov/usmin/show-usmin.php?type=point&id=496003"}},{"type":"Feature","geometry":{"type":"Point","coordinates":[-120.2566,37.97556]},"properties":{"src":"usmin","kind":"Prospect Pit","name":"","topo":"Sonora 1948","url":"https://mrdata.usgs.gov/usmin/show-usmin.php?type=point&id=501371"}},{"type":"Feature","geometry":{"type":"Point","coordinates":[-120.36933,38.05504]},"properties":{"src":"usmin","kind":"Prospect Pit","name":"","topo":"Columbia 1948","url":"https://mrdata.usgs.gov/usmin/show-usmin.php?type=point&id=501377"}},{"type":"Feature","geometry":{"type":"Point","coordinates":[-120.26066,37.97525]},"properties":{"src":"usmin","kind":"Prospect Pit","name":"","topo":"Sonora 1948","url":"https://mrdata.usgs.gov/usmin/show-usmin.php?type=point&id=501381"}},{"type":"Feature","geometry":{"type":"Point","coordinates":[-120.24661,37.96733]},"properties":{"src":"usmin","kind":"Prospect Pit","name":"","topo":"Tuolumne 1948","url":"https://mrdata.usgs.gov/usmin/show-usmin.php?type=point&id=501407"}},{"type":"Feature","geometry":{"type":"Point","coordinates":[-120.37421,38.04403]},"properties":{"src":"usmin","kind":"Prospect Pit","name":"","topo":"Columbia 1948","url":"https://mrdata.usgs.gov/usmin/show-usmin.php?type=point&id=501409"}},{"type":"Feature","geometry":{"type":"Point","coordinates":[-120.29071,37.95406]},"properties":{"src":"usmin","kind":"Prospect Pit","name":"","topo":"Sonora 1948","url":"https://mrdata.usgs.gov/usmin/show-usmin.php?type=point&id=501423"}},{"type":"Feature","geometry":{"type":"Point","coordinates":[-120.31422,38.1084]},"properties":{"src":"usmin","kind":"Prospect Pit","name":"","topo":"Columbia 1948","url":"https://mrdata.usgs.gov/usmin/show-usmin.php?type=point&id=501449"}},{"type":"Feature","geometry":{"type":"Point","coordinates":[-120.29254,37.9482]},"properties":{"src":"usmin","kind":"Prospect Pit","name":"","topo":"Sonora 1948","url":"https://mrdata.usgs.gov/usmin/show-usmin.php?type=point&id=501458"}},{"type":"Feature","geometry":{"type":"Point","coordinates":[-120.3739,37.9716]},"properties":{"src":"usmin","kind":"Prospect Pit","name":"","topo":"Sonora 1948","url":"https://mrdata.usgs.gov/usmin/show-usmin.php?type=point&id=501502"}},{"type":"Feature","geometry":{"type":"Point","coordinates":[-120.35925,38.09567]},"properties":{"src":"usmin","kind":"Prospect Pit","name":"","topo":"Columbia 1948","url":"https://mrdata.usgs.gov/usmin/show-usmin.php?type=point&id=501505"}},{"type":"Feature","geometry":{"type":"Point","coordinates":[-120.37519,37.99943]},"properties":{"src":"usmin","kind":"Prospect Pit","name":"","topo":"Sonora 1948","url":"https://mrdata.usgs.gov/usmin/show-usmin.php?type=point&id=501515"}},{"type":"Feature","geometry":{"type":"Point","coordinates":[-120.38443,38.06293]},"properties":{"src":"usmin","kind":"Quarry","name":"Marble Quarry","topo":"Columbia 1948","url":"https://mrdata.usgs.gov/usmin/show-usmin.php?type=point&id=501885"}},{"type":"Feature","geometry":{"type":"Point","coordinates":[-120.28758,38.09414]},"properties":{"src":"usmin","kind":"Adit","name":"","topo":"Columbia SE 1948","url":"https://mrdata.usgs.gov/usmin/show-usmin.php?type=point&id=49127"}},{"type":"Feature","geometry":{"type":"Point","coordinates":[-120.35137,38.04963]},"properties":{"src":"usmin","kind":"Adit","name":"","topo":"Columbia SE 1948","url":"https://mrdata.usgs.gov/usmin/show-usmin.php?type=point&id=49143"}},{"type":"Feature","geometry":{"type":"Point","coordinates":[-120.35017,38.05042]},"properties":{"src":"usmin","kind":"Adit","name":"","topo":"Columbia SE 1948","url":"https://mrdata.usgs.gov/usmin/show-usmin.php?type=point&id=49173"}},{"type":"Feature","geometry":{"type":"Point","coordinates":[-120.28708,38.08834]},"properties":{"src":"usmin","kind":"Adit","name":"","topo":"Columbia SE 1948","url":"https://mrdata.usgs.gov/usmin/show-usmin.php?type=point&id=49205"}},{"type":"Feature","geometry":{"type":"Point","coordinates":[-120.35131,38.06606]},"properties":{"src":"usmin","kind":"Adit","name":"","topo":"Columbia SE 1948","url":"https://mrdata.usgs.gov/usmin/show-usmin.php?type=point&id=49208"}},{"type":"Feature","geometry":{"type":"Point","coordinates":[-120.35094,38.04986]},"properties":{"src":"usmin","kind":"Adit","name":"","topo":"Columbia SE 1948","url":"https://mrdata.usgs.gov/usmin/show-usmin.php?type=point&id=49214"}},{"type":"Feature","geometry":{"type":"Point","coordinates":[-120.35098,38.04988]},"properties":{"src":"usmin","kind":"Adit","name":"","topo":"Columbia 1948","url":"https://mrdata.usgs.gov/usmin/show-usmin.php?type=point&id=490175"}},{"type":"Feature","geometry":{"type":"Point","coordinates":[-120.29735,38.1058]},"properties":{"src":"usmin","kind":"Adit","name":"Indian Girl Mine","topo":"Columbia 1948","url":"https://mrdata.usgs.gov/usmin/show-usmin.php?type=point&id=490187"}},{"type":"Feature","geometry":{"type":"Point","coordinates":[-120.34901,38.06572]},"properties":{"src":"usmin","kind":"Adit","name":"Mountain Lily Mine","topo":"Columbia 1948","url":"https://mrdata.usgs.gov/usmin/show-usmin.php?type=point&id=490233"}},{"type":"Feature","geometry":{"type":"Point","coordinates":[-120.2872,38.08847]},"properties":{"src":"usmin","kind":"Adit","name":"","topo":"Columbia 1948","url":"https://mrdata.usgs.gov/usmin/show-usmin.php?type=point&id=490237"}},{"type":"Feature","geometry":{"type":"Point","coordinates":[-120.35019,38.05047]},"properties":{"src":"usmin","kind":"Adit","name":"","topo":"Columbia 1948","url":"https://mrdata.usgs.gov/usmin/show-usmin.php?type=point&id=490238"}},{"type":"Feature","geometry":{"type":"Point","coordinates":[-120.29629,38.08961]},"properties":{"src":"usmin","kind":"Adit","name":"Sonnet Mine","topo":"Columbia 1948","url":"https://mrdata.usgs.gov/usmin/show-usmin.php?type=point&id=490326"}},{"type":"Feature","geometry":{"type":"Point","coordinates":[-120.34967,38.05062]},"properties":{"src":"usmin","kind":"Adit","name":"","topo":"Columbia 1948","url":"https://mrdata.usgs.gov/usmin/show-usmin.php?type=point&id=490339"}},{"type":"Feature","geometry":{"type":"Point","coordinates":[-120.37786,37.99181]},"properties":{"src":"usmin","kind":"Adit","name":"","topo":"Sonora 1948","url":"https://mrdata.usgs.gov/usmin/show-usmin.php?type=point&id=49170"}},{"type":"Feature","geometry":{"type":"Point","coordinates":[-120.38148,38.00175]},"properties":{"src":"usmin","kind":"Adit","name":"","topo":"Columbia 1948","url":"https://mrdata.usgs.gov/usmin/show-usmin.php?type=point&id=49174"}},{"type":"Feature","geometry":{"type":"Point","coordinates":[-120.34836,38.05548]},"properties":{"src":"usmin","kind":"Adit","name":"","topo":"Columbia SE 1948","url":"https://mrdata.usgs.gov/usmin/show-usmin.php?type=point&id=49203"}},{"type":"Feature","geometry":{"type":"Point","coordinates":[-120.37809,38.05838]},"properties":{"src":"usmin","kind":"Adit","name":"","topo":"Columbia 1948","url":"https://mrdata.usgs.gov/usmin/show-usmin.php?type=point&id=49236"}},{"type":"Feature","geometry":{"type":"Point","coordinates":[-120.38811,38.01865]},"properties":{"src":"usmin","kind":"Adit","name":"","topo":"Columbia 1948","url":"https://mrdata.usgs.gov/usmin/show-usmin.php?type=point&id=49254"}},{"type":"Feature","geometry":{"type":"Point","coordinates":[-120.38142,38.0018]},"properties":{"src":"usmin","kind":"Adit","name":"","topo":"Columbia 1948","url":"https://mrdata.usgs.gov/usmin/show-usmin.php?type=point&id=490239"}},{"type":"Feature","geometry":{"type":"Point","coordinates":[-120.35702,38.06294]},"properties":{"src":"usmin","kind":"Adit","name":"","topo":"Columbia 1948","url":"https://mrdata.usgs.gov/usmin/show-usmin.php?type=point&id=490266"}},{"type":"Feature","geometry":{"type":"Point","coordinates":[-120.37508,38.06576]},"properties":{"src":"usmin","kind":"Adit","name":"","topo":"Columbia SE 1948","url":"https://mrdata.usgs.gov/usmin/show-usmin.php?type=point&id=49150"}},{"type":"Feature","geometry":{"type":"Point","coordinates":[-120.34103,38.05926]},"properties":{"src":"usmin","kind":"Adit","name":"","topo":"Columbia SE 1948","url":"https://mrdata.usgs.gov/usmin/show-usmin.php?type=point&id=49152"}},{"type":"Feature","geometry":{"type":"Point","coordinates":[-120.35171,38.05402]},"properties":{"src":"usmin","kind":"Adit","name":"","topo":"Columbia SE 1948","url":"https://mrdata.usgs.gov/usmin/show-usmin.php?type=point&id=49216"}},{"type":"Feature","geometry":{"type":"Point","coordinates":[-120.37811,38.05953]},"properties":{"src":"usmin","kind":"Adit","name":"","topo":"Columbia 1948","url":"https://mrdata.usgs.gov/usmin/show-usmin.php?type=point&id=49229"}},{"type":"Feature","geometry":{"type":"Point","coordinates":[-120.37773,38.01559]},"properties":{"src":"usmin","kind":"Adit","name":"Ford Mine","topo":"Columbia 1948","url":"https://mrdata.usgs.gov/usmin/show-usmin.php?type=point&id=49286"}},{"type":"Feature","geometry":{"type":"Point","coordinates":[-120.35212,38.05401]},"properties":{"src":"usmin","kind":"Adit","name":"Rifle Mine","topo":"Columbia 1948","url":"https://mrdata.usgs.gov/usmin/show-usmin.php?type=point&id=490228"}},{"type":"Feature","geometry":{"type":"Point","coordinates":[-120.37769,37.99145]},"properties":{"src":"usmin","kind":"Adit","name":"","topo":"Sonora 1948","url":"https://mrdata.usgs.gov/usmin/show-usmin.php?type=point&id=490245"}},{"type":"Feature","geometry":{"type":"Point","coordinates":[-120.37818,38.05951]},"properties":{"src":"usmin","kind":"Adit","name":"","topo":"Columbia 1948","url":"https://mrdata.usgs.gov/usmin/show-usmin.php?type=point&id=490281"}},{"type":"Feature","geometry":{"type":"Point","coordinates":[-120.35478,38.0533]},"properties":{"src":"usmin","kind":"Adit","name":"","topo":"Columbia 1948","url":"https://mrdata.usgs.gov/usmin/show-usmin.php?type=point&id=490284"}},{"type":"Feature","geometry":{"type":"Point","coordinates":[-120.37785,38.06131]},"properties":{"src":"usmin","kind":"Adit","name":"","topo":"Columbia 1948","url":"https://mrdata.usgs.gov/usmin/show-usmin.php?type=point&id=49146"}},{"type":"Feature","geometry":{"type":"Point","coordinates":[-120.34927,38.06002]},"properties":{"src":"usmin","kind":"Adit","name":"","topo":"Columbia 1948","url":"https://mrdata.usgs.gov/usmin/show-usmin.php?type=point&id=490227"}},{"type":"Feature","geometry":{"type":"Point","coordinates":[-120.34158,38.05758]},"properties":{"src":"usmin","kind":"Adit","name":"","topo":"Columbia 1948","url":"https://mrdata.usgs.gov/usmin/show-usmin.php?type=point&id=490251"}},{"type":"Feature","geometry":{"type":"Point","coordinates":[-120.34914,38.06177]},"properties":{"src":"usmin","kind":"Adit","name":"","topo":"Columbia SE 1948","url":"https://mrdata.usgs.gov/usmin/show-usmin.php?type=point&id=49221"}},{"type":"Feature","geometry":{"type":"Point","coordinates":[-120.35368,38.05387]},"properties":{"src":"usmin","kind":"Adit","name":"","topo":"Columbia SE 1948","url":"https://mrdata.usgs.gov/usmin/show-usmin.php?type=point&id=49230"}},{"type":"Feature","geometry":{"type":"Point","coordinates":[-120.34957,38.0613]},"properties":{"src":"usmin","kind":"Adit","name":"","topo":"Columbia SE 1948","url":"https://mrdata.usgs.gov/usmin/show-usmin.php?type=point&id=49234"}},{"type":"Feature","geometry":{"type":"Point","coordinates":[-120.32927,38.0585]},"properties":{"src":"usmin","kind":"Adit","name":"Volunteer Mine","topo":"Columbia SE 1948","url":"https://mrdata.usgs.gov/usmin/show-usmin.php?type=point&id=49275"}},{"type":"Feature","geometry":{"type":"Point","coordinates":[-120.36233,38.05786]},"properties":{"src":"usmin","kind":"Adit","name":"","topo":"Columbia 1948","url":"https://mrdata.usgs.gov/usmin/show-usmin.php?type=point&id=490334"}},{"type":"Feature","geometry":{"type":"Point","coordinates":[-120.29166,38.08952]},"properties":{"src":"usmin","kind":"Adit","name":"Lucky Strike Mine","topo":"Columbia SE 1948","url":"https://mrdata.usgs.gov/usmin/show-usmin.php?type=point&id=49128"}},{"type":"Feature","geometry":{"type":"Point","coordinates":[-120.39559,37.96886]},"properties":{"src":"usmin","kind":"Adit","name":"","topo":"Sonora 1948","url":"https://mrdata.usgs.gov/usmin/show-usmin.php?type=point&id=490186"}},{"type":"Feature","geometry":{"type":"Point","coordinates":[-120.29186,38.0896]},"properties":{"src":"usmin","kind":"Adit","name":"Lucky Strike Mine","topo":"Columbia 1948","url":"https://mrdata.usgs.gov/usmin/show-usmin.php?type=point&id=490189"}},{"type":"Feature","geometry":{"type":"Point","coordinates":[-120.29348,38.0913]},"properties":{"src":"usmin","kind":"Adit","name":"Gold Ridge Mine","topo":"Columbia SE 1948","url":"https://mrdata.usgs.gov/usmin/show-usmin.php?type=point&id=49304"}},{"type":"Feature","geometry":{"type":"Point","coordinates":[-120.36512,38.05256]},"properties":{"src":"usmin","kind":"Adit","name":"","topo":"Columbia 1948","url":"https://mrdata.usgs.gov/usmin/show-usmin.php?type=point&id=490170"}},{"type":"Feature","geometry":{"type":"Point","coordinates":[-120.29361,38.09132]},"properties":{"src":"usmin","kind":"Adit","name":"Gold Ridge Mine","topo":"Columbia 1948","url":"https://mrdata.usgs.gov/usmin/show-usmin.php?type=point&id=490210"}},{"type":"Feature","geometry":{"type":"Point","coordinates":[-120.17613,37.96405]},"properties":{"src":"usmin","kind":"Mine Shaft","name":"Aqua Caliente Mine","topo":"Tuolumne 1948","url":"https://mrdata.usgs.gov/usmin/show-usmin.php?type=point&id=494098"}},{"type":"Feature","geometry":{"type":"Point","coordinates":[-119.21009,37.85592]},"properties":{"src":"usmin","kind":"Mine Shaft","name":"","topo":"Mono Craters 1953","url":"https://mrdata.usgs.gov/usmin/show-usmin.php?type=point&id=494125"}},{"type":"Feature","geometry":{"type":"Point","coordinates":[-120.21036,37.92816]},"properties":{"src":"usmin","kind":"Mine Shaft","name":"Hattie Ester Mine","topo":"Tuolumne 1948","url":"https://mrdata.usgs.gov/usmin/show-usmin.php?type=point&id=494127"}},{"type":"Feature","geometry":{"type":"Point","coordinates":[-119.91026,37.81335]},"properties":{"src":"usmin","kind":"Mine Shaft","name":"","topo":"Lake Eleanor 1956","url":"https://mrdata.usgs.gov/usmin/show-usmin.php?type=point&id=494167"}},{"type":"Feature","geometry":{"type":"Point","coordinates":[-120.16878,38.05931]},"properties":{"src":"usmin","kind":"Mine Shaft","name":"","topo":"Long Barn 1956","url":"https://mrdata.usgs.gov/usmin/show-usmin.php?type=point&id=494184"}},{"type":"Feature","geometry":{"type":"Point","coordinates":[-120.12114,37.83501]},"properties":{"src":"usmin","kind":"Mine Shaft","name":"Gold Queen Mine","topo":"Tuolumne 1948","url":"https://mrdata.usgs.gov/usmin/show-usmin.php?type=point&id=494194"}},{"type":"Feature","geometry":{"type":"Point","coordinates":[-120.21379,38.04034]},"properties":{"src":"usmin","kind":"Open Pit Mine","name":"Geraldine Mine","topo":"Long Barn 1956","url":"https://mrdata.usgs.gov/usmin/show-usmin.php?type=point&id=495073"}},{"type":"Feature","geometry":{"type":"Point","coordinates":[-120.21271,38.07028]},"properties":{"src":"usmin","kind":"Open Pit Mine","name":"Red Cloud Mine","topo":"Long Barn 1956","url":"https://mrdata.usgs.gov/usmin/show-usmin.php?type=point&id=495075"}},{"type":"Feature","geometry":{"type":"Point","coordinates":[-119.88548,37.82911]},"properties":{"src":"usmin","kind":"Open Pit Mine","name":"Five Star Mine","topo":"Lake Eleanor 1956","url":"https://mrdata.usgs.gov/usmin/show-usmin.php?type=point&id=495080"}},{"type":"Feature","geometry":{"type":"Point","coordinates":[-119.9884,38.17681]},"properties":{"src":"usmin","kind":"Open Pit Mine or Quarry","name":"","topo":"Pinecrest 1956","url":"https://mrdata.usgs.gov/usmin/show-usmin.php?type=point&id=496007"}},{"type":"Feature","geometry":{"type":"Point","coordinates":[-120.21395,37.92645]},"properties":{"src":"usmin","kind":"Prospect Pit","name":"","topo":"Tuolumne 1948","url":"https://mrdata.usgs.gov/usmin/show-usmin.php?type=point&id=501383"}},{"type":"Feature","geometry":{"type":"Point","coordinates":[-119.8799,37.79811]},"properties":{"src":"usmin","kind":"Prospect Pit","name":"","topo":"Lake Eleanor 1956","url":"https://mrdata.usgs.gov/usmin/show-usmin.php?type=point&id=501385"}},{"type":"Feature","geometry":{"type":"Point","coordinates":[-119.88046,37.79856]},"properties":{"src":"usmin","kind":"Prospect Pit","name":"","topo":"Lake Eleanor 1956","url":"https://mrdata.usgs.gov/usmin/show-usmin.php?type=point&id=501413"}},{"type":"Feature","geometry":{"type":"Point","coordinates":[-120.21464,37.94664]},"properties":{"src":"usmin","kind":"Prospect Pit","name":"","topo":"Tuolumne 1948","url":"https://mrdata.usgs.gov/usmin/show-usmin.php?type=point&id=501422"}},{"type":"Feature","geometry":{"type":"Point","coordinates":[-120.16479,38.06066]},"properties":{"src":"usmin","kind":"Prospect Pit","name":"","topo":"Long Barn 1956","url":"https://mrdata.usgs.gov/usmin/show-usmin.php?type=point&id=501436"}},{"type":"Feature","geometry":{"type":"Point","coordinates":[-120.16143,38.06074]},"properties":{"src":"usmin","kind":"Prospect Pit","name":"","topo":"Long Barn 1956","url":"https://mrdata.usgs.gov/usmin/show-usmin.php?type=point&id=501483"}},{"type":"Feature","geometry":{"type":"Point","coordinates":[-120.16418,38.07208]},"properties":{"src":"usmin","kind":"Prospect Pit","name":"","topo":"Long Barn 1956","url":"https://mrdata.usgs.gov/usmin/show-usmin.php?type=point&id=501491"}},{"type":"Feature","geometry":{"type":"Point","coordinates":[-120.20357,38.09802]},"properties":{"src":"usmin","kind":"Prospect Pit","name":"","topo":"Long Barn 1956","url":"https://mrdata.usgs.gov/usmin/show-usmin.php?type=point&id=501501"}},{"type":"Feature","geometry":{"type":"Point","coordinates":[-120.20875,37.94748]},"properties":{"src":"usmin","kind":"Prospect Pit","name":"","topo":"Tuolumne 1948","url":"https://mrdata.usgs.gov/usmin/show-usmin.php?type=point&id=501506"}},{"type":"Feature","geometry":{"type":"Point","coordinates":[-120.15713,38.07567]},"properties":{"src":"usmin","kind":"Sand Pit","name":"","topo":"Long Barn 1956","url":"https://mrdata.usgs.gov/usmin/show-usmin.php?type=point&id=501957"}},{"type":"Feature","geometry":{"type":"Point","coordinates":[-120.20707,37.92924]},"properties":{"src":"usmin","kind":"Adit","name":"","topo":"Tuolumne 1948","url":"https://mrdata.usgs.gov/usmin/show-usmin.php?type=point&id=49169"}},{"type":"Feature","geometry":{"type":"Point","coordinates":[-120.22373,38.07822]},"properties":{"src":"usmin","kind":"Adit","name":"","topo":"Twain Harte 1979","url":"https://mrdata.usgs.gov/usmin/show-usmin.php?type=point&id=49280"}},{"type":"Feature","geometry":{"type":"Point","coordinates":[-120.22444,38.07807]},"properties":{"src":"usmin","kind":"Adit","name":"","topo":"Twain Harte 1979","url":"https://mrdata.usgs.gov/usmin/show-usmin.php?type=point&id=49291"}},{"type":"Feature","geometry":{"type":"Point","coordinates":[-120.18392,38.0351]},"properties":{"src":"usmin","kind":"Adit","name":"Corona Mine","topo":"Twain Harte 1979","url":"https://mrdata.usgs.gov/usmin/show-usmin.php?type=point&id=49193"}},{"type":"Feature","geometry":{"type":"Point","coordinates":[-120.15607,38.05824]},"properties":{"src":"usmin","kind":"Adit","name":"","topo":"Twain Harte 1979","url":"https://mrdata.usgs.gov/usmin/show-usmin.php?type=point&id=49277"}},{"type":"Feature","geometry":{"type":"Point","coordinates":[-120.1839,38.03514]},"properties":{"src":"usmin","kind":"Adit","name":"Corona Mine","topo":"Long Barn 1956","url":"https://mrdata.usgs.gov/usmin/show-usmin.php?type=point&id=490166"}},{"type":"Feature","geometry":{"type":"Point","coordinates":[-119.92692,37.89672]},"properties":{"src":"usmin","kind":"Adit","name":"","topo":"Cherry Lake South 1990","url":"https://mrdata.usgs.gov/usmin/show-usmin.php?type=point&id=49278"}},{"type":"Feature","geometry":{"type":"Point","coordinates":[-120.18323,38.03231]},"properties":{"src":"usmin","kind":"Adit","name":"","topo":"Twain Harte 1979","url":"https://mrdata.usgs.gov/usmin/show-usmin.php?type=point&id=49289"}},{"type":"Feature","geometry":{"type":"Point","coordinates":[-120.18331,38.02923]},"properties":{"src":"usmin","kind":"Adit","name":"","topo":"Long Barn 1956","url":"https://mrdata.usgs.gov/usmin/show-usmin.php?type=point&id=490215"}},{"type":"Feature","geometry":{"type":"Point","coordinates":[-119.93771,37.89889]},"properties":{"src":"usmin","kind":"Adit","name":"","topo":"Cherry Lake South 1990","url":"https://mrdata.usgs.gov/usmin/show-usmin.php?type=point&id=49122"}},{"type":"Feature","geometry":{"type":"Point","coordinates":[-119.94329,37.89423]},"properties":{"src":"usmin","kind":"Adit","name":"","topo":"Cherry Lake South 1990","url":"https://mrdata.usgs.gov/usmin/show-usmin.php?type=point&id=49176"}},{"type":"Feature","geometry":{"type":"Point","coordinates":[-119.21183,37.84694]},"properties":{"src":"usmin","kind":"Adit","name":"","topo":"Mono Craters 1953","url":"https://mrdata.usgs.gov/usmin/show-usmin.php?type=point&id=487506"}},{"type":"Feature","geometry":{"type":"Point","coordinates":[-120.05164,37.83062]},"properties":{"src":"usmin","kind":"Adit","name":"","topo":"Tuolumne 1948","url":"https://mrdata.usgs.gov/usmin/show-usmin.php?type=point&id=490314"}},{"type":"Feature","geometry":{"type":"Point","coordinates":[-120.18249,38.02735]},"properties":{"src":"usmin","kind":"Adit","name":"","topo":"Long Barn 1956","url":"https://mrdata.usgs.gov/usmin/show-usmin.php?type=point&id=490357"}},{"type":"Feature","geometry":{"type":"Point","coordinates":[-120.1609,37.87012]},"properties":{"src":"usmin","kind":"Adit","name":"Kanaka Mine","topo":"Groveland 1947","url":"https://mrdata.usgs.gov/usmin/show-usmin.php?type=point&id=49100"}},{"type":"Feature","geometry":{"type":"Point","coordinates":[-120.03108,37.82364]},"properties":{"src":"usmin","kind":"Adit","name":"","topo":"Jawbone Ridge 1947","url":"https://mrdata.usgs.gov/usmin/show-usmin.php?type=point&id=49139"}},{"type":"Feature","geometry":{"type":"Point","coordinates":[-120.16058,37.87029]},"properties":{"src":"usmin","kind":"Adit","name":"","topo":"Groveland 1947","url":"https://mrdata.usgs.gov/usmin/show-usmin.php?type=point&id=49253"}},{"type":"Feature","geometry":{"type":"Point","coordinates":[-120.0312,37.82344]},"properties":{"src":"usmin","kind":"Adit","name":"","topo":"Tuolumne 1948","url":"https://mrdata.usgs.gov/usmin/show-usmin.php?type=point&id=490204"}},{"type":"Feature","geometry":{"type":"Point","coordinates":[-120.16025,37.87031]},"properties":{"src":"usmin","kind":"Adit","name":"","topo":"Tuolumne 1948","url":"https://mrdata.usgs.gov/usmin/show-usmin.php?type=point&id=490264"}},{"type":"Feature","geometry":{"type":"Point","coordinates":[-120.15947,37.87025]},"properties":{"src":"usmin","kind":"Adit","name":"","topo":"Tuolumne 1948","url":"https://mrdata.usgs.gov/usmin/show-usmin.php?type=point&id=490268"}},{"type":"Feature","geometry":{"type":"Point","coordinates":[-120.19442,38.01541]},"properties":{"src":"usmin","kind":"Adit","name":"Fair Oaks Mine","topo":"Twain Harte 1979","url":"https://mrdata.usgs.gov/usmin/show-usmin.php?type=point&id=49222"}},{"type":"Feature","geometry":{"type":"Point","coordinates":[-120.21233,37.79614]},"properties":{"src":"usmin","kind":"Adit","name":"","topo":"Tuolumne 1948","url":"https://mrdata.usgs.gov/usmin/show-usmin.php?type=point&id=490221"}},{"type":"Feature","geometry":{"type":"Point","coordinates":[-119.21587,37.85022]},"properties":{"src":"usmin","kind":"Prospect Pit","name":"","topo":"Mono Craters 1953","url":"https://mrdata.usgs.gov/usmin/show-usmin.php?type=point&id=501433"}},{"type":"Feature","geometry":{"type":"Point","coordinates":[-119.21839,37.85031]},"properties":{"src":"usmin","kind":"Prospect Pit","name":"","topo":"Mono Craters 1953","url":"https://mrdata.usgs.gov/usmin/show-usmin.php?type=point&id=501455"}},{"type":"Feature","geometry":{"type":"Point","coordinates":[-119.2151,37.85041]},"properties":{"src":"usmin","kind":"Adit","name":"","topo":"Mono Craters 1953","url":"https://mrdata.usgs.gov/usmin/show-usmin.php?type=point&id=490336"}},{"type":"Feature","geometry":{"type":"Point","coordinates":[-120.26492,38.14862]},"properties":{"src":"usmin","kind":"Gravel/Borrow Pit - Undifferentiated","name":"Wisehart Pit","topo":"Stanislaus 2001","url":"https://mrdata.usgs.gov/usmin/show-usmin.php?type=point&id=52894"}},{"type":"Feature","geometry":{"type":"Point","coordinates":[-120.21421,38.1484]},"properties":{"src":"usmin","kind":"Gravel/Borrow Pit - Undifferentiated","name":"","topo":"Crandall Peak 2001","url":"https://mrdata.usgs.gov/usmin/show-usmin.php?type=point&id=52897"}},{"type":"Feature","geometry":{"type":"Point","coordinates":[-120.16198,38.23104]},"properties":{"src":"usmin","kind":"Gravel/Borrow Pit - Undifferentiated","name":"","topo":"Crandall Peak 2001","url":"https://mrdata.usgs.gov/usmin/show-usmin.php?type=point&id=52898"}},{"type":"Feature","geometry":{"type":"Point","coordinates":[-120.35572,38.141]},"properties":{"src":"usmin","kind":"Mine Shaft","name":"","topo":"Stanislaus 1948","url":"https://mrdata.usgs.gov/usmin/show-usmin.php?type=point&id=58837"}},{"type":"Feature","geometry":{"type":"Point","coordinates":[-120.35204,38.13413]},"properties":{"src":"usmin","kind":"Prospect Pit","name":"","topo":"Stanislaus 1948","url":"https://mrdata.usgs.gov/usmin/show-usmin.php?type=point&id=84829"}},{"type":"Feature","geometry":{"type":"Point","coordinates":[-120.19917,38.26019]},"properties":{"src":"usmin","kind":"Quarry","name":"","topo":"Boards Crossing 1979","url":"https://mrdata.usgs.gov/usmin/show-usmin.php?type=point&id=85814"}},{"type":"Feature","geometry":{"type":"Point","coordinates":[-120.35223,38.13438]},"properties":{"src":"usmin","kind":"Prospect Pit","name":"","topo":"Columbia 1948","url":"https://mrdata.usgs.gov/usmin/show-usmin.php?type=point&id=501395"}},{"type":"Feature","geometry":{"type":"Point","coordinates":[-120.24412,38.12743]},"properties":{"src":"usmin","kind":"Prospect Pit","name":"","topo":"Long Barn 1956","url":"https://mrdata.usgs.gov/usmin/show-usmin.php?type=point&id=501490"}},{"type":"Feature","geometry":{"type":"Point","coordinates":[-120.34114,38.12024]},"properties":{"src":"usmin","kind":"Adit","name":"Contention Mine","topo":"Columbia SE 1948","url":"https://mrdata.usgs.gov/usmin/show-usmin.php?type=point&id=49151"}},{"type":"Feature","geometry":{"type":"Point","coordinates":[-120.34122,38.12025]},"properties":{"src":"usmin","kind":"Adit","name":"Contention Mine","topo":"Columbia 1948","url":"https://mrdata.usgs.gov/usmin/show-usmin.php?type=point&id=490287"}},{"type":"Feature","geometry":{"type":"Point","coordinates":[-119.98856,37.86441]},"properties":{"src":"usmin","kind":"Gravel/Borrow Pit - Undifferentiated","name":"","topo":"Ascension Mountain 1990","url":"https://mrdata.usgs.gov/usmin/show-usmin.php?type=point&id=52900"}},{"type":"Feature","geometry":{"type":"Point","coordinates":[-119.96109,37.79087]},"properties":{"src":"usmin","kind":"Gravel/Borrow Pit - Undifferentiated","name":"Peakard Pit","topo":"Ascension Mountain 2001","url":"https://mrdata.usgs.gov/usmin/show-usmin.php?type=point&id=52903"}},{"type":"Feature","geometry":{"type":"Point","coordinates":[-119.90131,37.81996]},"properties":{"src":"usmin","kind":"Open Pit Mine","name":"","topo":"Ascension Mountain 1990","url":"https://mrdata.usgs.gov/usmin/show-usmin.php?type=point&id=60319"}},{"type":"Feature","geometry":{"type":"Point","coordinates":[-119.95531,37.84166]},"properties":{"src":"usmin","kind":"Open Pit Mine or Quarry","name":"","topo":"Ascension Mountain 2001","url":"https://mrdata.usgs.gov/usmin/show-usmin.php?type=point&id=60739"}},{"type":"Feature","geometry":{"type":"Point","coordinates":[-119.86319,37.77296]},"properties":{"src":"usmin","kind":"Prospect Pit","name":"","topo":"Ackerson Mountain 1990","url":"https://mrdata.usgs.gov/usmin/show-usmin.php?type=point&id=84688"}},{"type":"Feature","geometry":{"type":"Point","coordinates":[-119.90288,37.80597]},"properties":{"src":"usmin","kind":"Prospect Pit","name":"","topo":"Ascension Mountain 1990","url":"https://mrdata.usgs.gov/usmin/show-usmin.php?type=point&id=84704"}},{"type":"Feature","geometry":{"type":"Point","coordinates":[-119.90104,37.80628]},"properties":{"src":"usmin","kind":"Prospect Pit","name":"","topo":"Ascension Mountain 1990","url":"https://mrdata.usgs.gov/usmin/show-usmin.php?type=point&id=84732"}},{"type":"Feature","geometry":{"type":"Point","coordinates":[-119.94075,37.89768]},"properties":{"src":"usmin","kind":"Prospect Pit","name":"","topo":"Cherry Lake South 1990","url":"https://mrdata.usgs.gov/usmin/show-usmin.php?type=point&id=84759"}},{"type":"Feature","geometry":{"type":"Point","coordinates":[-119.88672,37.81202]},"properties":{"src":"usmin","kind":"Prospect Pit","name":"","topo":"Ascension Mountain 1990","url":"https://mrdata.usgs.gov/usmin/show-usmin.php?type=point&id=84770"}},{"type":"Feature","geometry":{"type":"Point","coordinates":[-119.90919,37.81208]},"properties":{"src":"usmin","kind":"Prospect Pit","name":"","topo":"Ascension Mountain 1990","url":"https://mrdata.usgs.gov/usmin/show-usmin.php?type=point&id=84797"}},{"type":"Feature","geometry":{"type":"Point","coordinates":[-120.00147,37.86343]},"properties":{"src":"usmin","kind":"Prospect Pit","name":"","topo":"Jawbone Ridge 1947","url":"https://mrdata.usgs.gov/usmin/show-usmin.php?type=point&id=84812"}},{"type":"Feature","geometry":{"type":"Point","coordinates":[-119.90187,37.80628]},"properties":{"src":"usmin","kind":"Prospect Pit","name":"","topo":"Ascension Mountain 1990","url":"https://mrdata.usgs.gov/usmin/show-usmin.php?type=point&id=84839"}},{"type":"Feature","geometry":{"type":"Point","coordinates":[-119.90145,37.80768]},"properties":{"src":"usmin","kind":"Prospect Pit","name":"","topo":"Lake Eleanor 1956","url":"https://mrdata.usgs.gov/usmin/show-usmin.php?type=point&id=501426"}},{"type":"Feature","geometry":{"type":"Point","coordinates":[-120.00195,37.86356]},"properties":{"src":"usmin","kind":"Prospect Pit","name":"","topo":"Tuolumne 1948","url":"https://mrdata.usgs.gov/usmin/show-usmin.php?type=point&id=501489"}},{"type":"Feature","geometry":{"type":"Point","coordinates":[-119.98896,37.8645]},"properties":{"src":"usmin","kind":"Quarry","name":"","topo":"Lake Eleanor 1956","url":"https://mrdata.usgs.gov/usmin/show-usmin.php?type=point&id=501886"}},{"type":"Feature","geometry":{"type":"Point","coordinates":[-120.05174,37.83069]},"properties":{"src":"usmin","kind":"Adit","name":"","topo":"Jawbone Ridge 1947","url":"https://mrdata.usgs.gov/usmin/show-usmin.php?type=point&id=49103"}},{"type":"Feature","geometry":{"type":"Point","coordinates":[-120.0671,37.83251]},"properties":{"src":"usmin","kind":"Adit","name":"","topo":"Jawbone Ridge 1947","url":"https://mrdata.usgs.gov/usmin/show-usmin.php?type=point&id=49285"}},{"type":"Feature","geometry":{"type":"Point","coordinates":[-120.03675,37.82421]},"properties":{"src":"usmin","kind":"Adit","name":"","topo":"Jawbone Ridge 1947","url":"https://mrdata.usgs.gov/usmin/show-usmin.php?type=point&id=49302"}},{"type":"Feature","geometry":{"type":"Point","coordinates":[-120.03692,37.82411]},"properties":{"src":"usmin","kind":"Adit","name":"","topo":"Tuolumne 1948","url":"https://mrdata.usgs.gov/usmin/show-usmin.php?type=point&id=490302"}},{"type":"Feature","geometry":{"type":"Point","coordinates":[-120.08643,37.83283]},"properties":{"src":"usmin","kind":"Adit","name":"","topo":"Tuolumne 1948","url":"https://mrdata.usgs.gov/usmin/show-usmin.php?type=point&id=490310"}},{"type":"Feature","geometry":{"type":"Point","coordinates":[-120.04341,37.82714]},"properties":{"src":"usmin","kind":"Adit","name":"","topo":"Tuolumne 1948","url":"https://mrdata.usgs.gov/usmin/show-usmin.php?type=point&id=490192"}},{"type":"Feature","geometry":{"type":"Point","coordinates":[-120.42712,38.07057]},"properties":{"src":"usmin","kind":"Quarry","name":"Marble Quarry","topo":"Columbia 1948","url":"https://mrdata.usgs.gov/usmin/show-usmin.php?type=point&id=85801"}},{"type":"Feature","geometry":{"type":"Point","coordinates":[-120.42549,38.06983]},"properties":{"src":"usmin","kind":"Quarry","name":"Marble Quarry","topo":"Columbia 1948","url":"https://mrdata.usgs.gov/usmin/show-usmin.php?type=point&id=85803"}},{"type":"Feature","geometry":{"type":"Point","coordinates":[-120.42532,38.06995]},"properties":{"src":"usmin","kind":"Quarry","name":"Marble Quarries","topo":"Columbia 1948","url":"https://mrdata.usgs.gov/usmin/show-usmin.php?type=point&id=501888"}},{"type":"Feature","geometry":{"type":"Point","coordinates":[-120.24081,38.04924]},"properties":{"src":"usmin","kind":"Borrow Pit","name":"","topo":"Twain Harte 1979","url":"https://mrdata.usgs.gov/usmin/show-usmin.php?type=point&id=50509"}},{"type":"Feature","geometry":{"type":"Point","coordinates":[-120.24568,38.04045]},"properties":{"src":"usmin","kind":"Borrow Pit","name":"","topo":"Twain Harte 1979","url":"https://mrdata.usgs.gov/usmin/show-usmin.php?type=point&id=50513"}},{"type":"Feature","geometry":{"type":"Point","coordinates":[-120.12812,37.9427]},"properties":{"src":"usmin","kind":"Gravel/Borrow Pit - Undifferentiated","name":"Skidmore Pit","topo":"Tuolumne 2001","url":"https://mrdata.usgs.gov/usmin/show-usmin.php?type=point&id=52892"}},{"type":"Feature","geometry":{"type":"Point","coordinates":[-120.1648,38.03895]},"properties":{"src":"usmin","kind":"Gravel/Borrow Pit - Undifferentiated","name":"Mt Lewis Pits","topo":"Twain Harte 2001","url":"https://mrdata.usgs.gov/usmin/show-usmin.php?type=point&id=52896"}},{"type":"Feature","geometry":{"type":"Point","coordinates":[-120.16676,38.03991]},"properties":{"src":"usmin","kind":"Gravel/Borrow Pit - Undifferentiated","name":"","topo":"Twain Harte 2001","url":"https://mrdata.usgs.gov/usmin/show-usmin.php?type=point&id=52902"}},{"type":"Feature","geometry":{"type":"Point","coordinates":[-120.24849,37.98284]},"properties":{"src":"usmin","kind":"Mine Shaft","name":"Columbus Mine","topo":"Tuolumne 1948","url":"https://mrdata.usgs.gov/usmin/show-usmin.php?type=point&id=58789"}},{"type":"Feature","geometry":{"type":"Point","coordinates":[-120.3488,38.05882]},"properties":{"src":"usmin","kind":"Mine Shaft","name":"","topo":"Columbia SE 1948","url":"https://mrdata.usgs.gov/usmin/show-usmin.php?type=point&id=58797"}},{"type":"Feature","geometry":{"type":"Point","coordinates":[-120.3708,38.00754]},"properties":{"src":"usmin","kind":"Mine Shaft","name":"","topo":"Columbia SE 1948","url":"https://mrdata.usgs.gov/usmin/show-usmin.php?type=point&id=58817"}},{"type":"Feature","geometry":{"type":"Point","coordinates":[-120.39899,38.08346]},"properties":{"src":"usmin","kind":"Mine Shaft","name":"","topo":"Columbia 1948","url":"https://mrdata.usgs.gov/usmin/show-usmin.php?type=point&id=58825"}},{"type":"Feature","geometry":{"type":"Point","coordinates":[-120.38625,38.01801]},"properties":{"src":"usmin","kind":"Mine Shaft","name":"","topo":"Columbia 1948","url":"https://mrdata.usgs.gov/usmin/show-usmin.php?type=point&id=58832"}},{"type":"Feature","geometry":{"type":"Point","coordinates":[-120.26576,37.99695]},"properties":{"src":"usmin","kind":"Mine Shaft","name":"","topo":"Standard 1948","url":"https://mrdata.usgs.gov/usmin/show-usmin.php?type=point&id=58836"}},{"type":"Feature","geometry":{"type":"Point","coordinates":[-120.27908,37.97108]},"properties":{"src":"usmin","kind":"Mine Shaft","name":"Junction Mine","topo":"Standard 1948","url":"https://mrdata.usgs.gov/usmin/show-usmin.php?type=point&id=58838"}},{"type":"Feature","geometry":{"type":"Point","coordinates":[-120.16355,38.02258]},"properties":{"src":"usmin","kind":"Mine Shaft","name":"Casa Madera Mine","topo":"Twain Harte 1979","url":"https://mrdata.usgs.gov/usmin/show-usmin.php?type=point&id=58839"}},{"type":"Feature","geometry":{"type":"Point","coordinates":[-120.32063,38.08671]},"properties":{"src":"usmin","kind":"Mine Shaft","name":"","topo":"Columbia SE 1948","url":"https://mrdata.usgs.gov/usmin/show-usmin.php?type=point&id=58840"}},{"type":"Feature","geometry":{"type":"Point","coordinates":[-120.35081,38.05166]},"properties":{"src":"usmin","kind":"Mine Shaft","name":"","topo":"Columbia SE 1948","url":"https://mrdata.usgs.gov/usmin/show-usmin.php?type=point&id=58851"}},{"type":"Feature","geometry":{"type":"Point","coordinates":[-120.30598,38.08908]},"properties":{"src":"usmin","kind":"Mine Shaft","name":"","topo":"Columbia SE 1948","url":"https://mrdata.usgs.gov/usmin/show-usmin.php?type=point&id=58853"}},{"type":"Feature","geometry":{"type":"Point","coordinates":[-120.17657,37.96374]},"properties":{"src":"usmin","kind":"Mine Shaft","name":"Agua Caliente Mine","topo":"Tuolumne 1948","url":"https://mrdata.usgs.gov/usmin/show-usmin.php?type=point&id=58862"}},{"type":"Feature","geometry":{"type":"Point","coordinates":[-120.25182,37.97425]},"properties":{"src":"usmin","kind":"Mine Shaft","name":"","topo":"Standard 1948","url":"https://mrdata.usgs.gov/usmin/show-usmin.php?type=point&id=58865"}},{"type":"Feature","geometry":{"type":"Point","coordinates":[-120.26417,37.98239]},"properties":{"src":"usmin","kind":"Mine Shaft","name":"","topo":"Standard 1948","url":"https://mrdata.usgs.gov/usmin/show-usmin.php?type=point&id=58866"}},{"type":"Feature","geometry":{"type":"Point","coordinates":[-120.34169,38.05673]},"properties":{"src":"usmin","kind":"Mine Shaft","name":"","topo":"Columbia SE 1948","url":"https://mrdata.usgs.gov/usmin/show-usmin.php?type=point&id=58867"}},{"type":"Feature","geometry":{"type":"Point","coordinates":[-120.38277,37.98891]},"properties":{"src":"usmin","kind":"Mine Shaft","name":"","topo":"Sonora 1948","url":"https://mrdata.usgs.gov/usmin/show-usmin.php?type=point&id=58868"}},{"type":"Feature","geometry":{"type":"Point","coordinates":[-120.36598,38.04956]},"properties":{"src":"usmin","kind":"Mine Shaft","name":"Shanghai Mine","topo":"Columbia SE 1948","url":"https://mrdata.usgs.gov/usmin/show-usmin.php?type=point&id=58869"}},{"type":"Feature","geometry":{"type":"Point","coordinates":[-120.20899,38.04605]},"properties":{"src":"usmin","kind":"Mine Shaft","name":"","topo":"Twain Harte 1979","url":"https://mrdata.usgs.gov/usmin/show-usmin.php?type=point&id=58870"}},{"type":"Feature","geometry":{"type":"Point","coordinates":[-120.31738,38.09438]},"properties":{"src":"usmin","kind":"Mine Shaft","name":"Noonday Mine","topo":"Columbia SE 1948","url":"https://mrdata.usgs.gov/usmin/show-usmin.php?type=point&id=58871"}},{"type":"Feature","geometry":{"type":"Point","coordinates":[-120.21389,38.04146]},"properties":{"src":"usmin","kind":"Mine Shaft","name":"","topo":"Twain Harte 1979","url":"https://mrdata.usgs.gov/usmin/show-usmin.php?type=point&id=58877"}},{"type":"Feature","geometry":{"type":"Point","coordinates":[-120.39842,38.06623]},"properties":{"src":"usmin","kind":"Mine Shaft","name":"","topo":"Columbia 1948","url":"https://mrdata.usgs.gov/usmin/show-usmin.php?type=point&id=58879"}},{"type":"Feature","geometry":{"type":"Point","coordinates":[-120.36169,38.05798]},"properties":{"src":"usmin","kind":"Mine Shaft","name":"Ridgeway Mine","topo":"Columbia SE 1948","url":"https://mrdata.usgs.gov/usmin/show-usmin.php?type=point&id=58882"}},{"type":"Feature","geometry":{"type":"Point","coordinates":[-120.31018,38.08875]},"properties":{"src":"usmin","kind":"Mine Shaft","name":"Grant Mine","topo":"Columbia SE 1948","url":"https://mrdata.usgs.gov/usmin/show-usmin.php?type=point&id=58892"}},{"type":"Feature","geometry":{"type":"Point","coordinates":[-120.36186,38.09094]},"properties":{"src":"usmin","kind":"Mine Shaft","name":"","topo":"Columbia SE 1948","url":"https://mrdata.usgs.gov/usmin/show-usmin.php?type=point&id=58894"}},{"type":"Feature","geometry":{"type":"Point","coordinates":[-120.16778,38.05958]},"properties":{"src":"usmin","kind":"Mine Shaft","name":"Green Mine","topo":"Twain Harte 1979","url":"https://mrdata.usgs.gov/usmin/show-usmin.php?type=point&id=58895"}},{"type":"Feature","geometry":{"type":"Point","coordinates":[-120.24984,37.98676]},"properties":{"src":"usmin","kind":"Mine Shaft","name":"","topo":"Tuolumne 1948","url":"https://mrdata.usgs.gov/usmin/show-usmin.php?type=point&id=58896"}},{"type":"Feature","geometry":{"type":"Point","coordinates":[-120.37686,38.01733]},"properties":{"src":"usmin","kind":"Mine Shaft","name":"","topo":"Columbia 1948","url":"https://mrdata.usgs.gov/usmin/show-usmin.php?type=point&id=58903"}},{"type":"Feature","geometry":{"type":"Point","coordinates":[-120.24405,37.97559]},"properties":{"src":"usmin","kind":"Mine Shaft","name":"","topo":"Tuolumne 1948","url":"https://mrdata.usgs.gov/usmin/show-usmin.php?type=point&id=58910"}},{"type":"Feature","geometry":{"type":"Point","coordinates":[-120.24442,37.97931]},"properties":{"src":"usmin","kind":"Mine Shaft","name":"North Star Mine","topo":"Tuolumne 1948","url":"https://mrdata.usgs.gov/usmin/show-usmin.php?type=point&id=58917"}},{"type":"Feature","geometry":{"type":"Point","coordinates":[-120.20837,38.0435]},"properties":{"src":"usmin","kind":"Mine Shaft","name":"Confidence Mine","topo":"Twain Harte 1979","url":"https://mrdata.usgs.gov/usmin/show-usmin.php?type=point&id=58926"}},{"type":"Feature","geometry":{"type":"Point","coordinates":[-120.21372,38.04178]},"properties":{"src":"usmin","kind":"Open Pit Mine","name":"Geraldine Mine","topo":"Twain Harte 1979","url":"https://mrdata.usgs.gov/usmin/show-usmin.php?type=point&id=60317"}},{"type":"Feature","geometry":{"type":"Point","coordinates":[-120.2476,38.05399]},"properties":{"src":"usmin","kind":"Open Pit Mine","name":"","topo":"Twain Harte 1979","url":"https://mrdata.usgs.gov/usmin/show-usmin.php?type=point&id=60321"}},{"type":"Feature","geometry":{"type":"Point","coordinates":[-120.4068,38.0113]},"properties":{"src":"usmin","kind":"Open Pit Mine or Quarry","name":"","topo":"Columbia 1948","url":"https://mrdata.usgs.gov/usmin/show-usmin.php?type=point&id=60725"}},{"type":"Feature","geometry":{"type":"Point","coordinates":[-120.38044,38.01081]},"properties":{"src":"usmin","kind":"Open Pit Mine or Quarry","name":"","topo":"Columbia 1948","url":"https://mrdata.usgs.gov/usmin/show-usmin.php?type=point&id=60732"}},{"type":"Feature","geometry":{"type":"Point","coordinates":[-120.25441,38.00155]},"properties":{"src":"usmin","kind":"Open Pit Mine or Quarry","name":"","topo":"Columbia SE 1948","url":"https://mrdata.usgs.gov/usmin/show-usmin.php?type=point&id=60733"}},{"type":"Feature","geometry":{"type":"Point","coordinates":[-120.39415,38.0335]},"properties":{"src":"usmin","kind":"Open Pit Mine or Quarry","name":"","topo":"Columbia 1948","url":"https://mrdata.usgs.gov/usmin/show-usmin.php?type=point&id=60735"}},{"type":"Feature","geometry":{"type":"Point","coordinates":[-120.40377,38.02024]},"properties":{"src":"usmin","kind":"Open Pit Mine or Quarry","name":"","topo":"Columbia 1948","url":"https://mrdata.usgs.gov/usmin/show-usmin.php?type=point&id=60736"}},{"type":"Feature","geometry":{"type":"Point","coordinates":[-120.31411,38.10799]},"properties":{"src":"usmin","kind":"Prospect Pit","name":"","topo":"Columbia SE 2001","url":"https://mrdata.usgs.gov/usmin/show-usmin.php?type=point&id=84693"}},{"type":"Feature","geometry":{"type":"Point","coordinates":[-120.3142,38.10824]},"properties":{"src":"usmin","kind":"Prospect Pit","name":"","topo":"Columbia SE 1948","url":"https://mrdata.usgs.gov/usmin/show-usmin.php?type=point&id=84694"}},{"type":"Feature","geometry":{"type":"Point","coordinates":[-120.22944,37.98514]},"properties":{"src":"usmin","kind":"Prospect Pit","name":"","topo":"Tuolumne 1948","url":"https://mrdata.usgs.gov/usmin/show-usmin.php?type=point&id=84695"}},{"type":"Feature","geometry":{"type":"Point","coordinates":[-120.23145,38.06676]},"properties":{"src":"usmin","kind":"Prospect Pit","name":"","topo":"Twain Harte 1979","url":"https://mrdata.usgs.gov/usmin/show-usmin.php?type=point&id=84696"}},{"type":"Feature","geometry":{"type":"Point","coordinates":[-120.22875,37.98312]},"properties":{"src":"usmin","kind":"Prospect Pit","name":"","topo":"Tuolumne 1948","url":"https://mrdata.usgs.gov/usmin/show-usmin.php?type=point&id=84700"}},{"type":"Feature","geometry":{"type":"Point","coordinates":[-120.37388,37.9717]},"properties":{"src":"usmin","kind":"Prospect Pit","name":"","topo":"Standard 1948","url":"https://mrdata.usgs.gov/usmin/show-usmin.php?type=point&id=84723"}},{"type":"Feature","geometry":{"type":"Point","coordinates":[-120.35898,38.09537]},"properties":{"src":"usmin","kind":"Prospect Pit","name":"","topo":"Columbia SE 2001","url":"https://mrdata.usgs.gov/usmin/show-usmin.php?type=point&id=84727"}},{"type":"Feature","geometry":{"type":"Point","coordinates":[-120.38641,38.01863]},"properties":{"src":"usmin","kind":"Prospect Pit","name":"","topo":"Columbia 1948","url":"https://mrdata.usgs.gov/usmin/show-usmin.php?type=point&id=84731"}},{"type":"Feature","geometry":{"type":"Point","coordinates":[-120.3752,37.99917]},"properties":{"src":"usmin","kind":"Prospect Pit","name":"","topo":"Standard 1948","url":"https://mrdata.usgs.gov/usmin/show-usmin.php?type=point&id=84733"}},{"type":"Feature","geometry":{"type":"Point","coordinates":[-120.21486,37.94642]},"properties":{"src":"usmin","kind":"Prospect Pit","name":"","topo":"Tuolumne 1948","url":"https://mrdata.usgs.gov/usmin/show-usmin.php?type=point&id=84735"}},{"type":"Feature","geometry":{"type":"Point","coordinates":[-120.22357,37.98564]},"properties":{"src":"usmin","kind":"Prospect Pit","name":"","topo":"Tuolumne 1948","url":"https://mrdata.usgs.gov/usmin/show-usmin.php?type=point&id=84737"}},{"type":"Feature","geometry":{"type":"Point","coordinates":[-120.20359,38.09813]},"properties":{"src":"usmin","kind":"Prospect Pit","name":"","topo":"Twain Harte 1979","url":"https://mrdata.usgs.gov/usmin/show-usmin.php?type=point&id=84740"}},{"type":"Feature","geometry":{"type":"Point","coordinates":[-120.23244,37.94797]},"properties":{"src":"usmin","kind":"Prospect Pit","name":"","topo":"Tuolumne 1948","url":"https://mrdata.usgs.gov/usmin/show-usmin.php?type=point&id=84747"}},{"type":"Feature","geometry":{"type":"Point","coordinates":[-120.16564,38.02278]},"properties":{"src":"usmin","kind":"Prospect Pit","name":"","topo":"Twain Harte 1979","url":"https://mrdata.usgs.gov/usmin/show-usmin.php?type=point&id=84748"}},{"type":"Feature","geometry":{"type":"Point","coordinates":[-120.25531,37.9784]},"properties":{"src":"usmin","kind":"Prospect Pit","name":"","topo":"Standard 1948","url":"https://mrdata.usgs.gov/usmin/show-usmin.php?type=point&id=84749"}},{"type":"Feature","geometry":{"type":"Point","coordinates":[-120.31474,38.10796]},"properties":{"src":"usmin","kind":"Prospect Pit","name":"","topo":"Columbia SE 2001","url":"https://mrdata.usgs.gov/usmin/show-usmin.php?type=point&id=84757"}},{"type":"Feature","geometry":{"type":"Point","coordinates":[-120.3984,38.08251]},"properties":{"src":"usmin","kind":"Prospect Pit","name":"","topo":"Columbia 1948","url":"https://mrdata.usgs.gov/usmin/show-usmin.php?type=point&id=84760"}},{"type":"Feature","geometry":{"type":"Point","coordinates":[-120.27731,37.97381]},"properties":{"src":"usmin","kind":"Prospect Pit","name":"","topo":"Standard 1948","url":"https://mrdata.usgs.gov/usmin/show-usmin.php?type=point&id=84767"}},{"type":"Feature","geometry":{"type":"Point","coordinates":[-120.2467,37.96722]},"properties":{"src":"usmin","kind":"Prospect Pit","name":"","topo":"Tuolumne 1948","url":"https://mrdata.usgs.gov/usmin/show-usmin.php?type=point&id=84778"}},{"type":"Feature","geometry":{"type":"Point","coordinates":[-120.2362,38.1135]},"properties":{"src":"usmin","kind":"Prospect Pit","name":"","topo":"Twain Harte 1979","url":"https://mrdata.usgs.gov/usmin/show-usmin.php?type=point&id=84779"}},{"type":"Feature","geometry":{"type":"Point","coordinates":[-120.32168,38.00494]},"properties":{"src":"usmin","kind":"Prospect Pit","name":"","topo":"Columbia SE 1948","url":"https://mrdata.usgs.gov/usmin/show-usmin.php?type=point&id=84780"}},{"type":"Feature","geometry":{"type":"Point","coordinates":[-120.16372,38.0727]},"properties":{"src":"usmin","kind":"Prospect Pit","name":"","topo":"Twain Harte 1979","url":"https://mrdata.usgs.gov/usmin/show-usmin.php?type=point&id=84781"}},{"type":"Feature","geometry":{"type":"Point","coordinates":[-120.37422,38.04423]},"properties":{"src":"usmin","kind":"Prospect Pit","name":"","topo":"Columbia SE 1948","url":"https://mrdata.usgs.gov/usmin/show-usmin.php?type=point&id=84783"}},{"type":"Feature","geometry":{"type":"Point","coordinates":[-120.29269,37.94775]},"properties":{"src":"usmin","kind":"Prospect Pit","name":"","topo":"Standard 1948","url":"https://mrdata.usgs.gov/usmin/show-usmin.php?type=point&id=84789"}},{"type":"Feature","geometry":{"type":"Point","coordinates":[-120.22454,37.98185]},"properties":{"src":"usmin","kind":"Prospect Pit","name":"","topo":"Tuolumne 1948","url":"https://mrdata.usgs.gov/usmin/show-usmin.php?type=point&id=84790"}},{"type":"Feature","geometry":{"type":"Point","coordinates":[-120.25589,37.97668]},"properties":{"src":"usmin","kind":"Prospect Pit","name":"","topo":"Standard 1948","url":"https://mrdata.usgs.gov/usmin/show-usmin.php?type=point&id=84794"}},{"type":"Feature","geometry":{"type":"Point","coordinates":[-120.26201,37.98678]},"properties":{"src":"usmin","kind":"Prospect Pit","name":"","topo":"Standard 1948","url":"https://mrdata.usgs.gov/usmin/show-usmin.php?type=point&id=84798"}},{"type":"Feature","geometry":{"type":"Point","coordinates":[-120.29071,37.95384]},"properties":{"src":"usmin","kind":"Prospect Pit","name":"","topo":"Standard 1948","url":"https://mrdata.usgs.gov/usmin/show-usmin.php?type=point&id=84799"}},{"type":"Feature","geometry":{"type":"Point","coordinates":[-120.24191,37.97699]},"properties":{"src":"usmin","kind":"Prospect Pit","name":"","topo":"Tuolumne 1948","url":"https://mrdata.usgs.gov/usmin/show-usmin.php?type=point&id=84800"}},{"type":"Feature","geometry":{"type":"Point","coordinates":[-120.25661,37.97519]},"properties":{"src":"usmin","kind":"Prospect Pit","name":"","topo":"Standard 1948","url":"https://mrdata.usgs.gov/usmin/show-usmin.php?type=point&id=84802"}},{"type":"Feature","geometry":{"type":"Point","coordinates":[-120.40184,38.05411]},"properties":{"src":"usmin","kind":"Prospect Pit","name":"","topo":"Columbia 1948","url":"https://mrdata.usgs.gov/usmin/show-usmin.php?type=point&id=84803"}},{"type":"Feature","geometry":{"type":"Point","coordinates":[-120.32566,38.04404]},"properties":{"src":"usmin","kind":"Prospect Pit","name":"","topo":"Columbia SE 1948","url":"https://mrdata.usgs.gov/usmin/show-usmin.php?type=point&id=84808"}},{"type":"Feature","geometry":{"type":"Point","coordinates":[-120.2621,37.9875]},"properties":{"src":"usmin","kind":"Prospect Pit","name":"Soulsby Mine","topo":"Standard 1948","url":"https://mrdata.usgs.gov/usmin/show-usmin.php?type=point&id=84820"}},{"type":"Feature","geometry":{"type":"Point","coordinates":[-120.27656,37.97742]},"properties":{"src":"usmin","kind":"Prospect Pit","name":"Black Oak Mine","topo":"Standard 1948","url":"https://mrdata.usgs.gov/usmin/show-usmin.php?type=point&id=84821"}},{"type":"Feature","geometry":{"type":"Point","coordinates":[-120.21909,37.99277]},"properties":{"src":"usmin","kind":"Prospect Pit","name":"","topo":"Tuolumne 1948","url":"https://mrdata.usgs.gov/usmin/show-usmin.php?type=point&id=84823"}},{"type":"Feature","geometry":{"type":"Point","coordinates":[-120.37394,38.04417]},"properties":{"src":"usmin","kind":"Prospect Pit","name":"","topo":"Columbia SE 2001","url":"https://mrdata.usgs.gov/usmin/show-usmin.php?type=point&id=84842"}},{"type":"Feature","geometry":{"type":"Point","coordinates":[-120.22237,37.99496]},"properties":{"src":"usmin","kind":"Prospect Pit","name":"","topo":"Tuolumne 1948","url":"https://mrdata.usgs.gov/usmin/show-usmin.php?type=point&id=84845"}},{"type":"Feature","geometry":{"type":"Point","coordinates":[-120.35923,38.09559]},"properties":{"src":"usmin","kind":"Prospect Pit","name":"","topo":"Columbia SE 1948","url":"https://mrdata.usgs.gov/usmin/show-usmin.php?type=point&id=84846"}},{"type":"Feature","geometry":{"type":"Point","coordinates":[-120.2609,37.97508]},"properties":{"src":"usmin","kind":"Prospect Pit","name":"","topo":"Standard 1948","url":"https://mrdata.usgs.gov/usmin/show-usmin.php?type=point&id=84848"}},{"type":"Feature","geometry":{"type":"Point","coordinates":[-120.23356,38.06662]},"properties":{"src":"usmin","kind":"Prospect Pit","name":"","topo":"Twain Harte 1979","url":"https://mrdata.usgs.gov/usmin/show-usmin.php?type=point&id=84851"}},{"type":"Feature","geometry":{"type":"Point","coordinates":[-120.3148,38.10817]},"properties":{"src":"usmin","kind":"Prospect Pit","name":"","topo":"Columbia SE 1948","url":"https://mrdata.usgs.gov/usmin/show-usmin.php?type=point&id=84852"}},{"type":"Feature","geometry":{"type":"Point","coordinates":[-120.15825,38.07416]},"properties":{"src":"usmin","kind":"Prospect Pit","name":"","topo":"Twain Harte 1979","url":"https://mrdata.usgs.gov/usmin/show-usmin.php?type=point&id=84853"}},{"type":"Feature","geometry":{"type":"Point","coordinates":[-120.36939,38.055]},"properties":{"src":"usmin","kind":"Prospect Pit","name":"","topo":"Columbia SE 1948","url":"https://mrdata.usgs.gov/usmin/show-usmin.php?type=point&id=84860"}},{"type":"Feature","geometry":{"type":"Point","coordinates":[-120.16443,38.07207]},"properties":{"src":"usmin","kind":"Prospect Pit","name":"","topo":"Twain Harte 1979","url":"https://mrdata.usgs.gov/usmin/show-usmin.php?type=point&id=84869"}},{"type":"Feature","geometry":{"type":"Point","coordinates":[-120.23538,38.00621]},"properties":{"src":"usmin","kind":"Quarry","name":"","topo":"Twain Harte 1979","url":"https://mrdata.usgs.gov/usmin/show-usmin.php?type=point&id=85794"}},{"type":"Feature","geometry":{"type":"Point","coordinates":[-120.38446,38.06297]},"properties":{"src":"usmin","kind":"Quarry","name":"Marble Quarry","topo":"Columbia 1948","url":"https://mrdata.usgs.gov/usmin/show-usmin.php?type=point&id=85812"}},{"type":"Feature","geometry":{"type":"Point","coordinates":[-120.12236,38.10686]},"properties":{"src":"usmin","kind":"Quarry","name":"","topo":"Hull Creek 2001","url":"https://mrdata.usgs.gov/usmin/show-usmin.php?type=point&id=85813"}},{"type":"Feature","geometry":{"type":"Point","coordinates":[-120.15708,38.07568]},"properties":{"src":"usmin","kind":"Sand Pit","name":"","topo":"Twain Harte 1979","url":"https://mrdata.usgs.gov/usmin/show-usmin.php?type=point&id=86017"}},{"type":"Feature","geometry":{"type":"Point","coordinates":[-120.35094,38.05156]},"properties":{"src":"usmin","kind":"Mine Shaft","name":"","topo":"Columbia 1948","url":"https://mrdata.usgs.gov/usmin/show-usmin.php?type=point&id=494118"}},{"type":"Feature","geometry":{"type":"Point","coordinates":[-120.36134,38.0583]},"properties":{"src":"usmin","kind":"Mine Shaft","name":"Ridgeway Mine","topo":"Columbia 1948","url":"https://mrdata.usgs.gov/usmin/show-usmin.php?type=point&id=494136"}},{"type":"Feature","geometry":{"type":"Point","coordinates":[-120.26338,37.98269]},"properties":{"src":"usmin","kind":"Mine Shaft","name":"","topo":"Sonora 1948","url":"https://mrdata.usgs.gov/usmin/show-usmin.php?type=point&id=494144"}},{"type":"Feature","geometry":{"type":"Point","coordinates":[-120.2439,37.97558]},"properties":{"src":"usmin","kind":"Mine Shaft","name":"","topo":"Tuolumne 1948","url":"https://mrdata.usgs.gov/usmin/show-usmin.php?type=point&id=494147"}},{"type":"Feature","geometry":{"type":"Point","coordinates":[-120.2443,37.97943]},"properties":{"src":"usmin","kind":"Mine Shaft","name":"","topo":"Tuolumne 1948","url":"https://mrdata.usgs.gov/usmin/show-usmin.php?type=point&id=494156"}},{"type":"Feature","geometry":{"type":"Point","coordinates":[-120.25176,37.97404]},"properties":{"src":"usmin","kind":"Mine Shaft","name":"","topo":"Sonora 1948","url":"https://mrdata.usgs.gov/usmin/show-usmin.php?type=point&id=494173"}},{"type":"Feature","geometry":{"type":"Point","coordinates":[-120.26552,37.99691]},"properties":{"src":"usmin","kind":"Mine Shaft","name":"","topo":"Sonora 1948","url":"https://mrdata.usgs.gov/usmin/show-usmin.php?type=point&id=494187"}},{"type":"Feature","geometry":{"type":"Point","coordinates":[-120.27908,37.97125]},"properties":{"src":"usmin","kind":"Mine Shaft","name":"Junction Mine","topo":"Sonora 1948","url":"https://mrdata.usgs.gov/usmin/show-usmin.php?type=point&id=494198"}},{"type":"Feature","geometry":{"type":"Point","coordinates":[-120.31745,38.09437]},"properties":{"src":"usmin","kind":"Mine Shaft","name":"Noonday Mine","topo":"Columbia 1948","url":"https://mrdata.usgs.gov/usmin/show-usmin.php?type=point&id=494200"}},{"type":"Feature","geometry":{"type":"Point","coordinates":[-120.39906,38.0836]},"properties":{"src":"usmin","kind":"Mine Shaft","name":"","topo":"Columbia 1948","url":"https://mrdata.usgs.gov/usmin/show-usmin.php?type=point&id=494214"}},{"type":"Feature","geometry":{"type":"Point","coordinates":[-120.31022,38.08886]},"properties":{"src":"usmin","kind":"Mine Shaft","name":"Grant Mine","topo":"Columbia 1948","url":"https://mrdata.usgs.gov/usmin/show-usmin.php?type=point&id=494229"}},{"type":"Feature","geometry":{"type":"Point","coordinates":[-120.24975,38.04388]},"properties":{"src":"usmin","kind":"Open Pit Mine","name":"Ripperton Mine","topo":"Long Barn 1956","url":"https://mrdata.usgs.gov/usmin/show-usmin.php?type=point&id=495079"}},{"type":"Feature","geometry":{"type":"Point","coordinates":[-120.39414,38.03338]},"properties":{"src":"usmin","kind":"Open Pit Mine or Quarry","name":"","topo":"Columbia 1948","url":"https://mrdata.usgs.gov/usmin/show-usmin.php?type=point&id=496010"}},{"type":"Feature","geometry":{"type":"Point","coordinates":[-120.38037,38.01093]},"properties":{"src":"usmin","kind":"Open Pit Mine or Quarry","name":"","topo":"Columbia 1948","url":"https://mrdata.usgs.gov/usmin/show-usmin.php?type=point&id=496015"}},{"type":"Feature","geometry":{"type":"Point","coordinates":[-120.25449,38.00157]},"properties":{"src":"usmin","kind":"Open Pit Mine or Quarry","name":"","topo":"Columbia 1948","url":"https://mrdata.usgs.gov/usmin/show-usmin.php?type=point&id=496016"}},{"type":"Feature","geometry":{"type":"Point","coordinates":[-120.19538,38.05454]},"properties":{"src":"usmin","kind":"Placer Mine","name":"","topo":"Long Barn 1956","url":"https://mrdata.usgs.gov/usmin/show-usmin.php?type=point&id=496039"}},{"type":"Feature","geometry":{"type":"Point","coordinates":[-120.16601,38.02348]},"properties":{"src":"usmin","kind":"Prospect Pit","name":"Casa Madera Mine","topo":"Long Barn 1956","url":"https://mrdata.usgs.gov/usmin/show-usmin.php?type=point&id=501373"}},{"type":"Feature","geometry":{"type":"Point","coordinates":[-120.39831,38.08259]},"properties":{"src":"usmin","kind":"Prospect Pit","name":"","topo":"Columbia 1948","url":"https://mrdata.usgs.gov/usmin/show-usmin.php?type=point&id=501389"}},{"type":"Feature","geometry":{"type":"Point","coordinates":[-120.2292,37.98536]},"properties":{"src":"usmin","kind":"Prospect Pit","name":"","topo":"Tuolumne 1948","url":"https://mrdata.usgs.gov/usmin/show-usmin.php?type=point&id=501399"}},{"type":"Feature","geometry":{"type":"Point","coordinates":[-120.26027,37.97629]},"properties":{"src":"usmin","kind":"Prospect Pit","name":"","topo":"Sonora 1948","url":"https://mrdata.usgs.gov/usmin/show-usmin.php?type=point&id=501403"}},{"type":"Feature","geometry":{"type":"Point","coordinates":[-120.24162,37.97707]},"properties":{"src":"usmin","kind":"Prospect Pit","name":"","topo":"Tuolumne 1948","url":"https://mrdata.usgs.gov/usmin/show-usmin.php?type=point&id=501420"}},{"type":"Feature","geometry":{"type":"Point","coordinates":[-120.23235,37.94811]},"properties":{"src":"usmin","kind":"Prospect Pit","name":"","topo":"Tuolumne 1948","url":"https://mrdata.usgs.gov/usmin/show-usmin.php?type=point&id=501435"}},{"type":"Feature","geometry":{"type":"Point","coordinates":[-120.26194,37.98692]},"properties":{"src":"usmin","kind":"Prospect Pit","name":"","topo":"Sonora 1948","url":"https://mrdata.usgs.gov/usmin/show-usmin.php?type=point&id=501443"}},{"type":"Feature","geometry":{"type":"Point","coordinates":[-120.32184,38.00489]},"properties":{"src":"usmin","kind":"Prospect Pit","name":"","topo":"Columbia 1948","url":"https://mrdata.usgs.gov/usmin/show-usmin.php?type=point&id=501456"}},{"type":"Feature","geometry":{"type":"Point","coordinates":[-120.38628,38.01852]},"properties":{"src":"usmin","kind":"Prospect Pit","name":"","topo":"Columbia 1948","url":"https://mrdata.usgs.gov/usmin/show-usmin.php?type=point&id=501461"}},{"type":"Feature","geometry":{"type":"Point","coordinates":[-120.27661,37.9773]},"properties":{"src":"usmin","kind":"Prospect Pit","name":"Black Oak Mine","topo":"Sonora 1948","url":"https://mrdata.usgs.gov/usmin/show-usmin.php?type=point&id=501464"}},{"type":"Feature","geometry":{"type":"Point","coordinates":[-120.37364,37.98006]},"properties":{"src":"usmin","kind":"Prospect Pit","name":"","topo":"Sonora 1948","url":"https://mrdata.usgs.gov/usmin/show-usmin.php?type=point&id=501478"}},{"type":"Feature","geometry":{"type":"Point","coordinates":[-120.4018,38.054]},"properties":{"src":"usmin","kind":"Prospect Pit","name":"","topo":"Columbia 1948","url":"https://mrdata.usgs.gov/usmin/show-usmin.php?type=point&id=501497"}},{"type":"Feature","geometry":{"type":"Point","coordinates":[-120.22201,37.99485]},"properties":{"src":"usmin","kind":"Prospect Pit","name":"","topo":"Tuolumne 1948","url":"https://mrdata.usgs.gov/usmin/show-usmin.php?type=point&id=501503"}},{"type":"Feature","geometry":{"type":"Point","coordinates":[-120.22856,37.98336]},"properties":{"src":"usmin","kind":"Prospect Pit","name":"","topo":"Tuolumne 1948","url":"https://mrdata.usgs.gov/usmin/show-usmin.php?type=point&id=501510"}},{"type":"Feature","geometry":{"type":"Point","coordinates":[-120.26207,37.98779]},"properties":{"src":"usmin","kind":"Prospect Pit","name":"Soulsby Mine","topo":"Sonora 1948","url":"https://mrdata.usgs.gov/usmin/show-usmin.php?type=point&id=501512"}},{"type":"Feature","geometry":{"type":"Point","coordinates":[-120.32561,38.04403]},"properties":{"src":"usmin","kind":"Prospect Pit","name":"","topo":"Columbia 1948","url":"https://mrdata.usgs.gov/usmin/show-usmin.php?type=point&id=501518"}},{"type":"Feature","geometry":{"type":"Point","coordinates":[-120.31489,38.10829]},"properties":{"src":"usmin","kind":"Prospect Pit","name":"","topo":"Columbia 1948","url":"https://mrdata.usgs.gov/usmin/show-usmin.php?type=point&id=501523"}},{"type":"Feature","geometry":{"type":"Point","coordinates":[-120.29621,38.0895]},"properties":{"src":"usmin","kind":"Adit","name":"Sonnet Mine","topo":"Columbia SE 1948","url":"https://mrdata.usgs.gov/usmin/show-usmin.php?type=point&id=49172"}},{"type":"Feature","geometry":{"type":"Point","coordinates":[-120.34978,38.05058]},"properties":{"src":"usmin","kind":"Adit","name":"","topo":"Columbia SE 1948","url":"https://mrdata.usgs.gov/usmin/show-usmin.php?type=point&id=49187"}},{"type":"Feature","geometry":{"type":"Point","coordinates":[-120.36633,38.07048]},"properties":{"src":"usmin","kind":"Adit","name":"","topo":"Columbia SE 1948","url":"https://mrdata.usgs.gov/usmin/show-usmin.php?type=point&id=49197"}},{"type":"Feature","geometry":{"type":"Point","coordinates":[-120.29726,38.10577]},"properties":{"src":"usmin","kind":"Adit","name":"Indian Girl Mine","topo":"Columbia SE 1948","url":"https://mrdata.usgs.gov/usmin/show-usmin.php?type=point&id=49199"}},{"type":"Feature","geometry":{"type":"Point","coordinates":[-120.21741,37.95014]},"properties":{"src":"usmin","kind":"Adit","name":"Providence Mine","topo":"Tuolumne 1948","url":"https://mrdata.usgs.gov/usmin/show-usmin.php?type=point&id=49211"}},{"type":"Feature","geometry":{"type":"Point","coordinates":[-120.18364,38.02865]},"properties":{"src":"usmin","kind":"Adit","name":"","topo":"Twain Harte 1979","url":"https://mrdata.usgs.gov/usmin/show-usmin.php?type=point&id=49219"}},{"type":"Feature","geometry":{"type":"Point","coordinates":[-120.34884,38.06563]},"properties":{"src":"usmin","kind":"Adit","name":"Mountain Lily Mine","topo":"Columbia SE 1948","url":"https://mrdata.usgs.gov/usmin/show-usmin.php?type=point&id=49293"}},{"type":"Feature","geometry":{"type":"Point","coordinates":[-120.15768,38.07477]},"properties":{"src":"usmin","kind":"Adit","name":"","topo":"Twain Harte 1979","url":"https://mrdata.usgs.gov/usmin/show-usmin.php?type=point&id=49297"}},{"type":"Feature","geometry":{"type":"Point","coordinates":[-120.37321,38.01906]},"properties":{"src":"usmin","kind":"Adit","name":"","topo":"Columbia SE 1948","url":"https://mrdata.usgs.gov/usmin/show-usmin.php?type=point&id=49305"}},{"type":"Feature","geometry":{"type":"Point","coordinates":[-120.15845,38.07456]},"properties":{"src":"usmin","kind":"Adit","name":"","topo":"Long Barn 1956","url":"https://mrdata.usgs.gov/usmin/show-usmin.php?type=point&id=490169"}},{"type":"Feature","geometry":{"type":"Point","coordinates":[-120.35137,38.04955]},"properties":{"src":"usmin","kind":"Adit","name":"","topo":"Columbia 1948","url":"https://mrdata.usgs.gov/usmin/show-usmin.php?type=point&id=490219"}},{"type":"Feature","geometry":{"type":"Point","coordinates":[-120.22437,37.99741]},"properties":{"src":"usmin","kind":"Adit","name":"Ophir Mine","topo":"Tuolumne 1948","url":"https://mrdata.usgs.gov/usmin/show-usmin.php?type=point&id=490225"}},{"type":"Feature","geometry":{"type":"Point","coordinates":[-120.35145,38.06625]},"properties":{"src":"usmin","kind":"Adit","name":"","topo":"Columbia 1948","url":"https://mrdata.usgs.gov/usmin/show-usmin.php?type=point&id=490241"}},{"type":"Feature","geometry":{"type":"Point","coordinates":[-120.37315,38.01905]},"properties":{"src":"usmin","kind":"Adit","name":"","topo":"Columbia 1948","url":"https://mrdata.usgs.gov/usmin/show-usmin.php?type=point&id=490286"}},{"type":"Feature","geometry":{"type":"Point","coordinates":[-120.36633,38.07056]},"properties":{"src":"usmin","kind":"Adit","name":"","topo":"Columbia 1948","url":"https://mrdata.usgs.gov/usmin/show-usmin.php?type=point&id=490343"}},{"type":"Feature","geometry":{"type":"Point","coordinates":[-120.28775,38.09417]},"properties":{"src":"usmin","kind":"Adit","name":"","topo":"Columbia 1948","url":"https://mrdata.usgs.gov/usmin/show-usmin.php?type=point&id=490348"}},{"type":"Feature","geometry":{"type":"Point","coordinates":[-120.16276,38.05935]},"properties":{"src":"usmin","kind":"Adit","name":"Excelsior Mine","topo":"Twain Harte 1979","url":"https://mrdata.usgs.gov/usmin/show-usmin.php?type=point&id=49132"}},{"type":"Feature","geometry":{"type":"Point","coordinates":[-120.35694,38.0628]},"properties":{"src":"usmin","kind":"Adit","name":"","topo":"Columbia SE 1948","url":"https://mrdata.usgs.gov/usmin/show-usmin.php?type=point&id=49133"}},{"type":"Feature","geometry":{"type":"Point","coordinates":[-120.34763,38.0574]},"properties":{"src":"usmin","kind":"Adit","name":"","topo":"Columbia SE 1948","url":"https://mrdata.usgs.gov/usmin/show-usmin.php?type=point&id=49181"}},{"type":"Feature","geometry":{"type":"Point","coordinates":[-120.22494,37.99729]},"properties":{"src":"usmin","kind":"Adit","name":"Ophir Mine","topo":"Tuolumne 1948","url":"https://mrdata.usgs.gov/usmin/show-usmin.php?type=point&id=49242"}},{"type":"Feature","geometry":{"type":"Point","coordinates":[-120.37635,38.06221]},"properties":{"src":"usmin","kind":"Adit","name":"","topo":"Columbia 1948","url":"https://mrdata.usgs.gov/usmin/show-usmin.php?type=point&id=49250"}},{"type":"Feature","geometry":{"type":"Point","coordinates":[-120.18315,38.03113]},"properties":{"src":"usmin","kind":"Adit","name":"Lucky Strike Mine","topo":"Twain Harte 1979","url":"https://mrdata.usgs.gov/usmin/show-usmin.php?type=point&id=49268"}},{"type":"Feature","geometry":{"type":"Point","coordinates":[-120.37634,38.06201]},"properties":{"src":"usmin","kind":"Adit","name":"","topo":"Columbia 1948","url":"https://mrdata.usgs.gov/usmin/show-usmin.php?type=point&id=490196"}},{"type":"Feature","geometry":{"type":"Point","coordinates":[-120.18276,38.03099]},"properties":{"src":"usmin","kind":"Adit","name":"Lucky Strike Mine","topo":"Long Barn 1956","url":"https://mrdata.usgs.gov/usmin/show-usmin.php?type=point&id=490203"}},{"type":"Feature","geometry":{"type":"Point","coordinates":[-120.20875,38.04336]},"properties":{"src":"usmin","kind":"Adit","name":"","topo":"Long Barn 1956","url":"https://mrdata.usgs.gov/usmin/show-usmin.php?type=point&id=490260"}},{"type":"Feature","geometry":{"type":"Point","coordinates":[-120.37784,38.05837]},"properties":{"src":"usmin","kind":"Adit","name":"","topo":"Columbia 1948","url":"https://mrdata.usgs.gov/usmin/show-usmin.php?type=point&id=490272"}},{"type":"Feature","geometry":{"type":"Point","coordinates":[-120.18279,38.03017]},"properties":{"src":"usmin","kind":"Adit","name":"","topo":"Long Barn 1956","url":"https://mrdata.usgs.gov/usmin/show-usmin.php?type=point&id=490308"}},{"type":"Feature","geometry":{"type":"Point","coordinates":[-120.38811,38.01859]},"properties":{"src":"usmin","kind":"Adit","name":"","topo":"Columbia 1948","url":"https://mrdata.usgs.gov/usmin/show-usmin.php?type=point&id=490323"}},{"type":"Feature","geometry":{"type":"Point","coordinates":[-120.3483,38.05566]},"properties":{"src":"usmin","kind":"Adit","name":"","topo":"Columbia 1948","url":"https://mrdata.usgs.gov/usmin/show-usmin.php?type=point&id=490338"}},{"type":"Feature","geometry":{"type":"Point","coordinates":[-120.35482,38.05338]},"properties":{"src":"usmin","kind":"Adit","name":"Rifle Mine","topo":"Columbia SE 1948","url":"https://mrdata.usgs.gov/usmin/show-usmin.php?type=point&id=49147"}},{"type":"Feature","geometry":{"type":"Point","coordinates":[-120.35205,38.05403]},"properties":{"src":"usmin","kind":"Adit","name":"","topo":"Columbia SE 1948","url":"https://mrdata.usgs.gov/usmin/show-usmin.php?type=point&id=49153"}},{"type":"Feature","geometry":{"type":"Point","coordinates":[-120.34869,38.06096]},"properties":{"src":"usmin","kind":"Adit","name":"","topo":"Columbia SE 1948","url":"https://mrdata.usgs.gov/usmin/show-usmin.php?type=point&id=49299"}},{"type":"Feature","geometry":{"type":"Point","coordinates":[-120.26503,37.98109]},"properties":{"src":"usmin","kind":"Adit","name":"","topo":"Sonora 1948","url":"https://mrdata.usgs.gov/usmin/show-usmin.php?type=point&id=490214"}},{"type":"Feature","geometry":{"type":"Point","coordinates":[-120.37732,38.01536]},"properties":{"src":"usmin","kind":"Adit","name":"","topo":"Columbia 1948","url":"https://mrdata.usgs.gov/usmin/show-usmin.php?type=point&id=490231"}},{"type":"Feature","geometry":{"type":"Point","coordinates":[-120.35174,38.05404]},"properties":{"src":"usmin","kind":"Adit","name":"","topo":"Columbia 1948","url":"https://mrdata.usgs.gov/usmin/show-usmin.php?type=point&id=490242"}},{"type":"Feature","geometry":{"type":"Point","coordinates":[-120.34872,38.06108]},"properties":{"src":"usmin","kind":"Adit","name":"","topo":"Columbia 1948","url":"https://mrdata.usgs.gov/usmin/show-usmin.php?type=point&id=490257"}},{"type":"Feature","geometry":{"type":"Point","coordinates":[-120.34125,38.05927]},"properties":{"src":"usmin","kind":"Adit","name":"","topo":"Columbia 1948","url":"https://mrdata.usgs.gov/usmin/show-usmin.php?type=point&id=490301"}},{"type":"Feature","geometry":{"type":"Point","coordinates":[-120.37498,38.06576]},"properties":{"src":"usmin","kind":"Adit","name":"","topo":"Columbia 1948","url":"https://mrdata.usgs.gov/usmin/show-usmin.php?type=point&id=490311"}},{"type":"Feature","geometry":{"type":"Point","coordinates":[-120.34144,38.05745]},"properties":{"src":"usmin","kind":"Adit","name":"","topo":"Columbia SE 1948","url":"https://mrdata.usgs.gov/usmin/show-usmin.php?type=point&id=49101"}},{"type":"Feature","geometry":{"type":"Point","coordinates":[-120.3785,38.06148]},"properties":{"src":"usmin","kind":"Adit","name":"","topo":"Columbia 1948","url":"https://mrdata.usgs.gov/usmin/show-usmin.php?type=point&id=49240"}},{"type":"Feature","geometry":{"type":"Point","coordinates":[-120.34922,38.05991]},"properties":{"src":"usmin","kind":"Adit","name":"","topo":"Columbia SE 1948","url":"https://mrdata.usgs.gov/usmin/show-usmin.php?type=point&id=49257"}},{"type":"Feature","geometry":{"type":"Point","coordinates":[-120.38959,38.06315]},"properties":{"src":"usmin","kind":"Adit","name":"Experimental Mine","topo":"Columbia 1948","url":"https://mrdata.usgs.gov/usmin/show-usmin.php?type=point&id=49279"}},{"type":"Feature","geometry":{"type":"Point","coordinates":[-120.27962,38.08601]},"properties":{"src":"usmin","kind":"Adit","name":"Keltz Mine","topo":"Columbia SE 1948","url":"https://mrdata.usgs.gov/usmin/show-usmin.php?type=point&id=49284"}},{"type":"Feature","geometry":{"type":"Point","coordinates":[-120.20997,38.06807]},"properties":{"src":"usmin","kind":"Adit","name":"Red Cloud Mine","topo":"Twain Harte 1979","url":"https://mrdata.usgs.gov/usmin/show-usmin.php?type=point&id=49202"}},{"type":"Feature","geometry":{"type":"Point","coordinates":[-120.36226,38.0579]},"properties":{"src":"usmin","kind":"Adit","name":"","topo":"Columbia SE 1948","url":"https://mrdata.usgs.gov/usmin/show-usmin.php?type=point&id=49292"}},{"type":"Feature","geometry":{"type":"Point","coordinates":[-120.35387,38.05376]},"properties":{"src":"usmin","kind":"Adit","name":"","topo":"Columbia 1948","url":"https://mrdata.usgs.gov/usmin/show-usmin.php?type=point&id=490172"}},{"type":"Feature","geometry":{"type":"Point","coordinates":[-120.34069,38.05884]},"properties":{"src":"usmin","kind":"Adit","name":"","topo":"Columbia 1948","url":"https://mrdata.usgs.gov/usmin/show-usmin.php?type=point&id=490173"}},{"type":"Feature","geometry":{"type":"Point","coordinates":[-120.34967,38.06142]},"properties":{"src":"usmin","kind":"Adit","name":"","topo":"Columbia 1948","url":"https://mrdata.usgs.gov/usmin/show-usmin.php?type=point&id=490211"}},{"type":"Feature","geometry":{"type":"Point","coordinates":[-120.32951,38.05854]},"properties":{"src":"usmin","kind":"Adit","name":"Volunteer Mine","topo":"Columbia 1948","url":"https://mrdata.usgs.gov/usmin/show-usmin.php?type=point&id=490279"}},{"type":"Feature","geometry":{"type":"Point","coordinates":[-120.39116,38.05531]},"properties":{"src":"usmin","kind":"Adit","name":"","topo":"Columbia 1948","url":"https://mrdata.usgs.gov/usmin/show-usmin.php?type=point&id=490349"}},{"type":"Feature","geometry":{"type":"Point","coordinates":[-120.39109,38.05533]},"properties":{"src":"usmin","kind":"Adit","name":"","topo":"Columbia 1948","url":"https://mrdata.usgs.gov/usmin/show-usmin.php?type=point&id=49188"}},{"type":"Feature","geometry":{"type":"Point","coordinates":[-120.39642,37.97314]},"properties":{"src":"usmin","kind":"Adit","name":"","topo":"Sonora 1948","url":"https://mrdata.usgs.gov/usmin/show-usmin.php?type=point&id=49235"}},{"type":"Feature","geometry":{"type":"Point","coordinates":[-120.19293,38.01427]},"properties":{"src":"usmin","kind":"Adit","name":"Fair Oaks Mine","topo":"Long Barn 1956","url":"https://mrdata.usgs.gov/usmin/show-usmin.php?type=point&id=490234"}},{"type":"Feature","geometry":{"type":"Point","coordinates":[-120.15489,38.06021]},"properties":{"src":"usmin","kind":"Adit","name":"Tunnel","topo":"Long Barn 1956","url":"https://mrdata.usgs.gov/usmin/show-usmin.php?type=point&id=490296"}},{"type":"Feature","geometry":{"type":"Point","coordinates":[-120.35148,38.08792]},"properties":{"src":"usmin","kind":"Adit","name":"","topo":"Columbia SE 1948","url":"https://mrdata.usgs.gov/usmin/show-usmin.php?type=point&id=49130"}},{"type":"Feature","geometry":{"type":"Point","coordinates":[-120.30568,38.08742]},"properties":{"src":"usmin","kind":"Adit","name":"","topo":"Columbia SE 1948","url":"https://mrdata.usgs.gov/usmin/show-usmin.php?type=point&id=49198"}},{"type":"Feature","geometry":{"type":"Point","coordinates":[-120.3737,37.99058]},"properties":{"src":"usmin","kind":"Adit","name":"","topo":"Sonora 1948","url":"https://mrdata.usgs.gov/usmin/show-usmin.php?type=point&id=490274"}},{"type":"Feature","geometry":{"type":"Point","coordinates":[-120.2906,38.10145]},"properties":{"src":"usmin","kind":"Adit","name":"Star Mine","topo":"Columbia 1948","url":"https://mrdata.usgs.gov/usmin/show-usmin.php?type=point&id=490292"}},{"type":"Feature","geometry":{"type":"Point","coordinates":[-120.1754,38.02411]},"properties":{"src":"usmin","kind":"Adit","name":"Poseidon Mine","topo":"Twain Harte 1979","url":"https://mrdata.usgs.gov/usmin/show-usmin.php?type=point&id=49104"}},{"type":"Feature","geometry":{"type":"Point","coordinates":[-120.16911,38.05828]},"properties":{"src":"usmin","kind":"Adit","name":"Ryan Mine","topo":"Twain Harte 1979","url":"https://mrdata.usgs.gov/usmin/show-usmin.php?type=point&id=49195"}},{"type":"Feature","geometry":{"type":"Point","coordinates":[-120.16894,38.05843]},"properties":{"src":"usmin","kind":"Adit","name":"","topo":"Long Barn 1956","url":"https://mrdata.usgs.gov/usmin/show-usmin.php?type=point&id=490188"}},{"type":"Feature","geometry":{"type":"Point","coordinates":[-120.15701,38.05794]},"properties":{"src":"usmin","kind":"Adit","name":"Tunnel","topo":"Long Barn 1956","url":"https://mrdata.usgs.gov/usmin/show-usmin.php?type=point&id=490222"}},{"type":"Feature","geometry":{"type":"Point","coordinates":[-119.93314,37.95699]},"properties":{"src":"usmin","kind":"Borrow Pit","name":"","topo":"Cherry Lake South 1990","url":"https://mrdata.usgs.gov/usmin/show-usmin.php?type=point&id=50504"}},{"type":"Feature","geometry":{"type":"Point","coordinates":[-119.92865,37.96339]},"properties":{"src":"usmin","kind":"Borrow Pit","name":"","topo":"Cherry Lake South 1990","url":"https://mrdata.usgs.gov/usmin/show-usmin.php?type=point&id=50505"}},{"type":"Feature","geometry":{"type":"Point","coordinates":[-119.93347,37.96189]},"properties":{"src":"usmin","kind":"Borrow Pit","name":"","topo":"Cherry Lake South 1990","url":"https://mrdata.usgs.gov/usmin/show-usmin.php?type=point&id=50506"}},{"type":"Feature","geometry":{"type":"Point","coordinates":[-120.00075,38.20011]},"properties":{"src":"usmin","kind":"Borrow Pit","name":"","topo":"Pinecrest 1979","url":"https://mrdata.usgs.gov/usmin/show-usmin.php?type=point&id=50507"}},{"type":"Feature","geometry":{"type":"Point","coordinates":[-120.05665,38.16299]},"properties":{"src":"usmin","kind":"Borrow Pit","name":"","topo":"Strawberry 1979","url":"https://mrdata.usgs.gov/usmin/show-usmin.php?type=point&id=50508"}},{"type":"Feature","geometry":{"type":"Point","coordinates":[-119.9175,37.97173]},"properties":{"src":"usmin","kind":"Borrow Pit","name":"","topo":"Cherry Lake South 1990","url":"https://mrdata.usgs.gov/usmin/show-usmin.php?type=point&id=50510"}},{"type":"Feature","geometry":{"type":"Point","coordinates":[-119.93194,37.95525]},"properties":{"src":"usmin","kind":"Borrow Pit","name":"","topo":"Cherry Lake South 1990","url":"https://mrdata.usgs.gov/usmin/show-usmin.php?type=point&id=50511"}},{"type":"Feature","geometry":{"type":"Point","coordinates":[-119.91926,37.97042]},"properties":{"src":"usmin","kind":"Borrow Pit","name":"","topo":"Cherry Lake South 1990","url":"https://mrdata.usgs.gov/usmin/show-usmin.php?type=point&id=50512"}},{"type":"Feature","geometry":{"type":"Point","coordinates":[-120.0647,38.15299]},"properties":{"src":"usmin","kind":"Gravel Pit","name":"","topo":"Strawberry 1979","url":"https://mrdata.usgs.gov/usmin/show-usmin.php?type=point&id=52456"}},{"type":"Feature","geometry":{"type":"Point","coordinates":[-120.05639,38.16253]},"properties":{"src":"usmin","kind":"Gravel/Borrow Pit - Undifferentiated","name":"","topo":"Strawberry 2001","url":"https://mrdata.usgs.gov/usmin/show-usmin.php?type=point&id=52895"}},{"type":"Feature","geometry":{"type":"Point","coordinates":[-120.02613,38.24714]},"properties":{"src":"usmin","kind":"Gravel/Borrow Pit - Undifferentiated","name":"","topo":"Strawberry 2001","url":"https://mrdata.usgs.gov/usmin/show-usmin.php?type=point&id=52899"}},{"type":"Feature","geometry":{"type":"Point","coordinates":[-120.0375,38.18404]},"properties":{"src":"usmin","kind":"Gravel/Borrow Pit - Undifferentiated","name":"Philadelphia Pit","topo":"Strawberry 2001","url":"https://mrdata.usgs.gov/usmin/show-usmin.php?type=point&id=52901"}},{"type":"Feature","geometry":{"type":"Point","coordinates":[-119.78885,38.29968]},"properties":{"src":"usmin","kind":"Open Pit Mine","name":"","topo":"Dardanelle 1979","url":"https://mrdata.usgs.gov/usmin/show-usmin.php?type=point&id=60318"}},{"type":"Feature","geometry":{"type":"Point","coordinates":[-120.0813,38.20175]},"properties":{"src":"usmin","kind":"Open Pit Mine or Quarry","name":"","topo":"Strawberry 2001","url":"https://mrdata.usgs.gov/usmin/show-usmin.php?type=point&id=60730"}},{"type":"Feature","geometry":{"type":"Point","coordinates":[-119.77999,38.292]},"properties":{"src":"usmin","kind":"Prospect Pit","name":"","topo":"Dardanelle 1979","url":"https://mrdata.usgs.gov/usmin/show-usmin.php?type=point&id=84689"}},{"type":"Feature","geometry":{"type":"Point","coordinates":[-119.79409,38.28415]},"properties":{"src":"usmin","kind":"Prospect Pit","name":"","topo":"Dardanelle 1979","url":"https://mrdata.usgs.gov/usmin/show-usmin.php?type=point&id=84698"}},{"type":"Feature","geometry":{"type":"Point","coordinates":[-119.80509,38.30719]},"properties":{"src":"usmin","kind":"Prospect Pit","name":"","topo":"Dardanelle 1979","url":"https://mrdata.usgs.gov/usmin/show-usmin.php?type=point&id=84701"}},{"type":"Feature","geometry":{"type":"Point","coordinates":[-119.78495,38.29362]},"properties":{"src":"usmin","kind":"Prospect Pit","name":"","topo":"Dardanelle 1979","url":"https://mrdata.usgs.gov/usmin/show-usmin.php?type=point&id=84706"}},{"type":"Feature","geometry":{"type":"Point","coordinates":[-119.80483,38.30646]},"properties":{"src":"usmin","kind":"Prospect Pit","name":"","topo":"Dardanelle 1979","url":"https://mrdata.usgs.gov/usmin/show-usmin.php?type=point&id=84713"}},{"type":"Feature","geometry":{"type":"Point","coordinates":[-119.81284,38.30708]},"properties":{"src":"usmin","kind":"Prospect Pit","name":"","topo":"Dardanelle 1979","url":"https://mrdata.usgs.gov/usmin/show-usmin.php?type=point&id=84719"}},{"type":"Feature","geometry":{"type":"Point","coordinates":[-119.81083,38.307]},"properties":{"src":"usmin","kind":"Prospect Pit","name":"","topo":"Dardanelle 1979","url":"https://mrdata.usgs.gov/usmin/show-usmin.php?type=point&id=84722"}},{"type":"Feature","geometry":{"type":"Point","coordinates":[-119.67532,38.14463]},"properties":{"src":"usmin","kind":"Prospect Pit","name":"","topo":"Emigrant Lake 1990","url":"https://mrdata.usgs.gov/usmin/show-usmin.php?type=point&id=84726"}},{"type":"Feature","geometry":{"type":"Point","coordinates":[-119.794,38.30641]},"properties":{"src":"usmin","kind":"Prospect Pit","name":"","topo":"Dardanelle 1979","url":"https://mrdata.usgs.gov/usmin/show-usmin.php?type=point&id=84730"}},{"type":"Feature","geometry":{"type":"Point","coordinates":[-119.62287,38.16365]},"properties":{"src":"usmin","kind":"Prospect Pit","name":"","topo":"Tower Peak 2001","url":"https://mrdata.usgs.gov/usmin/show-usmin.php?type=point&id=84734"}},{"type":"Feature","geometry":{"type":"Point","coordinates":[-119.80406,38.3073]},"properties":{"src":"usmin","kind":"Prospect Pit","name":"","topo":"Dardanelle 1979","url":"https://mrdata.usgs.gov/usmin/show-usmin.php?type=point&id=84741"}},{"type":"Feature","geometry":{"type":"Point","coordinates":[-119.62047,38.17381]},"properties":{"src":"usmin","kind":"Prospect Pit","name":"","topo":"Tower Peak 2001","url":"https://mrdata.usgs.gov/usmin/show-usmin.php?type=point&id=84745"}},{"type":"Feature","geometry":{"type":"Point","coordinates":[-119.80913,38.30656]},"properties":{"src":"usmin","kind":"Prospect Pit","name":"","topo":"Dardanelle 1979","url":"https://mrdata.usgs.gov/usmin/show-usmin.php?type=point&id=84758"}},{"type":"Feature","geometry":{"type":"Point","coordinates":[-119.67537,38.14477]},"properties":{"src":"usmin","kind":"Prospect Pit","name":"","topo":"Emigrant Lake 1990","url":"https://mrdata.usgs.gov/usmin/show-usmin.php?type=point&id=84776"}},{"type":"Feature","geometry":{"type":"Point","coordinates":[-119.81346,38.30699]},"properties":{"src":"usmin","kind":"Prospect Pit","name":"","topo":"Dardanelle 1979","url":"https://mrdata.usgs.gov/usmin/show-usmin.php?type=point&id=84787"}},{"type":"Feature","geometry":{"type":"Point","coordinates":[-119.8068,38.30342]},"properties":{"src":"usmin","kind":"Prospect Pit","name":"","topo":"Dardanelle 1979","url":"https://mrdata.usgs.gov/usmin/show-usmin.php?type=point&id=84806"}},{"type":"Feature","geometry":{"type":"Point","coordinates":[-119.7456,38.28041]},"properties":{"src":"usmin","kind":"Prospect Pit","name":"","topo":"Sonora Pass 1979","url":"https://mrdata.usgs.gov/usmin/show-usmin.php?type=point&id=84822"}},{"type":"Feature","geometry":{"type":"Point","coordinates":[-119.80788,38.30602]},"properties":{"src":"usmin","kind":"Prospect Pit","name":"","topo":"Dardanelle 1979","url":"https://mrdata.usgs.gov/usmin/show-usmin.php?type=point&id=84827"}},{"type":"Feature","geometry":{"type":"Point","coordinates":[-119.80722,38.30737]},"properties":{"src":"usmin","kind":"Prospect Pit","name":"","topo":"Dardanelle 1979","url":"https://mrdata.usgs.gov/usmin/show-usmin.php?type=point&id=84831"}},{"type":"Feature","geometry":{"type":"Point","coordinates":[-119.81002,38.30257]},"properties":{"src":"usmin","kind":"Prospect Pit","name":"","topo":"Dardanelle 1979","url":"https://mrdata.usgs.gov/usmin/show-usmin.php?type=point&id=84835"}},{"type":"Feature","geometry":{"type":"Point","coordinates":[-119.79396,38.28499]},"properties":{"src":"usmin","kind":"Prospect Pit","name":"","topo":"Dardanelle 1979","url":"https://mrdata.usgs.gov/usmin/show-usmin.php?type=point&id=84838"}},{"type":"Feature","geometry":{"type":"Point","coordinates":[-119.81137,38.30636]},"properties":{"src":"usmin","kind":"Prospect Pit","name":"","topo":"Dardanelle 1979","url":"https://mrdata.usgs.gov/usmin/show-usmin.php?type=point&id=84840"}},{"type":"Feature","geometry":{"type":"Point","coordinates":[-119.80792,38.30568]},"properties":{"src":"usmin","kind":"Prospect Pit","name":"","topo":"Dardanelle 1979","url":"https://mrdata.usgs.gov/usmin/show-usmin.php?type=point&id=84854"}},{"type":"Feature","geometry":{"type":"Point","coordinates":[-119.80684,38.30374]},"properties":{"src":"usmin","kind":"Prospect Pit","name":"","topo":"Dardanelle 1979","url":"https://mrdata.usgs.gov/usmin/show-usmin.php?type=point&id=84870"}},{"type":"Feature","geometry":{"type":"Point","coordinates":[-119.81342,38.30636]},"properties":{"src":"usmin","kind":"Prospect Pit","name":"","topo":"Dardanelle 1979","url":"https://mrdata.usgs.gov/usmin/show-usmin.php?type=point&id=84871"}},{"type":"Feature","geometry":{"type":"Point","coordinates":[-119.80622,38.30571]},"properties":{"src":"usmin","kind":"Prospect Pit","name":"","topo":"Dardanelle 1979","url":"https://mrdata.usgs.gov/usmin/show-usmin.php?type=point&id=84873"}},{"type":"Feature","geometry":{"type":"Point","coordinates":[-119.62025,38.17348]},"properties":{"src":"usmin","kind":"Prospect Pit","name":"Montezuma Mine","topo":"Tower Peak 2001","url":"https://mrdata.usgs.gov/usmin/show-usmin.php?type=point&id=84875"}},{"type":"Feature","geometry":{"type":"Point","coordinates":[-120.04178,38.30756]},"properties":{"src":"usmin","kind":"Quarry","name":"Flat Quarry","topo":"Liberty Hill 2001","url":"https://mrdata.usgs.gov/usmin/show-usmin.php?type=point&id=85795"}},{"type":"Feature","geometry":{"type":"Point","coordinates":[-119.96172,38.32652]},"properties":{"src":"usmin","kind":"Quarry","name":"Donnell Quarry","topo":"Donnell Lake 1979","url":"https://mrdata.usgs.gov/usmin/show-usmin.php?type=point&id=85796"}},{"type":"Feature","geometry":{"type":"Point","coordinates":[-119.98131,38.15204]},"properties":{"src":"usmin","kind":"Quarry","name":"Coffin Quarry","topo":"Pinecrest 2001","url":"https://mrdata.usgs.gov/usmin/show-usmin.php?type=point&id=85797"}},{"type":"Feature","geometry":{"type":"Point","coordinates":[-120.01061,38.26219]},"properties":{"src":"usmin","kind":"Quarry","name":"","topo":"Liberty Hill 1979","url":"https://mrdata.usgs.gov/usmin/show-usmin.php?type=point&id=85798"}},{"type":"Feature","geometry":{"type":"Point","coordinates":[-120.01906,38.07417]},"properties":{"src":"usmin","kind":"Quarry","name":"Clavey Quarry","topo":"Hull Creek 2001","url":"https://mrdata.usgs.gov/usmin/show-usmin.php?type=point&id=85800"}},{"type":"Feature","geometry":{"type":"Point","coordinates":[-120.06187,38.19559]},"properties":{"src":"usmin","kind":"Quarry","name":"Pedro Quarry","topo":"Strawberry 1979","url":"https://mrdata.usgs.gov/usmin/show-usmin.php?type=point&id=85802"}},{"type":"Feature","geometry":{"type":"Point","coordinates":[-119.98831,38.1768]},"properties":{"src":"usmin","kind":"Quarry","name":"","topo":"Pinecrest 1979","url":"https://mrdata.usgs.gov/usmin/show-usmin.php?type=point&id=85804"}},{"type":"Feature","geometry":{"type":"Point","coordinates":[-119.98339,38.06238]},"properties":{"src":"usmin","kind":"Quarry","name":"Bourland Quarry","topo":"Cherry Lake North 1979","url":"https://mrdata.usgs.gov/usmin/show-usmin.php?type=point&id=85806"}},{"type":"Feature","geometry":{"type":"Point","coordinates":[-119.77884,37.9453]},"properties":{"src":"usmin","kind":"Quarry","name":"","topo":"Lake Eleanor 1990","url":"https://mrdata.usgs.gov/usmin/show-usmin.php?type=point&id=85807"}},{"type":"Feature","geometry":{"type":"Point","coordinates":[-119.96258,38.01176]},"properties":{"src":"usmin","kind":"Quarry","name":"Jawbone Quarry","topo":"Cherry Lake North 1979","url":"https://mrdata.usgs.gov/usmin/show-usmin.php?type=point&id=85808"}},{"type":"Feature","geometry":{"type":"Point","coordinates":[-119.94165,38.31536]},"properties":{"src":"usmin","kind":"Quarry","name":"Niagara Quarry","topo":"Donnell Lake 2001","url":"https://mrdata.usgs.gov/usmin/show-usmin.php?type=point&id=85809"}},{"type":"Feature","geometry":{"type":"Point","coordinates":[-119.78769,38.29814]},"properties":{"src":"usmin","kind":"Tailings - Undifferentiated","name":"","topo":"Dardanelle 1979","url":"https://mrdata.usgs.gov/usmin/show-usmin.php?type=point&id=86029"}},{"type":"Feature","geometry":{"type":"Point","coordinates":[-119.67528,38.14453]},"properties":{"src":"usmin","kind":"Open Pit Mine or Quarry","name":"","topo":"Tower Peak 1956","url":"https://mrdata.usgs.gov/usmin/show-usmin.php?type=point&id=496008"}},{"type":"Feature","geometry":{"type":"Point","coordinates":[-119.6223,38.16378]},"properties":{"src":"usmin","kind":"Prospect Pit","name":"","topo":"Tower Peak 1956","url":"https://mrdata.usgs.gov/usmin/show-usmin.php?type=point&id=501468"}},{"type":"Feature","geometry":{"type":"Point","coordinates":[-119.77851,37.94514]},"properties":{"src":"usmin","kind":"Quarry","name":"","topo":"Lake Eleanor 1956","url":"https://mrdata.usgs.gov/usmin/show-usmin.php?type=point&id=501882"}},{"type":"Feature","geometry":{"type":"Point","coordinates":[-120.09788,38.05058]},"properties":{"src":"usmin","kind":"Sand Pit","name":"","topo":"Long Barn 1956","url":"https://mrdata.usgs.gov/usmin/show-usmin.php?type=point&id=501956"}},{"type":"Feature","geometry":{"type":"Point","coordinates":[-119.61996,38.17346]},"properties":{"src":"usmin","kind":"Adit","name":"Montezuma Mine","topo":"Tower Peak 1956","url":"https://mrdata.usgs.gov/usmin/show-usmin.php?type=point&id=490240"}},{"type":"Feature","geometry":{"type":"Point","coordinates":[-119.91138,37.97227]},"properties":{"src":"usmin","kind":"Adit","name":"","topo":"Cherry Lake South 1990","url":"https://mrdata.usgs.gov/usmin/show-usmin.php?type=point&id=49190"}},{"type":"Feature","geometry":{"type":"Point","coordinates":[-119.84076,38.19074]},"properties":{"src":"usmin","kind":"Adit","name":"","topo":"Pinecrest 1956","url":"https://mrdata.usgs.gov/usmin/show-usmin.php?type=point&id=490168"}},{"type":"Feature","geometry":{"type":"Point","coordinates":[-120.27974,38.08608]},"properties":{"src":"usmin","kind":"Adit","name":"Keltz Mine","topo":"Columbia 1948","url":"https://mrdata.usgs.gov/usmin/show-usmin.php?type=point&id=490191"}},{"type":"Feature","geometry":{"type":"Point","coordinates":[-120.37786,38.06121]},"properties":{"src":"usmin","kind":"Adit","name":"","topo":"Columbia 1948","url":"https://mrdata.usgs.gov/usmin/show-usmin.php?type=point&id=490243"}},{"type":"Feature","geometry":{"type":"Point","coordinates":[-120.38958,38.06307]},"properties":{"src":"usmin","kind":"Adit","name":"Experimental Mine","topo":"Columbia 1948","url":"https://mrdata.usgs.gov/usmin/show-usmin.php?type=point&id=490247"}},{"type":"Feature","geometry":{"type":"Point","coordinates":[-120.10386,37.83271]},"properties":{"src":"usmin","kind":"Adit","name":"","topo":"Tuolumne 1948","url":"https://mrdata.usgs.gov/usmin/show-usmin.php?type=point&id=490255"}},{"type":"Feature","geometry":{"type":"Point","coordinates":[-120.3784,38.06123]},"properties":{"src":"usmin","kind":"Adit","name":"","topo":"Columbia 1948","url":"https://mrdata.usgs.gov/usmin/show-usmin.php?type=point&id=490261"}},{"type":"Feature","geometry":{"type":"Point","coordinates":[-120.34932,38.0618]},"properties":{"src":"usmin","kind":"Adit","name":"","topo":"Columbia 1948","url":"https://mrdata.usgs.gov/usmin/show-usmin.php?type=point&id=490275"}},{"type":"Feature","geometry":{"type":"Point","coordinates":[-120.15846,37.8699]},"properties":{"src":"usmin","kind":"Adit","name":"","topo":"Groveland 1947","url":"https://mrdata.usgs.gov/usmin/show-usmin.php?type=point&id=49117"}},{"type":"Feature","geometry":{"type":"Point","coordinates":[-120.32562,37.85283]},"properties":{"src":"usmin","kind":"Adit","name":"","topo":"Moccasin 1948","url":"https://mrdata.usgs.gov/usmin/show-usmin.php?type=point&id=49125"}},{"type":"Feature","geometry":{"type":"Point","coordinates":[-120.34067,38.05871]},"properties":{"src":"usmin","kind":"Adit","name":"","topo":"Columbia SE 1948","url":"https://mrdata.usgs.gov/usmin/show-usmin.php?type=point&id=49191"}},{"type":"Feature","geometry":{"type":"Point","coordinates":[-120.25284,37.76641]},"properties":{"src":"usmin","kind":"Adit","name":"","topo":"Sonora 1948","url":"https://mrdata.usgs.gov/usmin/show-usmin.php?type=point&id=490319"}},{"type":"Feature","geometry":{"type":"Point","coordinates":[-120.19434,38.01523]},"properties":{"src":"usmin","kind":"Adit","name":"","topo":"Twain Harte 1979","url":"https://mrdata.usgs.gov/usmin/show-usmin.php?type=point&id=49116"}},{"type":"Feature","geometry":{"type":"Point","coordinates":[-120.33892,37.84569]},"properties":{"src":"usmin","kind":"Adit","name":"","topo":"Moccasin 1948","url":"https://mrdata.usgs.gov/usmin/show-usmin.php?type=point&id=49137"}},{"type":"Feature","geometry":{"type":"Point","coordinates":[-120.15457,38.06002]},"properties":{"src":"usmin","kind":"Adit","name":"Gem Mine","topo":"Twain Harte 1979","url":"https://mrdata.usgs.gov/usmin/show-usmin.php?type=point&id=49196"}},{"type":"Feature","geometry":{"type":"Point","coordinates":[-120.25302,37.97395]},"properties":{"src":"usmin","kind":"Adit","name":"","topo":"Standard 1948","url":"https://mrdata.usgs.gov/usmin/show-usmin.php?type=point&id=49226"}},{"type":"Feature","geometry":{"type":"Point","coordinates":[-120.47378,37.91127]},"properties":{"src":"usmin","kind":"Adit","name":"","topo":"Sonora 1948","url":"https://mrdata.usgs.gov/usmin/show-usmin.php?type=point&id=49227"}},{"type":"Feature","geometry":{"type":"Point","coordinates":[-120.3905,38.05395]},"properties":{"src":"usmin","kind":"Adit","name":"","topo":"Columbia 1948","url":"https://mrdata.usgs.gov/usmin/show-usmin.php?type=point&id=49237"}},{"type":"Feature","geometry":{"type":"Point","coordinates":[-120.39063,38.05443]},"properties":{"src":"usmin","kind":"Adit","name":"","topo":"Columbia 1948","url":"https://mrdata.usgs.gov/usmin/show-usmin.php?type=point&id=49251"}},{"type":"Feature","geometry":{"type":"Point","coordinates":[-120.39537,37.96891]},"properties":{"src":"usmin","kind":"Adit","name":"","topo":"Sonora 1948","url":"https://mrdata.usgs.gov/usmin/show-usmin.php?type=point&id=49287"}},{"type":"Feature","geometry":{"type":"Point","coordinates":[-120.4436,37.95437]},"properties":{"src":"usmin","kind":"Adit","name":"","topo":"Sonora 1948","url":"https://mrdata.usgs.gov/usmin/show-usmin.php?type=point&id=49303"}},{"type":"Feature","geometry":{"type":"Point","coordinates":[-120.33536,37.85699]},"properties":{"src":"usmin","kind":"Adit","name":"","topo":"Sonora 1948","url":"https://mrdata.usgs.gov/usmin/show-usmin.php?type=point&id=490285"}},{"type":"Feature","geometry":{"type":"Point","coordinates":[-120.39074,38.05386]},"properties":{"src":"usmin","kind":"Adit","name":"","topo":"Columbia 1948","url":"https://mrdata.usgs.gov/usmin/show-usmin.php?type=point&id=490303"}},{"type":"Feature","geometry":{"type":"Point","coordinates":[-120.26505,37.7633]},"properties":{"src":"usmin","kind":"Adit","name":"","topo":"Sonora 1948","url":"https://mrdata.usgs.gov/usmin/show-usmin.php?type=point&id=490351"}},{"type":"Feature","geometry":{"type":"Point","coordinates":[-120.39074,38.05437]},"properties":{"src":"usmin","kind":"Adit","name":"","topo":"Columbia 1948","url":"https://mrdata.usgs.gov/usmin/show-usmin.php?type=point&id=490352"}},{"type":"Feature","geometry":{"type":"Point","coordinates":[-120.16363,38.06102]},"properties":{"src":"usmin","kind":"Adit","name":"","topo":"Long Barn 1956","url":"https://mrdata.usgs.gov/usmin/show-usmin.php?type=point&id=490360"}},{"type":"Feature","geometry":{"type":"Point","coordinates":[-120.45215,38.05108]},"properties":{"src":"usmin","kind":"Adit","name":"Dutchess Mine","topo":"Columbia 1948","url":"https://mrdata.usgs.gov/usmin/show-usmin.php?type=point&id=41319"}},{"type":"Feature","geometry":{"type":"Point","coordinates":[-120.36017,37.85811]},"properties":{"src":"usmin","kind":"Adit","name":"","topo":"Moccasin 1948","url":"https://mrdata.usgs.gov/usmin/show-usmin.php?type=point&id=49204"}},{"type":"Feature","geometry":{"type":"Point","coordinates":[-120.36507,38.0527]},"properties":{"src":"usmin","kind":"Adit","name":"","topo":"Columbia SE 1948","url":"https://mrdata.usgs.gov/usmin/show-usmin.php?type=point&id=49224"}},{"type":"Feature","geometry":{"type":"Point","coordinates":[-120.29041,38.10132]},"properties":{"src":"usmin","kind":"Adit","name":"Star Mine","topo":"Columbia SE 1948","url":"https://mrdata.usgs.gov/usmin/show-usmin.php?type=point&id=49258"}},{"type":"Feature","geometry":{"type":"Point","coordinates":[-120.33859,37.83302]},"properties":{"src":"usmin","kind":"Adit","name":"","topo":"Moccasin 1948","url":"https://mrdata.usgs.gov/usmin/show-usmin.php?type=point&id=49266"}},{"type":"Feature","geometry":{"type":"Point","coordinates":[-120.27838,37.822]},"properties":{"src":"usmin","kind":"Adit","name":"","topo":"Sonora 1948","url":"https://mrdata.usgs.gov/usmin/show-usmin.php?type=point&id=490178"}},{"type":"Feature","geometry":{"type":"Point","coordinates":[-120.3517,38.08796]},"properties":{"src":"usmin","kind":"Adit","name":"","topo":"Columbia 1948","url":"https://mrdata.usgs.gov/usmin/show-usmin.php?type=point&id=490267"}},{"type":"Feature","geometry":{"type":"Point","coordinates":[-120.49054,37.97257]},"properties":{"src":"usmin","kind":"Adit","name":"","topo":"Sonora 1948","url":"https://mrdata.usgs.gov/usmin/show-usmin.php?type=point&id=490288"}},{"type":"Feature","geometry":{"type":"Point","coordinates":[-120.16978,38.05607]},"properties":{"src":"usmin","kind":"Adit","name":"","topo":"Long Barn 1956","url":"https://mrdata.usgs.gov/usmin/show-usmin.php?type=point&id=490291"}},{"type":"Feature","geometry":{"type":"Point","coordinates":[-120.30591,38.08743]},"properties":{"src":"usmin","kind":"Adit","name":"","topo":"Columbia 1948","url":"https://mrdata.usgs.gov/usmin/show-usmin.php?type=point&id=490329"}},{"type":"Feature","geometry":{"type":"Point","coordinates":[-120.42929,37.94614]},"properties":{"src":"usmin","kind":"Adit","name":"","topo":"Sonora 1948","url":"https://mrdata.usgs.gov/usmin/show-usmin.php?type=point&id=49107"}},{"type":"Feature","geometry":{"type":"Point","coordinates":[-120.41192,37.89856]},"properties":{"src":"usmin","kind":"Adit","name":"","topo":"Sonora 1948","url":"https://mrdata.usgs.gov/usmin/show-usmin.php?type=point&id=49110"}},{"type":"Feature","geometry":{"type":"Point","coordinates":[-120.27493,37.81836]},"properties":{"src":"usmin","kind":"Adit","name":"","topo":"Moccasin 1948","url":"https://mrdata.usgs.gov/usmin/show-usmin.php?type=point&id=49115"}},{"type":"Feature","geometry":{"type":"Point","coordinates":[-120.2476,37.75975]},"properties":{"src":"usmin","kind":"Adit","name":"","topo":"Tuolumne 1948","url":"https://mrdata.usgs.gov/usmin/show-usmin.php?type=point&id=490270"}},{"type":"Feature","geometry":{"type":"Point","coordinates":[-120.42942,37.94623]},"properties":{"src":"usmin","kind":"Adit","name":"","topo":"Sonora 1948","url":"https://mrdata.usgs.gov/usmin/show-usmin.php?type=point&id=490325"}},{"type":"Feature","geometry":{"type":"Point","coordinates":[-119.9323,37.96101]},"properties":{"src":"usmin","kind":"Borrow Pit","name":"","topo":"Lake Eleanor 1956","url":"https://mrdata.usgs.gov/usmin/show-usmin.php?type=point&id=490409"}},{"type":"Feature","geometry":{"type":"Point","coordinates":[-120.28299,37.82388]},"properties":{"src":"usmin","kind":"Mine Shaft","name":"","topo":"Sonora 1948","url":"https://mrdata.usgs.gov/usmin/show-usmin.php?type=point&id=494095"}},{"type":"Feature","geometry":{"type":"Point","coordinates":[-120.28435,37.97822]},"properties":{"src":"usmin","kind":"Mine Shaft","name":"Draiper Mine","topo":"Sonora 1948","url":"https://mrdata.usgs.gov/usmin/show-usmin.php?type=point&id=494110"}},{"type":"Feature","geometry":{"type":"Point","coordinates":[-120.24986,37.98689]},"properties":{"src":"usmin","kind":"Mine Shaft","name":"","topo":"Tuolumne 1948","url":"https://mrdata.usgs.gov/usmin/show-usmin.php?type=point&id=494115"}},{"type":"Feature","geometry":{"type":"Point","coordinates":[-120.43772,37.94564]},"properties":{"src":"usmin","kind":"Mine Shaft","name":"Harvard Mine","topo":"Sonora 1948","url":"https://mrdata.usgs.gov/usmin/show-usmin.php?type=point&id=494122"}},{"type":"Feature","geometry":{"type":"Point","coordinates":[-120.36813,37.84602]},"properties":{"src":"usmin","kind":"Mine Shaft","name":"","topo":"Sonora 1948","url":"https://mrdata.usgs.gov/usmin/show-usmin.php?type=point&id=494123"}},{"type":"Feature","geometry":{"type":"Point","coordinates":[-120.41813,37.91928]},"properties":{"src":"usmin","kind":"Mine Shaft","name":"","topo":"Sonora 1948","url":"https://mrdata.usgs.gov/usmin/show-usmin.php?type=point&id=494129"}},{"type":"Feature","geometry":{"type":"Point","coordinates":[-120.39006,37.97129]},"properties":{"src":"usmin","kind":"Mine Shaft","name":"","topo":"Sonora 1948","url":"https://mrdata.usgs.gov/usmin/show-usmin.php?type=point&id=494132"}},{"type":"Feature","geometry":{"type":"Point","coordinates":[-120.41359,37.90967]},"properties":{"src":"usmin","kind":"Mine Shaft","name":"","topo":"Sonora 1948","url":"https://mrdata.usgs.gov/usmin/show-usmin.php?type=point&id=494135"}},{"type":"Feature","geometry":{"type":"Point","coordinates":[-120.41227,37.9138]},"properties":{"src":"usmin","kind":"Mine Shaft","name":"","topo":"Sonora 1948","url":"https://mrdata.usgs.gov/usmin/show-usmin.php?type=point&id=494137"}},{"type":"Feature","geometry":{"type":"Point","coordinates":[-120.41128,37.90521]},"properties":{"src":"usmin","kind":"Mine Shaft","name":"","topo":"Sonora 1948","url":"https://mrdata.usgs.gov/usmin/show-usmin.php?type=point&id=494138"}},{"type":"Feature","geometry":{"type":"Point","coordinates":[-120.20537,37.82678]},"properties":{"src":"usmin","kind":"Mine Shaft","name":"","topo":"Tuolumne 1948","url":"https://mrdata.usgs.gov/usmin/show-usmin.php?type=point&id=494139"}},{"type":"Feature","geometry":{"type":"Point","coordinates":[-120.40331,37.88234]},"properties":{"src":"usmin","kind":"Mine Shaft","name":"","topo":"Sonora 1948","url":"https://mrdata.usgs.gov/usmin/show-usmin.php?type=point&id=494149"}},{"type":"Feature","geometry":{"type":"Point","coordinates":[-120.40084,37.87986]},"properties":{"src":"usmin","kind":"Mine Shaft","name":"","topo":"Sonora 1948","url":"https://mrdata.usgs.gov/usmin/show-usmin.php?type=point&id=494204"}},{"type":"Feature","geometry":{"type":"Point","coordinates":[-120.19141,37.91514]},"properties":{"src":"usmin","kind":"Mine Shaft","name":"","topo":"Tuolumne 1948","url":"https://mrdata.usgs.gov/usmin/show-usmin.php?type=point&id=494210"}},{"type":"Feature","geometry":{"type":"Point","coordinates":[-120.22873,37.8416]},"properties":{"src":"usmin","kind":"Mine Shaft","name":"","topo":"Tuolumne 1948","url":"https://mrdata.usgs.gov/usmin/show-usmin.php?type=point&id=494218"}},{"type":"Feature","geometry":{"type":"Point","coordinates":[-120.24847,37.98292]},"properties":{"src":"usmin","kind":"Mine Shaft","name":"","topo":"Tuolumne 1948","url":"https://mrdata.usgs.gov/usmin/show-usmin.php?type=point&id=494222"}},{"type":"Feature","geometry":{"type":"Point","coordinates":[-120.39578,37.86691]},"properties":{"src":"usmin","kind":"Mine Shaft","name":"Eagle-Shawmut Mine","topo":"Sonora 1948","url":"https://mrdata.usgs.gov/usmin/show-usmin.php?type=point&id=494228"}},{"type":"Feature","geometry":{"type":"Point","coordinates":[-120.26504,37.8232]},"properties":{"src":"usmin","kind":"Open Pit Mine or Quarry","name":"","topo":"Sonora 1948","url":"https://mrdata.usgs.gov/usmin/show-usmin.php?type=point&id=496005"}},{"type":"Feature","geometry":{"type":"Point","coordinates":[-120.21881,37.9928]},"properties":{"src":"usmin","kind":"Prospect Pit","name":"","topo":"Tuolumne 1948","url":"https://mrdata.usgs.gov/usmin/show-usmin.php?type=point&id=501384"}},{"type":"Feature","geometry":{"type":"Point","coordinates":[-120.37857,37.85331]},"properties":{"src":"usmin","kind":"Prospect Pit","name":"","topo":"Sonora 1948","url":"https://mrdata.usgs.gov/usmin/show-usmin.php?type=point&id=501388"}},{"type":"Feature","geometry":{"type":"Point","coordinates":[-120.19342,37.90665]},"properties":{"src":"usmin","kind":"Prospect Pit","name":"","topo":"Tuolumne 1948","url":"https://mrdata.usgs.gov/usmin/show-usmin.php?type=point&id=501397"}},{"type":"Feature","geometry":{"type":"Point","coordinates":[-120.25279,37.98031]},"properties":{"src":"usmin","kind":"Prospect Pit","name":"","topo":"Sonora 1948","url":"https://mrdata.usgs.gov/usmin/show-usmin.php?type=point&id=501398"}},{"type":"Feature","geometry":{"type":"Point","coordinates":[-120.1857,37.8854]},"properties":{"src":"usmin","kind":"Prospect Pit","name":"Duleke Mine","topo":"Tuolumne 1948","url":"https://mrdata.usgs.gov/usmin/show-usmin.php?type=point&id=501401"}},{"type":"Feature","geometry":{"type":"Point","coordinates":[-120.21476,37.94264]},"properties":{"src":"usmin","kind":"Prospect Pit","name":"","topo":"Tuolumne 1948","url":"https://mrdata.usgs.gov/usmin/show-usmin.php?type=point&id=501412"}},{"type":"Feature","geometry":{"type":"Point","coordinates":[-120.22326,37.98555]},"properties":{"src":"usmin","kind":"Prospect Pit","name":"","topo":"Tuolumne 1948","url":"https://mrdata.usgs.gov/usmin/show-usmin.php?type=point&id=501424"}},{"type":"Feature","geometry":{"type":"Point","coordinates":[-120.2111,37.94415]},"properties":{"src":"usmin","kind":"Prospect Pit","name":"","topo":"Tuolumne 1948","url":"https://mrdata.usgs.gov/usmin/show-usmin.php?type=point&id=501425"}},{"type":"Feature","geometry":{"type":"Point","coordinates":[-120.37786,37.85352]},"properties":{"src":"usmin","kind":"Prospect Pit","name":"","topo":"Sonora 1948","url":"https://mrdata.usgs.gov/usmin/show-usmin.php?type=point&id=501428"}},{"type":"Feature","geometry":{"type":"Point","coordinates":[-120.42784,37.93537]},"properties":{"src":"usmin","kind":"Prospect Pit","name":"","topo":"Sonora 1948","url":"https://mrdata.usgs.gov/usmin/show-usmin.php?type=point&id=501439"}},{"type":"Feature","geometry":{"type":"Point","coordinates":[-120.25577,37.97913]},"properties":{"src":"usmin","kind":"Prospect Pit","name":"Chickenfeed Mine","topo":"Sonora 1948","url":"https://mrdata.usgs.gov/usmin/show-usmin.php?type=point&id=501442"}},{"type":"Feature","geometry":{"type":"Point","coordinates":[-120.20839,37.9488]},"properties":{"src":"usmin","kind":"Prospect Pit","name":"","topo":"Tuolumne 1948","url":"https://mrdata.usgs.gov/usmin/show-usmin.php?type=point&id=501447"}},{"type":"Feature","geometry":{"type":"Point","coordinates":[-120.28042,37.82245]},"properties":{"src":"usmin","kind":"Prospect Pit","name":"","topo":"Sonora 1948","url":"https://mrdata.usgs.gov/usmin/show-usmin.php?type=point&id=501476"}},{"type":"Feature","geometry":{"type":"Point","coordinates":[-120.23787,37.83979]},"properties":{"src":"usmin","kind":"Prospect Pit","name":"","topo":"Tuolumne 1948","url":"https://mrdata.usgs.gov/usmin/show-usmin.php?type=point&id=501479"}},{"type":"Feature","geometry":{"type":"Point","coordinates":[-120.1662,37.87019]},"properties":{"src":"usmin","kind":"Prospect Pit","name":"","topo":"Tuolumne 1948","url":"https://mrdata.usgs.gov/usmin/show-usmin.php?type=point&id=501485"}},{"type":"Feature","geometry":{"type":"Point","coordinates":[-120.38004,37.85207]},"properties":{"src":"usmin","kind":"Prospect Pit","name":"","topo":"Sonora 1948","url":"https://mrdata.usgs.gov/usmin/show-usmin.php?type=point&id=501499"}},{"type":"Feature","geometry":{"type":"Point","coordinates":[-120.22433,37.98203]},"properties":{"src":"usmin","kind":"Prospect Pit","name":"","topo":"Tuolumne 1948","url":"https://mrdata.usgs.gov/usmin/show-usmin.php?type=point&id=501504"}},{"type":"Feature","geometry":{"type":"Point","coordinates":[-120.29574,37.82719]},"properties":{"src":"usmin","kind":"Prospect Pit","name":"","topo":"Sonora 1948","url":"https://mrdata.usgs.gov/usmin/show-usmin.php?type=point&id=501511"}},{"type":"Feature","geometry":{"type":"Point","coordinates":[-120.37645,37.85238]},"properties":{"src":"usmin","kind":"Prospect Pit","name":"","topo":"Sonora 1948","url":"https://mrdata.usgs.gov/usmin/show-usmin.php?type=point&id=501521"}},{"type":"Feature","geometry":{"type":"Point","coordinates":[-120.20189,37.92657]},"properties":{"src":"usmin","kind":"Prospect Pit","name":"","topo":"Tuolumne 1948","url":"https://mrdata.usgs.gov/usmin/show-usmin.php?type=point&id=501530"}},{"type":"Feature","geometry":{"type":"Point","coordinates":[-120.29551,37.82578]},"properties":{"src":"usmin","kind":"Adit","name":"","topo":"Moccasin 1948","url":"https://mrdata.usgs.gov/usmin/show-usmin.php?type=point&id=49121"}},{"type":"Feature","geometry":{"type":"Point","coordinates":[-120.40119,37.86812]},"properties":{"src":"usmin","kind":"Adit","name":"Eagle-Shaw Mut Mine","topo":"Chinese Camp 1948","url":"https://mrdata.usgs.gov/usmin/show-usmin.php?type=point&id=49185"}},{"type":"Feature","geometry":{"type":"Point","coordinates":[-120.28237,37.82265]},"properties":{"src":"usmin","kind":"Adit","name":"","topo":"Moccasin 1948","url":"https://mrdata.usgs.gov/usmin/show-usmin.php?type=point&id=49273"}},{"type":"Feature","geometry":{"type":"Point","coordinates":[-120.22662,37.97489]},"properties":{"src":"usmin","kind":"Adit","name":"","topo":"Tuolumne 1948","url":"https://mrdata.usgs.gov/usmin/show-usmin.php?type=point&id=49274"}},{"type":"Feature","geometry":{"type":"Point","coordinates":[-120.29826,37.82761]},"properties":{"src":"usmin","kind":"Adit","name":"","topo":"Sonora 1948","url":"https://mrdata.usgs.gov/usmin/show-usmin.php?type=point&id=490235"}},{"type":"Feature","geometry":{"type":"Point","coordinates":[-120.22627,37.97513]},"properties":{"src":"usmin","kind":"Adit","name":"","topo":"Tuolumne 1948","url":"https://mrdata.usgs.gov/usmin/show-usmin.php?type=point&id=490324"}},{"type":"Feature","geometry":{"type":"Point","coordinates":[-120.33241,37.85663]},"properties":{"src":"usmin","kind":"Adit","name":"","topo":"Moccasin 1948","url":"https://mrdata.usgs.gov/usmin/show-usmin.php?type=point&id=49129"}},{"type":"Feature","geometry":{"type":"Point","coordinates":[-120.29847,37.82744]},"properties":{"src":"usmin","kind":"Adit","name":"","topo":"Moccasin 1948","url":"https://mrdata.usgs.gov/usmin/show-usmin.php?type=point&id=49156"}},{"type":"Feature","geometry":{"type":"Point","coordinates":[-120.36929,37.84611]},"properties":{"src":"usmin","kind":"Adit","name":"","topo":"Moccasin 1948","url":"https://mrdata.usgs.gov/usmin/show-usmin.php?type=point&id=49232"}},{"type":"Feature","geometry":{"type":"Point","coordinates":[-120.26523,37.98099]},"properties":{"src":"usmin","kind":"Adit","name":"","topo":"Standard 1948","url":"https://mrdata.usgs.gov/usmin/show-usmin.php?type=point&id=49265"}},{"type":"Feature","geometry":{"type":"Point","coordinates":[-120.41479,37.90796]},"properties":{"src":"usmin","kind":"Adit","name":"","topo":"Sonora 1948","url":"https://mrdata.usgs.gov/usmin/show-usmin.php?type=point&id=490182"}},{"type":"Feature","geometry":{"type":"Point","coordinates":[-120.34351,37.83656]},"properties":{"src":"usmin","kind":"Adit","name":"","topo":"Sonora 1948","url":"https://mrdata.usgs.gov/usmin/show-usmin.php?type=point&id=490278"}},{"type":"Feature","geometry":{"type":"Point","coordinates":[-120.26549,37.82903]},"properties":{"src":"usmin","kind":"Adit","name":"","topo":"Sonora 1948","url":"https://mrdata.usgs.gov/usmin/show-usmin.php?type=point&id=490318"}},{"type":"Feature","geometry":{"type":"Point","coordinates":[-120.2405,37.89489]},"properties":{"src":"usmin","kind":"Adit","name":"","topo":"Tuolumne 1948","url":"https://mrdata.usgs.gov/usmin/show-usmin.php?type=point&id=49157"}},{"type":"Feature","geometry":{"type":"Point","coordinates":[-120.26388,37.82972]},"properties":{"src":"usmin","kind":"Adit","name":"","topo":"Moccasin 1948","url":"https://mrdata.usgs.gov/usmin/show-usmin.php?type=point&id=49178"}},{"type":"Feature","geometry":{"type":"Point","coordinates":[-120.24026,37.89463]},"properties":{"src":"usmin","kind":"Adit","name":"","topo":"Tuolumne 1948","url":"https://mrdata.usgs.gov/usmin/show-usmin.php?type=point&id=490167"}},{"type":"Feature","geometry":{"type":"Point","coordinates":[-120.27795,37.82125]},"properties":{"src":"usmin","kind":"Adit","name":"","topo":"Sonora 1948","url":"https://mrdata.usgs.gov/usmin/show-usmin.php?type=point&id=490207"}},{"type":"Feature","geometry":{"type":"Point","coordinates":[-120.25693,37.82032]},"properties":{"src":"usmin","kind":"Adit","name":"","topo":"Sonora 1948","url":"https://mrdata.usgs.gov/usmin/show-usmin.php?type=point&id=490213"}},{"type":"Feature","geometry":{"type":"Point","coordinates":[-120.34179,37.83747]},"properties":{"src":"usmin","kind":"Adit","name":"","topo":"Sonora 1948","url":"https://mrdata.usgs.gov/usmin/show-usmin.php?type=point&id=490249"}},{"type":"Feature","geometry":{"type":"Point","coordinates":[-120.26632,37.88624]},"properties":{"src":"usmin","kind":"Adit","name":"Russell Telegraph Mine","topo":"Sonora 1948","url":"https://mrdata.usgs.gov/usmin/show-usmin.php?type=point&id=490321"}},{"type":"Feature","geometry":{"type":"Point","coordinates":[-120.24974,37.8173]},"properties":{"src":"usmin","kind":"Adit","name":"Red Jacket Mine","topo":"Tuolumne 1948","url":"https://mrdata.usgs.gov/usmin/show-usmin.php?type=point&id=490337"}},{"type":"Feature","geometry":{"type":"Point","coordinates":[-120.24339,37.83194]},"properties":{"src":"usmin","kind":"Adit","name":"","topo":"Groveland 1947","url":"https://mrdata.usgs.gov/usmin/show-usmin.php?type=point&id=49246"}},{"type":"Feature","geometry":{"type":"Point","coordinates":[-120.06725,37.8325]},"properties":{"src":"usmin","kind":"Adit","name":"","topo":"Tuolumne 1948","url":"https://mrdata.usgs.gov/usmin/show-usmin.php?type=point&id=490230"}},{"type":"Feature","geometry":{"type":"Point","coordinates":[-120.23737,37.8305]},"properties":{"src":"usmin","kind":"Adit","name":"","topo":"Groveland 1947","url":"https://mrdata.usgs.gov/usmin/show-usmin.php?type=point&id=49113"}},{"type":"Feature","geometry":{"type":"Point","coordinates":[-120.04337,37.82742]},"properties":{"src":"usmin","kind":"Adit","name":"Tunnel","topo":"Jawbone Ridge 1947","url":"https://mrdata.usgs.gov/usmin/show-usmin.php?type=point&id=49158"}},{"type":"Feature","geometry":{"type":"Point","coordinates":[-120.23777,37.8298]},"properties":{"src":"usmin","kind":"Adit","name":"","topo":"Groveland 1947","url":"https://mrdata.usgs.gov/usmin/show-usmin.php?type=point&id=49168"}},{"type":"Feature","geometry":{"type":"Point","coordinates":[-120.43452,37.94338]},"properties":{"src":"usmin","kind":"Adit","name":"","topo":"Sonora 1948","url":"https://mrdata.usgs.gov/usmin/show-usmin.php?type=point&id=49281"}},{"type":"Feature","geometry":{"type":"Point","coordinates":[-120.23802,37.82967]},"properties":{"src":"usmin","kind":"Adit","name":"","topo":"Tuolumne 1948","url":"https://mrdata.usgs.gov/usmin/show-usmin.php?type=point&id=490340"}},{"type":"Feature","geometry":{"type":"Point","coordinates":[-120.32553,37.85301]},"properties":{"src":"usmin","kind":"Adit","name":"","topo":"Sonora 1948","url":"https://mrdata.usgs.gov/usmin/show-usmin.php?type=point&id=490341"}},{"type":"Feature","geometry":{"type":"Point","coordinates":[-120.26505,37.82382]},"properties":{"src":"usmin","kind":"Adit","name":"","topo":"Moccasin 1948","url":"https://mrdata.usgs.gov/usmin/show-usmin.php?type=point&id=49124"}},{"type":"Feature","geometry":{"type":"Point","coordinates":[-120.25404,37.97339]},"properties":{"src":"usmin","kind":"Adit","name":"","topo":"Sonora 1948","url":"https://mrdata.usgs.gov/usmin/show-usmin.php?type=point&id=490290"}},{"type":"Feature","geometry":{"type":"Point","coordinates":[-120.37373,37.99077]},"properties":{"src":"usmin","kind":"Adit","name":"","topo":"Standard 1948","url":"https://mrdata.usgs.gov/usmin/show-usmin.php?type=point&id=49201"}},{"type":"Feature","geometry":{"type":"Point","coordinates":[-120.41099,37.8984]},"properties":{"src":"usmin","kind":"Adit","name":"","topo":"Sonora 1948","url":"https://mrdata.usgs.gov/usmin/show-usmin.php?type=point&id=49252"}},{"type":"Feature","geometry":{"type":"Point","coordinates":[-120.43073,37.94622]},"properties":{"src":"usmin","kind":"Adit","name":"","topo":"Sonora 1948","url":"https://mrdata.usgs.gov/usmin/show-usmin.php?type=point&id=490199"}},{"type":"Feature","geometry":{"type":"Point","coordinates":[-120.2749,37.81865]},"properties":{"src":"usmin","kind":"Adit","name":"","topo":"Sonora 1948","url":"https://mrdata.usgs.gov/usmin/show-usmin.php?type=point&id=490250"}},{"type":"Feature","geometry":{"type":"Point","coordinates":[-120.26535,37.81041]},"properties":{"src":"usmin","kind":"Gravel Pit","name":"","topo":"Sonora 1948","url":"https://mrdata.usgs.gov/usmin/show-usmin.php?type=point&id=491097"}},{"type":"Feature","geometry":{"type":"Point","coordinates":[-120.54454,37.80596]},"properties":{"src":"usmin","kind":"Gravel Pit","name":"","topo":"Copperopolis 1954","url":"https://mrdata.usgs.gov/usmin/show-usmin.php?type=point&id=491098"}},{"type":"Feature","geometry":{"type":"Point","coordinates":[-120.29444,37.794]},"properties":{"src":"usmin","kind":"Gravel Pit","name":"","topo":"Sonora 1948","url":"https://mrdata.usgs.gov/usmin/show-usmin.php?type=point&id=491099"}},{"type":"Feature","geometry":{"type":"Point","coordinates":[-120.36148,37.85878]},"properties":{"src":"usmin","kind":"Mine Shaft","name":"","topo":"Sonora 1948","url":"https://mrdata.usgs.gov/usmin/show-usmin.php?type=point&id=494104"}},{"type":"Feature","geometry":{"type":"Point","coordinates":[-120.40286,37.88297]},"properties":{"src":"usmin","kind":"Mine Shaft","name":"","topo":"Sonora 1948","url":"https://mrdata.usgs.gov/usmin/show-usmin.php?type=point&id=494121"}},{"type":"Feature","geometry":{"type":"Point","coordinates":[-120.36238,37.85904]},"properties":{"src":"usmin","kind":"Mine Shaft","name":"","topo":"Sonora 1948","url":"https://mrdata.usgs.gov/usmin/show-usmin.php?type=point&id=494142"}},{"type":"Feature","geometry":{"type":"Point","coordinates":[-120.25333,37.76695]},"properties":{"src":"usmin","kind":"Mine Shaft","name":"","topo":"Sonora 1948","url":"https://mrdata.usgs.gov/usmin/show-usmin.php?type=point&id=494153"}},{"type":"Feature","geometry":{"type":"Point","coordinates":[-120.25736,37.83431]},"properties":{"src":"usmin","kind":"Mine Shaft","name":"","topo":"Sonora 1948","url":"https://mrdata.usgs.gov/usmin/show-usmin.php?type=point&id=494166"}},{"type":"Feature","geometry":{"type":"Point","coordinates":[-120.29515,37.82631]},"properties":{"src":"usmin","kind":"Mine Shaft","name":"","topo":"Sonora 1948","url":"https://mrdata.usgs.gov/usmin/show-usmin.php?type=point&id=494170"}},{"type":"Feature","geometry":{"type":"Point","coordinates":[-120.4077,37.73516]},"properties":{"src":"usmin","kind":"Mine Shaft","name":"Fortynine Mine","topo":"Merced Falls 1962","url":"https://mrdata.usgs.gov/usmin/show-usmin.php?type=point&id=494178"}},{"type":"Feature","geometry":{"type":"Point","coordinates":[-120.35337,37.72337]},"properties":{"src":"usmin","kind":"Mine Shaft","name":"","topo":"Merced Falls 1962","url":"https://mrdata.usgs.gov/usmin/show-usmin.php?type=point&id=494186"}},{"type":"Feature","geometry":{"type":"Point","coordinates":[-120.47362,37.7288]},"properties":{"src":"usmin","kind":"Mine Shaft","name":"Mitchell Mine","topo":"Merced Falls 1962","url":"https://mrdata.usgs.gov/usmin/show-usmin.php?type=point&id=494189"}},{"type":"Feature","geometry":{"type":"Point","coordinates":[-120.40166,37.88015]},"properties":{"src":"usmin","kind":"Mine Shaft","name":"","topo":"Sonora 1948","url":"https://mrdata.usgs.gov/usmin/show-usmin.php?type=point&id=494192"}},{"type":"Feature","geometry":{"type":"Point","coordinates":[-120.25712,37.81987]},"properties":{"src":"usmin","kind":"Mine Shaft","name":"","topo":"Sonora 1948","url":"https://mrdata.usgs.gov/usmin/show-usmin.php?type=point&id=494193"}},{"type":"Feature","geometry":{"type":"Point","coordinates":[-120.36729,37.84651]},"properties":{"src":"usmin","kind":"Mine Shaft","name":"Clio Mine","topo":"Sonora 1948","url":"https://mrdata.usgs.gov/usmin/show-usmin.php?type=point&id=494195"}},{"type":"Feature","geometry":{"type":"Point","coordinates":[-120.25179,37.80073]},"properties":{"src":"usmin","kind":"Mine Shaft","name":"","topo":"Sonora 1948","url":"https://mrdata.usgs.gov/usmin/show-usmin.php?type=point&id=494217"}},{"type":"Feature","geometry":{"type":"Point","coordinates":[-120.39734,37.86856]},"properties":{"src":"usmin","kind":"Mine Shaft","name":"","topo":"Sonora 1948","url":"https://mrdata.usgs.gov/usmin/show-usmin.php?type=point&id=494232"}},{"type":"Feature","geometry":{"type":"Point","coordinates":[-120.56311,37.89107]},"properties":{"src":"usmin","kind":"Open Pit Mine","name":"Green Spring Mine","topo":"Copperopolis 1916","url":"https://mrdata.usgs.gov/usmin/show-usmin.php?type=point&id=495070"}},{"type":"Feature","geometry":{"type":"Point","coordinates":[-120.47387,37.729]},"properties":{"src":"usmin","kind":"Open Pit Mine","name":"Mitchell Mine","topo":"Merced Falls 1944","url":"https://mrdata.usgs.gov/usmin/show-usmin.php?type=point&id=495072"}},{"type":"Feature","geometry":{"type":"Point","coordinates":[-120.45598,37.72168]},"properties":{"src":"usmin","kind":"Open Pit Mine","name":"Oak Hill Mine","topo":"Merced Falls 1944","url":"https://mrdata.usgs.gov/usmin/show-usmin.php?type=point&id=495074"}},{"type":"Feature","geometry":{"type":"Point","coordinates":[-120.44966,37.85229]},"properties":{"src":"usmin","kind":"Open Pit Mine or Quarry","name":"","topo":"Sonora 1948","url":"https://mrdata.usgs.gov/usmin/show-usmin.php?type=point&id=496009"}},{"type":"Feature","geometry":{"type":"Point","coordinates":[-120.49727,37.81385]},"properties":{"src":"usmin","kind":"Open Pit Mine or Quarry","name":"","topo":"Sonora 1948","url":"https://mrdata.usgs.gov/usmin/show-usmin.php?type=point&id=496013"}},{"type":"Feature","geometry":{"type":"Point","coordinates":[-120.55666,37.76435]},"properties":{"src":"usmin","kind":"Open Pit Mine or Quarry","name":"","topo":"Copperopolis 1954","url":"https://mrdata.usgs.gov/usmin/show-usmin.php?type=point&id=496014"}},{"type":"Feature","geometry":{"type":"Point","coordinates":[-120.45933,37.86981]},"properties":{"src":"usmin","kind":"Prospect Pit","name":"","topo":"Sonora 1948","url":"https://mrdata.usgs.gov/usmin/show-usmin.php?type=point&id=501372"}},{"type":"Feature","geometry":{"type":"Point","coordinates":[-120.36804,37.84674]},"properties":{"src":"usmin","kind":"Prospect Pit","name":"","topo":"Sonora 1948","url":"https://mrdata.usgs.gov/usmin/show-usmin.php?type=point&id=501374"}},{"type":"Feature","geometry":{"type":"Point","coordinates":[-120.39446,37.65951]},"properties":{"src":"usmin","kind":"Prospect Pit","name":"","topo":"Merced Falls 1962","url":"https://mrdata.usgs.gov/usmin/show-usmin.php?type=point&id=501375"}},{"type":"Feature","geometry":{"type":"Point","coordinates":[-120.26297,37.77851]},"properties":{"src":"usmin","kind":"Prospect Pit","name":"","topo":"Sonora 1948","url":"https://mrdata.usgs.gov/usmin/show-usmin.php?type=point&id=501387"}},{"type":"Feature","geometry":{"type":"Point","coordinates":[-120.38526,37.85388]},"properties":{"src":"usmin","kind":"Prospect Pit","name":"Mammoth Mine","topo":"Sonora 1948","url":"https://mrdata.usgs.gov/usmin/show-usmin.php?type=point&id=501393"}},{"type":"Feature","geometry":{"type":"Point","coordinates":[-120.34758,37.83366]},"properties":{"src":"usmin","kind":"Prospect Pit","name":"","topo":"Sonora 1948","url":"https://mrdata.usgs.gov/usmin/show-usmin.php?type=point&id=501400"}},{"type":"Feature","geometry":{"type":"Point","coordinates":[-120.27932,37.82206]},"properties":{"src":"usmin","kind":"Prospect Pit","name":"","topo":"Sonora 1948","url":"https://mrdata.usgs.gov/usmin/show-usmin.php?type=point&id=501404"}},{"type":"Feature","geometry":{"type":"Point","coordinates":[-120.47444,37.84541]},"properties":{"src":"usmin","kind":"Prospect Pit","name":"","topo":"Sonora 1948","url":"https://mrdata.usgs.gov/usmin/show-usmin.php?type=point&id=501411"}},{"type":"Feature","geometry":{"type":"Point","coordinates":[-120.35254,37.72301]},"properties":{"src":"usmin","kind":"Prospect Pit","name":"Solambo Mine","topo":"Merced Falls 1944","url":"https://mrdata.usgs.gov/usmin/show-usmin.php?type=point&id=501415"}},{"type":"Feature","geometry":{"type":"Point","coordinates":[-120.34266,37.70595]},"properties":{"src":"usmin","kind":"Prospect Pit","name":"","topo":"Merced Falls 1944","url":"https://mrdata.usgs.gov/usmin/show-usmin.php?type=point&id=501416"}},{"type":"Feature","geometry":{"type":"Point","coordinates":[-120.44562,37.87458]},"properties":{"src":"usmin","kind":"Prospect Pit","name":"","topo":"Sonora 1948","url":"https://mrdata.usgs.gov/usmin/show-usmin.php?type=point&id=501419"}},{"type":"Feature","geometry":{"type":"Point","coordinates":[-120.25725,37.77055]},"properties":{"src":"usmin","kind":"Prospect Pit","name":"","topo":"Sonora 1948","url":"https://mrdata.usgs.gov/usmin/show-usmin.php?type=point&id=501431"}},{"type":"Feature","geometry":{"type":"Point","coordinates":[-120.27129,37.81661]},"properties":{"src":"usmin","kind":"Prospect Pit","name":"","topo":"Sonora 1948","url":"https://mrdata.usgs.gov/usmin/show-usmin.php?type=point&id=501434"}},{"type":"Feature","geometry":{"type":"Point","coordinates":[-120.2496,37.75985]},"properties":{"src":"usmin","kind":"Prospect Pit","name":"","topo":"Tuolumne 1948","url":"https://mrdata.usgs.gov/usmin/show-usmin.php?type=point&id=501441"}},{"type":"Feature","geometry":{"type":"Point","coordinates":[-120.37659,37.85324]},"properties":{"src":"usmin","kind":"Prospect Pit","name":"","topo":"Sonora 1948","url":"https://mrdata.usgs.gov/usmin/show-usmin.php?type=point&id=501444"}},{"type":"Feature","geometry":{"type":"Point","coordinates":[-120.2505,37.81692]},"properties":{"src":"usmin","kind":"Prospect Pit","name":"","topo":"Tuolumne 1948","url":"https://mrdata.usgs.gov/usmin/show-usmin.php?type=point&id=501448"}},{"type":"Feature","geometry":{"type":"Point","coordinates":[-120.26589,37.78134]},"properties":{"src":"usmin","kind":"Prospect Pit","name":"","topo":"Sonora 1948","url":"https://mrdata.usgs.gov/usmin/show-usmin.php?type=point&id=501462"}},{"type":"Feature","geometry":{"type":"Point","coordinates":[-120.45503,37.86801]},"properties":{"src":"usmin","kind":"Prospect Pit","name":"","topo":"Sonora 1948","url":"https://mrdata.usgs.gov/usmin/show-usmin.php?type=point&id=501484"}},{"type":"Feature","geometry":{"type":"Point","coordinates":[-120.40099,37.8791]},"properties":{"src":"usmin","kind":"Prospect Pit","name":"","topo":"Sonora 1948","url":"https://mrdata.usgs.gov/usmin/show-usmin.php?type=point&id=501486"}},{"type":"Feature","geometry":{"type":"Point","coordinates":[-120.36823,37.68594]},"properties":{"src":"usmin","kind":"Prospect Pit","name":"","topo":"Merced Falls 1962","url":"https://mrdata.usgs.gov/usmin/show-usmin.php?type=point&id=501495"}},{"type":"Feature","geometry":{"type":"Point","coordinates":[-120.38652,37.85529]},"properties":{"src":"usmin","kind":"Prospect Pit","name":"","topo":"Sonora 1948","url":"https://mrdata.usgs.gov/usmin/show-usmin.php?type=point&id=501513"}},{"type":"Feature","geometry":{"type":"Point","coordinates":[-120.38108,37.85193]},"properties":{"src":"usmin","kind":"Prospect Pit","name":"Orcutt Mine","topo":"Sonora 1948","url":"https://mrdata.usgs.gov/usmin/show-usmin.php?type=point&id=501517"}},{"type":"Feature","geometry":{"type":"Point","coordinates":[-120.35145,37.72156]},"properties":{"src":"usmin","kind":"Prospect Pit","name":"","topo":"Merced Falls 1962","url":"https://mrdata.usgs.gov/usmin/show-usmin.php?type=point&id=501522"}},{"type":"Feature","geometry":{"type":"Point","coordinates":[-120.36804,37.68524]},"properties":{"src":"usmin","kind":"Prospect Pit","name":"","topo":"Merced Falls 1944","url":"https://mrdata.usgs.gov/usmin/show-usmin.php?type=point&id=501525"}},{"type":"Feature","geometry":{"type":"Point","coordinates":[-120.35209,37.84205]},"properties":{"src":"usmin","kind":"Adit","name":"","topo":"Moccasin 1948","url":"https://mrdata.usgs.gov/usmin/show-usmin.php?type=point&id=49238"}},{"type":"Feature","geometry":{"type":"Point","coordinates":[-120.25023,37.81846]},"properties":{"src":"usmin","kind":"Adit","name":"","topo":"Tuolumne 1948","url":"https://mrdata.usgs.gov/usmin/show-usmin.php?type=point&id=490331"}},{"type":"Feature","geometry":{"type":"Point","coordinates":[-120.40246,37.87151]},"properties":{"src":"usmin","kind":"Adit","name":"Tarantula Mine","topo":"Chinese Camp 1947","url":"https://mrdata.usgs.gov/usmin/show-usmin.php?type=point&id=49247"}},{"type":"Feature","geometry":{"type":"Point","coordinates":[-120.37432,37.85242]},"properties":{"src":"usmin","kind":"Adit","name":"","topo":"Moccasin 1948","url":"https://mrdata.usgs.gov/usmin/show-usmin.php?type=point&id=49259"}},{"type":"Feature","geometry":{"type":"Point","coordinates":[-120.25764,37.77241]},"properties":{"src":"usmin","kind":"Adit","name":"","topo":"Moccasin 1948","url":"https://mrdata.usgs.gov/usmin/show-usmin.php?type=point&id=49290"}},{"type":"Feature","geometry":{"type":"Point","coordinates":[-120.36745,37.84538]},"properties":{"src":"usmin","kind":"Adit","name":"","topo":"Sonora 1948","url":"https://mrdata.usgs.gov/usmin/show-usmin.php?type=point&id=490209"}},{"type":"Feature","geometry":{"type":"Point","coordinates":[-120.29383,37.82595]},"properties":{"src":"usmin","kind":"Adit","name":"","topo":"Sonora 1948","url":"https://mrdata.usgs.gov/usmin/show-usmin.php?type=point&id=490244"}},{"type":"Feature","geometry":{"type":"Point","coordinates":[-120.28182,37.82248]},"properties":{"src":"usmin","kind":"Adit","name":"","topo":"Sonora 1948","url":"https://mrdata.usgs.gov/usmin/show-usmin.php?type=point&id=490246"}},{"type":"Feature","geometry":{"type":"Point","coordinates":[-120.36665,37.8457]},"properties":{"src":"usmin","kind":"Adit","name":"","topo":"Sonora 1948","url":"https://mrdata.usgs.gov/usmin/show-usmin.php?type=point&id=490259"}},{"type":"Feature","geometry":{"type":"Point","coordinates":[-120.24782,37.81773]},"properties":{"src":"usmin","kind":"Adit","name":"","topo":"Tuolumne 1948","url":"https://mrdata.usgs.gov/usmin/show-usmin.php?type=point&id=490306"}},{"type":"Feature","geometry":{"type":"Point","coordinates":[-120.3369,37.84528]},"properties":{"src":"usmin","kind":"Adit","name":"","topo":"Moccasin 1948","url":"https://mrdata.usgs.gov/usmin/show-usmin.php?type=point&id=49114"}},{"type":"Feature","geometry":{"type":"Point","coordinates":[-120.36952,37.84601]},"properties":{"src":"usmin","kind":"Adit","name":"","topo":"Sonora 1948","url":"https://mrdata.usgs.gov/usmin/show-usmin.php?type=point&id=490194"}},{"type":"Feature","geometry":{"type":"Point","coordinates":[-120.27814,37.82128]},"properties":{"src":"usmin","kind":"Adit","name":"","topo":"Moccasin 1948","url":"https://mrdata.usgs.gov/usmin/show-usmin.php?type=point&id=49102"}},{"type":"Feature","geometry":{"type":"Point","coordinates":[-120.2564,37.82084]},"properties":{"src":"usmin","kind":"Adit","name":"","topo":"Moccasin 1948","url":"https://mrdata.usgs.gov/usmin/show-usmin.php?type=point&id=49175"}},{"type":"Feature","geometry":{"type":"Point","coordinates":[-120.27527,37.83352]},"properties":{"src":"usmin","kind":"Adit","name":"","topo":"Moccasin 1948","url":"https://mrdata.usgs.gov/usmin/show-usmin.php?type=point&id=49186"}},{"type":"Feature","geometry":{"type":"Point","coordinates":[-120.23759,37.83016]},"properties":{"src":"usmin","kind":"Adit","name":"","topo":"Groveland 1947","url":"https://mrdata.usgs.gov/usmin/show-usmin.php?type=point&id=49233"}},{"type":"Feature","geometry":{"type":"Point","coordinates":[-120.24983,37.81732]},"properties":{"src":"usmin","kind":"Adit","name":"Red Jacket Mine","topo":"Groveland 1947","url":"https://mrdata.usgs.gov/usmin/show-usmin.php?type=point&id=49267"}},{"type":"Feature","geometry":{"type":"Point","coordinates":[-120.24314,37.75279]},"properties":{"src":"usmin","kind":"Adit","name":"","topo":"Groveland 1947","url":"https://mrdata.usgs.gov/usmin/show-usmin.php?type=point&id=49276"}},{"type":"Feature","geometry":{"type":"Point","coordinates":[-120.24394,37.82175]},"properties":{"src":"usmin","kind":"Adit","name":"","topo":"Tuolumne 1948","url":"https://mrdata.usgs.gov/usmin/show-usmin.php?type=point&id=490202"}},{"type":"Feature","geometry":{"type":"Point","coordinates":[-120.25611,37.82062]},"properties":{"src":"usmin","kind":"Adit","name":"","topo":"Sonora 1948","url":"https://mrdata.usgs.gov/usmin/show-usmin.php?type=point&id=490226"}},{"type":"Feature","geometry":{"type":"Point","coordinates":[-120.25684,37.76965]},"properties":{"src":"usmin","kind":"Adit","name":"","topo":"Sonora 1948","url":"https://mrdata.usgs.gov/usmin/show-usmin.php?type=point&id=490252"}},{"type":"Feature","geometry":{"type":"Point","coordinates":[-120.2784,37.82067]},"properties":{"src":"usmin","kind":"Adit","name":"","topo":"Sonora 1948","url":"https://mrdata.usgs.gov/usmin/show-usmin.php?type=point&id=490271"}},{"type":"Feature","geometry":{"type":"Point","coordinates":[-120.26847,37.8297]},"properties":{"src":"usmin","kind":"Adit","name":"","topo":"Sonora 1948","url":"https://mrdata.usgs.gov/usmin/show-usmin.php?type=point&id=490283"}},{"type":"Feature","geometry":{"type":"Point","coordinates":[-120.37641,37.8497]},"properties":{"src":"usmin","kind":"Adit","name":"Republican Mine","topo":"Sonora 1948","url":"https://mrdata.usgs.gov/usmin/show-usmin.php?type=point&id=490300"}},{"type":"Feature","geometry":{"type":"Point","coordinates":[-120.26377,37.82978]},"properties":{"src":"usmin","kind":"Adit","name":"","topo":"Sonora 1948","url":"https://mrdata.usgs.gov/usmin/show-usmin.php?type=point&id=490359"}},{"type":"Feature","geometry":{"type":"Point","coordinates":[-120.26139,37.77978]},"properties":{"src":"usmin","kind":"Adit","name":"","topo":"Moccasin 1948","url":"https://mrdata.usgs.gov/usmin/show-usmin.php?type=point&id=49182"}},{"type":"Feature","geometry":{"type":"Point","coordinates":[-120.37645,37.85004]},"properties":{"src":"usmin","kind":"Adit","name":"","topo":"Chinese Camp 1947","url":"https://mrdata.usgs.gov/usmin/show-usmin.php?type=point&id=49245"}},{"type":"Feature","geometry":{"type":"Point","coordinates":[-120.23751,37.82952]},"properties":{"src":"usmin","kind":"Adit","name":"","topo":"Groveland 1947","url":"https://mrdata.usgs.gov/usmin/show-usmin.php?type=point&id=49159"}},{"type":"Feature","geometry":{"type":"Point","coordinates":[-120.2545,37.7683]},"properties":{"src":"usmin","kind":"Adit","name":"","topo":"Moccasin 1948","url":"https://mrdata.usgs.gov/usmin/show-usmin.php?type=point&id=49207"}},{"type":"Feature","geometry":{"type":"Point","coordinates":[-120.25292,37.76645]},"properties":{"src":"usmin","kind":"Adit","name":"","topo":"Moccasin 1948","url":"https://mrdata.usgs.gov/usmin/show-usmin.php?type=point&id=49209"}},{"type":"Feature","geometry":{"type":"Point","coordinates":[-120.25386,37.7674]},"properties":{"src":"usmin","kind":"Adit","name":"","topo":"Moccasin 1948","url":"https://mrdata.usgs.gov/usmin/show-usmin.php?type=point&id=49298"}},{"type":"Feature","geometry":{"type":"Point","coordinates":[-120.33509,37.8571]},"properties":{"src":"usmin","kind":"Adit","name":"","topo":"Moccasin 1948","url":"https://mrdata.usgs.gov/usmin/show-usmin.php?type=point&id=49272"}},{"type":"Feature","geometry":{"type":"Point","coordinates":[-120.33989,37.84391]},"properties":{"src":"usmin","kind":"Adit","name":"","topo":"Sonora 1948","url":"https://mrdata.usgs.gov/usmin/show-usmin.php?type=point&id=490229"}},{"type":"Feature","geometry":{"type":"Point","coordinates":[-120.33911,37.84569]},"properties":{"src":"usmin","kind":"Adit","name":"","topo":"Sonora 1948","url":"https://mrdata.usgs.gov/usmin/show-usmin.php?type=point&id=490354"}},{"type":"Feature","geometry":{"type":"Point","coordinates":[-120.27925,37.82198]},"properties":{"src":"usmin","kind":"Adit","name":"","topo":"Moccasin 1948","url":"https://mrdata.usgs.gov/usmin/show-usmin.php?type=point&id=49112"}},{"type":"Feature","geometry":{"type":"Point","coordinates":[-120.27738,37.83504]},"properties":{"src":"usmin","kind":"Adit","name":"","topo":"Moccasin 1948","url":"https://mrdata.usgs.gov/usmin/show-usmin.php?type=point&id=49171"}},{"type":"Feature","geometry":{"type":"Point","coordinates":[-120.50963,37.8799]},"properties":{"src":"usmin","kind":"Adit","name":"","topo":"New Melones Dam 1962","url":"https://mrdata.usgs.gov/usmin/show-usmin.php?type=point&id=49300"}},{"type":"Feature","geometry":{"type":"Point","coordinates":[-120.28113,37.82213]},"properties":{"src":"usmin","kind":"Adit","name":"","topo":"Sonora 1948","url":"https://mrdata.usgs.gov/usmin/show-usmin.php?type=point&id=490174"}},{"type":"Feature","geometry":{"type":"Point","coordinates":[-120.03679,37.82412]},"properties":{"src":"mrds","name":"Gravel Range","status":"Prospect","commodities":"gold","gold":true,"url":"https://mrdata.usgs.gov/mrds/show-mrds.php?dep_id=10141759"}},{"type":"Feature","geometry":{"type":"Point","coordinates":[-120.05429,38.00272]},"properties":{"src":"mrds","name":"North Fork No. 1","status":"Unknown","commodities":"gold","gold":true,"url":"https://mrdata.usgs.gov/mrds/show-mrds.php?dep_id=10165596"}},{"type":"Feature","geometry":{"type":"Point","coordinates":[-119.99179,37.86462]},"properties":{"src":"mrds","name":"Quarry","status":"Unknown","commodities":"STN","gold":false,"url":"https://mrdata.usgs.gov/mrds/show-mrds.php?dep_id=10214645"}},{"type":"Feature","geometry":{"type":"Point","coordinates":[-120.09789,38.05072]},"properties":{"src":"mrds","name":"Unidentified","status":"Occurrence","commodities":"sand and gravel","gold":false,"url":"https://mrdata.usgs.gov/mrds/show-mrds.php?dep_id=10238395"}},{"type":"Feature","geometry":{"type":"Point","coordinates":[-120.03429,37.82822]},"properties":{"src":"mrds","name":"Ora S. Causby","status":"Past Producer","commodities":"gold","gold":true,"url":"https://mrdata.usgs.gov/mrds/show-mrds.php?dep_id=10262967"}},{"type":"Feature","geometry":{"type":"Point","coordinates":[-120.53387,37.92433]},"properties":{"src":"mrds","name":"Central & Alpha Stanislaus River Properties","status":"Occurrence","commodities":"gold","gold":true,"url":"https://mrdata.usgs.gov/mrds/show-mrds.php?dep_id=10028950"}},{"type":"Feature","geometry":{"type":"Point","coordinates":[-120.57005,37.89516]},"properties":{"src":"mrds","name":"Calief & Camou George and Frank Gorham","status":"Occurrence","commodities":"gold","gold":true,"url":"https://mrdata.usgs.gov/mrds/show-mrds.php?dep_id=10028954"}},{"type":"Feature","geometry":{"type":"Point","coordinates":[-120.53387,37.92433]},"properties":{"src":"mrds","name":"Jefferson Lake Vorhees","status":"Producer","commodities":"asbestos","gold":false,"url":"https://mrdata.usgs.gov/mrds/show-mrds.php?dep_id=10029293"}},{"type":"Feature","geometry":{"type":"Point","coordinates":[-120.34683,37.87686]},"properties":{"src":"mrds","name":"Hog Mountain Prospect","status":"Occurrence","commodities":"manganese","gold":false,"url":"https://mrdata.usgs.gov/mrds/show-mrds.php?dep_id=10033740"}},{"type":"Feature","geometry":{"type":"Point","coordinates":[-120.441,37.86742]},"properties":{"src":"mrds","name":"Chinese Camp","status":"Past Producer","commodities":"copper","gold":false,"url":"https://mrdata.usgs.gov/mrds/show-mrds.php?dep_id=10033952"}},{"type":"Feature","geometry":{"type":"Point","coordinates":[-120.44933,37.86936]},"properties":{"src":"mrds","name":"Mariano Ranch","status":"Occurrence","commodities":"copper","gold":false,"url":"https://mrdata.usgs.gov/mrds/show-mrds.php?dep_id=10033954"}},{"type":"Feature","geometry":{"type":"Point","coordinates":[-120.32767,37.82714]},"properties":{"src":"mrds","name":"Moccasin Creek","status":"Occurrence","commodities":"copper","gold":false,"url":"https://mrdata.usgs.gov/mrds/show-mrds.php?dep_id=10033956"}},{"type":"Feature","geometry":{"type":"Point","coordinates":[-120.40517,37.88298]},"properties":{"src":"mrds","name":"Albion Consolidated","status":"Past Producer","commodities":"gold","gold":true,"url":"https://mrdata.usgs.gov/mrds/show-mrds.php?dep_id=10034505"}},{"type":"Feature","geometry":{"type":"Point","coordinates":[-120.38294,37.9888]},"properties":{"src":"mrds","name":"Bald Mountain","status":"Producer","commodities":"gold","gold":true,"url":"https://mrdata.usgs.gov/mrds/show-mrds.php?dep_id=10034510"}},{"type":"Feature","geometry":{"type":"Point","coordinates":[-120.49017,37.98963]},"properties":{"src":"mrds","name":"Beckwith & Saunders","status":"Past Producer","commodities":"gold","gold":true,"url":"https://mrdata.usgs.gov/mrds/show-mrds.php?dep_id=10034511"}},{"type":"Feature","geometry":{"type":"Point","coordinates":[-120.36044,37.85659]},"properties":{"src":"mrds","name":"Big Chunk","status":"Producer","commodities":"gold","gold":true,"url":"https://mrdata.usgs.gov/mrds/show-mrds.php?dep_id=10034512"}},{"type":"Feature","geometry":{"type":"Point","coordinates":[-120.37544,37.85381]},"properties":{"src":"mrds","name":"Blackfoot & Slide Hill","status":"Past Producer","commodities":"gold","gold":true,"url":"https://mrdata.usgs.gov/mrds/show-mrds.php?dep_id=10034514"}},{"type":"Feature","geometry":{"type":"Point","coordinates":[-120.34128,37.85464]},"properties":{"src":"mrds","name":"Buck Horn & Back Bone","status":"Producer","commodities":"gold","gold":true,"url":"https://mrdata.usgs.gov/mrds/show-mrds.php?dep_id=10034518"}},{"type":"Feature","geometry":{"type":"Point","coordinates":[-120.32627,37.73242]},"properties":{"src":"mrds","name":"Buzzard Roost","status":"Past Producer","commodities":"gold","gold":true,"url":"https://mrdata.usgs.gov/mrds/show-mrds.php?dep_id=10034519"}},{"type":"Feature","geometry":{"type":"Point","coordinates":[-120.32544,37.88298]},"properties":{"src":"mrds","name":"Chance","status":"Producer","commodities":"gold","gold":true,"url":"https://mrdata.usgs.gov/mrds/show-mrds.php?dep_id=10034523"}},{"type":"Feature","geometry":{"type":"Point","coordinates":[-120.45989,37.97241]},"properties":{"src":"mrds","name":"Darrow","status":"Past Producer","commodities":"gold","gold":true,"url":"https://mrdata.usgs.gov/mrds/show-mrds.php?dep_id=10034530"}},{"type":"Feature","geometry":{"type":"Point","coordinates":[-120.38072,37.99213]},"properties":{"src":"mrds","name":"Fairview","status":"Past Producer","commodities":"gold","gold":true,"url":"https://mrdata.usgs.gov/mrds/show-mrds.php?dep_id=10034541"}},{"type":"Feature","geometry":{"type":"Point","coordinates":[-120.34433,37.86353]},"properties":{"src":"mrds","name":"Fraction","status":"Producer","commodities":"gold","gold":true,"url":"https://mrdata.usgs.gov/mrds/show-mrds.php?dep_id=10034543"}},{"type":"Feature","geometry":{"type":"Point","coordinates":[-120.36656,37.84742]},"properties":{"src":"mrds","name":"Gladstone","status":"Past Producer","commodities":"gold","gold":true,"url":"https://mrdata.usgs.gov/mrds/show-mrds.php?dep_id=10034548"}},{"type":"Feature","geometry":{"type":"Point","coordinates":[-120.39072,37.97131]},"properties":{"src":"mrds","name":"Golden Gate","status":"Past Producer","commodities":"gold","gold":true,"url":"https://mrdata.usgs.gov/mrds/show-mrds.php?dep_id=10034550"}},{"type":"Feature","geometry":{"type":"Point","coordinates":[-120.40517,37.88298]},"properties":{"src":"mrds","name":"Golden Nugget","status":"Producer","commodities":"gold","gold":true,"url":"https://mrdata.usgs.gov/mrds/show-mrds.php?dep_id=10034551"}},{"type":"Feature","geometry":{"type":"Point","coordinates":[-120.38906,37.85798]},"properties":{"src":"mrds","name":"Hector","status":"Producer","commodities":"gold","gold":true,"url":"https://mrdata.usgs.gov/mrds/show-mrds.php?dep_id=10034559"}},{"type":"Feature","geometry":{"type":"Point","coordinates":[-120.4085,37.8802]},"properties":{"src":"mrds","name":"Homestake","status":"Past Producer","commodities":"gold","gold":true,"url":"https://mrdata.usgs.gov/mrds/show-mrds.php?dep_id=10034560"}},{"type":"Feature","geometry":{"type":"Point","coordinates":[-120.37322,37.98519]},"properties":{"src":"mrds","name":"Hope","status":"Past Producer","commodities":"gold","gold":true,"url":"https://mrdata.usgs.gov/mrds/show-mrds.php?dep_id=10034561"}},{"type":"Feature","geometry":{"type":"Point","coordinates":[-120.32211,37.91075]},"properties":{"src":"mrds","name":"Hughes Cons. & Dyneta","status":"Producer","commodities":"gold","gold":true,"url":"https://mrdata.usgs.gov/mrds/show-mrds.php?dep_id=10034562"}},{"type":"Feature","geometry":{"type":"Point","coordinates":[-120.36656,37.84964]},"properties":{"src":"mrds","name":"Imperial Group","status":"Past Producer","commodities":"gold","gold":true,"url":"https://mrdata.usgs.gov/mrds/show-mrds.php?dep_id=10034564"}},{"type":"Feature","geometry":{"type":"Point","coordinates":[-120.35017,37.96909]},"properties":{"src":"mrds","name":"Julia","status":"Producer","commodities":"gold","gold":true,"url":"https://mrdata.usgs.gov/mrds/show-mrds.php?dep_id=10034568"}},{"type":"Feature","geometry":{"type":"Point","coordinates":[-120.33767,37.86325]},"properties":{"src":"mrds","name":"Last Chance","status":"Past Producer","commodities":"gold, copper","gold":true,"url":"https://mrdata.usgs.gov/mrds/show-mrds.php?dep_id=10034571"}},{"type":"Feature","geometry":{"type":"Point","coordinates":[-120.40517,37.88298]},"properties":{"src":"mrds","name":"Lone Star","status":"Producer","commodities":"gold","gold":true,"url":"https://mrdata.usgs.gov/mrds/show-mrds.php?dep_id=10034575"}},{"type":"Feature","geometry":{"type":"Point","coordinates":[-120.28767,37.82714]},"properties":{"src":"mrds","name":"National Group","status":"Past Producer","commodities":"gold","gold":true,"url":"https://mrdata.usgs.gov/mrds/show-mrds.php?dep_id=10034593"}},{"type":"Feature","geometry":{"type":"Point","coordinates":[-120.46294,37.98935]},"properties":{"src":"mrds","name":"North Ext. Maryatt","status":"Producer","commodities":"gold","gold":true,"url":"https://mrdata.usgs.gov/mrds/show-mrds.php?dep_id=10034596"}},{"type":"Feature","geometry":{"type":"Point","coordinates":[-120.32517,37.83325]},"properties":{"src":"mrds","name":"North Star","status":"Past Producer","commodities":"gold","gold":true,"url":"https://mrdata.usgs.gov/mrds/show-mrds.php?dep_id=10034597"}},{"type":"Feature","geometry":{"type":"Point","coordinates":[-120.45989,37.97241]},"properties":{"src":"mrds","name":"Rappahannock","status":"Past Producer","commodities":"gold","gold":true,"url":"https://mrdata.usgs.gov/mrds/show-mrds.php?dep_id=10034612"}},{"type":"Feature","geometry":{"type":"Point","coordinates":[-120.44572,37.9613]},"properties":{"src":"mrds","name":"Rawhide","status":"Past Producer","commodities":"gold","gold":true,"url":"https://mrdata.usgs.gov/mrds/show-mrds.php?dep_id=10034614"}},{"type":"Feature","geometry":{"type":"Point","coordinates":[-120.38683,37.85548]},"properties":{"src":"mrds","name":"Republican Group","status":"Past Producer","commodities":"gold","gold":true,"url":"https://mrdata.usgs.gov/mrds/show-mrds.php?dep_id=10034617"}},{"type":"Feature","geometry":{"type":"Point","coordinates":[-120.47517,37.99519]},"properties":{"src":"mrds","name":"Ritchie","status":"Past Producer","commodities":"gold","gold":true,"url":"https://mrdata.usgs.gov/mrds/show-mrds.php?dep_id=10034621"}},{"type":"Feature","geometry":{"type":"Point","coordinates":[-120.36878,37.99658]},"properties":{"src":"mrds","name":"Sell","status":"Past Producer","commodities":"gold","gold":true,"url":"https://mrdata.usgs.gov/mrds/show-mrds.php?dep_id=10034625"}},{"type":"Feature","geometry":{"type":"Point","coordinates":[-120.33822,37.84714]},"properties":{"src":"mrds","name":"Stanley","status":"Past Producer","commodities":"gold","gold":true,"url":"https://mrdata.usgs.gov/mrds/show-mrds.php?dep_id=10034632"}},{"type":"Feature","geometry":{"type":"Point","coordinates":[-120.41433,37.94075]},"properties":{"src":"mrds","name":"Sweeney","status":"Past Producer","commodities":"gold","gold":true,"url":"https://mrdata.usgs.gov/mrds/show-mrds.php?dep_id=10034634"}},{"type":"Feature","geometry":{"type":"Point","coordinates":[-120.33794,37.85159]},"properties":{"src":"mrds","name":"Victoria","status":"Producer","commodities":"gold","gold":true,"url":"https://mrdata.usgs.gov/mrds/show-mrds.php?dep_id=10034642"}},{"type":"Feature","geometry":{"type":"Point","coordinates":[-120.36433,37.84464]},"properties":{"src":"mrds","name":"Willieta","status":"Producer","commodities":"gold","gold":true,"url":"https://mrdata.usgs.gov/mrds/show-mrds.php?dep_id=10034648"}},{"type":"Feature","geometry":{"type":"Point","coordinates":[-120.35989,37.80992]},"properties":{"src":"mrds","name":"Alice June Claim, Marsh Flats Chrome Assoc. Properties","status":"Past Producer","commodities":"chromium","gold":false,"url":"https://mrdata.usgs.gov/mrds/show-mrds.php?dep_id=10043436"}},{"type":"Feature","geometry":{"type":"Point","coordinates":[-120.36433,37.80603]},"properties":{"src":"mrds","name":"Bluepoint Claim, Marsh Flats Chrome Assoc. Properties","status":"Occurrence","commodities":"chromium","gold":false,"url":"https://mrdata.usgs.gov/mrds/show-mrds.php?dep_id=10043696"}},{"type":"Feature","geometry":{"type":"Point","coordinates":[-120.50322,37.8727]},"properties":{"src":"mrds","name":"Booker Lease Occurrence","status":"Past Producer","commodities":"chromium","gold":false,"url":"https://mrdata.usgs.gov/mrds/show-mrds.php?dep_id=10043697"}},{"type":"Feature","geometry":{"type":"Point","coordinates":[-120.45517,37.8677]},"properties":{"src":"mrds","name":"Burns and Turzich Mine","status":"Past Producer","commodities":"chromium","gold":false,"url":"https://mrdata.usgs.gov/mrds/show-mrds.php?dep_id=10043698"}},{"type":"Feature","geometry":{"type":"Point","coordinates":[-120.42072,37.77909]},"properties":{"src":"mrds","name":"Don Pedro Mine","status":"Past Producer","commodities":"chromium","gold":false,"url":"https://mrdata.usgs.gov/mrds/show-mrds.php?dep_id=10043699"}},{"type":"Feature","geometry":{"type":"Point","coordinates":[-120.45017,37.87492]},"properties":{"src":"mrds","name":"Eggling and Williams Mines","status":"Past Producer","commodities":"chromium","gold":false,"url":"https://mrdata.usgs.gov/mrds/show-mrds.php?dep_id=10043700"}},{"type":"Feature","geometry":{"type":"Point","coordinates":[-120.35683,37.80242]},"properties":{"src":"mrds","name":"Forked Pine Claim, Marsh Flats Chrome Assoc. Properties","status":"Occurrence","commodities":"chromium","gold":false,"url":"https://mrdata.usgs.gov/mrds/show-mrds.php?dep_id=10043701"}},{"type":"Feature","geometry":{"type":"Point","coordinates":[-120.49544,37.90186]},"properties":{"src":"mrds","name":"Shafer Lease Occurrence","status":"Past Producer","commodities":"chromium","gold":false,"url":"https://mrdata.usgs.gov/mrds/show-mrds.php?dep_id=10043708"}},{"type":"Feature","geometry":{"type":"Point","coordinates":[-120.49544,37.90186]},"properties":{"src":"mrds","name":"Shafer Lease Occurrence","status":"Past Producer","commodities":"chromium","gold":false,"url":"https://mrdata.usgs.gov/mrds/show-mrds.php?dep_id=10048023"}},{"type":"Feature","geometry":{"type":"Point","coordinates":[-120.48322,37.8752]},"properties":{"src":"mrds","name":"Rose A Occurrence, Beckwith Ranch Mines","status":"Producer","commodities":"chromium","gold":false,"url":"https://mrdata.usgs.gov/mrds/show-mrds.php?dep_id=10077863"}},{"type":"Feature","geometry":{"type":"Point","coordinates":[-120.48822,37.90825]},"properties":{"src":"mrds","name":"Blackbird No 1 & No 2  Claims","status":"Occurrence","commodities":"chromium","gold":false,"url":"https://mrdata.usgs.gov/mrds/show-mrds.php?dep_id=10077866"}},{"type":"Feature","geometry":{"type":"Point","coordinates":[-120.49433,37.91381]},"properties":{"src":"mrds","name":"May Faction Claim of Grassely Group","status":"Producer","commodities":"chromium","gold":false,"url":"https://mrdata.usgs.gov/mrds/show-mrds.php?dep_id=10077868"}},{"type":"Feature","geometry":{"type":"Point","coordinates":[-120.50294,37.90853]},"properties":{"src":"mrds","name":"North End","status":"Producer","commodities":"chromium","gold":false,"url":"https://mrdata.usgs.gov/mrds/show-mrds.php?dep_id=10077869"}},{"type":"Feature","geometry":{"type":"Point","coordinates":[-120.45628,37.88659]},"properties":{"src":"mrds","name":"Sims Property","status":"Past Producer","commodities":"chromium","gold":false,"url":"https://mrdata.usgs.gov/mrds/show-mrds.php?dep_id=10077879"}},{"type":"Feature","geometry":{"type":"Point","coordinates":[-120.45517,37.86798]},"properties":{"src":"mrds","name":"Leonard Lapappe  Prospect","status":"Producer","commodities":"chromium","gold":false,"url":"https://mrdata.usgs.gov/mrds/show-mrds.php?dep_id=10077881"}},{"type":"Feature","geometry":{"type":"Point","coordinates":[-120.43294,37.84659]},"properties":{"src":"mrds","name":"Gray Eagle","status":"Producer","commodities":"magnesium","gold":false,"url":"https://mrdata.usgs.gov/mrds/show-mrds.php?dep_id=10077883"}},{"type":"Feature","geometry":{"type":"Point","coordinates":[-120.40183,37.74936]},"properties":{"src":"mrds","name":"Donahue Ranch","status":"Past Producer","commodities":"copper","gold":false,"url":"https://mrdata.usgs.gov/mrds/show-mrds.php?dep_id=10077886"}},{"type":"Feature","geometry":{"type":"Point","coordinates":[-120.46683,37.96491]},"properties":{"src":"mrds","name":"Rowe and Swerer  Occurrence","status":"Producer","commodities":"chromium","gold":false,"url":"https://mrdata.usgs.gov/mrds/show-mrds.php?dep_id=10077890"}},{"type":"Feature","geometry":{"type":"Point","coordinates":[-120.44294,37.95297]},"properties":{"src":"mrds","name":"Crystalline","status":"Past Producer","commodities":"gold","gold":true,"url":"https://mrdata.usgs.gov/mrds/show-mrds.php?dep_id=10077894"}},{"type":"Feature","geometry":{"type":"Point","coordinates":[-120.41433,37.90992]},"properties":{"src":"mrds","name":"Jumper & Golden Rule Group","status":"Past Producer","commodities":"gold, silver","gold":true,"url":"https://mrdata.usgs.gov/mrds/show-mrds.php?dep_id=10077901"}},{"type":"Feature","geometry":{"type":"Point","coordinates":[-120.411,37.89881]},"properties":{"src":"mrds","name":"Mazeppa","status":"Past Producer","commodities":"gold","gold":true,"url":"https://mrdata.usgs.gov/mrds/show-mrds.php?dep_id=10077904"}},{"type":"Feature","geometry":{"type":"Point","coordinates":[-120.38489,37.98547]},"properties":{"src":"mrds","name":"Bonanza","status":"Past Producer","commodities":"gold","gold":true,"url":"https://mrdata.usgs.gov/mrds/show-mrds.php?dep_id=10077925"}},{"type":"Feature","geometry":{"type":"Point","coordinates":[-120.36739,37.84659]},"properties":{"src":"mrds","name":"Clio","status":"Past Producer","commodities":"gold","gold":true,"url":"https://mrdata.usgs.gov/mrds/show-mrds.php?dep_id=10077928"}},{"type":"Feature","geometry":{"type":"Point","coordinates":[-120.35933,37.82964]},"properties":{"src":"mrds","name":"Harriman","status":"Past Producer","commodities":"gold","gold":true,"url":"https://mrdata.usgs.gov/mrds/show-mrds.php?dep_id=10077930"}},{"type":"Feature","geometry":{"type":"Point","coordinates":[-120.36461,37.80214]},"properties":{"src":"mrds","name":"Forked Pine Claim","status":"Producer","commodities":"chromium","gold":false,"url":"https://mrdata.usgs.gov/mrds/show-mrds.php?dep_id=10077934"}},{"type":"Feature","geometry":{"type":"Point","coordinates":[-120.46767,37.89992]},"properties":{"src":"mrds","name":"Golden Rule & Jumper","status":"Occurrence","commodities":"gold, bismuth","gold":true,"url":"https://mrdata.usgs.gov/mrds/show-mrds.php?dep_id=10090636"}},{"type":"Feature","geometry":{"type":"Point","coordinates":[-120.3785,37.8152]},"properties":{"src":"mrds","name":"Buckhorn Claim, Marsh Flats Chrome Assoc. Proporties","status":"Occurrence","commodities":"chromium","gold":false,"url":"https://mrdata.usgs.gov/mrds/show-mrds.php?dep_id=10095694"}},{"type":"Feature","geometry":{"type":"Point","coordinates":[-120.46156,37.98963]},"properties":{"src":"mrds","name":"Swerer","status":"Past Producer","commodities":"gold","gold":true,"url":"https://mrdata.usgs.gov/mrds/show-mrds.php?dep_id=10103056"}},{"type":"Feature","geometry":{"type":"Point","coordinates":[-120.47878,37.9538]},"properties":{"src":"mrds","name":"Chantreau","status":"Producer","commodities":"gold","gold":true,"url":"https://mrdata.usgs.gov/mrds/show-mrds.php?dep_id=10109430"}},{"type":"Feature","geometry":{"type":"Point","coordinates":[-120.386,37.96992]},"properties":{"src":"mrds","name":"Gerrymander Consolidated","status":"Producer","commodities":"gold","gold":true,"url":"https://mrdata.usgs.gov/mrds/show-mrds.php?dep_id=10109436"}},{"type":"Feature","geometry":{"type":"Point","coordinates":[-120.33933,37.84714]},"properties":{"src":"mrds","name":"Golden Poppy Mining Company","status":"Producer","commodities":"gold","gold":true,"url":"https://mrdata.usgs.gov/mrds/show-mrds.php?dep_id=10109437"}},{"type":"Feature","geometry":{"type":"Point","coordinates":[-120.39406,37.8827]},"properties":{"src":"mrds","name":"Gold Ridge Mining Company","status":"Producer","commodities":"gold","gold":true,"url":"https://mrdata.usgs.gov/mrds/show-mrds.php?dep_id=10109438"}},{"type":"Feature","geometry":{"type":"Point","coordinates":[-120.46128,37.97824]},"properties":{"src":"mrds","name":"Olsen","status":"Producer","commodities":"gold","gold":true,"url":"https://mrdata.usgs.gov/mrds/show-mrds.php?dep_id=10109459"}},{"type":"Feature","geometry":{"type":"Point","coordinates":[-120.45517,37.8677]},"properties":{"src":"mrds","name":"Burns and Tursich","status":"Producer","commodities":"chromium","gold":false,"url":"https://mrdata.usgs.gov/mrds/show-mrds.php?dep_id=10111225"}},{"type":"Feature","geometry":{"type":"Point","coordinates":[-120.44822,37.83964]},"properties":{"src":"mrds","name":"Unidentified Placer Area","status":"Producer","commodities":"gold","gold":true,"url":"https://mrdata.usgs.gov/mrds/show-mrds.php?dep_id=10111226"}},{"type":"Feature","geometry":{"type":"Point","coordinates":[-120.3785,37.8152]},"properties":{"src":"mrds","name":"Buckhorn","status":"Producer","commodities":"chromium","gold":false,"url":"https://mrdata.usgs.gov/mrds/show-mrds.php?dep_id=10111227"}},{"type":"Feature","geometry":{"type":"Point","coordinates":[-120.41822,37.77881]},"properties":{"src":"mrds","name":"Don Pedro","status":"Producer","commodities":"chromium","gold":false,"url":"https://mrdata.usgs.gov/mrds/show-mrds.php?dep_id=10111228"}},{"type":"Feature","geometry":{"type":"Point","coordinates":[-120.46378,37.9663]},"properties":{"src":"mrds","name":"Sunday Claim","status":"Producer","commodities":"chromium","gold":false,"url":"https://mrdata.usgs.gov/mrds/show-mrds.php?dep_id=10111229"}},{"type":"Feature","geometry":{"type":"Point","coordinates":[-120.3913,37.86322]},"properties":{"src":"mrds","name":"Homestake","status":"Unknown","commodities":"gold","gold":true,"url":"https://mrdata.usgs.gov/mrds/show-mrds.php?dep_id=10117363"}},{"type":"Feature","geometry":{"type":"Point","coordinates":[-120.4641,37.99351]},"properties":{"src":"mrds","name":"Patterson","status":"Occurrence","commodities":"gold, copper, silver","gold":true,"url":"https://mrdata.usgs.gov/mrds/show-mrds.php?dep_id=10117486"}},{"type":"Feature","geometry":{"type":"Point","coordinates":[-120.4552,37.91302]},"properties":{"src":"mrds","name":"Red Hill","status":"Unknown","commodities":"gold","gold":true,"url":"https://mrdata.usgs.gov/mrds/show-mrds.php?dep_id=10117510"}},{"type":"Feature","geometry":{"type":"Point","coordinates":[-120.4652,37.86992]},"properties":{"src":"mrds","name":"Unknown","status":"Occurrence","commodities":"chromium","gold":false,"url":"https://mrdata.usgs.gov/mrds/show-mrds.php?dep_id=10117560"}},{"type":"Feature","geometry":{"type":"Point","coordinates":[-120.4293,37.94882]},"properties":{"src":"mrds","name":"Mascott","status":"Unknown","commodities":"gold","gold":true,"url":"https://mrdata.usgs.gov/mrds/show-mrds.php?dep_id=10117687"}},{"type":"Feature","geometry":{"type":"Point","coordinates":[-120.4257,37.86822]},"properties":{"src":"mrds","name":"Humfield and Myers","status":"Unknown","commodities":"gold","gold":true,"url":"https://mrdata.usgs.gov/mrds/show-mrds.php?dep_id=10141240"}},{"type":"Feature","geometry":{"type":"Point","coordinates":[-120.4024,37.88132]},"properties":{"src":"mrds","name":"Anderson","status":"Prospect","commodities":"gold","gold":true,"url":"https://mrdata.usgs.gov/mrds/show-mrds.php?dep_id=10141364"}},{"type":"Feature","geometry":{"type":"Point","coordinates":[-120.4379,37.95242]},"properties":{"src":"mrds","name":"Mexican Flat","status":"Unknown","commodities":"gold","gold":true,"url":"https://mrdata.usgs.gov/mrds/show-mrds.php?dep_id=10141412"}},{"type":"Feature","geometry":{"type":"Point","coordinates":[-120.3977,37.97022]},"properties":{"src":"mrds","name":"Manzanita","status":"Unknown","commodities":"gold","gold":true,"url":"https://mrdata.usgs.gov/mrds/show-mrds.php?dep_id=10141417"}},{"type":"Feature","geometry":{"type":"Point","coordinates":[-120.4793,37.87162]},"properties":{"src":"mrds","name":"White Rock","status":"Past Producer","commodities":"magnesium","gold":false,"url":"https://mrdata.usgs.gov/mrds/show-mrds.php?dep_id=10141488"}},{"type":"Feature","geometry":{"type":"Point","coordinates":[-120.5052,37.90432]},"properties":{"src":"mrds","name":"Horseshoe Claim","status":"Past Producer","commodities":"chromium, iron","gold":false,"url":"https://mrdata.usgs.gov/mrds/show-mrds.php?dep_id=10141637"}},{"type":"Feature","geometry":{"type":"Point","coordinates":[-120.3443,37.87882]},"properties":{"src":"mrds","name":"Hog Mountain Prospect","status":"Occurrence","commodities":"manganese","gold":false,"url":"https://mrdata.usgs.gov/mrds/show-mrds.php?dep_id=10141708"}},{"type":"Feature","geometry":{"type":"Point","coordinates":[-120.5207,37.89572]},"properties":{"src":"mrds","name":"Table Mountain Quarry","status":"Producer","commodities":"STN","gold":false,"url":"https://mrdata.usgs.gov/mrds/show-mrds.php?dep_id=10141778"}},{"type":"Feature","geometry":{"type":"Point","coordinates":[-120.3863,37.86522]},"properties":{"src":"mrds","name":"Good Luck Mining&Milling Co","status":"Unknown","commodities":"gold","gold":true,"url":"https://mrdata.usgs.gov/mrds/show-mrds.php?dep_id=10141846"}},{"type":"Feature","geometry":{"type":"Point","coordinates":[-120.4293,37.98961]},"properties":{"src":"mrds","name":"Unnamed Mines","status":"Occurrence","commodities":"gold","gold":true,"url":"https://mrdata.usgs.gov/mrds/show-mrds.php?dep_id=10141883"}},{"type":"Feature","geometry":{"type":"Point","coordinates":[-120.3377,37.85882]},"properties":{"src":"mrds","name":"Fraction","status":"Unknown","commodities":"gold","gold":true,"url":"https://mrdata.usgs.gov/mrds/show-mrds.php?dep_id=10141894"}},{"type":"Feature","geometry":{"type":"Point","coordinates":[-120.5032,37.87272]},"properties":{"src":"mrds","name":"Booker Lease","status":"Prospect","commodities":"chromium","gold":false,"url":"https://mrdata.usgs.gov/mrds/show-mrds.php?dep_id=10141981"}},{"type":"Feature","geometry":{"type":"Point","coordinates":[-120.356,37.80712]},"properties":{"src":"mrds","name":"Hughes Group","status":"Past Producer","commodities":"chromium","gold":false,"url":"https://mrdata.usgs.gov/mrds/show-mrds.php?dep_id=10165549"}},{"type":"Feature","geometry":{"type":"Point","coordinates":[-120.3063,37.89882]},"properties":{"src":"mrds","name":"Ajax","status":"Unknown","commodities":"gold","gold":true,"url":"https://mrdata.usgs.gov/mrds/show-mrds.php?dep_id=10165560"}},{"type":"Feature","geometry":{"type":"Point","coordinates":[-120.4624,37.96491]},"properties":{"src":"mrds","name":"Darrow","status":"Unknown","commodities":"gold","gold":true,"url":"https://mrdata.usgs.gov/mrds/show-mrds.php?dep_id=10165655"}},{"type":"Feature","geometry":{"type":"Point","coordinates":[-120.4691,37.94431]},"properties":{"src":"mrds","name":"Best Twenty","status":"Unknown","commodities":"gold","gold":true,"url":"https://mrdata.usgs.gov/mrds/show-mrds.php?dep_id=10165704"}},{"type":"Feature","geometry":{"type":"Point","coordinates":[-120.4949,37.91272]},"properties":{"src":"mrds","name":"Unidentified Prospect","status":"Occurrence","commodities":"gold, chromium","gold":true,"url":"https://mrdata.usgs.gov/mrds/show-mrds.php?dep_id=10165773"}},{"type":"Feature","geometry":{"type":"Point","coordinates":[-120.4791,37.97851]},"properties":{"src":"mrds","name":"Utopia","status":"Unknown","commodities":"gold","gold":true,"url":"https://mrdata.usgs.gov/mrds/show-mrds.php?dep_id=10165785"}},{"type":"Feature","geometry":{"type":"Point","coordinates":[-120.3749,37.98431]},"properties":{"src":"mrds","name":"Etna","status":"Prospect","commodities":"gold","gold":true,"url":"https://mrdata.usgs.gov/mrds/show-mrds.php?dep_id=10165805"}},{"type":"Feature","geometry":{"type":"Point","coordinates":[-120.4021,37.87162]},"properties":{"src":"mrds","name":"Jones-Tarantula","status":"Occurrence","commodities":"gold","gold":true,"url":"https://mrdata.usgs.gov/mrds/show-mrds.php?dep_id=10165899"}},{"type":"Feature","geometry":{"type":"Point","coordinates":[-120.3927,37.98181]},"properties":{"src":"mrds","name":"Eureka","status":"Unknown","commodities":"gold","gold":true,"url":"https://mrdata.usgs.gov/mrds/show-mrds.php?dep_id=10165926"}},{"type":"Feature","geometry":{"type":"Point","coordinates":[-120.3149,37.81932]},"properties":{"src":"mrds","name":"Union and Rough and Ready","status":"Prospect","commodities":"gold","gold":true,"url":"https://mrdata.usgs.gov/mrds/show-mrds.php?dep_id=10165973"}},{"type":"Feature","geometry":{"type":"Point","coordinates":[-120.4735,37.96181]},"properties":{"src":"mrds","name":"Quigg Mine","status":"Past Producer","commodities":"chromium, iron","gold":false,"url":"https://mrdata.usgs.gov/mrds/show-mrds.php?dep_id=10166012"}},{"type":"Feature","geometry":{"type":"Point","coordinates":[-120.4796,37.97381]},"properties":{"src":"mrds","name":"Prospect","status":"Unknown","commodities":"gold","gold":true,"url":"https://mrdata.usgs.gov/mrds/show-mrds.php?dep_id=10166045"}},{"type":"Feature","geometry":{"type":"Point","coordinates":[-120.4341,37.94552]},"properties":{"src":"mrds","name":"Little Gem","status":"Occurrence","commodities":"gold","gold":true,"url":"https://mrdata.usgs.gov/mrds/show-mrds.php?dep_id=10166098"}},{"type":"Feature","geometry":{"type":"Point","coordinates":[-120.411,37.89882]},"properties":{"src":"mrds","name":"Mazeppa","status":"Past Producer","commodities":"gold","gold":true,"url":"https://mrdata.usgs.gov/mrds/show-mrds.php?dep_id=10166119"}},{"type":"Feature","geometry":{"type":"Point","coordinates":[-120.4227,37.96071]},"properties":{"src":"mrds","name":"Reported Occurence","status":"Occurrence","commodities":"SLA","gold":false,"url":"https://mrdata.usgs.gov/mrds/show-mrds.php?dep_id=10166154"}},{"type":"Feature","geometry":{"type":"Point","coordinates":[-120.4124,37.92632]},"properties":{"src":"mrds","name":"Wood Creek Rock Pit","status":"Producer","commodities":"STN, silver","gold":false,"url":"https://mrdata.usgs.gov/mrds/show-mrds.php?dep_id=10166193"}},{"type":"Feature","geometry":{"type":"Point","coordinates":[-120.451,37.91302]},"properties":{"src":"mrds","name":"Jamestown S & G Pit","status":"Producer","commodities":"sand and gravel","gold":false,"url":"https://mrdata.usgs.gov/mrds/show-mrds.php?dep_id=10166197"}},{"type":"Feature","geometry":{"type":"Point","coordinates":[-120.3004,37.98022]},"properties":{"src":"mrds","name":"Black Hawk","status":"Occurrence","commodities":"gold","gold":true,"url":"https://mrdata.usgs.gov/mrds/show-mrds.php?dep_id=10166262"}},{"type":"Feature","geometry":{"type":"Point","coordinates":[-120.4329,37.84662]},"properties":{"src":"mrds","name":"Gray Eagle","status":"Past Producer","commodities":"magnesium","gold":false,"url":"https://mrdata.usgs.gov/mrds/show-mrds.php?dep_id=10166325"}},{"type":"Feature","geometry":{"type":"Point","coordinates":[-120.4068,37.88772]},"properties":{"src":"mrds","name":"Brown Bird","status":"Unknown","commodities":"gold","gold":true,"url":"https://mrdata.usgs.gov/mrds/show-mrds.php?dep_id=10166329"}},{"type":"Feature","geometry":{"type":"Point","coordinates":[-120.3746,37.94882]},"properties":{"src":"mrds","name":"Mcpherson Ranch Property","status":"Occurrence","commodities":"limestone","gold":false,"url":"https://mrdata.usgs.gov/mrds/show-mrds.php?dep_id=10190115"}},{"type":"Feature","geometry":{"type":"Point","coordinates":[-120.4735,37.99491]},"properties":{"src":"mrds","name":"Wilson and Means","status":"Unknown","commodities":"gold","gold":true,"url":"https://mrdata.usgs.gov/mrds/show-mrds.php?dep_id=10190191"}},{"type":"Feature","geometry":{"type":"Point","coordinates":[-120.5632,37.89052]},"properties":{"src":"mrds","name":"Green Spring","status":"Occurrence","commodities":"gold","gold":true,"url":"https://mrdata.usgs.gov/mrds/show-mrds.php?dep_id=10190366"}},{"type":"Feature","geometry":{"type":"Point","coordinates":[-120.4982,37.91242]},"properties":{"src":"mrds","name":"Last Chance Claim","status":"Prospect","commodities":"chromium","gold":false,"url":"https://mrdata.usgs.gov/mrds/show-mrds.php?dep_id=10190408"}},{"type":"Feature","geometry":{"type":"Point","coordinates":[-120.3454,37.84662]},"properties":{"src":"mrds","name":"Victoria","status":"Unknown","commodities":"gold","gold":true,"url":"https://mrdata.usgs.gov/mrds/show-mrds.php?dep_id=10190443"}},{"type":"Feature","geometry":{"type":"Point","coordinates":[-120.436,37.91662]},"properties":{"src":"mrds","name":"Montzuma","status":"Unknown","commodities":"gold","gold":true,"url":"https://mrdata.usgs.gov/mrds/show-mrds.php?dep_id=10190452"}},{"type":"Feature","geometry":{"type":"Point","coordinates":[-120.4532,37.96161]},"properties":{"src":"mrds","name":"Premier Asbestos","status":"Prospect","commodities":"asbestos","gold":false,"url":"https://mrdata.usgs.gov/mrds/show-mrds.php?dep_id=10190574"}},{"type":"Feature","geometry":{"type":"Point","coordinates":[-120.4574,37.98271]},"properties":{"src":"mrds","name":"Altamont","status":"Unknown","commodities":"gold","gold":true,"url":"https://mrdata.usgs.gov/mrds/show-mrds.php?dep_id=10190749"}},{"type":"Feature","geometry":{"type":"Point","coordinates":[-120.4038,37.93382]},"properties":{"src":"mrds","name":"Smith","status":"Unknown","commodities":"gold","gold":true,"url":"https://mrdata.usgs.gov/mrds/show-mrds.php?dep_id=10190776"}},{"type":"Feature","geometry":{"type":"Point","coordinates":[-120.5271,37.91911]},"properties":{"src":"mrds","name":"Currie","status":"Unknown","commodities":"crushed stone","gold":false,"url":"https://mrdata.usgs.gov/mrds/show-mrds.php?dep_id=10190785"}},{"type":"Feature","geometry":{"type":"Point","coordinates":[-120.5341,37.93321]},"properties":{"src":"mrds","name":"Jefferson Lake","status":"Occurrence","commodities":"asbestos","gold":false,"url":"https://mrdata.usgs.gov/mrds/show-mrds.php?dep_id=10211280"}},{"type":"Feature","geometry":{"type":"Point","coordinates":[-120.531,37.93461]},"properties":{"src":"mrds","name":"Central and Alpha","status":"Occurrence","commodities":"gold","gold":true,"url":"https://mrdata.usgs.gov/mrds/show-mrds.php?dep_id=10211624"}},{"type":"Feature","geometry":{"type":"Point","coordinates":[-120.4207,37.77912]},"properties":{"src":"mrds","name":"Don Pedro Mine","status":"Past Producer","commodities":"chromium, iron","gold":false,"url":"https://mrdata.usgs.gov/mrds/show-mrds.php?dep_id=10214146"}},{"type":"Feature","geometry":{"type":"Point","coordinates":[-120.3054,37.82272]},"properties":{"src":"mrds","name":"Moccasin","status":"Past Producer","commodities":"gold, silver","gold":true,"url":"https://mrdata.usgs.gov/mrds/show-mrds.php?dep_id=10214208"}},{"type":"Feature","geometry":{"type":"Point","coordinates":[-120.3479,37.92052]},"properties":{"src":"mrds","name":"Childress Ranch Deposit","status":"Prospect","commodities":"limestone, crushed stone","gold":false,"url":"https://mrdata.usgs.gov/mrds/show-mrds.php?dep_id=10214226"}},{"type":"Feature","geometry":{"type":"Point","coordinates":[-120.3666,37.84742]},"properties":{"src":"mrds","name":"Gladstone","status":"Unknown","commodities":"gold","gold":true,"url":"https://mrdata.usgs.gov/mrds/show-mrds.php?dep_id=10214254"}},{"type":"Feature","geometry":{"type":"Point","coordinates":[-120.3813,37.95052]},"properties":{"src":"mrds","name":"Punter","status":"Unknown","commodities":"gold","gold":true,"url":"https://mrdata.usgs.gov/mrds/show-mrds.php?dep_id=10214257"}},{"type":"Feature","geometry":{"type":"Point","coordinates":[-120.3041,37.83182]},"properties":{"src":"mrds","name":"Buena Speranza and Josephine","status":"Past Producer","commodities":"gold","gold":true,"url":"https://mrdata.usgs.gov/mrds/show-mrds.php?dep_id=10214320"}},{"type":"Feature","geometry":{"type":"Point","coordinates":[-120.4943,37.91382]},"properties":{"src":"mrds","name":"May Faction Claim","status":"Prospect","commodities":"chromium","gold":false,"url":"https://mrdata.usgs.gov/mrds/show-mrds.php?dep_id=10214359"}},{"type":"Feature","geometry":{"type":"Point","coordinates":[-120.3932,37.90302]},"properties":{"src":"mrds","name":"Sonora Wonder","status":"Unknown","commodities":"gold","gold":true,"url":"https://mrdata.usgs.gov/mrds/show-mrds.php?dep_id=10214532"}},{"type":"Feature","geometry":{"type":"Point","coordinates":[-120.4502,37.87212]},"properties":{"src":"mrds","name":"Eggling and Williams Mine","status":"Past Producer","commodities":"chromium, iron","gold":false,"url":"https://mrdata.usgs.gov/mrds/show-mrds.php?dep_id=10214582"}},{"type":"Feature","geometry":{"type":"Point","coordinates":[-120.4841,37.99211]},"properties":{"src":"mrds","name":"Relief and Surplus","status":"Unknown","commodities":"gold","gold":true,"url":"https://mrdata.usgs.gov/mrds/show-mrds.php?dep_id=10214691"}},{"type":"Feature","geometry":{"type":"Point","coordinates":[-120.5285,37.91551]},"properties":{"src":"mrds","name":"Oliver","status":"Unknown","commodities":"gold","gold":true,"url":"https://mrdata.usgs.gov/mrds/show-mrds.php?dep_id=10214692"}},{"type":"Feature","geometry":{"type":"Point","coordinates":[-120.471,37.96131]},"properties":{"src":"mrds","name":"Kohl Ranch","status":"Unknown","commodities":"copper, chromium","gold":false,"url":"https://mrdata.usgs.gov/mrds/show-mrds.php?dep_id=10214708"}},{"type":"Feature","geometry":{"type":"Point","coordinates":[-120.4563,37.88662]},"properties":{"src":"mrds","name":"Sims Property","status":"Past Producer","commodities":"chromium","gold":false,"url":"https://mrdata.usgs.gov/mrds/show-mrds.php?dep_id=10214719"}},{"type":"Feature","geometry":{"type":"Point","coordinates":[-120.4524,37.97681]},"properties":{"src":"mrds","name":"Wickham","status":"Occurrence","commodities":"gold","gold":true,"url":"https://mrdata.usgs.gov/mrds/show-mrds.php?dep_id=10214722"}},{"type":"Feature","geometry":{"type":"Point","coordinates":[-120.4741,37.78352]},"properties":{"src":"mrds","name":"Reported Occurence","status":"Occurrence","commodities":"chromium","gold":false,"url":"https://mrdata.usgs.gov/mrds/show-mrds.php?dep_id=10214757"}},{"type":"Feature","geometry":{"type":"Point","coordinates":[-120.3207,37.91182]},"properties":{"src":"mrds","name":"Musante Ranch","status":"Prospect","commodities":"limestone","gold":false,"url":"https://mrdata.usgs.gov/mrds/show-mrds.php?dep_id=10214775"}},{"type":"Feature","geometry":{"type":"Point","coordinates":[-120.4218,37.87162]},"properties":{"src":"mrds","name":"Salvador","status":"Unknown","commodities":"gold","gold":true,"url":"https://mrdata.usgs.gov/mrds/show-mrds.php?dep_id=10214782"}},{"type":"Feature","geometry":{"type":"Point","coordinates":[-120.4024,37.86992]},"properties":{"src":"mrds","name":"Hector","status":"Unknown","commodities":"gold","gold":true,"url":"https://mrdata.usgs.gov/mrds/show-mrds.php?dep_id=10214818"}},{"type":"Feature","geometry":{"type":"Point","coordinates":[-120.3452,37.91912]},"properties":{"src":"mrds","name":"Murphy Bros Ranch","status":"Prospect","commodities":"limestone","gold":false,"url":"https://mrdata.usgs.gov/mrds/show-mrds.php?dep_id=10214827"}},{"type":"Feature","geometry":{"type":"Point","coordinates":[-120.4516,37.98381]},"properties":{"src":"mrds","name":"Swerer","status":"Unknown","commodities":"gold","gold":true,"url":"https://mrdata.usgs.gov/mrds/show-mrds.php?dep_id=10238294"}},{"type":"Feature","geometry":{"type":"Point","coordinates":[-120.4543,37.92822]},"properties":{"src":"mrds","name":"Montezuma Tunnel","status":"Unknown","commodities":"gold","gold":true,"url":"https://mrdata.usgs.gov/mrds/show-mrds.php?dep_id=10238411"}},{"type":"Feature","geometry":{"type":"Point","coordinates":[-120.3788,37.84212]},"properties":{"src":"mrds","name":"Jh Huston","status":"Unknown","commodities":"gold","gold":true,"url":"https://mrdata.usgs.gov/mrds/show-mrds.php?dep_id=10238537"}},{"type":"Feature","geometry":{"type":"Point","coordinates":[-120.4738,37.72882]},"properties":{"src":"mrds","name":"Mitchell","status":"Prospect","commodities":"gold, copper, silver, zinc","gold":true,"url":"https://mrdata.usgs.gov/mrds/show-mrds.php?dep_id=10238612"}},{"type":"Feature","geometry":{"type":"Point","coordinates":[-120.3974,37.73552]},"properties":{"src":"mrds","name":"Don Pedro","status":"Unknown","commodities":"gold","gold":true,"url":"https://mrdata.usgs.gov/mrds/show-mrds.php?dep_id=10238637"}},{"type":"Feature","geometry":{"type":"Point","coordinates":[-120.4124,37.91382]},"properties":{"src":"mrds","name":"No One","status":"Unknown","commodities":"gold","gold":true,"url":"https://mrdata.usgs.gov/mrds/show-mrds.php?dep_id=10238710"}},{"type":"Feature","geometry":{"type":"Point","coordinates":[-120.4388,37.96131]},"properties":{"src":"mrds","name":"Table Mountain","status":"Occurrence","commodities":"gold","gold":true,"url":"https://mrdata.usgs.gov/mrds/show-mrds.php?dep_id=10238901"}},{"type":"Feature","geometry":{"type":"Point","coordinates":[-120.5038,37.90932]},"properties":{"src":"mrds","name":"Reported Occurrences","status":"Unknown","commodities":"chromium","gold":false,"url":"https://mrdata.usgs.gov/mrds/show-mrds.php?dep_id=10257093"}},{"type":"Feature","geometry":{"type":"Point","coordinates":[-120.4593,37.99601]},"properties":{"src":"mrds","name":"Jackson Flat and Parallel","status":"Unknown","commodities":"gold","gold":true,"url":"https://mrdata.usgs.gov/mrds/show-mrds.php?dep_id=10262900"}},{"type":"Feature","geometry":{"type":"Point","coordinates":[-120.4713,37.97681]},"properties":{"src":"mrds","name":"Fischer","status":"Unknown","commodities":"gold","gold":true,"url":"https://mrdata.usgs.gov/mrds/show-mrds.php?dep_id=10262919"}},{"type":"Feature","geometry":{"type":"Point","coordinates":[-120.4018,37.87962]},"properties":{"src":"mrds","name":"Lula","status":"Unknown","commodities":"gold","gold":true,"url":"https://mrdata.usgs.gov/mrds/show-mrds.php?dep_id=10263073"}},{"type":"Feature","geometry":{"type":"Point","coordinates":[-120.3974,37.86852]},"properties":{"src":"mrds","name":"Raymon","status":"Unknown","commodities":"gold","gold":true,"url":"https://mrdata.usgs.gov/mrds/show-mrds.php?dep_id=10263105"}},{"type":"Feature","geometry":{"type":"Point","coordinates":[-120.4627,37.98491]},"properties":{"src":"mrds","name":"Nut Pine","status":"Unknown","commodities":"gold","gold":true,"url":"https://mrdata.usgs.gov/mrds/show-mrds.php?dep_id=10263132"}},{"type":"Feature","geometry":{"type":"Point","coordinates":[-120.536,37.93131]},"properties":{"src":"mrds","name":"Central","status":"Unknown","commodities":"gold","gold":true,"url":"https://mrdata.usgs.gov/mrds/show-mrds.php?dep_id=10263290"}},{"type":"Feature","geometry":{"type":"Point","coordinates":[-120.471,37.99051]},"properties":{"src":"mrds","name":"Wise","status":"Prospect","commodities":"gold","gold":true,"url":"https://mrdata.usgs.gov/mrds/show-mrds.php?dep_id=10263342"}},{"type":"Feature","geometry":{"type":"Point","coordinates":[-120.401,37.86802]},"properties":{"src":"mrds","name":"Eagle-Shawmut Mine","status":"Past Producer","commodities":"gold, silver","gold":true,"url":"https://mrdata.usgs.gov/mrds/show-mrds.php?dep_id=10263347"}},{"type":"Feature","geometry":{"type":"Point","coordinates":[-120.4188,37.92242]},"properties":{"src":"mrds","name":"Grey Eagle","status":"Unknown","commodities":"gold","gold":true,"url":"https://mrdata.usgs.gov/mrds/show-mrds.php?dep_id=10263469"}},{"type":"Feature","geometry":{"type":"Point","coordinates":[-120.3813,37.93682]},"properties":{"src":"mrds","name":"Last Chance","status":"Unknown","commodities":"gold","gold":true,"url":"https://mrdata.usgs.gov/mrds/show-mrds.php?dep_id=10263477"}},{"type":"Feature","geometry":{"type":"Point","coordinates":[-120.401,37.87912]},"properties":{"src":"mrds","name":"Belchar","status":"Unknown","commodities":"gold","gold":true,"url":"https://mrdata.usgs.gov/mrds/show-mrds.php?dep_id=10263520"}},{"type":"Feature","geometry":{"type":"Point","coordinates":[-120.3041,37.90432]},"properties":{"src":"mrds","name":"Mayhall Ranch","status":"Prospect","commodities":"limestone","gold":false,"url":"https://mrdata.usgs.gov/mrds/show-mrds.php?dep_id=10280718"}},{"type":"Feature","geometry":{"type":"Point","coordinates":[-120.4891,37.90412]},"properties":{"src":"mrds","name":"Moyle and Seco Lease","status":"Past Producer","commodities":"chromium","gold":false,"url":"https://mrdata.usgs.gov/mrds/show-mrds.php?dep_id=10281497"}},{"type":"Feature","geometry":{"type":"Point","coordinates":[-120.2877,37.90212]},"properties":{"src":"mrds","name":"Woodham Ranch Deposits","status":"Prospect","commodities":"limestone","gold":false,"url":"https://mrdata.usgs.gov/mrds/show-mrds.php?dep_id=10287179"}},{"type":"Feature","geometry":{"type":"Point","coordinates":[-120.416,37.89132]},"properties":{"src":"mrds","name":"Malone","status":"Unknown","commodities":"gold","gold":true,"url":"https://mrdata.usgs.gov/mrds/show-mrds.php?dep_id=10287214"}},{"type":"Feature","geometry":{"type":"Point","coordinates":[-120.3854,37.85382]},"properties":{"src":"mrds","name":"Mammoth","status":"Past Producer","commodities":"gold","gold":true,"url":"https://mrdata.usgs.gov/mrds/show-mrds.php?dep_id=10287247"}},{"type":"Feature","geometry":{"type":"Point","coordinates":[-120.3182,37.82772]},"properties":{"src":"mrds","name":"Black Hawk","status":"Unknown","commodities":"gold","gold":true,"url":"https://mrdata.usgs.gov/mrds/show-mrds.php?dep_id=10287284"}},{"type":"Feature","geometry":{"type":"Point","coordinates":[-120.3993,37.79992]},"properties":{"src":"mrds","name":"De Stratton","status":"Unknown","commodities":"gold","gold":true,"url":"https://mrdata.usgs.gov/mrds/show-mrds.php?dep_id=10287446"}},{"type":"Feature","geometry":{"type":"Point","coordinates":[-120.3907,37.89212]},"properties":{"src":"mrds","name":"Dredge Tailings","status":"Unknown","commodities":"gold","gold":true,"url":"https://mrdata.usgs.gov/mrds/show-mrds.php?dep_id=10287476"}},{"type":"Feature","geometry":{"type":"Point","coordinates":[-120.3766,37.98551]},"properties":{"src":"mrds","name":"Baer","status":"Unknown","commodities":"gold","gold":true,"url":"https://mrdata.usgs.gov/mrds/show-mrds.php?dep_id=10287521"}},{"type":"Feature","geometry":{"type":"Point","coordinates":[-120.3568,37.84632]},"properties":{"src":"mrds","name":"Kelly and Mother Lode","status":"Past Producer","commodities":"gold","gold":true,"url":"https://mrdata.usgs.gov/mrds/show-mrds.php?dep_id=10287558"}},{"type":"Feature","geometry":{"type":"Point","coordinates":[-120.4802,37.99271]},"properties":{"src":"mrds","name":"Montreal Cons","status":"Unknown","commodities":"gold","gold":true,"url":"https://mrdata.usgs.gov/mrds/show-mrds.php?dep_id=10287603"}},{"type":"Feature","geometry":{"type":"Point","coordinates":[-120.331,37.82912]},"properties":{"src":"mrds","name":"Chance","status":"Unknown","commodities":"gold","gold":true,"url":"https://mrdata.usgs.gov/mrds/show-mrds.php?dep_id=10287698"}},{"type":"Feature","geometry":{"type":"Point","coordinates":[-120.4777,37.99521]},"properties":{"src":"mrds","name":"Atlas","status":"Occurrence","commodities":"gold, silver","gold":true,"url":"https://mrdata.usgs.gov/mrds/show-mrds.php?dep_id=10304792"}},{"type":"Feature","geometry":{"type":"Point","coordinates":[-120.39564,37.86689]},"properties":{"src":"mrds","name":"Eagle-Shawmut Mine","status":"Past Producer","commodities":"gold, silver, copper","gold":true,"url":"https://mrdata.usgs.gov/mrds/show-mrds.php?dep_id=10310611"}},{"type":"Feature","geometry":{"type":"Point","coordinates":[-119.62178,38.17102]},"properties":{"src":"mrds","name":"Snow Lake","status":"Prospect","commodities":"tungsten","gold":false,"url":"https://mrdata.usgs.gov/mrds/show-mrds.php?dep_id=10166326"}},{"type":"Feature","geometry":{"type":"Point","coordinates":[-120.38433,37.98324]},"properties":{"src":"mrds","name":"Sonora","status":"Producer","commodities":"gold, silver","gold":true,"url":"https://mrdata.usgs.gov/mrds/show-mrds.php?dep_id=10072447"}},{"type":"Feature","geometry":{"type":"Point","coordinates":[-120.45933,37.97241]},"properties":{"src":"mrds","name":"Alameda","status":"Past Producer","commodities":"gold","gold":true,"url":"https://mrdata.usgs.gov/mrds/show-mrds.php?dep_id=10077889"}},{"type":"Feature","geometry":{"type":"Point","coordinates":[-120.44406,37.9563]},"properties":{"src":"mrds","name":"Alabama","status":"Producer","commodities":"gold","gold":true,"url":"https://mrdata.usgs.gov/mrds/show-mrds.php?dep_id=10077893"}},{"type":"Feature","geometry":{"type":"Point","coordinates":[-120.43406,37.94548]},"properties":{"src":"mrds","name":"Little Gem","status":"Past Producer","commodities":"gold","gold":true,"url":"https://mrdata.usgs.gov/mrds/show-mrds.php?dep_id=10077896"}},{"type":"Feature","geometry":{"type":"Point","coordinates":[-120.38961,38.06297]},"properties":{"src":"mrds","name":"Experimental","status":"Past Producer","commodities":"gold, silver, copper, lead","gold":true,"url":"https://mrdata.usgs.gov/mrds/show-mrds.php?dep_id=10077907"}},{"type":"Feature","geometry":{"type":"Point","coordinates":[-120.43739,38.05352]},"properties":{"src":"mrds","name":"Densmore & Young America","status":"Past Producer","commodities":"gold, lead","gold":true,"url":"https://mrdata.usgs.gov/mrds/show-mrds.php?dep_id=10077908"}},{"type":"Feature","geometry":{"type":"Point","coordinates":[-120.42461,38.03574]},"properties":{"src":"mrds","name":"Springfield Drift Mine","status":"Producer","commodities":"gold","gold":true,"url":"https://mrdata.usgs.gov/mrds/show-mrds.php?dep_id=10077909"}},{"type":"Feature","geometry":{"type":"Point","coordinates":[-120.46294,38.00408]},"properties":{"src":"mrds","name":"Grand Turk","status":"Past Producer","commodities":"gold","gold":true,"url":"https://mrdata.usgs.gov/mrds/show-mrds.php?dep_id=10077917"}},{"type":"Feature","geometry":{"type":"Point","coordinates":[-120.47433,37.9963]},"properties":{"src":"mrds","name":"Patterson and Lennon Mines","status":"Past Producer","commodities":"gold","gold":true,"url":"https://mrdata.usgs.gov/mrds/show-mrds.php?dep_id=10077918"}},{"type":"Feature","geometry":{"type":"Point","coordinates":[-120.47878,37.98991]},"properties":{"src":"mrds","name":"Bell","status":"Past Producer","commodities":"gold","gold":true,"url":"https://mrdata.usgs.gov/mrds/show-mrds.php?dep_id=10077922"}},{"type":"Feature","geometry":{"type":"Point","coordinates":[-120.36628,38.04991]},"properties":{"src":"mrds","name":"Shanghai","status":"Past Producer","commodities":"gold","gold":true,"url":"https://mrdata.usgs.gov/mrds/show-mrds.php?dep_id=10077941"}},{"type":"Feature","geometry":{"type":"Point","coordinates":[-120.36961,38.12769]},"properties":{"src":"mrds","name":"Snell","status":"Producer","commodities":"gold","gold":true,"url":"https://mrdata.usgs.gov/mrds/show-mrds.php?dep_id=10077945"}},{"type":"Feature","geometry":{"type":"Point","coordinates":[-120.43767,37.94631]},"properties":{"src":"mrds","name":"Harvard Mine Group","status":"Past Producer","commodities":"gold","gold":true,"url":"https://mrdata.usgs.gov/mrds/show-mrds.php?dep_id=10077946"}},{"type":"Feature","geometry":{"type":"Point","coordinates":[-120.38267,38.13297]},"properties":{"src":"mrds","name":"Deer Lodge","status":"Past Producer","commodities":"gold","gold":true,"url":"https://mrdata.usgs.gov/mrds/show-mrds.php?dep_id=10103063"}},{"type":"Feature","geometry":{"type":"Point","coordinates":[-120.43711,37.94714]},"properties":{"src":"mrds","name":"Gem","status":"Past Producer","commodities":"gold","gold":true,"url":"https://mrdata.usgs.gov/mrds/show-mrds.php?dep_id=10105955"}},{"type":"Feature","geometry":{"type":"Point","coordinates":[-120.46183,37.98463]},"properties":{"src":"mrds","name":"Altamont","status":"Producer","commodities":"gold","gold":true,"url":"https://mrdata.usgs.gov/mrds/show-mrds.php?dep_id=10109425"}},{"type":"Feature","geometry":{"type":"Point","coordinates":[-120.36906,37.98435]},"properties":{"src":"mrds","name":"Baer","status":"Producer","commodities":"gold","gold":true,"url":"https://mrdata.usgs.gov/mrds/show-mrds.php?dep_id=10109427"}},{"type":"Feature","geometry":{"type":"Point","coordinates":[-120.42406,38.0563]},"properties":{"src":"mrds","name":"Gem","status":"Producer","commodities":"gold","gold":true,"url":"https://mrdata.usgs.gov/mrds/show-mrds.php?dep_id=10109435"}},{"type":"Feature","geometry":{"type":"Point","coordinates":[-120.45989,37.97241]},"properties":{"src":"mrds","name":"Isabella & Gem","status":"Producer","commodities":"gold","gold":true,"url":"https://mrdata.usgs.gov/mrds/show-mrds.php?dep_id=10109444"}},{"type":"Feature","geometry":{"type":"Point","coordinates":[-120.38656,38.05685]},"properties":{"src":"mrds","name":"John Royal","status":"Producer","commodities":"gold","gold":true,"url":"https://mrdata.usgs.gov/mrds/show-mrds.php?dep_id=10109446"}},{"type":"Feature","geometry":{"type":"Point","coordinates":[-120.45322,37.96158]},"properties":{"src":"mrds","name":"Premier Asbestos","status":"Producer","commodities":"asbestos","gold":false,"url":"https://mrdata.usgs.gov/mrds/show-mrds.php?dep_id=10111230"}},{"type":"Feature","geometry":{"type":"Point","coordinates":[-120.43517,38.04158]},"properties":{"src":"mrds","name":"Morgan","status":"Producer","commodities":"GRF","gold":false,"url":"https://mrdata.usgs.gov/mrds/show-mrds.php?dep_id=10111233"}},{"type":"Feature","geometry":{"type":"Point","coordinates":[-120.40461,38.03463]},"properties":{"src":"mrds","name":"Bell Columbia Marble Quarry","status":"Producer","commodities":"marble","gold":false,"url":"https://mrdata.usgs.gov/mrds/show-mrds.php?dep_id=10111234"}},{"type":"Feature","geometry":{"type":"Point","coordinates":[-120.37989,38.01769]},"properties":{"src":"mrds","name":"Eureka Plumbago","status":"Producer","commodities":"GRF","gold":false,"url":"https://mrdata.usgs.gov/mrds/show-mrds.php?dep_id=10111236"}},{"type":"Feature","geometry":{"type":"Point","coordinates":[-120.43128,38.0038]},"properties":{"src":"mrds","name":"Bedrock Blue Gravel","status":"Producer","commodities":"gold","gold":true,"url":"https://mrdata.usgs.gov/mrds/show-mrds.php?dep_id=10111237"}},{"type":"Feature","geometry":{"type":"Point","coordinates":[-120.3854,38.02851]},"properties":{"src":"mrds","name":"George Mullins Company","status":"Past Producer","commodities":"gold","gold":true,"url":"https://mrdata.usgs.gov/mrds/show-mrds.php?dep_id=10117211"}},{"type":"Feature","geometry":{"type":"Point","coordinates":[-120.4477,37.95681]},"properties":{"src":"mrds","name":"Ophir","status":"Unknown","commodities":"gold","gold":true,"url":"https://mrdata.usgs.gov/mrds/show-mrds.php?dep_id=10117288"}},{"type":"Feature","geometry":{"type":"Point","coordinates":[-120.3974,37.97301]},"properties":{"src":"mrds","name":"Rainbow","status":"Unknown","commodities":"gold","gold":true,"url":"https://mrdata.usgs.gov/mrds/show-mrds.php?dep_id=10117356"}},{"type":"Feature","geometry":{"type":"Point","coordinates":[-120.4063,38.05101]},"properties":{"src":"mrds","name":"Port Stockton Cement Company","status":"Occurrence","commodities":"limestone","gold":false,"url":"https://mrdata.usgs.gov/mrds/show-mrds.php?dep_id=10117418"}},{"type":"Feature","geometry":{"type":"Point","coordinates":[-120.3882,38.03681]},"properties":{"src":"mrds","name":"Ingolotti and Company","status":"Unknown","commodities":"gold","gold":true,"url":"https://mrdata.usgs.gov/mrds/show-mrds.php?dep_id=10117423"}},{"type":"Feature","geometry":{"type":"Point","coordinates":[-120.466,37.99601]},"properties":{"src":"mrds","name":"Lisonjera","status":"Unknown","commodities":"gold","gold":true,"url":"https://mrdata.usgs.gov/mrds/show-mrds.php?dep_id=10117713"}},{"type":"Feature","geometry":{"type":"Point","coordinates":[-120.3449,38.08711]},"properties":{"src":"mrds","name":"Windeler","status":"Occurrence","commodities":"manganese","gold":false,"url":"https://mrdata.usgs.gov/mrds/show-mrds.php?dep_id=10117823"}},{"type":"Feature","geometry":{"type":"Point","coordinates":[-120.3716,38.03301]},"properties":{"src":"mrds","name":"Hard Gravel","status":"Occurrence","commodities":"gold","gold":true,"url":"https://mrdata.usgs.gov/mrds/show-mrds.php?dep_id=10117877"}},{"type":"Feature","geometry":{"type":"Point","coordinates":[-120.4163,37.99351]},"properties":{"src":"mrds","name":"Peppermint Falls","status":"Unknown","commodities":"gold","gold":true,"url":"https://mrdata.usgs.gov/mrds/show-mrds.php?dep_id=10135134"}},{"type":"Feature","geometry":{"type":"Point","coordinates":[-120.4099,38.09601]},"properties":{"src":"mrds","name":"Ozark","status":"Unknown","commodities":"gold","gold":true,"url":"https://mrdata.usgs.gov/mrds/show-mrds.php?dep_id=10138493"}},{"type":"Feature","geometry":{"type":"Point","coordinates":[-120.4804,37.99711]},"properties":{"src":"mrds","name":"Carrington Group","status":"Unknown","commodities":"gold","gold":true,"url":"https://mrdata.usgs.gov/mrds/show-mrds.php?dep_id=10141208"}},{"type":"Feature","geometry":{"type":"Point","coordinates":[-120.4532,37.94572]},"properties":{"src":"mrds","name":"Tiger","status":"Unknown","commodities":"gold","gold":true,"url":"https://mrdata.usgs.gov/mrds/show-mrds.php?dep_id=10141387"}},{"type":"Feature","geometry":{"type":"Point","coordinates":[-120.3935,37.95662]},"properties":{"src":"mrds","name":"Behlow Fischer Behlow Ext","status":"Unknown","commodities":"gold","gold":true,"url":"https://mrdata.usgs.gov/mrds/show-mrds.php?dep_id=10141396"}},{"type":"Feature","geometry":{"type":"Point","coordinates":[-120.3782,38.02021]},"properties":{"src":"mrds","name":"National","status":"Unknown","commodities":"gold","gold":true,"url":"https://mrdata.usgs.gov/mrds/show-mrds.php?dep_id=10141398"}},{"type":"Feature","geometry":{"type":"Point","coordinates":[-120.4068,38.01071]},"properties":{"src":"mrds","name":"White Quarry","status":"Producer","commodities":"PUM, LST","gold":false,"url":"https://mrdata.usgs.gov/mrds/show-mrds.php?dep_id=10141481"}},{"type":"Feature","geometry":{"type":"Point","coordinates":[-120.3516,38.08821]},"properties":{"src":"mrds","name":"Bailey Ranch","status":"Prospect","commodities":"gold","gold":true,"url":"https://mrdata.usgs.gov/mrds/show-mrds.php?dep_id=10141482"}},{"type":"Feature","geometry":{"type":"Point","coordinates":[-120.3971,37.98681]},"properties":{"src":"mrds","name":"San Guiseppe","status":"Occurrence","commodities":"gold","gold":true,"url":"https://mrdata.usgs.gov/mrds/show-mrds.php?dep_id=10141821"}},{"type":"Feature","geometry":{"type":"Point","coordinates":[-120.4824,37.96381]},"properties":{"src":"mrds","name":"Pino Blanco","status":"Unknown","commodities":"gold, silver","gold":true,"url":"https://mrdata.usgs.gov/mrds/show-mrds.php?dep_id=10141847"}},{"type":"Feature","geometry":{"type":"Point","coordinates":[-120.361,38.01381]},"properties":{"src":"mrds","name":"Sevart Cons","status":"Occurrence","commodities":"gold","gold":true,"url":"https://mrdata.usgs.gov/mrds/show-mrds.php?dep_id=10165567"}},{"type":"Feature","geometry":{"type":"Point","coordinates":[-120.461,37.99661]},"properties":{"src":"mrds","name":"Independence","status":"Unknown","commodities":"gold","gold":true,"url":"https://mrdata.usgs.gov/mrds/show-mrds.php?dep_id=10165577"}},{"type":"Feature","geometry":{"type":"Point","coordinates":[-120.4382,37.94552]},"properties":{"src":"mrds","name":"Harvard Mine","status":"Occurrence","commodities":"gold, silver","gold":true,"url":"https://mrdata.usgs.gov/mrds/show-mrds.php?dep_id=10165658"}},{"type":"Feature","geometry":{"type":"Point","coordinates":[-120.3285,38.03961]},"properties":{"src":"mrds","name":"Hard Rock","status":"Unknown","commodities":"gold","gold":true,"url":"https://mrdata.usgs.gov/mrds/show-mrds.php?dep_id=10165730"}},{"type":"Feature","geometry":{"type":"Point","coordinates":[-120.3802,37.99601]},"properties":{"src":"mrds","name":"Stonewall","status":"Past Producer","commodities":"gold","gold":true,"url":"https://mrdata.usgs.gov/mrds/show-mrds.php?dep_id=10165823"}},{"type":"Feature","geometry":{"type":"Point","coordinates":[-120.4046,38.02851]},"properties":{"src":"mrds","name":"Peery","status":"Past Producer","commodities":"gold, silver","gold":true,"url":"https://mrdata.usgs.gov/mrds/show-mrds.php?dep_id=10166044"}},{"type":"Feature","geometry":{"type":"Point","coordinates":[-120.336,38.07351]},"properties":{"src":"mrds","name":"Gold Placer","status":"Unknown","commodities":"gold","gold":true,"url":"https://mrdata.usgs.gov/mrds/show-mrds.php?dep_id=10166075"}},{"type":"Feature","geometry":{"type":"Point","coordinates":[-120.3877,38.05381]},"properties":{"src":"mrds","name":"Schoettgen Prospect","status":"Occurrence","commodities":"manganese","gold":false,"url":"https://mrdata.usgs.gov/mrds/show-mrds.php?dep_id=10166286"}},{"type":"Feature","geometry":{"type":"Point","coordinates":[-120.3849,37.97851]},"properties":{"src":"mrds","name":"Cowen","status":"Unknown","commodities":"gold","gold":true,"url":"https://mrdata.usgs.gov/mrds/show-mrds.php?dep_id=10190287"}},{"type":"Feature","geometry":{"type":"Point","coordinates":[-120.4629,37.97801]},"properties":{"src":"mrds","name":"Tarantula","status":"Past Producer","commodities":"gold","gold":true,"url":"https://mrdata.usgs.gov/mrds/show-mrds.php?dep_id=10190325"}},{"type":"Feature","geometry":{"type":"Point","coordinates":[-120.3646,38.05911]},"properties":{"src":"mrds","name":"Hidden Treasure","status":"Occurrence","commodities":"gold","gold":true,"url":"https://mrdata.usgs.gov/mrds/show-mrds.php?dep_id=10190372"}},{"type":"Feature","geometry":{"type":"Point","coordinates":[-120.4588,37.98881]},"properties":{"src":"mrds","name":"Worcester","status":"Unknown","commodities":"gold","gold":true,"url":"https://mrdata.usgs.gov/mrds/show-mrds.php?dep_id=10190393"}},{"type":"Feature","geometry":{"type":"Point","coordinates":[-120.3799,38.01771]},"properties":{"src":"mrds","name":"Eureka Plumbago","status":"Prospect","commodities":"GRF","gold":false,"url":"https://mrdata.usgs.gov/mrds/show-mrds.php?dep_id=10190453"}},{"type":"Feature","geometry":{"type":"Point","coordinates":[-120.3732,37.96432]},"properties":{"src":"mrds","name":"Arroyo Gravel Mine","status":"Occurrence","commodities":"gold","gold":true,"url":"https://mrdata.usgs.gov/mrds/show-mrds.php?dep_id=10190471"}},{"type":"Feature","geometry":{"type":"Point","coordinates":[-120.4846,37.98551]},"properties":{"src":"mrds","name":"Boss","status":"Unknown","commodities":"gold","gold":true,"url":"https://mrdata.usgs.gov/mrds/show-mrds.php?dep_id=10190540"}},{"type":"Feature","geometry":{"type":"Point","coordinates":[-120.4841,37.97711]},"properties":{"src":"mrds","name":"Alhambra","status":"Unknown","commodities":"gold","gold":true,"url":"https://mrdata.usgs.gov/mrds/show-mrds.php?dep_id=10190750"}},{"type":"Feature","geometry":{"type":"Point","coordinates":[-120.446,38.05911]},"properties":{"src":"mrds","name":"Grasshopper","status":"Unknown","commodities":"gold","gold":true,"url":"https://mrdata.usgs.gov/mrds/show-mrds.php?dep_id=10211661"}},{"type":"Feature","geometry":{"type":"Point","coordinates":[-120.3616,38.05801]},"properties":{"src":"mrds","name":"Ridgeway","status":"Occurrence","commodities":"gold","gold":true,"url":"https://mrdata.usgs.gov/mrds/show-mrds.php?dep_id=10214136"}},{"type":"Feature","geometry":{"type":"Point","coordinates":[-120.3816,38.00821]},"properties":{"src":"mrds","name":"Little Leo","status":"Unknown","commodities":"gold","gold":true,"url":"https://mrdata.usgs.gov/mrds/show-mrds.php?dep_id=10214182"}},{"type":"Feature","geometry":{"type":"Point","coordinates":[-120.3874,37.97132]},"properties":{"src":"mrds","name":"Golden Sulphurst","status":"Occurrence","commodities":"gold","gold":true,"url":"https://mrdata.usgs.gov/mrds/show-mrds.php?dep_id=10214259"}},{"type":"Feature","geometry":{"type":"Point","coordinates":[-120.401,38.05271]},"properties":{"src":"mrds","name":"No Name","status":"Occurrence","commodities":"limestone","gold":false,"url":"https://mrdata.usgs.gov/mrds/show-mrds.php?dep_id=10214384"}},{"type":"Feature","geometry":{"type":"Point","coordinates":[-120.4113,38.00881]},"properties":{"src":"mrds","name":"Mclean Limestone Deposit","status":"Occurrence","commodities":"crushed stone","gold":false,"url":"https://mrdata.usgs.gov/mrds/show-mrds.php?dep_id=10214386"}},{"type":"Feature","geometry":{"type":"Point","coordinates":[-120.4771,37.98131]},"properties":{"src":"mrds","name":"Bell","status":"Past Producer","commodities":"gold","gold":true,"url":"https://mrdata.usgs.gov/mrds/show-mrds.php?dep_id=10214416"}},{"type":"Feature","geometry":{"type":"Point","coordinates":[-120.3882,38.07051]},"properties":{"src":"mrds","name":"Pine Log","status":"Occurrence","commodities":"gold","gold":true,"url":"https://mrdata.usgs.gov/mrds/show-mrds.php?dep_id=10214562"}},{"type":"Feature","geometry":{"type":"Point","coordinates":[-120.3413,38.12021]},"properties":{"src":"mrds","name":"Contention","status":"Occurrence","commodities":"gold, copper, molybdenum","gold":true,"url":"https://mrdata.usgs.gov/mrds/show-mrds.php?dep_id=10214672"}},{"type":"Feature","geometry":{"type":"Point","coordinates":[-120.3479,38.11271]},"properties":{"src":"mrds","name":"Glad Acres","status":"Unknown","commodities":"gold","gold":true,"url":"https://mrdata.usgs.gov/mrds/show-mrds.php?dep_id=10214821"}},{"type":"Feature","geometry":{"type":"Point","coordinates":[-120.4941,38.00271]},"properties":{"src":"mrds","name":"Jones","status":"Occurrence","commodities":"gold","gold":true,"url":"https://mrdata.usgs.gov/mrds/show-mrds.php?dep_id=10238512"}},{"type":"Feature","geometry":{"type":"Point","coordinates":[-120.5129,37.95631]},"properties":{"src":"mrds","name":"Monday","status":"Prospect","commodities":"gold","gold":true,"url":"https://mrdata.usgs.gov/mrds/show-mrds.php?dep_id=10238546"}},{"type":"Feature","geometry":{"type":"Point","coordinates":[-120.3785,38.06161]},"properties":{"src":"mrds","name":"Old Tuolomne Cons","status":"Unknown","commodities":"gold","gold":true,"url":"https://mrdata.usgs.gov/mrds/show-mrds.php?dep_id=10238554"}},{"type":"Feature","geometry":{"type":"Point","coordinates":[-120.3893,37.98961]},"properties":{"src":"mrds","name":"Dorsey","status":"Unknown","commodities":"gold","gold":true,"url":"https://mrdata.usgs.gov/mrds/show-mrds.php?dep_id=10238604"}},{"type":"Feature","geometry":{"type":"Point","coordinates":[-120.4038,38.05631]},"properties":{"src":"mrds","name":"Old Dominion","status":"Unknown","commodities":"gold","gold":true,"url":"https://mrdata.usgs.gov/mrds/show-mrds.php?dep_id=10238662"}},{"type":"Feature","geometry":{"type":"Point","coordinates":[-120.3738,38.12851]},"properties":{"src":"mrds","name":"Sailor Boy","status":"Occurrence","commodities":"gold","gold":true,"url":"https://mrdata.usgs.gov/mrds/show-mrds.php?dep_id=10238727"}},{"type":"Feature","geometry":{"type":"Point","coordinates":[-120.3841,37.99431]},"properties":{"src":"mrds","name":"Hathway","status":"Unknown","commodities":"gold","gold":true,"url":"https://mrdata.usgs.gov/mrds/show-mrds.php?dep_id=10238734"}},{"type":"Feature","geometry":{"type":"Point","coordinates":[-120.4602,37.97821]},"properties":{"src":"mrds","name":"Olsen","status":"Unknown","commodities":"gold","gold":true,"url":"https://mrdata.usgs.gov/mrds/show-mrds.php?dep_id=10238791"}},{"type":"Feature","geometry":{"type":"Point","coordinates":[-120.3557,38.14101]},"properties":{"src":"mrds","name":"Ton","status":"Prospect","commodities":"gold, copper, silver","gold":true,"url":"https://mrdata.usgs.gov/mrds/show-mrds.php?dep_id=10238805"}},{"type":"Feature","geometry":{"type":"Point","coordinates":[-120.3896,37.97212]},"properties":{"src":"mrds","name":"Gerrymander Cons","status":"Unknown","commodities":"gold","gold":true,"url":"https://mrdata.usgs.gov/mrds/show-mrds.php?dep_id=10238815"}},{"type":"Feature","geometry":{"type":"Point","coordinates":[-120.3943,38.06881]},"properties":{"src":"mrds","name":"United","status":"Unknown","commodities":"gold","gold":true,"url":"https://mrdata.usgs.gov/mrds/show-mrds.php?dep_id=10238839"}},{"type":"Feature","geometry":{"type":"Point","coordinates":[-120.4863,38.00801]},"properties":{"src":"mrds","name":"Justice","status":"Unknown","commodities":"gold","gold":true,"url":"https://mrdata.usgs.gov/mrds/show-mrds.php?dep_id=10238884"}},{"type":"Feature","geometry":{"type":"Point","coordinates":[-120.4502,37.96131]},"properties":{"src":"mrds","name":"Omega Mine","status":"Occurrence","commodities":"gold","gold":true,"url":"https://mrdata.usgs.gov/mrds/show-mrds.php?dep_id=10262808"}},{"type":"Feature","geometry":{"type":"Point","coordinates":[-120.4627,37.95491]},"properties":{"src":"mrds","name":"Woods Creek","status":"Past Producer","commodities":"gold","gold":true,"url":"https://mrdata.usgs.gov/mrds/show-mrds.php?dep_id=10262930"}},{"type":"Feature","geometry":{"type":"Point","coordinates":[-120.4035,38.00071]},"properties":{"src":"mrds","name":"Harrington","status":"Unknown","commodities":"gold","gold":true,"url":"https://mrdata.usgs.gov/mrds/show-mrds.php?dep_id=10263141"}},{"type":"Feature","geometry":{"type":"Point","coordinates":[-120.4316,38.01051]},"properties":{"src":"mrds","name":"Red Mill","status":"Unknown","commodities":"gold","gold":true,"url":"https://mrdata.usgs.gov/mrds/show-mrds.php?dep_id=10263143"}},{"type":"Feature","geometry":{"type":"Point","coordinates":[-120.4246,37.94882]},"properties":{"src":"mrds","name":"Reported Occurence","status":"Occurrence","commodities":"BE","gold":false,"url":"https://mrdata.usgs.gov/mrds/show-mrds.php?dep_id=10263175"}},{"type":"Feature","geometry":{"type":"Point","coordinates":[-120.361,38.04821]},"properties":{"src":"mrds","name":"Specimen Gulch","status":"Occurrence","commodities":"gold","gold":true,"url":"https://mrdata.usgs.gov/mrds/show-mrds.php?dep_id=10263257"}},{"type":"Feature","geometry":{"type":"Point","coordinates":[-120.4104,38.02711]},"properties":{"src":"mrds","name":"Alves","status":"Unknown","commodities":"gold","gold":true,"url":"https://mrdata.usgs.gov/mrds/show-mrds.php?dep_id=10263482"}},{"type":"Feature","geometry":{"type":"Point","coordinates":[-120.4691,38.03101]},"properties":{"src":"mrds","name":"Bishop Marble Place","status":"Occurrence","commodities":"marble","gold":false,"url":"https://mrdata.usgs.gov/mrds/show-mrds.php?dep_id=10284506"}},{"type":"Feature","geometry":{"type":"Point","coordinates":[-120.3296,37.99572]},"properties":{"src":"mrds","name":"Sullivan","status":"Occurrence","commodities":"gold","gold":true,"url":"https://mrdata.usgs.gov/mrds/show-mrds.php?dep_id=10287258"}},{"type":"Feature","geometry":{"type":"Point","coordinates":[-120.366,38.04601]},"properties":{"src":"mrds","name":"Hunter Fluming Mine","status":"Occurrence","commodities":"gold","gold":true,"url":"https://mrdata.usgs.gov/mrds/show-mrds.php?dep_id=10287358"}},{"type":"Feature","geometry":{"type":"Point","coordinates":[-120.3646,37.95632]},"properties":{"src":"mrds","name":"Sullivan Big Bar","status":"Past Producer","commodities":"gold, silver","gold":true,"url":"https://mrdata.usgs.gov/mrds/show-mrds.php?dep_id=10287405"}},{"type":"Feature","geometry":{"type":"Point","coordinates":[-120.4749,37.99631]},"properties":{"src":"mrds","name":"Unidentified Workings","status":"Occurrence","commodities":"gold","gold":true,"url":"https://mrdata.usgs.gov/mrds/show-mrds.php?dep_id=10287537"}},{"type":"Feature","geometry":{"type":"Point","coordinates":[-120.3813,38.00051]},"properties":{"src":"mrds","name":"G Bardoli and Bros Quarry","status":"Occurrence","commodities":"crushed stone","gold":false,"url":"https://mrdata.usgs.gov/mrds/show-mrds.php?dep_id=10287631"}},{"type":"Feature","geometry":{"type":"Point","coordinates":[-120.3282,38.04271]},"properties":{"src":"mrds","name":"Altadena and Kearsage","status":"Unknown","commodities":"gold","gold":true,"url":"https://mrdata.usgs.gov/mrds/show-mrds.php?dep_id=10287715"}},{"type":"Feature","geometry":{"type":"Point","coordinates":[-120.4516,37.96461]},"properties":{"src":"mrds","name":"Rawhide Asbestos","status":"Occurrence","commodities":"asbestos","gold":false,"url":"https://mrdata.usgs.gov/mrds/show-mrds.php?dep_id=10287799"}},{"type":"Feature","geometry":{"type":"Point","coordinates":[-120.3869,37.98841]},"properties":{"src":"mrds","name":"Bonanza Mine","status":"Past Producer","commodities":"gold, silver","gold":true,"url":"https://mrdata.usgs.gov/mrds/show-mrds.php?dep_id=10310593"}},{"type":"Feature","geometry":{"type":"Point","coordinates":[-120.40068,38.0348]},"properties":{"src":"mrds","name":"Columbia District","status":"Past Producer","commodities":"gold","gold":true,"url":"https://mrdata.usgs.gov/mrds/show-mrds.php?dep_id=10310604"}},{"type":"Feature","geometry":{"type":"Point","coordinates":[-120.4036,38.00611]},"properties":{"src":"mrds","name":"Shaws Flat District","status":"Past Producer","commodities":"gold","gold":true,"url":"https://mrdata.usgs.gov/mrds/show-mrds.php?dep_id=10310675"}},{"type":"Feature","geometry":{"type":"Point","coordinates":[-120.23099,37.76353]},"properties":{"src":"mrds","name":"Isola Mine and Mill  Site.","status":"Past Producer","commodities":"gold","gold":true,"url":"https://mrdata.usgs.gov/mrds/show-mrds.php?dep_id=10030833"}},{"type":"Feature","geometry":{"type":"Point","coordinates":[-120.23238,37.76103]},"properties":{"src":"mrds","name":"Monroe","status":"Occurrence","commodities":"gold","gold":true,"url":"https://mrdata.usgs.gov/mrds/show-mrds.php?dep_id=10030834"}},{"type":"Feature","geometry":{"type":"Point","coordinates":[-120.26266,37.82742]},"properties":{"src":"mrds","name":"Big Oak Flat No. 1","status":"Past Producer","commodities":"gold, silver, zinc, lead, copper","gold":true,"url":"https://mrdata.usgs.gov/mrds/show-mrds.php?dep_id=10034513"}},{"type":"Feature","geometry":{"type":"Point","coordinates":[-120.25349,37.8002]},"properties":{"src":"mrds","name":"Contact","status":"Past Producer","commodities":"gold","gold":true,"url":"https://mrdata.usgs.gov/mrds/show-mrds.php?dep_id=10034527"}},{"type":"Feature","geometry":{"type":"Point","coordinates":[-120.28266,37.82325]},"properties":{"src":"mrds","name":"Criss Cross & Relief","status":"Past Producer","commodities":"gold","gold":true,"url":"https://mrdata.usgs.gov/mrds/show-mrds.php?dep_id=10034529"}},{"type":"Feature","geometry":{"type":"Point","coordinates":[-120.22821,37.8402]},"properties":{"src":"mrds","name":"Del Monte","status":"Past Producer","commodities":"gold","gold":true,"url":"https://mrdata.usgs.gov/mrds/show-mrds.php?dep_id=10034532"}},{"type":"Feature","geometry":{"type":"Point","coordinates":[-120.25655,37.82186]},"properties":{"src":"mrds","name":"Eureka","status":"Past Producer","commodities":"gold","gold":true,"url":"https://mrdata.usgs.gov/mrds/show-mrds.php?dep_id=10034538"}},{"type":"Feature","geometry":{"type":"Point","coordinates":[-120.26377,37.81353]},"properties":{"src":"mrds","name":"Grant Group","status":"Past Producer","commodities":"gold","gold":true,"url":"https://mrdata.usgs.gov/mrds/show-mrds.php?dep_id=10034554"}},{"type":"Feature","geometry":{"type":"Point","coordinates":[-120.27432,37.83492]},"properties":{"src":"mrds","name":"Little Wonder","status":"Past Producer","commodities":"gold, lead","gold":true,"url":"https://mrdata.usgs.gov/mrds/show-mrds.php?dep_id=10034574"}},{"type":"Feature","geometry":{"type":"Point","coordinates":[-120.23793,37.8402]},"properties":{"src":"mrds","name":"Miracle","status":"Past Producer","commodities":"gold","gold":true,"url":"https://mrdata.usgs.gov/mrds/show-mrds.php?dep_id=10034584"}},{"type":"Feature","geometry":{"type":"Point","coordinates":[-120.24738,37.78186]},"properties":{"src":"mrds","name":"Moccasin & Golden Key","status":"Past Producer","commodities":"gold","gold":true,"url":"https://mrdata.usgs.gov/mrds/show-mrds.php?dep_id=10034585"}},{"type":"Feature","geometry":{"type":"Point","coordinates":[-120.16043,37.82714]},"properties":{"src":"mrds","name":"Moody","status":"Past Producer","commodities":"gold","gold":true,"url":"https://mrdata.usgs.gov/mrds/show-mrds.php?dep_id=10034588"}},{"type":"Feature","geometry":{"type":"Point","coordinates":[-120.23405,37.83853]},"properties":{"src":"mrds","name":"Mount Jefferson","status":"Past Producer","commodities":"gold","gold":true,"url":"https://mrdata.usgs.gov/mrds/show-mrds.php?dep_id=10034590"}},{"type":"Feature","geometry":{"type":"Point","coordinates":[-120.21571,37.83992]},"properties":{"src":"mrds","name":"Mount Zion","status":"Past Producer","commodities":"gold","gold":true,"url":"https://mrdata.usgs.gov/mrds/show-mrds.php?dep_id=10034592"}},{"type":"Feature","geometry":{"type":"Point","coordinates":[-120.26238,37.83548]},"properties":{"src":"mrds","name":"Raggio Claim","status":"Past Producer","commodities":"gold","gold":true,"url":"https://mrdata.usgs.gov/mrds/show-mrds.php?dep_id=10034611"}},{"type":"Feature","geometry":{"type":"Point","coordinates":[-120.25099,37.8177]},"properties":{"src":"mrds","name":"Red Jacket","status":"Past Producer","commodities":"gold","gold":true,"url":"https://mrdata.usgs.gov/mrds/show-mrds.php?dep_id=10034615"}},{"type":"Feature","geometry":{"type":"Point","coordinates":[-120.27377,37.83631]},"properties":{"src":"mrds","name":"Robinson","status":"Producer","commodities":"gold","gold":true,"url":"https://mrdata.usgs.gov/mrds/show-mrds.php?dep_id=10034622"}},{"type":"Feature","geometry":{"type":"Point","coordinates":[-120.24905,37.83325]},"properties":{"src":"mrds","name":"Silken","status":"Producer","commodities":"gold","gold":true,"url":"https://mrdata.usgs.gov/mrds/show-mrds.php?dep_id=10034627"}},{"type":"Feature","geometry":{"type":"Point","coordinates":[-120.20599,37.82714]},"properties":{"src":"mrds","name":"Slap Jack","status":"Past Producer","commodities":"gold","gold":true,"url":"https://mrdata.usgs.gov/mrds/show-mrds.php?dep_id=10034628"}},{"type":"Feature","geometry":{"type":"Point","coordinates":[-120.17599,37.77659]},"properties":{"src":"mrds","name":"Fair","status":"Producer","commodities":"gold","gold":true,"url":"https://mrdata.usgs.gov/mrds/show-mrds.php?dep_id=10034692"}},{"type":"Feature","geometry":{"type":"Point","coordinates":[-120.17405,37.77659]},"properties":{"src":"mrds","name":"Ohio","status":"Past Producer","commodities":"gold","gold":true,"url":"https://mrdata.usgs.gov/mrds/show-mrds.php?dep_id=10034735"}},{"type":"Feature","geometry":{"type":"Point","coordinates":[-120.26071,37.83881]},"properties":{"src":"mrds","name":"Group","status":"Past Producer","commodities":"gold","gold":true,"url":"https://mrdata.usgs.gov/mrds/show-mrds.php?dep_id=10077953"}},{"type":"Feature","geometry":{"type":"Point","coordinates":[-120.24543,37.83186]},"properties":{"src":"mrds","name":"Cosmopolite & Violet","status":"Past Producer","commodities":"gold","gold":true,"url":"https://mrdata.usgs.gov/mrds/show-mrds.php?dep_id=10077955"}},{"type":"Feature","geometry":{"type":"Point","coordinates":[-120.24321,37.82048]},"properties":{"src":"mrds","name":"Cleo","status":"Producer","commodities":"gold","gold":true,"url":"https://mrdata.usgs.gov/mrds/show-mrds.php?dep_id=10077959"}},{"type":"Feature","geometry":{"type":"Point","coordinates":[-120.25155,37.82048]},"properties":{"src":"mrds","name":"Two Brothers","status":"Past Producer","commodities":"gold","gold":true,"url":"https://mrdata.usgs.gov/mrds/show-mrds.php?dep_id=10103057"}},{"type":"Feature","geometry":{"type":"Point","coordinates":[-120.25793,37.8227]},"properties":{"src":"mrds","name":"Mormon","status":"Past Producer","commodities":"gold","gold":true,"url":"https://mrdata.usgs.gov/mrds/show-mrds.php?dep_id=10105952"}},{"type":"Feature","geometry":{"type":"Point","coordinates":[-120.25099,37.83325]},"properties":{"src":"mrds","name":"Groveland-Moccasin-Jacksonville","status":"Producer","commodities":"gold, silver","gold":true,"url":"https://mrdata.usgs.gov/mrds/show-mrds.php?dep_id=10110483"}},{"type":"Feature","geometry":{"type":"Point","coordinates":[-120.23099,37.76353]},"properties":{"src":"mrds","name":"Isola Mine and Mill Site","status":"Unknown","commodities":"gold","gold":true,"url":"https://mrdata.usgs.gov/mrds/show-mrds.php?dep_id=10115511"}},{"type":"Feature","geometry":{"type":"Point","coordinates":[-120.24319,37.82052]},"properties":{"src":"mrds","name":"Cleo","status":"Occurrence","commodities":"gold","gold":true,"url":"https://mrdata.usgs.gov/mrds/show-mrds.php?dep_id=10117109"}},{"type":"Feature","geometry":{"type":"Point","coordinates":[-120.20879,37.79432]},"properties":{"src":"mrds","name":"Widewest","status":"Occurrence","commodities":"gold","gold":true,"url":"https://mrdata.usgs.gov/mrds/show-mrds.php?dep_id=10117335"}},{"type":"Feature","geometry":{"type":"Point","coordinates":[-120.26459,37.78632]},"properties":{"src":"mrds","name":"Golden Kay Cons","status":"Prospect","commodities":"gold","gold":true,"url":"https://mrdata.usgs.gov/mrds/show-mrds.php?dep_id=10117845"}},{"type":"Feature","geometry":{"type":"Point","coordinates":[-120.24069,37.83932]},"properties":{"src":"mrds","name":"Good Luck","status":"Occurrence","commodities":"gold","gold":true,"url":"https://mrdata.usgs.gov/mrds/show-mrds.php?dep_id=10134765"}},{"type":"Feature","geometry":{"type":"Point","coordinates":[-120.27629,37.79682]},"properties":{"src":"mrds","name":"Ashley Property","status":"Prospect","commodities":"asbestos","gold":false,"url":"https://mrdata.usgs.gov/mrds/show-mrds.php?dep_id=10165628"}},{"type":"Feature","geometry":{"type":"Point","coordinates":[-120.25099,37.83322]},"properties":{"src":"mrds","name":"Robinson","status":"Occurrence","commodities":"gold","gold":true,"url":"https://mrdata.usgs.gov/mrds/show-mrds.php?dep_id=10165896"}},{"type":"Feature","geometry":{"type":"Point","coordinates":[-120.23849,37.82992]},"properties":{"src":"mrds","name":"Violet","status":"Occurrence","commodities":"gold","gold":true,"url":"https://mrdata.usgs.gov/mrds/show-mrds.php?dep_id=10214649"}},{"type":"Feature","geometry":{"type":"Point","coordinates":[-120.20429,37.82712]},"properties":{"src":"mrds","name":"Slap Jack","status":"Occurrence","commodities":"gold","gold":true,"url":"https://mrdata.usgs.gov/mrds/show-mrds.php?dep_id=10238398"}},{"type":"Feature","geometry":{"type":"Point","coordinates":[-120.21989,37.83932]},"properties":{"src":"mrds","name":"La Guria","status":"Prospect","commodities":"gold, copper, lead, silver","gold":true,"url":"https://mrdata.usgs.gov/mrds/show-mrds.php?dep_id=10238482"}},{"type":"Feature","geometry":{"type":"Point","coordinates":[-120.25459,37.76822]},"properties":{"src":"mrds","name":"Unidentified","status":"Occurrence","commodities":"gold","gold":true,"url":"https://mrdata.usgs.gov/mrds/show-mrds.php?dep_id=10238834"}},{"type":"Feature","geometry":{"type":"Point","coordinates":[-120.25519,37.81992]},"properties":{"src":"mrds","name":"Mormon","status":"Occurrence","commodities":"gold","gold":true,"url":"https://mrdata.usgs.gov/mrds/show-mrds.php?dep_id=10238973"}},{"type":"Feature","geometry":{"type":"Point","coordinates":[-120.22459,37.83852]},"properties":{"src":"mrds","name":"Sampson Lode","status":"Prospect","commodities":"DIT","gold":false,"url":"https://mrdata.usgs.gov/mrds/show-mrds.php?dep_id=10263044"}},{"type":"Feature","geometry":{"type":"Point","coordinates":[-120.25539,37.83772]},"properties":{"src":"mrds","name":"Nonperiel","status":"Occurrence","commodities":"gold","gold":true,"url":"https://mrdata.usgs.gov/mrds/show-mrds.php?dep_id=10263113"}},{"type":"Feature","geometry":{"type":"Point","coordinates":[-120.24099,37.83522]},"properties":{"src":"mrds","name":"Miracle","status":"Occurrence","commodities":"gold","gold":true,"url":"https://mrdata.usgs.gov/mrds/show-mrds.php?dep_id=10263222"}},{"type":"Feature","geometry":{"type":"Point","coordinates":[-120.24519,37.75552]},"properties":{"src":"mrds","name":"Bower","status":"Occurrence","commodities":"gold","gold":true,"url":"https://mrdata.usgs.gov/mrds/show-mrds.php?dep_id=10287395"}},{"type":"Feature","geometry":{"type":"Point","coordinates":[-120.26319,37.82912]},"properties":{"src":"mrds","name":"Eureka","status":"Occurrence","commodities":"gold","gold":true,"url":"https://mrdata.usgs.gov/mrds/show-mrds.php?dep_id=10287834"}},{"type":"Feature","geometry":{"type":"Point","coordinates":[-119.20403,37.86076]},"properties":{"src":"mrds","name":"Ella Bloss No. 2","status":"Occurrence","commodities":"gold","gold":true,"url":"https://mrdata.usgs.gov/mrds/show-mrds.php?dep_id=10031469"}},{"type":"Feature","geometry":{"type":"Point","coordinates":[-119.21537,37.85053]},"properties":{"src":"mrds","name":"Ella Bloss","status":"Unknown","commodities":"gold","gold":true,"url":"https://mrdata.usgs.gov/mrds/show-mrds.php?dep_id=10212729"}},{"type":"Feature","geometry":{"type":"Point","coordinates":[-120.25377,37.76603]},"properties":{"src":"mrds","name":"Mc Alpine","status":"Past Producer","commodities":"gold","gold":true,"url":"https://mrdata.usgs.gov/mrds/show-mrds.php?dep_id=10077964"}},{"type":"Feature","geometry":{"type":"Point","coordinates":[-120.19099,37.78882]},"properties":{"src":"mrds","name":"Wonder Mine","status":"Past Producer","commodities":"manganese","gold":false,"url":"https://mrdata.usgs.gov/mrds/show-mrds.php?dep_id=10141299"}},{"type":"Feature","geometry":{"type":"Point","coordinates":[-119.88018,37.79822]},"properties":{"src":"mrds","name":"Anita No 1","status":"Occurrence","commodities":"tungsten","gold":false,"url":"https://mrdata.usgs.gov/mrds/show-mrds.php?dep_id=10141433"}},{"type":"Feature","geometry":{"type":"Point","coordinates":[-120.50517,37.91659]},"properties":{"src":"mrds","name":"Horseshoe of Grassely Group","status":"Producer","commodities":"chromium","gold":false,"url":"https://mrdata.usgs.gov/mrds/show-mrds.php?dep_id=10077867"}},{"type":"Feature","geometry":{"type":"Point","coordinates":[-120.50544,37.90686]},"properties":{"src":"mrds","name":"Spotted Fawn Claim, Ziehlke Claims Group 1948","status":"Past Producer","commodities":"chromium","gold":false,"url":"https://mrdata.usgs.gov/mrds/show-mrds.php?dep_id=10077870"}},{"type":"Feature","geometry":{"type":"Point","coordinates":[-120.46211,37.97602]},"properties":{"src":"mrds","name":"Tarantula","status":"Occurrence","commodities":"gold","gold":true,"url":"https://mrdata.usgs.gov/mrds/show-mrds.php?dep_id=10077891"}},{"type":"Feature","geometry":{"type":"Point","coordinates":[-120.43489,37.92659]},"properties":{"src":"mrds","name":"Mackey","status":"Producer","commodities":"chromium","gold":false,"url":"https://mrdata.usgs.gov/mrds/show-mrds.php?dep_id=10077897"}},{"type":"Feature","geometry":{"type":"Point","coordinates":[-120.44544,38.02241]},"properties":{"src":"mrds","name":"Hard To Find","status":"Past Producer","commodities":"gold, silver, copper","gold":true,"url":"https://mrdata.usgs.gov/mrds/show-mrds.php?dep_id=10077905"}},{"type":"Feature","geometry":{"type":"Point","coordinates":[-120.42322,38.00824]},"properties":{"src":"mrds","name":"Crystal Springs","status":"Producer","commodities":"gold","gold":true,"url":"https://mrdata.usgs.gov/mrds/show-mrds.php?dep_id=10077912"}},{"type":"Feature","geometry":{"type":"Point","coordinates":[-120.47767,37.99713]},"properties":{"src":"mrds","name":"Chileno","status":"Past Producer","commodities":"gold, silver","gold":true,"url":"https://mrdata.usgs.gov/mrds/show-mrds.php?dep_id=10077921"}},{"type":"Feature","geometry":{"type":"Point","coordinates":[-120.46156,37.98963]},"properties":{"src":"mrds","name":"Arbona","status":"Past Producer","commodities":"gold","gold":true,"url":"https://mrdata.usgs.gov/mrds/show-mrds.php?dep_id=10077923"}},{"type":"Feature","geometry":{"type":"Point","coordinates":[-120.38017,37.97409]},"properties":{"src":"mrds","name":"Stockton","status":"Past Producer","commodities":"gold","gold":true,"url":"https://mrdata.usgs.gov/mrds/show-mrds.php?dep_id=10077938"}},{"type":"Feature","geometry":{"type":"Point","coordinates":[-120.34794,38.06547]},"properties":{"src":"mrds","name":"Mountain Lily","status":"Producer","commodities":"gold","gold":true,"url":"https://mrdata.usgs.gov/mrds/show-mrds.php?dep_id=10077950"}},{"type":"Feature","geometry":{"type":"Point","coordinates":[-120.47433,38.01685]},"properties":{"src":"mrds","name":"Rising Sun","status":"Past Producer","commodities":"gold","gold":true,"url":"https://mrdata.usgs.gov/mrds/show-mrds.php?dep_id=10102809"}},{"type":"Feature","geometry":{"type":"Point","coordinates":[-120.381,38.13102]},"properties":{"src":"mrds","name":"Louise","status":"Past Producer","commodities":"gold","gold":true,"url":"https://mrdata.usgs.gov/mrds/show-mrds.php?dep_id=10102817"}},{"type":"Feature","geometry":{"type":"Point","coordinates":[-120.50961,37.87992]},"properties":{"src":"mrds","name":"Mccormick Mine","status":"Past Producer","commodities":"chromium","gold":false,"url":"https://mrdata.usgs.gov/mrds/show-mrds.php?dep_id=10103914"}},{"type":"Feature","geometry":{"type":"Point","coordinates":[-120.40517,37.88298]},"properties":{"src":"mrds","name":"Brown Bird","status":"Producer","commodities":"gold","gold":true,"url":"https://mrdata.usgs.gov/mrds/show-mrds.php?dep_id=10109428"}},{"type":"Feature","geometry":{"type":"Point","coordinates":[-120.36767,38.02658]},"properties":{"src":"mrds","name":"Hudson & Calhoun","status":"Producer","commodities":"gold","gold":true,"url":"https://mrdata.usgs.gov/mrds/show-mrds.php?dep_id=10109442"}},{"type":"Feature","geometry":{"type":"Point","coordinates":[-120.47294,37.99685]},"properties":{"src":"mrds","name":"Wilson & Means Group","status":"Producer","commodities":"gold","gold":true,"url":"https://mrdata.usgs.gov/mrds/show-mrds.php?dep_id=10109470"}},{"type":"Feature","geometry":{"type":"Point","coordinates":[-120.561,37.90908]},"properties":{"src":"mrds","name":"If I Can Mine","status":"Producer","commodities":"gold","gold":true,"url":"https://mrdata.usgs.gov/mrds/show-mrds.php?dep_id=10111223"}},{"type":"Feature","geometry":{"type":"Point","coordinates":[-120.4535,37.86798]},"properties":{"src":"mrds","name":"Eggling and Williams","status":"Producer","commodities":"chromium, copper","gold":false,"url":"https://mrdata.usgs.gov/mrds/show-mrds.php?dep_id=10111224"}},{"type":"Feature","geometry":{"type":"Point","coordinates":[-120.41906,37.94881]},"properties":{"src":"mrds","name":"Farmington","status":"Producer","commodities":"gold","gold":true,"url":"https://mrdata.usgs.gov/mrds/show-mrds.php?dep_id=10111231"}},{"type":"Feature","geometry":{"type":"Point","coordinates":[-120.42322,37.92548]},"properties":{"src":"mrds","name":"Heslep","status":"Producer","commodities":"gold, silver","gold":true,"url":"https://mrdata.usgs.gov/mrds/show-mrds.php?dep_id=10111232"}},{"type":"Feature","geometry":{"type":"Point","coordinates":[-120.37156,38.03297]},"properties":{"src":"mrds","name":"Hard Gravel","status":"Producer","commodities":"gold","gold":true,"url":"https://mrdata.usgs.gov/mrds/show-mrds.php?dep_id=10111240"}},{"type":"Feature","geometry":{"type":"Point","coordinates":[-120.4268,37.95462]},"properties":{"src":"mrds","name":"Allen","status":"Unknown","commodities":"gold","gold":true,"url":"https://mrdata.usgs.gov/mrds/show-mrds.php?dep_id=10117277"}},{"type":"Feature","geometry":{"type":"Point","coordinates":[-120.4552,37.86802]},"properties":{"src":"mrds","name":"Leonard Lapappe","status":"Past Producer","commodities":"chromium","gold":false,"url":"https://mrdata.usgs.gov/mrds/show-mrds.php?dep_id=10117515"}},{"type":"Feature","geometry":{"type":"Point","coordinates":[-120.4535,37.98711]},"properties":{"src":"mrds","name":"Gagnere","status":"Unknown","commodities":"gold","gold":true,"url":"https://mrdata.usgs.gov/mrds/show-mrds.php?dep_id=10117602"}},{"type":"Feature","geometry":{"type":"Point","coordinates":[-120.466,37.99241]},"properties":{"src":"mrds","name":"Gross and Street","status":"Occurrence","commodities":"gold","gold":true,"url":"https://mrdata.usgs.gov/mrds/show-mrds.php?dep_id=10117644"}},{"type":"Feature","geometry":{"type":"Point","coordinates":[-120.3671,38.04521]},"properties":{"src":"mrds","name":"Gold Nugget","status":"Occurrence","commodities":"gold","gold":true,"url":"https://mrdata.usgs.gov/mrds/show-mrds.php?dep_id=10117655"}},{"type":"Feature","geometry":{"type":"Point","coordinates":[-120.4907,38.00631]},"properties":{"src":"mrds","name":"Mcardle","status":"Occurrence","commodities":"gold","gold":true,"url":"https://mrdata.usgs.gov/mrds/show-mrds.php?dep_id=10117890"}},{"type":"Feature","geometry":{"type":"Point","coordinates":[-120.4488,37.94851]},"properties":{"src":"mrds","name":"Blue Jacket","status":"Unknown","commodities":"gold","gold":true,"url":"https://mrdata.usgs.gov/mrds/show-mrds.php?dep_id=10141330"}},{"type":"Feature","geometry":{"type":"Point","coordinates":[-120.4868,38.00881]},"properties":{"src":"mrds","name":"Feretti","status":"Unknown","commodities":"gold","gold":true,"url":"https://mrdata.usgs.gov/mrds/show-mrds.php?dep_id=10141462"}},{"type":"Feature","geometry":{"type":"Point","coordinates":[-120.3863,38.06211]},"properties":{"src":"mrds","name":"Schoettgen","status":"Occurrence","commodities":"manganese","gold":false,"url":"https://mrdata.usgs.gov/mrds/show-mrds.php?dep_id=10141561"}},{"type":"Feature","geometry":{"type":"Point","coordinates":[-120.3932,38.02681]},"properties":{"src":"mrds","name":"Santiago","status":"Unknown","commodities":"gold","gold":true,"url":"https://mrdata.usgs.gov/mrds/show-mrds.php?dep_id=10141781"}},{"type":"Feature","geometry":{"type":"Point","coordinates":[-120.3918,38.00461]},"properties":{"src":"mrds","name":"Madrid","status":"Occurrence","commodities":"manganese","gold":false,"url":"https://mrdata.usgs.gov/mrds/show-mrds.php?dep_id=10141862"}},{"type":"Feature","geometry":{"type":"Point","coordinates":[-120.3952,37.98991]},"properties":{"src":"mrds","name":"Last Chance","status":"Unknown","commodities":"gold","gold":true,"url":"https://mrdata.usgs.gov/mrds/show-mrds.php?dep_id=10141869"}},{"type":"Feature","geometry":{"type":"Point","coordinates":[-120.3963,37.87132]},"properties":{"src":"mrds","name":"Bella Union","status":"Unknown","commodities":"gold","gold":true,"url":"https://mrdata.usgs.gov/mrds/show-mrds.php?dep_id=10141900"}},{"type":"Feature","geometry":{"type":"Point","coordinates":[-120.4502,37.96131]},"properties":{"src":"mrds","name":"Rawhide Deposit","status":"Occurrence","commodities":"gold, silver","gold":true,"url":"https://mrdata.usgs.gov/mrds/show-mrds.php?dep_id=10141938"}},{"type":"Feature","geometry":{"type":"Point","coordinates":[-120.4374,38.05351]},"properties":{"src":"mrds","name":"Densmore","status":"Occurrence","commodities":"gold, copper, silver","gold":true,"url":"https://mrdata.usgs.gov/mrds/show-mrds.php?dep_id=10165659"}},{"type":"Feature","geometry":{"type":"Point","coordinates":[-120.4054,37.97571]},"properties":{"src":"mrds","name":"Unidentified Workings","status":"Unknown","commodities":"gold","gold":true,"url":"https://mrdata.usgs.gov/mrds/show-mrds.php?dep_id=10165670"}},{"type":"Feature","geometry":{"type":"Point","coordinates":[-120.4079,37.88132]},"properties":{"src":"mrds","name":"Golden Nugget","status":"Unknown","commodities":"gold","gold":true,"url":"https://mrdata.usgs.gov/mrds/show-mrds.php?dep_id=10165862"}},{"type":"Feature","geometry":{"type":"Point","coordinates":[-120.576,37.88632]},"properties":{"src":"mrds","name":"Scorpion","status":"Unknown","commodities":"gold","gold":true,"url":"https://mrdata.usgs.gov/mrds/show-mrds.php?dep_id=10165931"}},{"type":"Feature","geometry":{"type":"Point","coordinates":[-120.4546,37.96571]},"properties":{"src":"mrds","name":"Rappahennock","status":"Prospect","commodities":"gold","gold":true,"url":"https://mrdata.usgs.gov/mrds/show-mrds.php?dep_id=10165968"}},{"type":"Feature","geometry":{"type":"Point","coordinates":[-120.3507,38.04241]},"properties":{"src":"mrds","name":"Redemption and Ice House","status":"Occurrence","commodities":"gold","gold":true,"url":"https://mrdata.usgs.gov/mrds/show-mrds.php?dep_id=10166010"}},{"type":"Feature","geometry":{"type":"Point","coordinates":[-120.4899,37.97321]},"properties":{"src":"mrds","name":"Unidentified Workings","status":"Occurrence","commodities":"gold","gold":true,"url":"https://mrdata.usgs.gov/mrds/show-mrds.php?dep_id=10166209"}},{"type":"Feature","geometry":{"type":"Point","coordinates":[-120.3724,37.95162]},"properties":{"src":"mrds","name":"Kincaid Flat","status":"Unknown","commodities":"gold","gold":true,"url":"https://mrdata.usgs.gov/mrds/show-mrds.php?dep_id=10190037"}},{"type":"Feature","geometry":{"type":"Point","coordinates":[-120.3496,37.92572]},"properties":{"src":"mrds","name":"Dunning Ranch","status":"Occurrence","commodities":"limestone","gold":false,"url":"https://mrdata.usgs.gov/mrds/show-mrds.php?dep_id=10190176"}},{"type":"Feature","geometry":{"type":"Point","coordinates":[-120.4616,38.00801]},"properties":{"src":"mrds","name":"Eustis","status":"Unknown","commodities":"gold","gold":true,"url":"https://mrdata.usgs.gov/mrds/show-mrds.php?dep_id=10190468"}},{"type":"Feature","geometry":{"type":"Point","coordinates":[-120.5096,37.87992]},"properties":{"src":"mrds","name":"Mccormick Mine","status":"Past Producer","commodities":"chromium, iron","gold":false,"url":"https://mrdata.usgs.gov/mrds/show-mrds.php?dep_id=10190541"}},{"type":"Feature","geometry":{"type":"Point","coordinates":[-120.3877,37.92352]},"properties":{"src":"mrds","name":"Hess","status":"Unknown","commodities":"gold","gold":true,"url":"https://mrdata.usgs.gov/mrds/show-mrds.php?dep_id=10190573"}},{"type":"Feature","geometry":{"type":"Point","coordinates":[-120.4213,38.02681]},"properties":{"src":"mrds","name":"Clark","status":"Unknown","commodities":"gold","gold":true,"url":"https://mrdata.usgs.gov/mrds/show-mrds.php?dep_id=10207487"}},{"type":"Feature","geometry":{"type":"Point","coordinates":[-120.4027,38.08131]},"properties":{"src":"mrds","name":"Consolidated River Placer","status":"Unknown","commodities":"gold","gold":true,"url":"https://mrdata.usgs.gov/mrds/show-mrds.php?dep_id=10214221"}},{"type":"Feature","geometry":{"type":"Point","coordinates":[-120.4682,38.00741]},"properties":{"src":"mrds","name":"Tin Can","status":"Occurrence","commodities":"gold","gold":true,"url":"https://mrdata.usgs.gov/mrds/show-mrds.php?dep_id=10214499"}},{"type":"Feature","geometry":{"type":"Point","coordinates":[-120.4746,37.91302]},"properties":{"src":"mrds","name":"Sonora Black Quarry","status":"Producer","commodities":"crushed stone","gold":false,"url":"https://mrdata.usgs.gov/mrds/show-mrds.php?dep_id=10214847"}},{"type":"Feature","geometry":{"type":"Point","coordinates":[-120.441,37.94992]},"properties":{"src":"mrds","name":"Junietta","status":"Unknown","commodities":"gold","gold":true,"url":"https://mrdata.usgs.gov/mrds/show-mrds.php?dep_id=10238335"}},{"type":"Feature","geometry":{"type":"Point","coordinates":[-120.4379,37.94572]},"properties":{"src":"mrds","name":"Jamestown Mine","status":"Plant","commodities":"gold, silver","gold":true,"url":"https://mrdata.usgs.gov/mrds/show-mrds.php?dep_id=10238351"}},{"type":"Feature","geometry":{"type":"Point","coordinates":[-120.3591,38.05741]},"properties":{"src":"mrds","name":"Wind Wheel Lode","status":"Unknown","commodities":"gold","gold":true,"url":"https://mrdata.usgs.gov/mrds/show-mrds.php?dep_id=10238442"}},{"type":"Feature","geometry":{"type":"Point","coordinates":[-120.4238,38.00521]},"properties":{"src":"mrds","name":"Haslam","status":"Unknown","commodities":"gold","gold":true,"url":"https://mrdata.usgs.gov/mrds/show-mrds.php?dep_id=10238508"}},{"type":"Feature","geometry":{"type":"Point","coordinates":[-120.4416,38.02271]},"properties":{"src":"mrds","name":"Gopher","status":"Unknown","commodities":"gold","gold":true,"url":"https://mrdata.usgs.gov/mrds/show-mrds.php?dep_id=10238516"}},{"type":"Feature","geometry":{"type":"Point","coordinates":[-120.4752,37.97681]},"properties":{"src":"mrds","name":"Hope","status":"Occurrence","commodities":"gold","gold":true,"url":"https://mrdata.usgs.gov/mrds/show-mrds.php?dep_id=10238661"}},{"type":"Feature","geometry":{"type":"Point","coordinates":[-120.4054,37.89052]},"properties":{"src":"mrds","name":"Nugget","status":"Occurrence","commodities":"gold","gold":true,"url":"https://mrdata.usgs.gov/mrds/show-mrds.php?dep_id=10238688"}},{"type":"Feature","geometry":{"type":"Point","coordinates":[-120.3602,37.85822]},"properties":{"src":"mrds","name":"Big Chunk","status":"Unknown","commodities":"gold","gold":true,"url":"https://mrdata.usgs.gov/mrds/show-mrds.php?dep_id=10238736"}},{"type":"Feature","geometry":{"type":"Point","coordinates":[-120.4563,37.97881]},"properties":{"src":"mrds","name":"Golden Star","status":"Past Producer","commodities":"gold, copper, lead, silver","gold":true,"url":"https://mrdata.usgs.gov/mrds/show-mrds.php?dep_id=10238846"}},{"type":"Feature","geometry":{"type":"Point","coordinates":[-120.4291,37.99351]},"properties":{"src":"mrds","name":"Buckeye","status":"Unknown","commodities":"gold","gold":true,"url":"https://mrdata.usgs.gov/mrds/show-mrds.php?dep_id=10239039"}},{"type":"Feature","geometry":{"type":"Point","coordinates":[-120.3743,37.90212]},"properties":{"src":"mrds","name":"Anderson Gold Mining Company","status":"Occurrence","commodities":"gold","gold":true,"url":"https://mrdata.usgs.gov/mrds/show-mrds.php?dep_id=10239050"}},{"type":"Feature","geometry":{"type":"Point","coordinates":[-120.3896,38.06301]},"properties":{"src":"mrds","name":"Experimental","status":"Occurrence","commodities":"gold, lead, silver","gold":true,"url":"https://mrdata.usgs.gov/mrds/show-mrds.php?dep_id=10262801"}},{"type":"Feature","geometry":{"type":"Point","coordinates":[-120.4366,37.92102]},"properties":{"src":"mrds","name":"Ft Lillard Claims","status":"Prospect","commodities":"copper, iron","gold":false,"url":"https://mrdata.usgs.gov/mrds/show-mrds.php?dep_id=10263196"}},{"type":"Feature","geometry":{"type":"Point","coordinates":[-120.4299,37.94072]},"properties":{"src":"mrds","name":"Mangante","status":"Unknown","commodities":"gold","gold":true,"url":"https://mrdata.usgs.gov/mrds/show-mrds.php?dep_id=10263197"}},{"type":"Feature","geometry":{"type":"Point","coordinates":[-120.3691,38.07131]},"properties":{"src":"mrds","name":"Yankee Hill Mining Corporation","status":"Past Producer","commodities":"gold, silver","gold":true,"url":"https://mrdata.usgs.gov/mrds/show-mrds.php?dep_id=10263234"}},{"type":"Feature","geometry":{"type":"Point","coordinates":[-120.4241,38.06851]},"properties":{"src":"mrds","name":"Good Return","status":"Unknown","commodities":"gold","gold":true,"url":"https://mrdata.usgs.gov/mrds/show-mrds.php?dep_id=10263349"}},{"type":"Feature","geometry":{"type":"Point","coordinates":[-120.4157,37.87412]},"properties":{"src":"mrds","name":"Dredged Areas","status":"Occurrence","commodities":"gold","gold":true,"url":"https://mrdata.usgs.gov/mrds/show-mrds.php?dep_id=10263367"}},{"type":"Feature","geometry":{"type":"Point","coordinates":[-120.3791,38.01411]},"properties":{"src":"mrds","name":"Page","status":"Past Producer","commodities":"gold","gold":true,"url":"https://mrdata.usgs.gov/mrds/show-mrds.php?dep_id=10263457"}},{"type":"Feature","geometry":{"type":"Point","coordinates":[-120.4624,37.97991]},"properties":{"src":"mrds","name":"Ok and North Extension","status":"Unknown","commodities":"gold","gold":true,"url":"https://mrdata.usgs.gov/mrds/show-mrds.php?dep_id=10287094"}},{"type":"Feature","geometry":{"type":"Point","coordinates":[-120.4713,37.98741]},"properties":{"src":"mrds","name":"Pride of Tuolomne","status":"Unknown","commodities":"gold","gold":true,"url":"https://mrdata.usgs.gov/mrds/show-mrds.php?dep_id=10287241"}},{"type":"Feature","geometry":{"type":"Point","coordinates":[-120.4052,38.04301]},"properties":{"src":"mrds","name":"Yukon Mine Number One","status":"Past Producer","commodities":"gold, silver","gold":true,"url":"https://mrdata.usgs.gov/mrds/show-mrds.php?dep_id=10287342"}},{"type":"Feature","geometry":{"type":"Point","coordinates":[-120.3727,38.08991]},"properties":{"src":"mrds","name":"Hot Spot","status":"Occurrence","commodities":"gold, silver","gold":true,"url":"https://mrdata.usgs.gov/mrds/show-mrds.php?dep_id=10287365"}},{"type":"Feature","geometry":{"type":"Point","coordinates":[-120.4043,37.87072]},"properties":{"src":"mrds","name":"Bird","status":"Unknown","commodities":"gold","gold":true,"url":"https://mrdata.usgs.gov/mrds/show-mrds.php?dep_id=10287455"}},{"type":"Feature","geometry":{"type":"Point","coordinates":[-120.5096,37.87992]},"properties":{"src":"mrds","name":"Unnamed Adit","status":"Prospect","commodities":"chromium","gold":false,"url":"https://mrdata.usgs.gov/mrds/show-mrds.php?dep_id=10287548"}},{"type":"Feature","geometry":{"type":"Point","coordinates":[-120.3999,38.02491]},"properties":{"src":"mrds","name":"Williamson","status":"Unknown","commodities":"gold","gold":true,"url":"https://mrdata.usgs.gov/mrds/show-mrds.php?dep_id=10287709"}},{"type":"Feature","geometry":{"type":"Point","coordinates":[-120.4627,38.00411]},"properties":{"src":"mrds","name":"Valperaiso","status":"Unknown","commodities":"gold","gold":true,"url":"https://mrdata.usgs.gov/mrds/show-mrds.php?dep_id=10287786"}},{"type":"Feature","geometry":{"type":"Point","coordinates":[-120.3893,37.96912]},"properties":{"src":"mrds","name":"Fisher Behlow & Ex Placer","status":"Unknown","commodities":"gold","gold":true,"url":"https://mrdata.usgs.gov/mrds/show-mrds.php?dep_id=10287819"}},{"type":"Feature","geometry":{"type":"Point","coordinates":[-120.4143,37.90992]},"properties":{"src":"mrds","name":"Jumper Deposit","status":"Occurrence","commodities":"gold, silver","gold":true,"url":"https://mrdata.usgs.gov/mrds/show-mrds.php?dep_id=10287852"}},{"type":"Feature","geometry":{"type":"Point","coordinates":[-120.382,37.98286]},"properties":{"src":"mrds","name":"Sonora District","status":"Past Producer","commodities":"gold","gold":true,"url":"https://mrdata.usgs.gov/mrds/show-mrds.php?dep_id=10310682"}},{"type":"Feature","geometry":{"type":"Point","coordinates":[-119.62237,38.16381]},"properties":{"src":"mrds","name":"Tower Peak","status":"Occurrence","commodities":"molybdenum","gold":false,"url":"https://mrdata.usgs.gov/mrds/show-mrds.php?dep_id=10037061"}},{"type":"Feature","geometry":{"type":"Point","coordinates":[-119.60098,38.14992]},"properties":{"src":"mrds","name":"Tower Peak","status":"Occurrence","commodities":"molybdenum","gold":false,"url":"https://mrdata.usgs.gov/mrds/show-mrds.php?dep_id=10090544"}},{"type":"Feature","geometry":{"type":"Point","coordinates":[-119.61765,38.16659]},"properties":{"src":"mrds","name":"Dorothy Lake","status":"Past Producer","commodities":"tungsten","gold":false,"url":"https://mrdata.usgs.gov/mrds/show-mrds.php?dep_id=10101391"}},{"type":"Feature","geometry":{"type":"Point","coordinates":[-119.62038,38.17322]},"properties":{"src":"mrds","name":"Montezuma","status":"Past Producer","commodities":"tungsten","gold":false,"url":"https://mrdata.usgs.gov/mrds/show-mrds.php?dep_id=10214522"}},{"type":"Feature","geometry":{"type":"Point","coordinates":[-119.62015,38.17298]},"properties":{"src":"mrds","name":"Montezuma","status":"Producer","commodities":"tungsten","gold":false,"url":"https://mrdata.usgs.gov/mrds/show-mrds.php?dep_id=10077986"}},{"type":"Feature","geometry":{"type":"Point","coordinates":[-119.60178,38.17352]},"properties":{"src":"mrds","name":"Dorothy Lake","status":"Occurrence","commodities":"tungsten","gold":false,"url":"https://mrdata.usgs.gov/mrds/show-mrds.php?dep_id=10141719"}},{"type":"Feature","geometry":{"type":"Point","coordinates":[-119.66908,38.14662]},"properties":{"src":"mrds","name":"High Sierra","status":"Past Producer","commodities":"tungsten","gold":false,"url":"https://mrdata.usgs.gov/mrds/show-mrds.php?dep_id=10165536"}},{"type":"Feature","geometry":{"type":"Point","coordinates":[-119.62318,38.16662]},"properties":{"src":"mrds","name":"Bigelow","status":"Prospect","commodities":"tungsten","gold":false,"url":"https://mrdata.usgs.gov/mrds/show-mrds.php?dep_id=10166081"}},{"type":"Feature","geometry":{"type":"Point","coordinates":[-119.61768,38.17182]},"properties":{"src":"mrds","name":"Eleven Kids","status":"Prospect","commodities":"tungsten","gold":false,"url":"https://mrdata.usgs.gov/mrds/show-mrds.php?dep_id=10214533"}},{"type":"Feature","geometry":{"type":"Point","coordinates":[-119.67518,38.14072]},"properties":{"src":"mrds","name":"Tamarack","status":"Past Producer","commodities":"tungsten","gold":false,"url":"https://mrdata.usgs.gov/mrds/show-mrds.php?dep_id=10287331"}},{"type":"Feature","geometry":{"type":"Point","coordinates":[-120.18433,38.03325]},"properties":{"src":"mrds","name":"Sivori and Lucky Strike Group","status":"Occurrence","commodities":"tungsten, gold","gold":true,"url":"https://mrdata.usgs.gov/mrds/show-mrds.php?dep_id=10008592"}},{"type":"Feature","geometry":{"type":"Point","coordinates":[-120.26767,37.96659]},"properties":{"src":"mrds","name":"Soulsby Mine","status":"Occurrence","commodities":"gold, bismuth","gold":true,"url":"https://mrdata.usgs.gov/mrds/show-mrds.php?dep_id=10009199"}},{"type":"Feature","geometry":{"type":"Point","coordinates":[-120.25628,37.9627]},"properties":{"src":"mrds","name":"West Prospect","status":"Occurrence","commodities":"manganese","gold":false,"url":"https://mrdata.usgs.gov/mrds/show-mrds.php?dep_id=10033745"}},{"type":"Feature","geometry":{"type":"Point","coordinates":[-120.30406,38.14241]},"properties":{"src":"mrds","name":"Tex","status":"Producer","commodities":"gold, silver, copper","gold":true,"url":"https://mrdata.usgs.gov/mrds/show-mrds.php?dep_id=10033958"}},{"type":"Feature","geometry":{"type":"Point","coordinates":[-120.27683,37.9702]},"properties":{"src":"mrds","name":"Black Oak Group","status":"Past Producer","commodities":"gold, zinc, lead, iron","gold":true,"url":"https://mrdata.usgs.gov/mrds/show-mrds.php?dep_id=10034515"}},{"type":"Feature","geometry":{"type":"Point","coordinates":[-120.24682,37.89131]},"properties":{"src":"mrds","name":"Blue & White Star","status":"Past Producer","commodities":"gold","gold":true,"url":"https://mrdata.usgs.gov/mrds/show-mrds.php?dep_id=10034516"}},{"type":"Feature","geometry":{"type":"Point","coordinates":[-120.2235,37.96214]},"properties":{"src":"mrds","name":"Bonita","status":"Past Producer","commodities":"gold","gold":true,"url":"https://mrdata.usgs.gov/mrds/show-mrds.php?dep_id=10034517"}},{"type":"Feature","geometry":{"type":"Point","coordinates":[-120.24489,37.97575]},"properties":{"src":"mrds","name":"Carlotta Consolidated Group","status":"Past Producer","commodities":"gold, lead, zinc, iron","gold":true,"url":"https://mrdata.usgs.gov/mrds/show-mrds.php?dep_id=10034521"}},{"type":"Feature","geometry":{"type":"Point","coordinates":[-120.25017,37.9802]},"properties":{"src":"mrds","name":"Central","status":"Producer","commodities":"gold","gold":true,"url":"https://mrdata.usgs.gov/mrds/show-mrds.php?dep_id=10034522"}},{"type":"Feature","geometry":{"type":"Point","coordinates":[-120.19155,37.90686]},"properties":{"src":"mrds","name":"Chaparral","status":"Past Producer","commodities":"gold","gold":true,"url":"https://mrdata.usgs.gov/mrds/show-mrds.php?dep_id=10034524"}},{"type":"Feature","geometry":{"type":"Point","coordinates":[-120.23544,37.94881]},"properties":{"src":"mrds","name":"Consuella Mine","status":"Past Producer","commodities":"gold","gold":true,"url":"https://mrdata.usgs.gov/mrds/show-mrds.php?dep_id=10034526"}},{"type":"Feature","geometry":{"type":"Point","coordinates":[-120.27683,37.9702]},"properties":{"src":"mrds","name":"Cornucopia No. 1 , No. 2 Group","status":"Producer","commodities":"gold","gold":true,"url":"https://mrdata.usgs.gov/mrds/show-mrds.php?dep_id=10034528"}},{"type":"Feature","geometry":{"type":"Point","coordinates":[-120.27683,37.9702]},"properties":{"src":"mrds","name":"Dawn","status":"Producer","commodities":"gold","gold":true,"url":"https://mrdata.usgs.gov/mrds/show-mrds.php?dep_id=10034531"}},{"type":"Feature","geometry":{"type":"Point","coordinates":[-120.22794,37.99742]},"properties":{"src":"mrds","name":"Dreisam","status":"Producer","commodities":"gold, zinc, lead, iron","gold":true,"url":"https://mrdata.usgs.gov/mrds/show-mrds.php?dep_id=10034533"}},{"type":"Feature","geometry":{"type":"Point","coordinates":[-120.23128,37.99881]},"properties":{"src":"mrds","name":"Duffield","status":"Past Producer","commodities":"gold","gold":true,"url":"https://mrdata.usgs.gov/mrds/show-mrds.php?dep_id=10034534"}},{"type":"Feature","geometry":{"type":"Point","coordinates":[-120.18488,37.88631]},"properties":{"src":"mrds","name":"Duleek No. 1 , 2 , 3","status":"Past Producer","commodities":"gold","gold":true,"url":"https://mrdata.usgs.gov/mrds/show-mrds.php?dep_id=10034535"}},{"type":"Feature","geometry":{"type":"Point","coordinates":[-120.16239,38.07548]},"properties":{"src":"mrds","name":"Excelsior","status":"Past Producer","commodities":"gold","gold":true,"url":"https://mrdata.usgs.gov/mrds/show-mrds.php?dep_id=10034540"}},{"type":"Feature","geometry":{"type":"Point","coordinates":[-120.27822,37.88631]},"properties":{"src":"mrds","name":"Free Lance Ext. 4","status":"Producer","commodities":"gold","gold":true,"url":"https://mrdata.usgs.gov/mrds/show-mrds.php?dep_id=10034544"}},{"type":"Feature","geometry":{"type":"Point","coordinates":[-120.18766,37.90492]},"properties":{"src":"mrds","name":"Garfield & Virgina","status":"Past Producer","commodities":"gold","gold":true,"url":"https://mrdata.usgs.gov/mrds/show-mrds.php?dep_id=10034545"}},{"type":"Feature","geometry":{"type":"Point","coordinates":[-120.27683,37.98353]},"properties":{"src":"mrds","name":"Genevieve","status":"Producer","commodities":"gold","gold":true,"url":"https://mrdata.usgs.gov/mrds/show-mrds.php?dep_id=10034547"}},{"type":"Feature","geometry":{"type":"Point","coordinates":[-120.29406,37.98409]},"properties":{"src":"mrds","name":"Golden Dam","status":"Producer","commodities":"gold","gold":true,"url":"https://mrdata.usgs.gov/mrds/show-mrds.php?dep_id=10034549"}},{"type":"Feature","geometry":{"type":"Point","coordinates":[-120.25767,38.0413]},"properties":{"src":"mrds","name":"Golden West","status":"Producer","commodities":"gold","gold":true,"url":"https://mrdata.usgs.gov/mrds/show-mrds.php?dep_id=10034552"}},{"type":"Feature","geometry":{"type":"Point","coordinates":[-120.22349,37.93742]},"properties":{"src":"mrds","name":"Goldwin","status":"Past Producer","commodities":"gold","gold":true,"url":"https://mrdata.usgs.gov/mrds/show-mrds.php?dep_id=10034553"}},{"type":"Feature","geometry":{"type":"Point","coordinates":[-120.28461,38.07102]},"properties":{"src":"mrds","name":"Hazel Dell Group","status":"Past Producer","commodities":"gold","gold":true,"url":"https://mrdata.usgs.gov/mrds/show-mrds.php?dep_id=10034558"}},{"type":"Feature","geometry":{"type":"Point","coordinates":[-120.1271,37.88298]},"properties":{"src":"mrds","name":"Hull","status":"Producer","commodities":"gold","gold":true,"url":"https://mrdata.usgs.gov/mrds/show-mrds.php?dep_id=10034563"}},{"type":"Feature","geometry":{"type":"Point","coordinates":[-120.14877,37.98548]},"properties":{"src":"mrds","name":"Independent","status":"Producer","commodities":"gold","gold":true,"url":"https://mrdata.usgs.gov/mrds/show-mrds.php?dep_id=10034565"}},{"type":"Feature","geometry":{"type":"Point","coordinates":[-120.25544,38.02575]},"properties":{"src":"mrds","name":"Joe Hooker","status":"Producer","commodities":"gold","gold":true,"url":"https://mrdata.usgs.gov/mrds/show-mrds.php?dep_id=10034567"}},{"type":"Feature","geometry":{"type":"Point","coordinates":[-120.20211,38.04992]},"properties":{"src":"mrds","name":"Lamphere","status":"Past Producer","commodities":"gold","gold":true,"url":"https://mrdata.usgs.gov/mrds/show-mrds.php?dep_id=10034569"}},{"type":"Feature","geometry":{"type":"Point","coordinates":[-120.22321,37.89686]},"properties":{"src":"mrds","name":"La Preciosa","status":"Producer","commodities":"gold","gold":true,"url":"https://mrdata.usgs.gov/mrds/show-mrds.php?dep_id=10034570"}},{"type":"Feature","geometry":{"type":"Point","coordinates":[-120.25267,37.89825]},"properties":{"src":"mrds","name":"Los Angeles","status":"Past Producer","commodities":"gold","gold":true,"url":"https://mrdata.usgs.gov/mrds/show-mrds.php?dep_id=10034576"}},{"type":"Feature","geometry":{"type":"Point","coordinates":[-120.25683,37.98409]},"properties":{"src":"mrds","name":"Louisiana Group","status":"Past Producer","commodities":"gold, lead, iron, zinc","gold":true,"url":"https://mrdata.usgs.gov/mrds/show-mrds.php?dep_id=10034577"}},{"type":"Feature","geometry":{"type":"Point","coordinates":[-120.24266,37.91159]},"properties":{"src":"mrds","name":"Lucky Boy","status":"Past Producer","commodities":"gold","gold":true,"url":"https://mrdata.usgs.gov/mrds/show-mrds.php?dep_id=10034578"}},{"type":"Feature","geometry":{"type":"Point","coordinates":[-120.21933,37.97048]},"properties":{"src":"mrds","name":"Mayflower Group","status":"Past Producer","commodities":"gold","gold":true,"url":"https://mrdata.usgs.gov/mrds/show-mrds.php?dep_id=10034582"}},{"type":"Feature","geometry":{"type":"Point","coordinates":[-120.1571,37.89409]},"properties":{"src":"mrds","name":"Mohican Group","status":"Past Producer","commodities":"gold","gold":true,"url":"https://mrdata.usgs.gov/mrds/show-mrds.php?dep_id=10034586"}},{"type":"Feature","geometry":{"type":"Point","coordinates":[-120.14877,37.9977]},"properties":{"src":"mrds","name":"Mountain Bell & Parallel","status":"Producer","commodities":"gold","gold":true,"url":"https://mrdata.usgs.gov/mrds/show-mrds.php?dep_id=10034589"}},{"type":"Feature","geometry":{"type":"Point","coordinates":[-120.16877,38.05936]},"properties":{"src":"mrds","name":"Mount Vernon","status":"Past Producer","commodities":"gold","gold":true,"url":"https://mrdata.usgs.gov/mrds/show-mrds.php?dep_id=10034591"}},{"type":"Feature","geometry":{"type":"Point","coordinates":[-120.21405,37.94214]},"properties":{"src":"mrds","name":"New Years","status":"Past Producer","commodities":"gold","gold":true,"url":"https://mrdata.usgs.gov/mrds/show-mrds.php?dep_id=10034595"}},{"type":"Feature","geometry":{"type":"Point","coordinates":[-120.22072,37.9602]},"properties":{"src":"mrds","name":"O.P.","status":"Producer","commodities":"gold","gold":true,"url":"https://mrdata.usgs.gov/mrds/show-mrds.php?dep_id=10034603"}},{"type":"Feature","geometry":{"type":"Point","coordinates":[-120.25822,38.0277]},"properties":{"src":"mrds","name":"Parole","status":"Past Producer","commodities":"gold","gold":true,"url":"https://mrdata.usgs.gov/mrds/show-mrds.php?dep_id=10034604"}},{"type":"Feature","geometry":{"type":"Point","coordinates":[-120.24433,37.9752]},"properties":{"src":"mrds","name":"Pennsylvania","status":"Past Producer","commodities":"gold, lead, zinc, iron","gold":true,"url":"https://mrdata.usgs.gov/mrds/show-mrds.php?dep_id=10034606"}},{"type":"Feature","geometry":{"type":"Point","coordinates":[-120.27794,37.92631]},"properties":{"src":"mrds","name":"Poison Oak","status":"Past Producer","commodities":"gold","gold":true,"url":"https://mrdata.usgs.gov/mrds/show-mrds.php?dep_id=10034608"}},{"type":"Feature","geometry":{"type":"Point","coordinates":[-120.246,37.97353]},"properties":{"src":"mrds","name":"Porto Fino","status":"Producer","commodities":"gold","gold":true,"url":"https://mrdata.usgs.gov/mrds/show-mrds.php?dep_id=10034609"}},{"type":"Feature","geometry":{"type":"Point","coordinates":[-120.24044,37.9702]},"properties":{"src":"mrds","name":"Rattlesnake","status":"Producer","commodities":"gold","gold":true,"url":"https://mrdata.usgs.gov/mrds/show-mrds.php?dep_id=10034613"}},{"type":"Feature","geometry":{"type":"Point","coordinates":[-120.16932,38.0152]},"properties":{"src":"mrds","name":"Reward Group","status":"Producer","commodities":"gold","gold":true,"url":"https://mrdata.usgs.gov/mrds/show-mrds.php?dep_id=10034618"}},{"type":"Feature","geometry":{"type":"Point","coordinates":[-120.22294,37.9552]},"properties":{"src":"mrds","name":"Richards","status":"Past Producer","commodities":"gold","gold":true,"url":"https://mrdata.usgs.gov/mrds/show-mrds.php?dep_id=10034619"}},{"type":"Feature","geometry":{"type":"Point","coordinates":[-120.22933,38.00548]},"properties":{"src":"mrds","name":"Rising Sun","status":"Past Producer","commodities":"gold","gold":true,"url":"https://mrdata.usgs.gov/mrds/show-mrds.php?dep_id=10034620"}},{"type":"Feature","geometry":{"type":"Point","coordinates":[-120.19627,37.93381]},"properties":{"src":"mrds","name":"Somerset","status":"Producer","commodities":"gold","gold":true,"url":"https://mrdata.usgs.gov/mrds/show-mrds.php?dep_id=10034629"}},{"type":"Feature","geometry":{"type":"Point","coordinates":[-120.29628,38.08935]},"properties":{"src":"mrds","name":"Sonnet","status":"Past Producer","commodities":"gold, lead, zinc, iron","gold":true,"url":"https://mrdata.usgs.gov/mrds/show-mrds.php?dep_id=10034630"}},{"type":"Feature","geometry":{"type":"Point","coordinates":[-120.26294,37.98825]},"properties":{"src":"mrds","name":"Soulsby Group","status":"Past Producer","commodities":"gold, copper, lead, zinc","gold":true,"url":"https://mrdata.usgs.gov/mrds/show-mrds.php?dep_id=10034631"}},{"type":"Feature","geometry":{"type":"Point","coordinates":[-120.21377,37.9552]},"properties":{"src":"mrds","name":"Triumph","status":"Producer","commodities":"gold","gold":true,"url":"https://mrdata.usgs.gov/mrds/show-mrds.php?dep_id=10034638"}},{"type":"Feature","geometry":{"type":"Point","coordinates":[-120.23906,37.92603]},"properties":{"src":"mrds","name":"Uncle Sam","status":"Producer","commodities":"gold","gold":true,"url":"https://mrdata.usgs.gov/mrds/show-mrds.php?dep_id=10034639"}},{"type":"Feature","geometry":{"type":"Point","coordinates":[-120.20906,38.05935]},"properties":{"src":"mrds","name":"Wallstreet & Sugar Pine","status":"Producer","commodities":"gold","gold":true,"url":"https://mrdata.usgs.gov/mrds/show-mrds.php?dep_id=10034645"}},{"type":"Feature","geometry":{"type":"Point","coordinates":[-120.26239,37.98964]},"properties":{"src":"mrds","name":"Wheal & Perrin","status":"Past Producer","commodities":"gold","gold":true,"url":"https://mrdata.usgs.gov/mrds/show-mrds.php?dep_id=10034646"}},{"type":"Feature","geometry":{"type":"Point","coordinates":[-120.251,37.98325]},"properties":{"src":"mrds","name":"East Belt-Soulsbyville-Toulumne","status":"Producer","commodities":"gold, silver","gold":true,"url":"https://mrdata.usgs.gov/mrds/show-mrds.php?dep_id=10072395"}},{"type":"Feature","geometry":{"type":"Point","coordinates":[-120.2771,37.8227]},"properties":{"src":"mrds","name":"Eureka","status":"Past Producer","commodities":"gold","gold":true,"url":"https://mrdata.usgs.gov/mrds/show-mrds.php?dep_id=10077933"}},{"type":"Feature","geometry":{"type":"Point","coordinates":[-120.27906,37.97131]},"properties":{"src":"mrds","name":"Junction","status":"Past Producer","commodities":"gold","gold":true,"url":"https://mrdata.usgs.gov/mrds/show-mrds.php?dep_id=10077937"}},{"type":"Feature","geometry":{"type":"Point","coordinates":[-120.301,38.10547]},"properties":{"src":"mrds","name":"Star","status":"Past Producer","commodities":"gold, lead, zinc, iron","gold":true,"url":"https://mrdata.usgs.gov/mrds/show-mrds.php?dep_id=10077947"}},{"type":"Feature","geometry":{"type":"Point","coordinates":[-120.24127,37.82548]},"properties":{"src":"mrds","name":"Borne","status":"Producer","commodities":"gold","gold":true,"url":"https://mrdata.usgs.gov/mrds/show-mrds.php?dep_id=10077954"}},{"type":"Feature","geometry":{"type":"Point","coordinates":[-120.21766,37.83631]},"properties":{"src":"mrds","name":"Muller","status":"Producer","commodities":"gold","gold":true,"url":"https://mrdata.usgs.gov/mrds/show-mrds.php?dep_id=10077957"}},{"type":"Feature","geometry":{"type":"Point","coordinates":[-120.25877,37.8227]},"properties":{"src":"mrds","name":"Longfellow","status":"Past Producer","commodities":"gold","gold":true,"url":"https://mrdata.usgs.gov/mrds/show-mrds.php?dep_id=10077960"}},{"type":"Feature","geometry":{"type":"Point","coordinates":[-120.25682,37.81992]},"properties":{"src":"mrds","name":"Group","status":"Past Producer","commodities":"gold, lead","gold":true,"url":"https://mrdata.usgs.gov/mrds/show-mrds.php?dep_id=10077961"}},{"type":"Feature","geometry":{"type":"Point","coordinates":[-120.23627,37.77909]},"properties":{"src":"mrds","name":"Jack Lode","status":"Producer","commodities":"gold, silver","gold":true,"url":"https://mrdata.usgs.gov/mrds/show-mrds.php?dep_id=10077963"}},{"type":"Feature","geometry":{"type":"Point","coordinates":[-120.18349,38.03048]},"properties":{"src":"mrds","name":"Lucky Strike Claim","status":"Past Producer","commodities":"gold, zinc, lead","gold":true,"url":"https://mrdata.usgs.gov/mrds/show-mrds.php?dep_id=10077965"}},{"type":"Feature","geometry":{"type":"Point","coordinates":[-120.2235,37.97742]},"properties":{"src":"mrds","name":"United Mines Group","status":"Past Producer","commodities":"gold, lead, iron","gold":true,"url":"https://mrdata.usgs.gov/mrds/show-mrds.php?dep_id=10077966"}},{"type":"Feature","geometry":{"type":"Point","coordinates":[-120.21155,37.94381]},"properties":{"src":"mrds","name":"Phoenix Lake","status":"Past Producer","commodities":"gold","gold":true,"url":"https://mrdata.usgs.gov/mrds/show-mrds.php?dep_id=10077968"}},{"type":"Feature","geometry":{"type":"Point","coordinates":[-120.24043,37.89492]},"properties":{"src":"mrds","name":"Mary Ellen","status":"Past Producer","commodities":"gold, antimony, zinc, lead, copper, iron","gold":true,"url":"https://mrdata.usgs.gov/mrds/show-mrds.php?dep_id=10077972"}},{"type":"Feature","geometry":{"type":"Point","coordinates":[-120.20878,38.04353]},"properties":{"src":"mrds","name":"Confidence Group","status":"Past Producer","commodities":"gold, lead","gold":true,"url":"https://mrdata.usgs.gov/mrds/show-mrds.php?dep_id=10077977"}},{"type":"Feature","geometry":{"type":"Point","coordinates":[-120.16766,38.03992]},"properties":{"src":"mrds","name":"Iron King","status":"Producer","commodities":"tungsten","gold":false,"url":"https://mrdata.usgs.gov/mrds/show-mrds.php?dep_id=10077978"}},{"type":"Feature","geometry":{"type":"Point","coordinates":[-120.24406,37.97686]},"properties":{"src":"mrds","name":"Laura & North Star","status":"Past Producer","commodities":"gold, lead","gold":true,"url":"https://mrdata.usgs.gov/mrds/show-mrds.php?dep_id=10077982"}},{"type":"Feature","geometry":{"type":"Point","coordinates":[-120.24628,37.98492]},"properties":{"src":"mrds","name":"Prudhomme","status":"Producer","commodities":"gold","gold":true,"url":"https://mrdata.usgs.gov/mrds/show-mrds.php?dep_id=10077983"}},{"type":"Feature","geometry":{"type":"Point","coordinates":[-120.22017,37.99131]},"properties":{"src":"mrds","name":"Blue Lead","status":"Past Producer","commodities":"gold","gold":true,"url":"https://mrdata.usgs.gov/mrds/show-mrds.php?dep_id=10103054"}},{"type":"Feature","geometry":{"type":"Point","coordinates":[-120.26182,37.85436]},"properties":{"src":"mrds","name":"Boitano","status":"Past Producer","commodities":"gold","gold":true,"url":"https://mrdata.usgs.gov/mrds/show-mrds.php?dep_id=10103055"}},{"type":"Feature","geometry":{"type":"Point","coordinates":[-120.24321,37.82159]},"properties":{"src":"mrds","name":"Bicknell","status":"Past Producer","commodities":"gold","gold":true,"url":"https://mrdata.usgs.gov/mrds/show-mrds.php?dep_id=10105951"}},{"type":"Feature","geometry":{"type":"Point","coordinates":[-120.22878,37.96464]},"properties":{"src":"mrds","name":"Baker Ranch","status":"Past Producer","commodities":"gold","gold":true,"url":"https://mrdata.usgs.gov/mrds/show-mrds.php?dep_id=10105953"}},{"type":"Feature","geometry":{"type":"Point","coordinates":[-120.18377,38.02909]},"properties":{"src":"mrds","name":"Morning Glory","status":"Past Producer","commodities":"gold, lead","gold":true,"url":"https://mrdata.usgs.gov/mrds/show-mrds.php?dep_id=10105956"}},{"type":"Feature","geometry":{"type":"Point","coordinates":[-120.28572,37.84909]},"properties":{"src":"mrds","name":"Free Lance","status":"Producer","commodities":"gold","gold":true,"url":"https://mrdata.usgs.gov/mrds/show-mrds.php?dep_id=10109434"}},{"type":"Feature","geometry":{"type":"Point","coordinates":[-120.28267,38.09852]},"properties":{"src":"mrds","name":"Grey Eagle & Rival","status":"Producer","commodities":"gold","gold":true,"url":"https://mrdata.usgs.gov/mrds/show-mrds.php?dep_id=10109439"}},{"type":"Feature","geometry":{"type":"Point","coordinates":[-120.18349,38.02686]},"properties":{"src":"mrds","name":"Hawk","status":"Producer","commodities":"gold","gold":true,"url":"https://mrdata.usgs.gov/mrds/show-mrds.php?dep_id=10109441"}},{"type":"Feature","geometry":{"type":"Point","coordinates":[-120.20349,37.92603]},"properties":{"src":"mrds","name":"Hunter","status":"Producer","commodities":"gold","gold":true,"url":"https://mrdata.usgs.gov/mrds/show-mrds.php?dep_id=10109443"}},{"type":"Feature","geometry":{"type":"Point","coordinates":[-120.2235,38.04103]},"properties":{"src":"mrds","name":"Maddox","status":"Producer","commodities":"gold","gold":true,"url":"https://mrdata.usgs.gov/mrds/show-mrds.php?dep_id=10109449"}},{"type":"Feature","geometry":{"type":"Point","coordinates":[-120.17961,38.06992]},"properties":{"src":"mrds","name":"North Extention of Green","status":"Producer","commodities":"gold","gold":true,"url":"https://mrdata.usgs.gov/mrds/show-mrds.php?dep_id=10109453"}},{"type":"Feature","geometry":{"type":"Point","coordinates":[-120.18738,37.78992]},"properties":{"src":"mrds","name":"Wonder","status":"Producer","commodities":"manganese","gold":false,"url":"https://mrdata.usgs.gov/mrds/show-mrds.php?dep_id=10111217"}},{"type":"Feature","geometry":{"type":"Point","coordinates":[-120.25627,37.82075]},"properties":{"src":"mrds","name":"Morhman","status":"Producer","commodities":"gold","gold":true,"url":"https://mrdata.usgs.gov/mrds/show-mrds.php?dep_id=10111243"}},{"type":"Feature","geometry":{"type":"Point","coordinates":[-120.21766,37.9502]},"properties":{"src":"mrds","name":"Providence","status":"Producer","commodities":"gold, lead, iron","gold":true,"url":"https://mrdata.usgs.gov/mrds/show-mrds.php?dep_id=10111244"}},{"type":"Feature","geometry":{"type":"Point","coordinates":[-120.25572,37.97659]},"properties":{"src":"mrds","name":"Gibson","status":"Producer","commodities":"gold","gold":true,"url":"https://mrdata.usgs.gov/mrds/show-mrds.php?dep_id=10111246"}},{"type":"Feature","geometry":{"type":"Point","coordinates":[-120.22683,37.98103]},"properties":{"src":"mrds","name":"Sunny South","status":"Producer","commodities":"gold","gold":true,"url":"https://mrdata.usgs.gov/mrds/show-mrds.php?dep_id=10111247"}},{"type":"Feature","geometry":{"type":"Point","coordinates":[-120.14043,38.07992]},"properties":{"src":"mrds","name":"Sledge","status":"Producer","commodities":"gold","gold":true,"url":"https://mrdata.usgs.gov/mrds/show-mrds.php?dep_id=10111248"}},{"type":"Feature","geometry":{"type":"Point","coordinates":[-120.21989,37.89412]},"properties":{"src":"mrds","name":"Eagle Bluff Mine","status":"Prospect","commodities":"gold, silver","gold":true,"url":"https://mrdata.usgs.gov/mrds/show-mrds.php?dep_id=10117251"}},{"type":"Feature","geometry":{"type":"Point","coordinates":[-120.2499,37.98682]},"properties":{"src":"mrds","name":"Charokee","status":"Occurrence","commodities":"gold","gold":true,"url":"https://mrdata.usgs.gov/mrds/show-mrds.php?dep_id=10117296"}},{"type":"Feature","geometry":{"type":"Point","coordinates":[-120.2377,37.97992]},"properties":{"src":"mrds","name":"Cuno","status":"Unknown","commodities":"gold","gold":true,"url":"https://mrdata.usgs.gov/mrds/show-mrds.php?dep_id=10117481"}},{"type":"Feature","geometry":{"type":"Point","coordinates":[-120.16709,37.86962]},"properties":{"src":"mrds","name":"Goldship-Mayflower Mine","status":"Past Producer","commodities":"gold","gold":true,"url":"https://mrdata.usgs.gov/mrds/show-mrds.php?dep_id=10117544"}},{"type":"Feature","geometry":{"type":"Point","coordinates":[-120.22269,37.94102]},"properties":{"src":"mrds","name":"Grizzly","status":"Unknown","commodities":"gold, silver","gold":true,"url":"https://mrdata.usgs.gov/mrds/show-mrds.php?dep_id=10117548"}},{"type":"Feature","geometry":{"type":"Point","coordinates":[-120.3679,38.07131]},"properties":{"src":"mrds","name":"Traski","status":"Past Producer","commodities":"gold","gold":true,"url":"https://mrdata.usgs.gov/mrds/show-mrds.php?dep_id=10117597"}},{"type":"Feature","geometry":{"type":"Point","coordinates":[-120.16929,38.01522]},"properties":{"src":"mrds","name":"Reward","status":"Unknown","commodities":"gold","gold":true,"url":"https://mrdata.usgs.gov/mrds/show-mrds.php?dep_id=10117674"}},{"type":"Feature","geometry":{"type":"Point","coordinates":[-120.2552,37.89162]},"properties":{"src":"mrds","name":"Apperson Prospect","status":"Prospect","commodities":"gold, silver","gold":true,"url":"https://mrdata.usgs.gov/mrds/show-mrds.php?dep_id=10117700"}},{"type":"Feature","geometry":{"type":"Point","coordinates":[-120.2977,37.90162]},"properties":{"src":"mrds","name":"Eastman Ranch","status":"Prospect","commodities":"limestone","gold":false,"url":"https://mrdata.usgs.gov/mrds/show-mrds.php?dep_id=10117821"}},{"type":"Feature","geometry":{"type":"Point","coordinates":[-120.2268,37.98102]},"properties":{"src":"mrds","name":"Sunny South","status":"Past Producer","commodities":"gold","gold":true,"url":"https://mrdata.usgs.gov/mrds/show-mrds.php?dep_id=10117839"}},{"type":"Feature","geometry":{"type":"Point","coordinates":[-120.22209,37.88182]},"properties":{"src":"mrds","name":"Judy Girl","status":"Past Producer","commodities":"gold, silver","gold":true,"url":"https://mrdata.usgs.gov/mrds/show-mrds.php?dep_id=10141282"}},{"type":"Feature","geometry":{"type":"Point","coordinates":[-120.24349,37.90602]},"properties":{"src":"mrds","name":"Ultima Chansa Mine","status":"Past Producer","commodities":"gold, silver","gold":true,"url":"https://mrdata.usgs.gov/mrds/show-mrds.php?dep_id=10141303"}},{"type":"Feature","geometry":{"type":"Point","coordinates":[-120.24459,37.75432]},"properties":{"src":"mrds","name":"Unidentified","status":"Occurrence","commodities":"gold","gold":true,"url":"https://mrdata.usgs.gov/mrds/show-mrds.php?dep_id=10141357"}},{"type":"Feature","geometry":{"type":"Point","coordinates":[-120.1663,38.08321]},"properties":{"src":"mrds","name":"Promontory Gold Mine","status":"Occurrence","commodities":"gold","gold":true,"url":"https://mrdata.usgs.gov/mrds/show-mrds.php?dep_id=10141371"}},{"type":"Feature","geometry":{"type":"Point","coordinates":[-120.261,37.97522]},"properties":{"src":"mrds","name":"Park","status":"Occurrence","commodities":"gold","gold":true,"url":"https://mrdata.usgs.gov/mrds/show-mrds.php?dep_id=10141381"}},{"type":"Feature","geometry":{"type":"Point","coordinates":[-120.3054,37.82272]},"properties":{"src":"mrds","name":"Luck Group","status":"Past Producer","commodities":"gold","gold":true,"url":"https://mrdata.usgs.gov/mrds/show-mrds.php?dep_id=10141512"}},{"type":"Feature","geometry":{"type":"Point","coordinates":[-120.3338,38.09381]},"properties":{"src":"mrds","name":"Rosemag 1 and 3","status":"Unknown","commodities":"manganese","gold":false,"url":"https://mrdata.usgs.gov/mrds/show-mrds.php?dep_id=10141547"}},{"type":"Feature","geometry":{"type":"Point","coordinates":[-120.1929,38.01412]},"properties":{"src":"mrds","name":"Fair Oaks","status":"Occurrence","commodities":"gold","gold":true,"url":"https://mrdata.usgs.gov/mrds/show-mrds.php?dep_id=10141619"}},{"type":"Feature","geometry":{"type":"Point","coordinates":[-120.2354,37.94882]},"properties":{"src":"mrds","name":"Consuella Mine","status":"Unknown","commodities":"gold","gold":true,"url":"https://mrdata.usgs.gov/mrds/show-mrds.php?dep_id=10141620"}},{"type":"Feature","geometry":{"type":"Point","coordinates":[-120.25379,37.82492]},"properties":{"src":"mrds","name":"Big Oak Flat No1","status":"Occurrence","commodities":"gold","gold":true,"url":"https://mrdata.usgs.gov/mrds/show-mrds.php?dep_id=10141701"}},{"type":"Feature","geometry":{"type":"Point","coordinates":[-120.16209,38.06072]},"properties":{"src":"mrds","name":"Excelsior","status":"Occurrence","commodities":"gold","gold":true,"url":"https://mrdata.usgs.gov/mrds/show-mrds.php?dep_id=10141751"}},{"type":"Feature","geometry":{"type":"Point","coordinates":[-120.3357,37.84632]},"properties":{"src":"mrds","name":"Stanley","status":"Unknown","commodities":"gold","gold":true,"url":"https://mrdata.usgs.gov/mrds/show-mrds.php?dep_id=10141774"}},{"type":"Feature","geometry":{"type":"Point","coordinates":[-120.17489,38.03382]},"properties":{"src":"mrds","name":"Lime Cap","status":"Prospect","commodities":"tungsten","gold":false,"url":"https://mrdata.usgs.gov/mrds/show-mrds.php?dep_id=10141836"}},{"type":"Feature","geometry":{"type":"Point","coordinates":[-120.18039,38.01882]},"properties":{"src":"mrds","name":"Reported Occurence","status":"Occurrence","commodities":"tungsten","gold":false,"url":"https://mrdata.usgs.gov/mrds/show-mrds.php?dep_id=10141868"}},{"type":"Feature","geometry":{"type":"Point","coordinates":[-120.3313,38.09931]},"properties":{"src":"mrds","name":"Flaming Arrow Prospect","status":"Unknown","commodities":"NI","gold":false,"url":"https://mrdata.usgs.gov/mrds/show-mrds.php?dep_id=10141912"}},{"type":"Feature","geometry":{"type":"Point","coordinates":[-120.2743,37.88742]},"properties":{"src":"mrds","name":"Telegraph Line Mine","status":"Past Producer","commodities":"gold, silver","gold":true,"url":"https://mrdata.usgs.gov/mrds/show-mrds.php?dep_id=10141928"}},{"type":"Feature","geometry":{"type":"Point","coordinates":[-120.2521,37.99432]},"properties":{"src":"mrds","name":"Andrew Scanavino","status":"Unknown","commodities":"gold","gold":true,"url":"https://mrdata.usgs.gov/mrds/show-mrds.php?dep_id=10159080"}},{"type":"Feature","geometry":{"type":"Point","coordinates":[-120.2974,38.10601]},"properties":{"src":"mrds","name":"Indian Girl","status":"Occurrence","commodities":"gold","gold":true,"url":"https://mrdata.usgs.gov/mrds/show-mrds.php?dep_id=10159790"}},{"type":"Feature","geometry":{"type":"Point","coordinates":[-120.1899,38.08601]},"properties":{"src":"mrds","name":"Us Grant","status":"Occurrence","commodities":"gold","gold":true,"url":"https://mrdata.usgs.gov/mrds/show-mrds.php?dep_id=10165598"}},{"type":"Feature","geometry":{"type":"Point","coordinates":[-120.21159,37.94382]},"properties":{"src":"mrds","name":"Phoenix","status":"Occurrence","commodities":"gold","gold":true,"url":"https://mrdata.usgs.gov/mrds/show-mrds.php?dep_id=10165612"}},{"type":"Feature","geometry":{"type":"Point","coordinates":[-120.18429,38.02602]},"properties":{"src":"mrds","name":"Reported Occurence","status":"Occurrence","commodities":"tungsten","gold":false,"url":"https://mrdata.usgs.gov/mrds/show-mrds.php?dep_id=10165705"}},{"type":"Feature","geometry":{"type":"Point","coordinates":[-120.2274,37.95052]},"properties":{"src":"mrds","name":"Richards","status":"Occurrence","commodities":"gold","gold":true,"url":"https://mrdata.usgs.gov/mrds/show-mrds.php?dep_id=10165857"}},{"type":"Feature","geometry":{"type":"Point","coordinates":[-120.2224,37.99492]},"properties":{"src":"mrds","name":"Homestake","status":"Occurrence","commodities":"gold","gold":true,"url":"https://mrdata.usgs.gov/mrds/show-mrds.php?dep_id=10165887"}},{"type":"Feature","geometry":{"type":"Point","coordinates":[-120.3554,37.93772]},"properties":{"src":"mrds","name":"Reported Deposit","status":"Prospect","commodities":"limestone","gold":false,"url":"https://mrdata.usgs.gov/mrds/show-mrds.php?dep_id=10165949"}},{"type":"Feature","geometry":{"type":"Point","coordinates":[-120.2485,37.98272]},"properties":{"src":"mrds","name":"Columbus","status":"Past Producer","commodities":"gold","gold":true,"url":"https://mrdata.usgs.gov/mrds/show-mrds.php?dep_id=10165963"}},{"type":"Feature","geometry":{"type":"Point","coordinates":[-120.2449,37.91272]},"properties":{"src":"mrds","name":"Lucky Boy","status":"Occurrence","commodities":"gold","gold":true,"url":"https://mrdata.usgs.gov/mrds/show-mrds.php?dep_id=10165966"}},{"type":"Feature","geometry":{"type":"Point","coordinates":[-120.2804,37.97882]},"properties":{"src":"mrds","name":"Genevieve","status":"Unknown","commodities":"gold","gold":true,"url":"https://mrdata.usgs.gov/mrds/show-mrds.php?dep_id=10165989"}},{"type":"Feature","geometry":{"type":"Point","coordinates":[-120.22909,37.93992]},"properties":{"src":"mrds","name":"Empire Claims","status":"Prospect","commodities":"gold","gold":true,"url":"https://mrdata.usgs.gov/mrds/show-mrds.php?dep_id=10166023"}},{"type":"Feature","geometry":{"type":"Point","coordinates":[-120.3049,37.87552]},"properties":{"src":"mrds","name":"Bonanza","status":"Unknown","commodities":"gold","gold":true,"url":"https://mrdata.usgs.gov/mrds/show-mrds.php?dep_id=10166073"}},{"type":"Feature","geometry":{"type":"Point","coordinates":[-120.1957,38.05432]},"properties":{"src":"mrds","name":"Unamed","status":"Occurrence","commodities":"gold","gold":true,"url":"https://mrdata.usgs.gov/mrds/show-mrds.php?dep_id=10166127"}},{"type":"Feature","geometry":{"type":"Point","coordinates":[-120.2563,38.03302]},"properties":{"src":"mrds","name":"Good Shepard","status":"Occurrence","commodities":"gold","gold":true,"url":"https://mrdata.usgs.gov/mrds/show-mrds.php?dep_id=10166140"}},{"type":"Feature","geometry":{"type":"Point","coordinates":[-120.3002,38.08571]},"properties":{"src":"mrds","name":"Black Bear","status":"Prospect","commodities":"gold","gold":true,"url":"https://mrdata.usgs.gov/mrds/show-mrds.php?dep_id=10166142"}},{"type":"Feature","geometry":{"type":"Point","coordinates":[-120.2546,37.98992]},"properties":{"src":"mrds","name":"Jf Anderson","status":"Unknown","commodities":"gold","gold":true,"url":"https://mrdata.usgs.gov/mrds/show-mrds.php?dep_id=10166164"}},{"type":"Feature","geometry":{"type":"Point","coordinates":[-120.2618,37.89662]},"properties":{"src":"mrds","name":"Blue and White Star","status":"Occurrence","commodities":"gold","gold":true,"url":"https://mrdata.usgs.gov/mrds/show-mrds.php?dep_id=10166186"}},{"type":"Feature","geometry":{"type":"Point","coordinates":[-120.2285,37.99632]},"properties":{"src":"mrds","name":"Bluehead","status":"Occurrence","commodities":"gold","gold":true,"url":"https://mrdata.usgs.gov/mrds/show-mrds.php?dep_id=10166224"}},{"type":"Feature","geometry":{"type":"Point","coordinates":[-120.2482,37.97382]},"properties":{"src":"mrds","name":"Carlotta Cons","status":"Unknown","commodities":"gold","gold":true,"url":"https://mrdata.usgs.gov/mrds/show-mrds.php?dep_id=10166310"}},{"type":"Feature","geometry":{"type":"Point","coordinates":[-120.3482,38.05551]},"properties":{"src":"mrds","name":"Smooth Bore","status":"Occurrence","commodities":"gold","gold":true,"url":"https://mrdata.usgs.gov/mrds/show-mrds.php?dep_id=10184114"}},{"type":"Feature","geometry":{"type":"Point","coordinates":[-120.3674,37.84662]},"properties":{"src":"mrds","name":"Clio","status":"Occurrence","commodities":"gold","gold":true,"url":"https://mrdata.usgs.gov/mrds/show-mrds.php?dep_id=10190024"}},{"type":"Feature","geometry":{"type":"Point","coordinates":[-120.2441,37.97552]},"properties":{"src":"mrds","name":"Pennsylvania","status":"Occurrence","commodities":"gold","gold":true,"url":"https://mrdata.usgs.gov/mrds/show-mrds.php?dep_id=10190074"}},{"type":"Feature","geometry":{"type":"Point","coordinates":[-120.2668,37.88662]},"properties":{"src":"mrds","name":"Russell Telegraph","status":"Occurrence","commodities":"gold","gold":true,"url":"https://mrdata.usgs.gov/mrds/show-mrds.php?dep_id=10190093"}},{"type":"Feature","geometry":{"type":"Point","coordinates":[-120.21379,37.84302]},"properties":{"src":"mrds","name":"Gold Run Lode","status":"Occurrence","commodities":"gold","gold":true,"url":"https://mrdata.usgs.gov/mrds/show-mrds.php?dep_id=10190111"}},{"type":"Feature","geometry":{"type":"Point","coordinates":[-120.19179,37.91522]},"properties":{"src":"mrds","name":"Buchanan Mine","status":"Past Producer","commodities":"gold","gold":true,"url":"https://mrdata.usgs.gov/mrds/show-mrds.php?dep_id=10190142"}},{"type":"Feature","geometry":{"type":"Point","coordinates":[-120.11539,37.82742]},"properties":{"src":"mrds","name":"Smith Station","status":"Prospect","commodities":"gold","gold":true,"url":"https://mrdata.usgs.gov/mrds/show-mrds.php?dep_id=10190154"}},{"type":"Feature","geometry":{"type":"Point","coordinates":[-120.2771,38.05881]},"properties":{"src":"mrds","name":"Henning","status":"Prospect","commodities":"gold, copper, silver","gold":true,"url":"https://mrdata.usgs.gov/mrds/show-mrds.php?dep_id=10190214"}},{"type":"Feature","geometry":{"type":"Point","coordinates":[-120.256,38.03162]},"properties":{"src":"mrds","name":"Parole","status":"Occurrence","commodities":"gold","gold":true,"url":"https://mrdata.usgs.gov/mrds/show-mrds.php?dep_id=10190236"}},{"type":"Feature","geometry":{"type":"Point","coordinates":[-120.1796,38.06992]},"properties":{"src":"mrds","name":"North Extention","status":"Unknown","commodities":"gold","gold":true,"url":"https://mrdata.usgs.gov/mrds/show-mrds.php?dep_id=10190266"}},{"type":"Feature","geometry":{"type":"Point","coordinates":[-120.2574,37.91712]},"properties":{"src":"mrds","name":"Reported Occurence","status":"Occurrence","commodities":"limestone","gold":false,"url":"https://mrdata.usgs.gov/mrds/show-mrds.php?dep_id=10190313"}},{"type":"Feature","geometry":{"type":"Point","coordinates":[-120.3818,38.01431]},"properties":{"src":"mrds","name":"Magruder","status":"Unknown","commodities":"gold","gold":true,"url":"https://mrdata.usgs.gov/mrds/show-mrds.php?dep_id=10190315"}},{"type":"Feature","geometry":{"type":"Point","coordinates":[-120.25629,37.85492]},"properties":{"src":"mrds","name":"Boitana","status":"Unknown","commodities":"gold","gold":true,"url":"https://mrdata.usgs.gov/mrds/show-mrds.php?dep_id=10190345"}},{"type":"Feature","geometry":{"type":"Point","coordinates":[-120.2779,37.89302]},"properties":{"src":"mrds","name":"Consuelo","status":"Occurrence","commodities":"gold","gold":true,"url":"https://mrdata.usgs.gov/mrds/show-mrds.php?dep_id=10190362"}},{"type":"Feature","geometry":{"type":"Point","coordinates":[-120.28409,37.81992]},"properties":{"src":"mrds","name":"Fenton Group","status":"Past Producer","commodities":"gold","gold":true,"url":"https://mrdata.usgs.gov/mrds/show-mrds.php?dep_id=10190457"}},{"type":"Feature","geometry":{"type":"Point","coordinates":[-120.2485,37.96802]},"properties":{"src":"mrds","name":"Porto Fino","status":"Occurrence","commodities":"gold","gold":true,"url":"https://mrdata.usgs.gov/mrds/show-mrds.php?dep_id=10190572"}},{"type":"Feature","geometry":{"type":"Point","coordinates":[-120.2235,37.99742]},"properties":{"src":"mrds","name":"Ophir","status":"Prospect","commodities":"gold","gold":true,"url":"https://mrdata.usgs.gov/mrds/show-mrds.php?dep_id=10190581"}},{"type":"Feature","geometry":{"type":"Point","coordinates":[-120.24099,37.89352]},"properties":{"src":"mrds","name":"Northstar Cons","status":"Occurrence","commodities":"gold","gold":true,"url":"https://mrdata.usgs.gov/mrds/show-mrds.php?dep_id=10190643"}},{"type":"Feature","geometry":{"type":"Point","coordinates":[-120.306,37.98552]},"properties":{"src":"mrds","name":"Waif","status":"Occurrence","commodities":"gold","gold":true,"url":"https://mrdata.usgs.gov/mrds/show-mrds.php?dep_id=10190719"}},{"type":"Feature","geometry":{"type":"Point","coordinates":[-120.2316,37.99632]},"properties":{"src":"mrds","name":"Uncle Sam","status":"Occurrence","commodities":"gold","gold":true,"url":"https://mrdata.usgs.gov/mrds/show-mrds.php?dep_id=10207502"}},{"type":"Feature","geometry":{"type":"Point","coordinates":[-120.2757,38.07101]},"properties":{"src":"mrds","name":"Gold Finch","status":"Past Producer","commodities":"gold","gold":true,"url":"https://mrdata.usgs.gov/mrds/show-mrds.php?dep_id=10214187"}},{"type":"Feature","geometry":{"type":"Point","coordinates":[-120.27739,37.81962]},"properties":{"src":"mrds","name":"Tiger and Buffalo","status":"Occurrence","commodities":"gold","gold":true,"url":"https://mrdata.usgs.gov/mrds/show-mrds.php?dep_id=10214204"}},{"type":"Feature","geometry":{"type":"Point","coordinates":[-120.3827,38.02601]},"properties":{"src":"mrds","name":"Marcovich","status":"Unknown","commodities":"gold","gold":true,"url":"https://mrdata.usgs.gov/mrds/show-mrds.php?dep_id=10214249"}},{"type":"Feature","geometry":{"type":"Point","coordinates":[-120.1841,38.03492]},"properties":{"src":"mrds","name":"Corona","status":"Prospect","commodities":"gold","gold":true,"url":"https://mrdata.usgs.gov/mrds/show-mrds.php?dep_id=10214256"}},{"type":"Feature","geometry":{"type":"Point","coordinates":[-120.23489,37.92052]},"properties":{"src":"mrds","name":"Uncle Sam","status":"Occurrence","commodities":"gold","gold":true,"url":"https://mrdata.usgs.gov/mrds/show-mrds.php?dep_id=10214339"}},{"type":"Feature","geometry":{"type":"Point","coordinates":[-120.18429,37.99522]},"properties":{"src":"mrds","name":"Lookout #2 Gravel Mining Claim","status":"Past Producer","commodities":"gold","gold":true,"url":"https://mrdata.usgs.gov/mrds/show-mrds.php?dep_id=10214376"}},{"type":"Feature","geometry":{"type":"Point","coordinates":[-120.24349,37.83182]},"properties":{"src":"mrds","name":"Borne","status":"Occurrence","commodities":"gold","gold":true,"url":"https://mrdata.usgs.gov/mrds/show-mrds.php?dep_id=10214408"}},{"type":"Feature","geometry":{"type":"Point","coordinates":[-120.21039,37.92822]},"properties":{"src":"mrds","name":"Hattie Ester","status":"Occurrence","commodities":"gold","gold":true,"url":"https://mrdata.usgs.gov/mrds/show-mrds.php?dep_id=10214423"}},{"type":"Feature","geometry":{"type":"Point","coordinates":[-120.3016,38.03021]},"properties":{"src":"mrds","name":"Bella Italia","status":"Unknown","commodities":"gold","gold":true,"url":"https://mrdata.usgs.gov/mrds/show-mrds.php?dep_id=10214457"}},{"type":"Feature","geometry":{"type":"Point","coordinates":[-120.376,37.96682]},"properties":{"src":"mrds","name":"Sonora Plant","status":"Producer","commodities":"magnesium","gold":false,"url":"https://mrdata.usgs.gov/mrds/show-mrds.php?dep_id=10214460"}},{"type":"Feature","geometry":{"type":"Point","coordinates":[-120.3777,38.00381]},"properties":{"src":"mrds","name":"Mexican and Spring Hill","status":"Unknown","commodities":"gold","gold":true,"url":"https://mrdata.usgs.gov/mrds/show-mrds.php?dep_id=10214484"}},{"type":"Feature","geometry":{"type":"Point","coordinates":[-120.21539,37.94022]},"properties":{"src":"mrds","name":"Blue Jay Cons","status":"Occurrence","commodities":"gold","gold":true,"url":"https://mrdata.usgs.gov/mrds/show-mrds.php?dep_id=10214493"}},{"type":"Feature","geometry":{"type":"Point","coordinates":[-120.3641,37.83072]},"properties":{"src":"mrds","name":"Mocassin Creek Occurences","status":"Unknown","commodities":"copper","gold":false,"url":"https://mrdata.usgs.gov/mrds/show-mrds.php?dep_id=10214601"}},{"type":"Feature","geometry":{"type":"Point","coordinates":[-120.16769,37.98462]},"properties":{"src":"mrds","name":"Phoenix Lake","status":"Occurrence","commodities":"gold","gold":true,"url":"https://mrdata.usgs.gov/mrds/show-mrds.php?dep_id=10214663"}},{"type":"Feature","geometry":{"type":"Point","coordinates":[-120.2529,37.98022]},"properties":{"src":"mrds","name":"Chicken Feed","status":"Occurrence","commodities":"gold","gold":true,"url":"https://mrdata.usgs.gov/mrds/show-mrds.php?dep_id=10214668"}},{"type":"Feature","geometry":{"type":"Point","coordinates":[-120.2157,38.05681]},"properties":{"src":"mrds","name":"Wall Street","status":"Occurrence","commodities":"gold","gold":true,"url":"https://mrdata.usgs.gov/mrds/show-mrds.php?dep_id=10214802"}},{"type":"Feature","geometry":{"type":"Point","coordinates":[-120.2635,38.03771]},"properties":{"src":"mrds","name":"East Belt","status":"Occurrence","commodities":"gold","gold":true,"url":"https://mrdata.usgs.gov/mrds/show-mrds.php?dep_id=10214852"}},{"type":"Feature","geometry":{"type":"Point","coordinates":[-120.3427,37.76322]},"properties":{"src":"mrds","name":"Hughes Property","status":"Unknown","commodities":"manganese","gold":false,"url":"https://mrdata.usgs.gov/mrds/show-mrds.php?dep_id=10214905"}},{"type":"Feature","geometry":{"type":"Point","coordinates":[-120.24569,37.90242]},"properties":{"src":"mrds","name":"Josiah","status":"Prospect","commodities":"gold","gold":true,"url":"https://mrdata.usgs.gov/mrds/show-mrds.php?dep_id=10238332"}},{"type":"Feature","geometry":{"type":"Point","coordinates":[-120.24989,37.83682]},"properties":{"src":"mrds","name":"Cons","status":"Occurrence","commodities":"gold","gold":true,"url":"https://mrdata.usgs.gov/mrds/show-mrds.php?dep_id=10238334"}},{"type":"Feature","geometry":{"type":"Point","coordinates":[-120.2541,38.00162]},"properties":{"src":"mrds","name":"Mountain Belle","status":"Occurrence","commodities":"gold","gold":true,"url":"https://mrdata.usgs.gov/mrds/show-mrds.php?dep_id=10238338"}},{"type":"Feature","geometry":{"type":"Point","coordinates":[-120.366,38.04961]},"properties":{"src":"mrds","name":"Shanghai","status":"Occurrence","commodities":"gold, copper, silver","gold":true,"url":"https://mrdata.usgs.gov/mrds/show-mrds.php?dep_id=10238387"}},{"type":"Feature","geometry":{"type":"Point","coordinates":[-120.23679,37.89772]},"properties":{"src":"mrds","name":"Mohican Mine Group","status":"Past Producer","commodities":"gold","gold":true,"url":"https://mrdata.usgs.gov/mrds/show-mrds.php?dep_id=10238444"}},{"type":"Feature","geometry":{"type":"Point","coordinates":[-120.27569,37.83052]},"properties":{"src":"mrds","name":"Little Wonder","status":"Unknown","commodities":"gold","gold":true,"url":"https://mrdata.usgs.gov/mrds/show-mrds.php?dep_id=10238477"}},{"type":"Feature","geometry":{"type":"Point","coordinates":[-120.22569,37.84492]},"properties":{"src":"mrds","name":"Rhode Island","status":"Occurrence","commodities":"gold","gold":true,"url":"https://mrdata.usgs.gov/mrds/show-mrds.php?dep_id=10238561"}},{"type":"Feature","geometry":{"type":"Point","coordinates":[-120.3421,37.83572]},"properties":{"src":"mrds","name":"Pat Cossey","status":"Unknown","commodities":"gold","gold":true,"url":"https://mrdata.usgs.gov/mrds/show-mrds.php?dep_id=10238627"}},{"type":"Feature","geometry":{"type":"Point","coordinates":[-120.2088,38.04352]},"properties":{"src":"mrds","name":"Confidence","status":"Past Producer","commodities":"gold","gold":true,"url":"https://mrdata.usgs.gov/mrds/show-mrds.php?dep_id=10238709"}},{"type":"Feature","geometry":{"type":"Point","coordinates":[-120.20069,37.92302]},"properties":{"src":"mrds","name":"Hunter","status":"Occurrence","commodities":"gold","gold":true,"url":"https://mrdata.usgs.gov/mrds/show-mrds.php?dep_id=10238737"}},{"type":"Feature","geometry":{"type":"Point","coordinates":[-120.16769,37.91432]},"properties":{"src":"mrds","name":"Modoc Mine","status":"Past Producer","commodities":"gold, silver","gold":true,"url":"https://mrdata.usgs.gov/mrds/show-mrds.php?dep_id=10238742"}},{"type":"Feature","geometry":{"type":"Point","coordinates":[-120.24569,37.81382]},"properties":{"src":"mrds","name":"Bicknell","status":"Occurrence","commodities":"gold","gold":true,"url":"https://mrdata.usgs.gov/mrds/show-mrds.php?dep_id=10238757"}},{"type":"Feature","geometry":{"type":"Point","coordinates":[-120.25379,37.76602]},"properties":{"src":"mrds","name":"Mcalpine","status":"Producer","commodities":"gold","gold":true,"url":"https://mrdata.usgs.gov/mrds/show-mrds.php?dep_id=10238764"}},{"type":"Feature","geometry":{"type":"Point","coordinates":[-120.15879,38.07432]},"properties":{"src":"mrds","name":"Weidikind","status":"Unknown","commodities":"gold","gold":true,"url":"https://mrdata.usgs.gov/mrds/show-mrds.php?dep_id=10238800"}},{"type":"Feature","geometry":{"type":"Point","coordinates":[-120.2407,37.97302]},"properties":{"src":"mrds","name":"Rattlesnake","status":"Occurrence","commodities":"gold","gold":true,"url":"https://mrdata.usgs.gov/mrds/show-mrds.php?dep_id=10238825"}},{"type":"Feature","geometry":{"type":"Point","coordinates":[-120.25039,37.76552]},"properties":{"src":"mrds","name":"Two Brothers","status":"Occurrence","commodities":"gold","gold":true,"url":"https://mrdata.usgs.gov/mrds/show-mrds.php?dep_id=10238826"}},{"type":"Feature","geometry":{"type":"Point","coordinates":[-120.19349,37.90662]},"properties":{"src":"mrds","name":"Buckeye Group","status":"Occurrence","commodities":"gold","gold":true,"url":"https://mrdata.usgs.gov/mrds/show-mrds.php?dep_id=10238888"}},{"type":"Feature","geometry":{"type":"Point","coordinates":[-120.2354,38.04661]},"properties":{"src":"mrds","name":"Happy Jack","status":"Occurrence","commodities":"gold","gold":true,"url":"https://mrdata.usgs.gov/mrds/show-mrds.php?dep_id=10238926"}},{"type":"Feature","geometry":{"type":"Point","coordinates":[-120.3785,37.80242]},"properties":{"src":"mrds","name":"Williamson Rosenthal & Mertz Claim","status":"Past Producer","commodities":"chromium","gold":false,"url":"https://mrdata.usgs.gov/mrds/show-mrds.php?dep_id=10238950"}},{"type":"Feature","geometry":{"type":"Point","coordinates":[-120.20909,37.92932]},"properties":{"src":"mrds","name":"Jigger Bill Brothers","status":"Unknown","commodities":"gold","gold":true,"url":"https://mrdata.usgs.gov/mrds/show-mrds.php?dep_id=10238980"}},{"type":"Feature","geometry":{"type":"Point","coordinates":[-120.3354,37.85712]},"properties":{"src":"mrds","name":"Mccormick Mine","status":"Past Producer","commodities":"gold","gold":true,"url":"https://mrdata.usgs.gov/mrds/show-mrds.php?dep_id=10239034"}},{"type":"Feature","geometry":{"type":"Point","coordinates":[-120.21769,37.95022]},"properties":{"src":"mrds","name":"Providence","status":"Occurrence","commodities":"gold, copper, lead","gold":true,"url":"https://mrdata.usgs.gov/mrds/show-mrds.php?dep_id=10239057"}},{"type":"Feature","geometry":{"type":"Point","coordinates":[-120.17409,37.77662]},"properties":{"src":"mrds","name":"Ohio","status":"Unknown","commodities":"gold","gold":true,"url":"https://mrdata.usgs.gov/mrds/show-mrds.php?dep_id=10260820"}},{"type":"Feature","geometry":{"type":"Point","coordinates":[-120.2291,37.99052]},"properties":{"src":"mrds","name":"Unidentified","status":"Occurrence","commodities":"gold","gold":true,"url":"https://mrdata.usgs.gov/mrds/show-mrds.php?dep_id=10262833"}},{"type":"Feature","geometry":{"type":"Point","coordinates":[-120.2566,37.97522]},"properties":{"src":"mrds","name":"Hidden Treasure","status":"Occurrence","commodities":"gold","gold":true,"url":"https://mrdata.usgs.gov/mrds/show-mrds.php?dep_id=10262909"}},{"type":"Feature","geometry":{"type":"Point","coordinates":[-120.3382,38.09021]},"properties":{"src":"mrds","name":"Argentum Cons No 1 and 2","status":"Occurrence","commodities":"gold, silver","gold":true,"url":"https://mrdata.usgs.gov/mrds/show-mrds.php?dep_id=10262933"}},{"type":"Feature","geometry":{"type":"Point","coordinates":[-120.3491,38.06551]},"properties":{"src":"mrds","name":"Mountain Lily","status":"Occurrence","commodities":"gold","gold":true,"url":"https://mrdata.usgs.gov/mrds/show-mrds.php?dep_id=10262964"}},{"type":"Feature","geometry":{"type":"Point","coordinates":[-120.26489,37.82302]},"properties":{"src":"mrds","name":"Longfellow","status":"Occurrence","commodities":"gold","gold":true,"url":"https://mrdata.usgs.gov/mrds/show-mrds.php?dep_id=10262997"}},{"type":"Feature","geometry":{"type":"Point","coordinates":[-120.3791,38.00021]},"properties":{"src":"mrds","name":"Spring Hill and Cowan","status":"Unknown","commodities":"gold","gold":true,"url":"https://mrdata.usgs.gov/mrds/show-mrds.php?dep_id=10263008"}},{"type":"Feature","geometry":{"type":"Point","coordinates":[-120.20409,37.93072]},"properties":{"src":"mrds","name":"Spring Gulch","status":"Occurrence","commodities":"gold","gold":true,"url":"https://mrdata.usgs.gov/mrds/show-mrds.php?dep_id=10263041"}},{"type":"Feature","geometry":{"type":"Point","coordinates":[-120.3788,37.78572]},"properties":{"src":"mrds","name":"No Name","status":"Unknown","commodities":"gold","gold":true,"url":"https://mrdata.usgs.gov/mrds/show-mrds.php?dep_id=10263117"}},{"type":"Feature","geometry":{"type":"Point","coordinates":[-120.3713,37.80742]},"properties":{"src":"mrds","name":"Mum and Alice June","status":"Prospect","commodities":"chromium","gold":false,"url":"https://mrdata.usgs.gov/mrds/show-mrds.php?dep_id=10263150"}},{"type":"Feature","geometry":{"type":"Point","coordinates":[-120.3677,38.04271]},"properties":{"src":"mrds","name":"Bessie Lode","status":"Occurrence","commodities":"gold","gold":true,"url":"https://mrdata.usgs.gov/mrds/show-mrds.php?dep_id=10263153"}},{"type":"Feature","geometry":{"type":"Point","coordinates":[-120.1924,38.03352]},"properties":{"src":"mrds","name":"Izurnia Irene","status":"Occurrence","commodities":"gold","gold":true,"url":"https://mrdata.usgs.gov/mrds/show-mrds.php?dep_id=10263167"}},{"type":"Feature","geometry":{"type":"Point","coordinates":[-120.27289,37.77992]},"properties":{"src":"mrds","name":"Double Nubbin Claim #2","status":"Occurrence","commodities":"gold, silver","gold":true,"url":"https://mrdata.usgs.gov/mrds/show-mrds.php?dep_id=10263295"}},{"type":"Feature","geometry":{"type":"Point","coordinates":[-120.346,38.08821]},"properties":{"src":"mrds","name":"Grey Eagle and Rivel","status":"Occurrence","commodities":"gold","gold":true,"url":"https://mrdata.usgs.gov/mrds/show-mrds.php?dep_id=10263339"}},{"type":"Feature","geometry":{"type":"Point","coordinates":[-120.2796,38.08601]},"properties":{"src":"mrds","name":"Keltz","status":"Past Producer","commodities":"gold","gold":true,"url":"https://mrdata.usgs.gov/mrds/show-mrds.php?dep_id=10263375"}},{"type":"Feature","geometry":{"type":"Point","coordinates":[-120.16769,38.03992]},"properties":{"src":"mrds","name":"Iron King","status":"Past Producer","commodities":"tungsten","gold":false,"url":"https://mrdata.usgs.gov/mrds/show-mrds.php?dep_id=10263410"}},{"type":"Feature","geometry":{"type":"Point","coordinates":[-120.2788,37.90162]},"properties":{"src":"mrds","name":"Reported Occurences","status":"Occurrence","commodities":"magnesium","gold":false,"url":"https://mrdata.usgs.gov/mrds/show-mrds.php?dep_id=10263485"}},{"type":"Feature","geometry":{"type":"Point","coordinates":[-120.2143,38.00462]},"properties":{"src":"mrds","name":"Mountain","status":"Occurrence","commodities":"gold","gold":true,"url":"https://mrdata.usgs.gov/mrds/show-mrds.php?dep_id=10263495"}},{"type":"Feature","geometry":{"type":"Point","coordinates":[-120.2246,37.98182]},"properties":{"src":"mrds","name":"Mammon","status":"Occurrence","commodities":"gold","gold":true,"url":"https://mrdata.usgs.gov/mrds/show-mrds.php?dep_id=10263542"}},{"type":"Feature","geometry":{"type":"Point","coordinates":[-120.2541,38.03881]},"properties":{"src":"mrds","name":"Golden West","status":"Occurrence","commodities":"gold","gold":true,"url":"https://mrdata.usgs.gov/mrds/show-mrds.php?dep_id=10263557"}},{"type":"Feature","geometry":{"type":"Point","coordinates":[-120.2918,38.08961]},"properties":{"src":"mrds","name":"Lucky Strike","status":"Prospect","commodities":"gold","gold":true,"url":"https://mrdata.usgs.gov/mrds/show-mrds.php?dep_id=10263570"}},{"type":"Feature","geometry":{"type":"Point","coordinates":[-120.23069,37.76462]},"properties":{"src":"mrds","name":"Monro6","status":"Unknown","commodities":"gold","gold":true,"url":"https://mrdata.usgs.gov/mrds/show-mrds.php?dep_id=10285492"}},{"type":"Feature","geometry":{"type":"Point","coordinates":[-120.3682,38.04631]},"properties":{"src":"mrds","name":"Red Gravel","status":"Occurrence","commodities":"gold","gold":true,"url":"https://mrdata.usgs.gov/mrds/show-mrds.php?dep_id=10287207"}},{"type":"Feature","geometry":{"type":"Point","coordinates":[-120.2116,38.04802]},"properties":{"src":"mrds","name":"Lampshire","status":"Occurrence","commodities":"gold","gold":true,"url":"https://mrdata.usgs.gov/mrds/show-mrds.php?dep_id=10287220"}},{"type":"Feature","geometry":{"type":"Point","coordinates":[-120.2291,37.95662]},"properties":{"src":"mrds","name":"Simonole","status":"Occurrence","commodities":"gold","gold":true,"url":"https://mrdata.usgs.gov/mrds/show-mrds.php?dep_id=10287223"}},{"type":"Feature","geometry":{"type":"Point","coordinates":[-120.2791,37.97132]},"properties":{"src":"mrds","name":"Junction","status":"Occurrence","commodities":"gold","gold":true,"url":"https://mrdata.usgs.gov/mrds/show-mrds.php?dep_id=10287260"}},{"type":"Feature","geometry":{"type":"Point","coordinates":[-120.18379,38.02912]},"properties":{"src":"mrds","name":"Morning Glory","status":"Occurrence","commodities":"gold, copper, lead","gold":true,"url":"https://mrdata.usgs.gov/mrds/show-mrds.php?dep_id=10287311"}},{"type":"Feature","geometry":{"type":"Point","coordinates":[-120.3096,37.78602]},"properties":{"src":"mrds","name":"Kelly","status":"Unknown","commodities":"gold","gold":true,"url":"https://mrdata.usgs.gov/mrds/show-mrds.php?dep_id=10287383"}},{"type":"Feature","geometry":{"type":"Point","coordinates":[-120.3788,38.01571]},"properties":{"src":"mrds","name":"Good Luck","status":"Unknown","commodities":"gold","gold":true,"url":"https://mrdata.usgs.gov/mrds/show-mrds.php?dep_id=10287384"}},{"type":"Feature","geometry":{"type":"Point","coordinates":[-120.2627,37.97822]},"properties":{"src":"mrds","name":"Louisiana","status":"Occurrence","commodities":"gold","gold":true,"url":"https://mrdata.usgs.gov/mrds/show-mrds.php?dep_id=10287492"}},{"type":"Feature","geometry":{"type":"Point","coordinates":[-120.2991,38.00742]},"properties":{"src":"mrds","name":"Phoenix Lake Granite Company","status":"Past Producer","commodities":"STN","gold":false,"url":"https://mrdata.usgs.gov/mrds/show-mrds.php?dep_id=10287496"}},{"type":"Feature","geometry":{"type":"Point","coordinates":[-120.21679,37.92272]},"properties":{"src":"mrds","name":"Garfield","status":"Occurrence","commodities":"gold","gold":true,"url":"https://mrdata.usgs.gov/mrds/show-mrds.php?dep_id=10287502"}},{"type":"Feature","geometry":{"type":"Point","coordinates":[-120.2235,37.99212]},"properties":{"src":"mrds","name":"Rising Sun","status":"Occurrence","commodities":"gold","gold":true,"url":"https://mrdata.usgs.gov/mrds/show-mrds.php?dep_id=10287571"}},{"type":"Feature","geometry":{"type":"Point","coordinates":[-120.2657,37.99682]},"properties":{"src":"mrds","name":"Soulsby Belle","status":"Past Producer","commodities":"gold, lead, zinc","gold":true,"url":"https://mrdata.usgs.gov/mrds/show-mrds.php?dep_id=10287783"}},{"type":"Feature","geometry":{"type":"Point","coordinates":[-120.1963,38.05162]},"properties":{"src":"mrds","name":"Barrett","status":"Occurrence","commodities":"gold","gold":true,"url":"https://mrdata.usgs.gov/mrds/show-mrds.php?dep_id=10287870"}},{"type":"Feature","geometry":{"type":"Point","coordinates":[-120.25791,37.82332]},"properties":{"src":"mrds","name":"Big Oak Flat District","status":"Past Producer","commodities":"gold","gold":true,"url":"https://mrdata.usgs.gov/mrds/show-mrds.php?dep_id=10310590"}},{"type":"Feature","geometry":{"type":"Point","coordinates":[-120.27645,37.97735]},"properties":{"src":"mrds","name":"Black Oak Mine","status":"Past Producer","commodities":"gold, silver","gold":true,"url":"https://mrdata.usgs.gov/mrds/show-mrds.php?dep_id=10310591"}},{"type":"Feature","geometry":{"type":"Point","coordinates":[-120.20826,38.0434]},"properties":{"src":"mrds","name":"Confidence-Lamphere Mine","status":"Past Producer","commodities":"gold, silver","gold":true,"url":"https://mrdata.usgs.gov/mrds/show-mrds.php?dep_id=10310605"}},{"type":"Feature","geometry":{"type":"Point","coordinates":[-120.22049,37.96115]},"properties":{"src":"mrds","name":"South United Mines","status":"Past Producer","commodities":"gold","gold":true,"url":"https://mrdata.usgs.gov/mrds/show-mrds.php?dep_id=10310685"}},{"type":"Feature","geometry":{"type":"Point","coordinates":[-120.07655,38.17213]},"properties":{"src":"mrds","name":"Riverside","status":"Past Producer","commodities":"gold","gold":true,"url":"https://mrdata.usgs.gov/mrds/show-mrds.php?dep_id=10077927"}},{"type":"Feature","geometry":{"type":"Point","coordinates":[-120.00959,38.22961]},"properties":{"src":"mrds","name":"Edna James","status":"Past Producer","commodities":"gold, silver","gold":true,"url":"https://mrdata.usgs.gov/mrds/show-mrds.php?dep_id=10165113"}},{"type":"Feature","geometry":{"type":"Point","coordinates":[-120.2896,38.20521]},"properties":{"src":"mrds","name":"Vallecito","status":"Occurrence","commodities":"gold","gold":true,"url":"https://mrdata.usgs.gov/mrds/show-mrds.php?dep_id=10165938"}},{"type":"Feature","geometry":{"type":"Point","coordinates":[-120.2102,38.23911]},"properties":{"src":"mrds","name":"Reported Occurrence","status":"Occurrence","commodities":"lead","gold":false,"url":"https://mrdata.usgs.gov/mrds/show-mrds.php?dep_id=10231635"}},{"type":"Feature","geometry":{"type":"Point","coordinates":[-120.12959,38.07022]},"properties":{"src":"mrds","name":"Gem","status":"Unknown","commodities":"gold","gold":true,"url":"https://mrdata.usgs.gov/mrds/show-mrds.php?dep_id=10238301"}},{"type":"Feature","geometry":{"type":"Point","coordinates":[-120.01433,38.41852]},"properties":{"src":"mrds","name":"Yosemite Pits Harvey Pits","status":"Occurrence","commodities":"CLY","gold":false,"url":"https://mrdata.usgs.gov/mrds/show-mrds.php?dep_id=10028054"}},{"type":"Feature","geometry":{"type":"Point","coordinates":[-120.08155,38.06075]},"properties":{"src":"mrds","name":"Excelsior","status":"Past Producer","commodities":"gold","gold":true,"url":"https://mrdata.usgs.gov/mrds/show-mrds.php?dep_id=10034539"}},{"type":"Feature","geometry":{"type":"Point","coordinates":[-120.1296,38.0702]},"properties":{"src":"mrds","name":"Gem","status":"Past Producer","commodities":"gold, lead","gold":true,"url":"https://mrdata.usgs.gov/mrds/show-mrds.php?dep_id=10034546"}},{"type":"Feature","geometry":{"type":"Point","coordinates":[-119.79766,38.29797]},"properties":{"src":"mrds","name":"Juniper Mine","status":"Past Producer","commodities":"U","gold":false,"url":"https://mrdata.usgs.gov/mrds/show-mrds.php?dep_id=10037763"}},{"type":"Feature","geometry":{"type":"Point","coordinates":[-119.87182,38.35824]},"properties":{"src":"mrds","name":"Unnamed U Prospect","status":"Occurrence","commodities":"U","gold":false,"url":"https://mrdata.usgs.gov/mrds/show-mrds.php?dep_id=10037777"}},{"type":"Feature","geometry":{"type":"Point","coordinates":[-119.88432,38.29991]},"properties":{"src":"mrds","name":"Autunite-Carnotite Group","status":"Past Producer","commodities":"U","gold":false,"url":"https://mrdata.usgs.gov/mrds/show-mrds.php?dep_id=10072398"}},{"type":"Feature","geometry":{"type":"Point","coordinates":[-120.30044,37.9802]},"properties":{"src":"mrds","name":"Black Hawk","status":"Past Producer","commodities":"gold","gold":true,"url":"https://mrdata.usgs.gov/mrds/show-mrds.php?dep_id=10077944"}},{"type":"Feature","geometry":{"type":"Point","coordinates":[-120.27961,38.08602]},"properties":{"src":"mrds","name":"Keltz No. Ext.","status":"Past Producer","commodities":"gold","gold":true,"url":"https://mrdata.usgs.gov/mrds/show-mrds.php?dep_id=10077948"}},{"type":"Feature","geometry":{"type":"Point","coordinates":[-120.16988,38.05548]},"properties":{"src":"mrds","name":"Siedge","status":"Producer","commodities":"gold","gold":true,"url":"https://mrdata.usgs.gov/mrds/show-mrds.php?dep_id=10077973"}},{"type":"Feature","geometry":{"type":"Point","coordinates":[-120.216,38.05963]},"properties":{"src":"mrds","name":"Monarch","status":"Producer","commodities":"gold","gold":true,"url":"https://mrdata.usgs.gov/mrds/show-mrds.php?dep_id=10077975"}},{"type":"Feature","geometry":{"type":"Point","coordinates":[-120.05849,38.02075]},"properties":{"src":"mrds","name":"Casa Madera","status":"Past Producer","commodities":"gold, lead","gold":true,"url":"https://mrdata.usgs.gov/mrds/show-mrds.php?dep_id=10077979"}},{"type":"Feature","geometry":{"type":"Point","coordinates":[-120.26572,37.99686]},"properties":{"src":"mrds","name":"Soulsby Belle","status":"Producer","commodities":"gold, lead, zinc","gold":true,"url":"https://mrdata.usgs.gov/mrds/show-mrds.php?dep_id=10077980"}},{"type":"Feature","geometry":{"type":"Point","coordinates":[-120.2485,37.9827]},"properties":{"src":"mrds","name":"Columbus","status":"Past Producer","commodities":"gold","gold":true,"url":"https://mrdata.usgs.gov/mrds/show-mrds.php?dep_id=10077981"}},{"type":"Feature","geometry":{"type":"Point","coordinates":[-120.28378,37.97881]},"properties":{"src":"mrds","name":"Whitto","status":"Past Producer","commodities":"gold, lead, zinc, iron","gold":true,"url":"https://mrdata.usgs.gov/mrds/show-mrds.php?dep_id=10103059"}},{"type":"Feature","geometry":{"type":"Point","coordinates":[-120.24322,38.04352]},"properties":{"src":"mrds","name":"Happy Jack","status":"Producer","commodities":"gold","gold":true,"url":"https://mrdata.usgs.gov/mrds/show-mrds.php?dep_id=10109440"}},{"type":"Feature","geometry":{"type":"Point","coordinates":[-120.31294,38.04213]},"properties":{"src":"mrds","name":"Redemption & Ice House","status":"Producer","commodities":"gold","gold":true,"url":"https://mrdata.usgs.gov/mrds/show-mrds.php?dep_id=10109458"}},{"type":"Feature","geometry":{"type":"Point","coordinates":[-120.18293,38.02992]},"properties":{"src":"mrds","name":"Lucky Strike","status":"Producer","commodities":"gold, tungsten","gold":true,"url":"https://mrdata.usgs.gov/mrds/show-mrds.php?dep_id=10111245"}},{"type":"Feature","geometry":{"type":"Point","coordinates":[-120.2718,38.06521]},"properties":{"src":"mrds","name":"Anderson","status":"Occurrence","commodities":"gold","gold":true,"url":"https://mrdata.usgs.gov/mrds/show-mrds.php?dep_id=10117186"}},{"type":"Feature","geometry":{"type":"Point","coordinates":[-120.16629,38.02352]},"properties":{"src":"mrds","name":"Casa Madera","status":"Occurrence","commodities":"gold","gold":true,"url":"https://mrdata.usgs.gov/mrds/show-mrds.php?dep_id=10117770"}},{"type":"Feature","geometry":{"type":"Point","coordinates":[-119.74459,38.28021]},"properties":{"src":"mrds","name":"Silver Mine Creek Prospect","status":"Unknown","commodities":"gold, lead, zinc","gold":true,"url":"https://mrdata.usgs.gov/mrds/show-mrds.php?dep_id=10117789"}},{"type":"Feature","geometry":{"type":"Point","coordinates":[-120.2621,37.98742]},"properties":{"src":"mrds","name":"Soulsby","status":"Prospect","commodities":"gold","gold":true,"url":"https://mrdata.usgs.gov/mrds/show-mrds.php?dep_id=10141699"}},{"type":"Feature","geometry":{"type":"Point","coordinates":[-119.67518,38.14412]},"properties":{"src":"mrds","name":"Unidentified","status":"Unknown","commodities":"tungsten","gold":false,"url":"https://mrdata.usgs.gov/mrds/show-mrds.php?dep_id=10141722"}},{"type":"Feature","geometry":{"type":"Point","coordinates":[-120.12539,38.01212]},"properties":{"src":"mrds","name":"Washington","status":"Prospect","commodities":"gold, copper","gold":true,"url":"https://mrdata.usgs.gov/mrds/show-mrds.php?dep_id=10141767"}},{"type":"Feature","geometry":{"type":"Point","coordinates":[-120.2441,37.97932]},"properties":{"src":"mrds","name":"Laura","status":"Occurrence","commodities":"gold","gold":true,"url":"https://mrdata.usgs.gov/mrds/show-mrds.php?dep_id=10141853"}},{"type":"Feature","geometry":{"type":"Point","coordinates":[-120.2191,38.31101]},"properties":{"src":"mrds","name":"B. J. Placer Mine","status":"Past Producer","commodities":"gold","gold":true,"url":"https://mrdata.usgs.gov/mrds/show-mrds.php?dep_id=10141914"}},{"type":"Feature","geometry":{"type":"Point","coordinates":[-120.2382,37.97302]},"properties":{"src":"mrds","name":"Star","status":"Unknown","commodities":"gold","gold":true,"url":"https://mrdata.usgs.gov/mrds/show-mrds.php?dep_id=10165573"}},{"type":"Feature","geometry":{"type":"Point","coordinates":[-119.88239,38.30851]},"properties":{"src":"mrds","name":"Antvnite","status":"Prospect","commodities":"U","gold":false,"url":"https://mrdata.usgs.gov/mrds/show-mrds.php?dep_id=10165591"}},{"type":"Feature","geometry":{"type":"Point","coordinates":[-120.17709,38.03522]},"properties":{"src":"mrds","name":"Savari Group","status":"Occurrence","commodities":"tungsten","gold":false,"url":"https://mrdata.usgs.gov/mrds/show-mrds.php?dep_id=10165593"}},{"type":"Feature","geometry":{"type":"Point","coordinates":[-120.2191,37.96712]},"properties":{"src":"mrds","name":"May Flower","status":"Unknown","commodities":"gold","gold":true,"url":"https://mrdata.usgs.gov/mrds/show-mrds.php?dep_id=10165648"}},{"type":"Feature","geometry":{"type":"Point","coordinates":[-120.17599,38.03632]},"properties":{"src":"mrds","name":"Tungstar","status":"Prospect","commodities":"tungsten","gold":false,"url":"https://mrdata.usgs.gov/mrds/show-mrds.php?dep_id=10165779"}},{"type":"Feature","geometry":{"type":"Point","coordinates":[-120.2266,37.97492]},"properties":{"src":"mrds","name":"Lucky Strike","status":"Occurrence","commodities":"gold, tungsten, lead, zinc","gold":true,"url":"https://mrdata.usgs.gov/mrds/show-mrds.php?dep_id=10165783"}},{"type":"Feature","geometry":{"type":"Point","coordinates":[-120.2935,38.09131]},"properties":{"src":"mrds","name":"Gold Ridge","status":"Occurrence","commodities":"gold","gold":true,"url":"https://mrdata.usgs.gov/mrds/show-mrds.php?dep_id=10165952"}},{"type":"Feature","geometry":{"type":"Point","coordinates":[-120.21379,37.96242]},"properties":{"src":"mrds","name":"Triumph","status":"Occurrence","commodities":"gold","gold":true,"url":"https://mrdata.usgs.gov/mrds/show-mrds.php?dep_id=10166215"}},{"type":"Feature","geometry":{"type":"Point","coordinates":[-120.2288,37.96462]},"properties":{"src":"mrds","name":"Baker Ranch","status":"Occurrence","commodities":"gold","gold":true,"url":"https://mrdata.usgs.gov/mrds/show-mrds.php?dep_id=10190216"}},{"type":"Feature","geometry":{"type":"Point","coordinates":[-120.2204,37.96162]},"properties":{"src":"mrds","name":"Golden West Cons","status":"Occurrence","commodities":"gold","gold":true,"url":"https://mrdata.usgs.gov/mrds/show-mrds.php?dep_id=10190233"}},{"type":"Feature","geometry":{"type":"Point","coordinates":[-120.2518,38.02602]},"properties":{"src":"mrds","name":"Joe Wildcat Hooker","status":"Occurrence","commodities":"gold","gold":true,"url":"https://mrdata.usgs.gov/mrds/show-mrds.php?dep_id=10190255"}},{"type":"Feature","geometry":{"type":"Point","coordinates":[-120.3041,38.14241]},"properties":{"src":"mrds","name":"Tex","status":"Unknown","commodities":"gold, copper, silver","gold":true,"url":"https://mrdata.usgs.gov/mrds/show-mrds.php?dep_id=10190544"}},{"type":"Feature","geometry":{"type":"Point","coordinates":[-120.2654,37.98102]},"properties":{"src":"mrds","name":"Unidentified","status":"Unknown","commodities":"gold","gold":true,"url":"https://mrdata.usgs.gov/mrds/show-mrds.php?dep_id=10190662"}},{"type":"Feature","geometry":{"type":"Point","coordinates":[-120.2274,37.99242]},"properties":{"src":"mrds","name":"Duffield","status":"Occurrence","commodities":"gold","gold":true,"url":"https://mrdata.usgs.gov/mrds/show-mrds.php?dep_id=10190781"}},{"type":"Feature","geometry":{"type":"Point","coordinates":[-120.2724,37.97212]},"properties":{"src":"mrds","name":"Dawn","status":"Unknown","commodities":"gold","gold":true,"url":"https://mrdata.usgs.gov/mrds/show-mrds.php?dep_id=10214333"}},{"type":"Feature","geometry":{"type":"Point","coordinates":[-120.2904,38.10131]},"properties":{"src":"mrds","name":"Star","status":"Occurrence","commodities":"gold, copper, silver","gold":true,"url":"https://mrdata.usgs.gov/mrds/show-mrds.php?dep_id=10214568"}},{"type":"Feature","geometry":{"type":"Point","coordinates":[-120.17519,38.02022]},"properties":{"src":"mrds","name":"Jack Fray Ranch","status":"Occurrence","commodities":"manganese","gold":false,"url":"https://mrdata.usgs.gov/mrds/show-mrds.php?dep_id=10214828"}},{"type":"Feature","geometry":{"type":"Point","coordinates":[-120.03849,38.15911]},"properties":{"src":"mrds","name":"Aggregate Placer","status":"Prospect","commodities":"gold","gold":true,"url":"https://mrdata.usgs.gov/mrds/show-mrds.php?dep_id=10238786"}},{"type":"Feature","geometry":{"type":"Point","coordinates":[-119.66238,38.15492]},"properties":{"src":"mrds","name":"Whittle Property","status":"Unknown","commodities":"tungsten","gold":false,"url":"https://mrdata.usgs.gov/mrds/show-mrds.php?dep_id=10239023"}},{"type":"Feature","geometry":{"type":"Point","coordinates":[-120.2841,38.06271]},"properties":{"src":"mrds","name":"Mildred Lloyd","status":"Prospect","commodities":"gold, copper, lead, silver","gold":true,"url":"https://mrdata.usgs.gov/mrds/show-mrds.php?dep_id=10263110"}},{"type":"Feature","geometry":{"type":"Point","coordinates":[-120.2771,37.99052]},"properties":{"src":"mrds","name":"Imperial","status":"Unknown","commodities":"gold","gold":true,"url":"https://mrdata.usgs.gov/mrds/show-mrds.php?dep_id=10263285"}},{"type":"Feature","geometry":{"type":"Point","coordinates":[-120.2441,37.96352]},"properties":{"src":"mrds","name":"Dexter Fliming","status":"Unknown","commodities":"gold","gold":true,"url":"https://mrdata.usgs.gov/mrds/show-mrds.php?dep_id=10263372"}},{"type":"Feature","geometry":{"type":"Point","coordinates":[-120.18289,38.03132]},"properties":{"src":"mrds","name":"Hawk","status":"Prospect","commodities":"gold","gold":true,"url":"https://mrdata.usgs.gov/mrds/show-mrds.php?dep_id=10263509"}},{"type":"Feature","geometry":{"type":"Point","coordinates":[-120.3207,38.03411]},"properties":{"src":"mrds","name":"Phoenix Claims","status":"Prospect","commodities":"gold","gold":true,"url":"https://mrdata.usgs.gov/mrds/show-mrds.php?dep_id=10263527"}},{"type":"Feature","geometry":{"type":"Point","coordinates":[-120.2135,38.04022]},"properties":{"src":"mrds","name":"Maddox","status":"Occurrence","commodities":"gold","gold":true,"url":"https://mrdata.usgs.gov/mrds/show-mrds.php?dep_id=10263548"}},{"type":"Feature","geometry":{"type":"Point","coordinates":[-120.2104,38.06821]},"properties":{"src":"mrds","name":"Gold Wedge Lode","status":"Prospect","commodities":"gold","gold":true,"url":"https://mrdata.usgs.gov/mrds/show-mrds.php?dep_id=10263550"}},{"type":"Feature","geometry":{"type":"Point","coordinates":[-120.2957,38.01242]},"properties":{"src":"mrds","name":"Hyde","status":"Prospect","commodities":"gold","gold":true,"url":"https://mrdata.usgs.gov/mrds/show-mrds.php?dep_id=10287147"}},{"type":"Feature","geometry":{"type":"Point","coordinates":[-120.216,38.05961]},"properties":{"src":"mrds","name":"Monarch","status":"Past Producer","commodities":"gold","gold":true,"url":"https://mrdata.usgs.gov/mrds/show-mrds.php?dep_id=10287257"}},{"type":"Feature","geometry":{"type":"Point","coordinates":[-120.3185,38.11881]},"properties":{"src":"mrds","name":"Lost & Found","status":"Prospect","commodities":"gold","gold":true,"url":"https://mrdata.usgs.gov/mrds/show-mrds.php?dep_id=10287288"}},{"type":"Feature","geometry":{"type":"Point","coordinates":[-120.2516,38.02552]},"properties":{"src":"mrds","name":"Joe Hooker Wildcat","status":"Occurrence","commodities":"gold","gold":true,"url":"https://mrdata.usgs.gov/mrds/show-mrds.php?dep_id=10287323"}},{"type":"Feature","geometry":{"type":"Point","coordinates":[-120.16539,38.06102]},"properties":{"src":"mrds","name":"Sugar Pine","status":"Past Producer","commodities":"gold, silver","gold":true,"url":"https://mrdata.usgs.gov/mrds/show-mrds.php?dep_id=10287454"}},{"type":"Feature","geometry":{"type":"Point","coordinates":[-120.221,38.05631]},"properties":{"src":"mrds","name":"Golden Trail","status":"Past Producer","commodities":"gold, silver","gold":true,"url":"https://mrdata.usgs.gov/mrds/show-mrds.php?dep_id=10287540"}},{"type":"Feature","geometry":{"type":"Point","coordinates":[-120.3102,38.08881]},"properties":{"src":"mrds","name":"Gen Us Grant","status":"Past Producer","commodities":"gold, U","gold":true,"url":"https://mrdata.usgs.gov/mrds/show-mrds.php?dep_id=10287654"}},{"type":"Feature","geometry":{"type":"Point","coordinates":[-120.26188,37.98675]},"properties":{"src":"mrds","name":"Soulsby Mine","status":"Past Producer","commodities":"gold","gold":true,"url":"https://mrdata.usgs.gov/mrds/show-mrds.php?dep_id=10310683"}},{"type":"Feature","geometry":{"type":"Point","coordinates":[-119.21537,37.85213]},"properties":{"src":"mrds","name":"Mono Pass Prospect","status":"Prospect","commodities":"gold, copper, silver","gold":true,"url":"https://mrdata.usgs.gov/mrds/show-mrds.php?dep_id=10261936"}},{"type":"Feature","geometry":{"type":"Point","coordinates":[-119.84378,37.82322]},"properties":{"src":"mrds","name":"Molander Tungsten","status":"Occurrence","commodities":"tungsten","gold":false,"url":"https://mrdata.usgs.gov/mrds/show-mrds.php?dep_id=10238875"}},{"type":"Feature","geometry":{"type":"Point","coordinates":[-119.95379,37.79072]},"properties":{"src":"mrds","name":"Moore Creek Sand & Gravel","status":"Past Producer","commodities":"sand and gravel","gold":false,"url":"https://mrdata.usgs.gov/mrds/show-mrds.php?dep_id=10287110"}},{"type":"Feature","geometry":{"type":"Point","coordinates":[-119.78432,38.29991]},"properties":{"src":"mrds","name":"Juniper Claim","status":"Producer","commodities":"U","gold":false,"url":"https://mrdata.usgs.gov/mrds/show-mrds.php?dep_id=10072397"}},{"type":"Feature","geometry":{"type":"Point","coordinates":[-119.7896,38.29824]},"properties":{"src":"mrds","name":"Unidentified","status":"Producer","commodities":"U","gold":false,"url":"https://mrdata.usgs.gov/mrds/show-mrds.php?dep_id=10077985"}},{"type":"Feature","geometry":{"type":"Point","coordinates":[-119.77989,38.29601]},"properties":{"src":"mrds","name":"Carrigan Mines Inc","status":"Past Producer","commodities":"U","gold":false,"url":"https://mrdata.usgs.gov/mrds/show-mrds.php?dep_id=10141254"}},{"type":"Feature","geometry":{"type":"Point","coordinates":[-119.78959,38.29821]},"properties":{"src":"mrds","name":"Juniper Mine","status":"Prospect","commodities":"U","gold":false,"url":"https://mrdata.usgs.gov/mrds/show-mrds.php?dep_id=10190645"}},{"type":"Feature","geometry":{"type":"Point","coordinates":[-119.77819,38.33681]},"properties":{"src":"mrds","name":"Peugh Placer","status":"Unknown","commodities":"gold","gold":true,"url":"https://mrdata.usgs.gov/mrds/show-mrds.php?dep_id=10281261"}},{"type":"Feature","geometry":{"type":"Point","coordinates":[-120.36211,37.84603]},"properties":{"src":"mrds","name":"Mother Lode","status":"Past Producer","commodities":"gold","gold":true,"url":"https://mrdata.usgs.gov/mrds/show-mrds.php?dep_id=10072394"}},{"type":"Feature","geometry":{"type":"Point","coordinates":[-120.41794,37.91936]},"properties":{"src":"mrds","name":"Nyman Consolidated Group","status":"Past Producer","commodities":"gold","gold":true,"url":"https://mrdata.usgs.gov/mrds/show-mrds.php?dep_id=10077900"}},{"type":"Feature","geometry":{"type":"Point","coordinates":[-120.36461,38.05908]},"properties":{"src":"mrds","name":"Hidden Treasure","status":"Past Producer","commodities":"gold","gold":true,"url":"https://mrdata.usgs.gov/mrds/show-mrds.php?dep_id=10077940"}},{"type":"Feature","geometry":{"type":"Point","coordinates":[-120.21599,37.92325]},"properties":{"src":"mrds","name":"Anderson & Amberg","status":"Past Producer","commodities":"gold","gold":true,"url":"https://mrdata.usgs.gov/mrds/show-mrds.php?dep_id=10077969"}},{"type":"Feature","geometry":{"type":"Point","coordinates":[-120.50517,37.90825]},"properties":{"src":"mrds","name":"Sullivan and Kahl Lease Occurrence","status":"Past Producer","commodities":"chromium","gold":false,"url":"https://mrdata.usgs.gov/mrds/show-mrds.php?dep_id=10103915"}},{"type":"Feature","geometry":{"type":"Point","coordinates":[-120.02655,37.93075]},"properties":{"src":"mrds","name":"Kanaka","status":"Past Producer","commodities":"gold","gold":true,"url":"https://mrdata.usgs.gov/mrds/show-mrds.php?dep_id=10105958"}},{"type":"Feature","geometry":{"type":"Point","coordinates":[-120.30406,37.98492]},"properties":{"src":"mrds","name":"Ajax","status":"Producer","commodities":"gold","gold":true,"url":"https://mrdata.usgs.gov/mrds/show-mrds.php?dep_id=10109424"}},{"type":"Feature","geometry":{"type":"Point","coordinates":[-120.30989,38.08935]},"properties":{"src":"mrds","name":"U. S. Grant.","status":"Producer","commodities":"gold","gold":true,"url":"https://mrdata.usgs.gov/mrds/show-mrds.php?dep_id=10109467"}},{"type":"Feature","geometry":{"type":"Point","coordinates":[-120.2246,37.83853]},"properties":{"src":"mrds","name":"Sampson Lode","status":"Producer","commodities":"DIT","gold":false,"url":"https://mrdata.usgs.gov/mrds/show-mrds.php?dep_id=10111242"}},{"type":"Feature","geometry":{"type":"Point","coordinates":[-120.2229,37.99882]},"properties":{"src":"mrds","name":"Donella","status":"Occurrence","commodities":"gold","gold":true,"url":"https://mrdata.usgs.gov/mrds/show-mrds.php?dep_id=10117419"}},{"type":"Feature","geometry":{"type":"Point","coordinates":[-120.4532,37.93912]},"properties":{"src":"mrds","name":"Shell Ranch","status":"Prospect","commodities":"copper, gold","gold":true,"url":"https://mrdata.usgs.gov/mrds/show-mrds.php?dep_id=10117539"}},{"type":"Feature","geometry":{"type":"Point","coordinates":[-120.15709,38.07572]},"properties":{"src":"mrds","name":"Unidentified","status":"Unknown","commodities":"sand and gravel","gold":false,"url":"https://mrdata.usgs.gov/mrds/show-mrds.php?dep_id=10117811"}},{"type":"Feature","geometry":{"type":"Point","coordinates":[-120.366,38.09961]},"properties":{"src":"mrds","name":"Snow Storm","status":"Past Producer","commodities":"gold, silver","gold":true,"url":"https://mrdata.usgs.gov/mrds/show-mrds.php?dep_id=10117867"}},{"type":"Feature","geometry":{"type":"Point","coordinates":[-120.4199,38.04991]},"properties":{"src":"mrds","name":"Gem","status":"Unknown","commodities":"gold","gold":true,"url":"https://mrdata.usgs.gov/mrds/show-mrds.php?dep_id=10141318"}},{"type":"Feature","geometry":{"type":"Point","coordinates":[-120.2521,37.96352]},"properties":{"src":"mrds","name":"West","status":"Occurrence","commodities":"manganese","gold":false,"url":"https://mrdata.usgs.gov/mrds/show-mrds.php?dep_id=10141819"}},{"type":"Feature","geometry":{"type":"Point","coordinates":[-120.4638,37.96631]},"properties":{"src":"mrds","name":"Sunday Claim","status":"Past Producer","commodities":"chromium","gold":false,"url":"https://mrdata.usgs.gov/mrds/show-mrds.php?dep_id=10141920"}},{"type":"Feature","geometry":{"type":"Point","coordinates":[-120.15849,37.86962]},"properties":{"src":"mrds","name":"Kanaka Mine","status":"Prospect","commodities":"gold","gold":true,"url":"https://mrdata.usgs.gov/mrds/show-mrds.php?dep_id=10141974"}},{"type":"Feature","geometry":{"type":"Point","coordinates":[-120.4677,37.97681]},"properties":{"src":"mrds","name":"Mother Lode","status":"Unknown","commodities":"gold","gold":true,"url":"https://mrdata.usgs.gov/mrds/show-mrds.php?dep_id=10165584"}},{"type":"Feature","geometry":{"type":"Point","coordinates":[-120.561,37.90911]},"properties":{"src":"mrds","name":"If I Can Mine","status":"Past Producer","commodities":"gold","gold":true,"url":"https://mrdata.usgs.gov/mrds/show-mrds.php?dep_id=10165796"}},{"type":"Feature","geometry":{"type":"Point","coordinates":[-120.2438,37.97882]},"properties":{"src":"mrds","name":"Central","status":"Occurrence","commodities":"gold","gold":true,"url":"https://mrdata.usgs.gov/mrds/show-mrds.php?dep_id=10166089"}},{"type":"Feature","geometry":{"type":"Point","coordinates":[-120.3921,37.93462]},"properties":{"src":"mrds","name":"Mullin and Co","status":"Past Producer","commodities":"gold","gold":true,"url":"https://mrdata.usgs.gov/mrds/show-mrds.php?dep_id=10214228"}},{"type":"Feature","geometry":{"type":"Point","coordinates":[-120.2796,37.98992]},"properties":{"src":"mrds","name":"Wheal Rough","status":"Occurrence","commodities":"gold","gold":true,"url":"https://mrdata.usgs.gov/mrds/show-mrds.php?dep_id=10214232"}},{"type":"Feature","geometry":{"type":"Point","coordinates":[-120.2913,38.11661]},"properties":{"src":"mrds","name":"Unnamed Mine Probably A Placer Mine","status":"Occurrence","commodities":"gold","gold":true,"url":"https://mrdata.usgs.gov/mrds/show-mrds.php?dep_id=10214671"}},{"type":"Feature","geometry":{"type":"Point","coordinates":[-120.3879,37.96852]},"properties":{"src":"mrds","name":"Southern Ext Golden Sulphjuret","status":"Occurrence","commodities":"gold","gold":true,"url":"https://mrdata.usgs.gov/mrds/show-mrds.php?dep_id=10238333"}},{"type":"Feature","geometry":{"type":"Point","coordinates":[-120.4532,38.03741]},"properties":{"src":"mrds","name":"Tuolomne","status":"Unknown","commodities":"gold","gold":true,"url":"https://mrdata.usgs.gov/mrds/show-mrds.php?dep_id=10238474"}},{"type":"Feature","geometry":{"type":"Point","coordinates":[-120.22819,37.83602]},"properties":{"src":"mrds","name":"Mt Jefferson","status":"Occurrence","commodities":"gold","gold":true,"url":"https://mrdata.usgs.gov/mrds/show-mrds.php?dep_id=10262836"}},{"type":"Feature","geometry":{"type":"Point","coordinates":[-120.2052,38.10071]},"properties":{"src":"mrds","name":"Pink Rock Qtz.","status":"Prospect","commodities":"QTZ, sand and gravel","gold":false,"url":"https://mrdata.usgs.gov/mrds/show-mrds.php?dep_id=10263412"}},{"type":"Feature","geometry":{"type":"Point","coordinates":[-120.2885,37.83102]},"properties":{"src":"mrds","name":"National Group","status":"Occurrence","commodities":"gold","gold":true,"url":"https://mrdata.usgs.gov/mrds/show-mrds.php?dep_id=10287253"}},{"type":"Feature","geometry":{"type":"Point","coordinates":[-120.24179,37.84322]},"properties":{"src":"mrds","name":"Pipe Dream Claim","status":"Occurrence","commodities":"gold","gold":true,"url":"https://mrdata.usgs.gov/mrds/show-mrds.php?dep_id=10287373"}},{"type":"Feature","geometry":{"type":"Point","coordinates":[-120.3299,37.83412]},"properties":{"src":"mrds","name":"Hughes Cons and Dyneta","status":"Unknown","commodities":"gold","gold":true,"url":"https://mrdata.usgs.gov/mrds/show-mrds.php?dep_id=10287458"}},{"type":"Feature","geometry":{"type":"Point","coordinates":[-120.2654,37.89412]},"properties":{"src":"mrds","name":"Rotten Rail Mine","status":"Past Producer","commodities":"gold","gold":true,"url":"https://mrdata.usgs.gov/mrds/show-mrds.php?dep_id=10287517"}},{"type":"Feature","geometry":{"type":"Point","coordinates":[-120.64378,37.83631]},"properties":{"src":"mrds","name":"Unknown","status":"Occurrence","commodities":"gold","gold":true,"url":"https://mrdata.usgs.gov/mrds/show-mrds.php?dep_id=10028775"}},{"type":"Feature","geometry":{"type":"Point","coordinates":[-120.30767,37.84186]},"properties":{"src":"mrds","name":"Buona Speranza","status":"Producer","commodities":"gold","gold":true,"url":"https://mrdata.usgs.gov/mrds/show-mrds.php?dep_id=10077932"}},{"type":"Feature","geometry":{"type":"Point","coordinates":[-120.48156,37.74075]},"properties":{"src":"mrds","name":"Montreal Consolidated","status":"Producer","commodities":"gold","gold":true,"url":"https://mrdata.usgs.gov/mrds/show-mrds.php?dep_id=10109451"}},{"type":"Feature","geometry":{"type":"Point","coordinates":[-120.36433,37.80603]},"properties":{"src":"mrds","name":"Bluepoint Claim","status":"Producer","commodities":"chromium","gold":false,"url":"https://mrdata.usgs.gov/mrds/show-mrds.php?dep_id=10111238"}},{"type":"Feature","geometry":{"type":"Point","coordinates":[-120.22909,37.84212]},"properties":{"src":"mrds","name":"Reported Occurence","status":"Occurrence","commodities":"copper","gold":false,"url":"https://mrdata.usgs.gov/mrds/show-mrds.php?dep_id=10117454"}},{"type":"Feature","geometry":{"type":"Point","coordinates":[-119.20517,37.82103]},"properties":{"src":"mrds","name":"Prospect B","status":"Prospect","commodities":"silver, lead, zinc","gold":false,"url":"https://mrdata.usgs.gov/mrds/show-mrds.php?dep_id=10140268"}},{"type":"Feature","geometry":{"type":"Point","coordinates":[-120.3496,37.83852]},"properties":{"src":"mrds","name":"Harriman","status":"Occurrence","commodities":"gold","gold":true,"url":"https://mrdata.usgs.gov/mrds/show-mrds.php?dep_id=10141667"}},{"type":"Feature","geometry":{"type":"Point","coordinates":[-120.4029,37.84772]},"properties":{"src":"mrds","name":"Black Gold","status":"Past Producer","commodities":"gold, silver","gold":true,"url":"https://mrdata.usgs.gov/mrds/show-mrds.php?dep_id=10165636"}},{"type":"Feature","geometry":{"type":"Point","coordinates":[-120.27929,37.82212]},"properties":{"src":"mrds","name":"Eureka and Grizzly","status":"Occurrence","commodities":"gold","gold":true,"url":"https://mrdata.usgs.gov/mrds/show-mrds.php?dep_id=10165961"}},{"type":"Feature","geometry":{"type":"Point","coordinates":[-120.3646,37.80212]},"properties":{"src":"mrds","name":"Forked Pine Claim","status":"Prospect","commodities":"chromium","gold":false,"url":"https://mrdata.usgs.gov/mrds/show-mrds.php?dep_id=10190108"}},{"type":"Feature","geometry":{"type":"Point","coordinates":[-120.4552,37.72102]},"properties":{"src":"mrds","name":"Oak Hill","status":"Occurrence","commodities":"copper, gold","gold":true,"url":"https://mrdata.usgs.gov/mrds/show-mrds.php?dep_id=10190641"}},{"type":"Feature","geometry":{"type":"Point","coordinates":[-120.09409,37.82072]},"properties":{"src":"mrds","name":"Airdale No. 1 & 2","status":"Occurrence","commodities":"gold","gold":true,"url":"https://mrdata.usgs.gov/mrds/show-mrds.php?dep_id=10190692"}},{"type":"Feature","geometry":{"type":"Point","coordinates":[-120.23629,37.77912]},"properties":{"src":"mrds","name":"Jack Lode","status":"Occurrence","commodities":"gold, silver","gold":true,"url":"https://mrdata.usgs.gov/mrds/show-mrds.php?dep_id=10214238"}},{"type":"Feature","geometry":{"type":"Point","coordinates":[-120.4077,37.73522]},"properties":{"src":"mrds","name":"Fortynine Mine","status":"Occurrence","commodities":"gold","gold":true,"url":"https://mrdata.usgs.gov/mrds/show-mrds.php?dep_id=10214669"}},{"type":"Feature","geometry":{"type":"Point","coordinates":[-119.20157,37.81913]},"properties":{"src":"mrds","name":"Prospect C","status":"Prospect","commodities":"silver, lead, zinc","gold":false,"url":"https://mrdata.usgs.gov/mrds/show-mrds.php?dep_id=10236695"}},{"type":"Feature","geometry":{"type":"Point","coordinates":[-120.06989,37.82662]},"properties":{"src":"mrds","name":"Leprechaun Nos. 1-3","status":"Past Producer","commodities":"gold","gold":true,"url":"https://mrdata.usgs.gov/mrds/show-mrds.php?dep_id=10263161"}},{"type":"Feature","geometry":{"type":"Point","coordinates":[-120.3782,37.84102]},"properties":{"src":"mrds","name":"Moffitt Canyon","status":"Unknown","commodities":"gold","gold":true,"url":"https://mrdata.usgs.gov/mrds/show-mrds.php?dep_id=10263434"}},{"type":"Feature","geometry":{"type":"Point","coordinates":[-120.28129,37.82132]},"properties":{"src":"mrds","name":"Criss Cross and Relief","status":"Prospect","commodities":"gold","gold":true,"url":"https://mrdata.usgs.gov/mrds/show-mrds.php?dep_id=10263489"}},{"type":"Feature","geometry":{"type":"Point","coordinates":[-120.25429,37.82272]},"properties":{"src":"mrds","name":"Boitano Ranch","status":"Occurrence","commodities":"gold","gold":true,"url":"https://mrdata.usgs.gov/mrds/show-mrds.php?dep_id=10263511"}},{"type":"Feature","geometry":{"type":"Point","coordinates":[-120.17599,37.77662]},"properties":{"src":"mrds","name":"Fair","status":"Unknown","commodities":"gold","gold":true,"url":"https://mrdata.usgs.gov/mrds/show-mrds.php?dep_id=10285350"}},{"type":"Feature","geometry":{"type":"Point","coordinates":[-120.26459,37.82552]},"properties":{"src":"mrds","name":"Golden Star","status":"Unknown","commodities":"gold","gold":true,"url":"https://mrdata.usgs.gov/mrds/show-mrds.php?dep_id=10287757"}},{"type":"Feature","geometry":{"type":"Point","coordinates":[-120.26379,37.81352]},"properties":{"src":"mrds","name":"Grant Group","status":"Unknown","commodities":"gold","gold":true,"url":"https://mrdata.usgs.gov/mrds/show-mrds.php?dep_id=10287849"}},{"type":"Feature","geometry":{"type":"Point","coordinates":[-120.3988,38.08271]},"properties":{"src":"mrds","name":"Unidentified Workings","status":"Unknown","commodities":"gold","gold":true,"url":"https://mrdata.usgs.gov/mrds/show-mrds.php?dep_id=10214514"}},{"type":"Feature","geometry":{"type":"Point","coordinates":[-119.77848,37.94492]},"properties":{"src":"mrds","name":"Quarry","status":"Unknown","commodities":"STN","gold":false,"url":"https://mrdata.usgs.gov/mrds/show-mrds.php?dep_id=10165782"}},{"type":"Feature","geometry":{"type":"Point","coordinates":[-119.98849,37.88682]},"properties":{"src":"mrds","name":"T.J. Fromm's Properties","status":"Prospect","commodities":"gold, silver","gold":true,"url":"https://mrdata.usgs.gov/mrds/show-mrds.php?dep_id=10190079"}},{"type":"Feature","geometry":{"type":"Point","coordinates":[-119.89268,37.80682]},"properties":{"src":"mrds","name":"Rush Creek Consolidated","status":"Occurrence","commodities":"gold","gold":true,"url":"https://mrdata.usgs.gov/mrds/show-mrds.php?dep_id=10263092"}},{"type":"Feature","geometry":{"type":"Point","coordinates":[-120.47544,37.96519]},"properties":{"src":"mrds","name":"Quigg","status":"Producer","commodities":"chromium","gold":false,"url":"https://mrdata.usgs.gov/mrds/show-mrds.php?dep_id=10077892"}},{"type":"Feature","geometry":{"type":"Point","coordinates":[-120.38683,37.85548]},"properties":{"src":"mrds","name":"Punter","status":"Producer","commodities":"gold","gold":true,"url":"https://mrdata.usgs.gov/mrds/show-mrds.php?dep_id=10109457"}},{"type":"Feature","geometry":{"type":"Point","coordinates":[-120.191,38.06991]},"properties":{"src":"mrds","name":"Twain Harte Pit","status":"Producer","commodities":"sand and gravel","gold":false,"url":"https://mrdata.usgs.gov/mrds/show-mrds.php?dep_id=10117334"}},{"type":"Feature","geometry":{"type":"Point","coordinates":[-120.3727,38.03271]},"properties":{"src":"mrds","name":"Old Home","status":"Occurrence","commodities":"gold","gold":true,"url":"https://mrdata.usgs.gov/mrds/show-mrds.php?dep_id=10135217"}},{"type":"Feature","geometry":{"type":"Point","coordinates":[-120.2488,37.99932]},"properties":{"src":"mrds","name":"Dell Beacon","status":"Occurrence","commodities":"gold","gold":true,"url":"https://mrdata.usgs.gov/mrds/show-mrds.php?dep_id=10141423"}},{"type":"Feature","geometry":{"type":"Point","coordinates":[-120.2757,38.07101]},"properties":{"src":"mrds","name":"Korean","status":"Past Producer","commodities":"gold","gold":true,"url":"https://mrdata.usgs.gov/mrds/show-mrds.php?dep_id=10214528"}},{"type":"Feature","geometry":{"type":"Point","coordinates":[-120.3243,37.83432]},"properties":{"src":"mrds","name":"North Star","status":"Unknown","commodities":"gold","gold":true,"url":"https://mrdata.usgs.gov/mrds/show-mrds.php?dep_id=10117598"}},{"type":"Feature","geometry":{"type":"Point","coordinates":[-120.3529,38.05411]},"properties":{"src":"mrds","name":"Rifle","status":"Prospect","commodities":"gold","gold":true,"url":"https://mrdata.usgs.gov/mrds/show-mrds.php?dep_id=10166265"}},{"type":"Feature","geometry":{"type":"Point","coordinates":[-120.3004,37.98572]},"properties":{"src":"mrds","name":"Golden Dam","status":"Unknown","commodities":"gold","gold":true,"url":"https://mrdata.usgs.gov/mrds/show-mrds.php?dep_id=10214212"}},{"type":"Feature","geometry":{"type":"Point","coordinates":[-120.396,38.00461]},"properties":{"src":"mrds","name":"Stuart and Morris","status":"Unknown","commodities":"gold","gold":true,"url":"https://mrdata.usgs.gov/mrds/show-mrds.php?dep_id=10238434"}},{"type":"Feature","geometry":{"type":"Point","coordinates":[-120.3191,38.03571]},"properties":{"src":"mrds","name":"Mohawk","status":"Unknown","commodities":"gold","gold":true,"url":"https://mrdata.usgs.gov/mrds/show-mrds.php?dep_id=10238609"}},{"type":"Feature","geometry":{"type":"Point","coordinates":[-120.3543,37.84212]},"properties":{"src":"mrds","name":"Willietta","status":"Unknown","commodities":"gold","gold":true,"url":"https://mrdata.usgs.gov/mrds/show-mrds.php?dep_id=10238659"}},{"type":"Feature","geometry":{"type":"Point","coordinates":[-120.3749,38.00101]},"properties":{"src":"mrds","name":"Sell","status":"Occurrence","commodities":"gold","gold":true,"url":"https://mrdata.usgs.gov/mrds/show-mrds.php?dep_id=10263380"}},{"type":"Feature","geometry":{"type":"Point","coordinates":[-120.2846,37.97822]},"properties":{"src":"mrds","name":"Whitto","status":"Occurrence","commodities":"gold","gold":true,"url":"https://mrdata.usgs.gov/mrds/show-mrds.php?dep_id=10287427"}},{"type":"Feature","geometry":{"type":"Point","coordinates":[-120.4243,37.98321]},"properties":{"src":"mrds","name":"Rosedale","status":"Past Producer","commodities":"gold, silver","gold":true,"url":"https://mrdata.usgs.gov/mrds/show-mrds.php?dep_id=10287602"}},{"type":"Feature","geometry":{"type":"Point","coordinates":[-120.25039,37.81822]},"properties":{"src":"mrds","name":"Red Jacket","status":"Prospect","commodities":"gold","gold":true,"url":"https://mrdata.usgs.gov/mrds/show-mrds.php?dep_id=10117525"}},{"type":"Feature","geometry":{"type":"Point","coordinates":[-120.4171,38.00931]},"properties":{"src":"mrds","name":"Shaws Flat","status":"Unknown","commodities":"gold","gold":true,"url":"https://mrdata.usgs.gov/mrds/show-mrds.php?dep_id=10141498"}},{"type":"Feature","geometry":{"type":"Point","coordinates":[-120.3741,38.02071]},"properties":{"src":"mrds","name":"Hudson and Calhoun","status":"Past Producer","commodities":"gold","gold":true,"url":"https://mrdata.usgs.gov/mrds/show-mrds.php?dep_id=10190247"}},{"type":"Feature","geometry":{"type":"Point","coordinates":[-120.2713,37.90742]},"properties":{"src":"mrds","name":"Three Reported Deposits of Dolomite","status":"Prospect","commodities":"magnesium","gold":false,"url":"https://mrdata.usgs.gov/mrds/show-mrds.php?dep_id=10238449"}},{"type":"Feature","geometry":{"type":"Point","coordinates":[-120.4646,38.00181]},"properties":{"src":"mrds","name":"Thompson Hill","status":"Unknown","commodities":"gold","gold":true,"url":"https://mrdata.usgs.gov/mrds/show-mrds.php?dep_id=10263078"}},{"type":"Feature","geometry":{"type":"Point","coordinates":[-120.24179,37.89662]},"properties":{"src":"mrds","name":"Big Bend and Little Bend","status":"Past Producer","commodities":"gold, silver","gold":true,"url":"https://mrdata.usgs.gov/mrds/show-mrds.php?dep_id=10263404"}},{"type":"Feature","geometry":{"type":"Point","coordinates":[-120.3377,37.86322]},"properties":{"src":"mrds","name":"Last Chance","status":"Unknown","commodities":"gold, copper","gold":true,"url":"https://mrdata.usgs.gov/mrds/show-mrds.php?dep_id=10287445"}},{"type":"Feature","geometry":{"type":"Point","coordinates":[-120.17959,38.02242]},"properties":{"src":"mrds","name":"Mayflower Prospect","status":"Occurrence","commodities":"gold","gold":true,"url":"https://mrdata.usgs.gov/mrds/show-mrds.php?dep_id=10287509"}},{"type":"Feature","geometry":{"type":"Point","coordinates":[-120.3621,37.97962]},"properties":{"src":"mrds","name":"Keystone Mill","status":"Producer","commodities":"STN","gold":false,"url":"https://mrdata.usgs.gov/mrds/show-mrds.php?dep_id=10287690"}},{"type":"Feature","geometry":{"type":"Point","coordinates":[-120.2591,37.93712]},"properties":{"src":"mrds","name":"Unamed","status":"Unknown","commodities":"gold","gold":true,"url":"https://mrdata.usgs.gov/mrds/show-mrds.php?dep_id=10287836"}},{"type":"Feature","geometry":{"type":"Point","coordinates":[-120.25877,37.87242]},"properties":{"src":"mrds","name":"Verdun","status":"Past Producer","commodities":"gold","gold":true,"url":"https://mrdata.usgs.gov/mrds/show-mrds.php?dep_id=10077931"}},{"type":"Feature","geometry":{"type":"Point","coordinates":[-120.31017,38.0888]},"properties":{"src":"mrds","name":"Gen Us Grant","status":"Producer","commodities":"gold","gold":true,"url":"https://mrdata.usgs.gov/mrds/show-mrds.php?dep_id=10077949"}},{"type":"Feature","geometry":{"type":"Point","coordinates":[-120.24294,38.05019]},"properties":{"src":"mrds","name":"Electric and Thunderbolt.","status":"Producer","commodities":"gold","gold":true,"url":"https://mrdata.usgs.gov/mrds/show-mrds.php?dep_id=10077976"}},{"type":"Feature","geometry":{"type":"Point","coordinates":[-120.19433,38.07074]},"properties":{"src":"mrds","name":"Temescal","status":"Producer","commodities":"gold","gold":true,"url":"https://mrdata.usgs.gov/mrds/show-mrds.php?dep_id=10077984"}},{"type":"Feature","geometry":{"type":"Point","coordinates":[-120.20432,37.94186]},"properties":{"src":"mrds","name":"Starr King","status":"Past Producer","commodities":"gold","gold":true,"url":"https://mrdata.usgs.gov/mrds/show-mrds.php?dep_id=10105954"}},{"type":"Feature","geometry":{"type":"Point","coordinates":[-120.22294,37.99881]},"properties":{"src":"mrds","name":"Donella","status":"Past Producer","commodities":"gold","gold":true,"url":"https://mrdata.usgs.gov/mrds/show-mrds.php?dep_id=10105957"}},{"type":"Feature","geometry":{"type":"Point","coordinates":[-120.21738,37.94575]},"properties":{"src":"mrds","name":"Pine Nut","status":"Producer","commodities":"gold","gold":true,"url":"https://mrdata.usgs.gov/mrds/show-mrds.php?dep_id=10109456"}},{"type":"Feature","geometry":{"type":"Point","coordinates":[-120.32517,37.9852]},"properties":{"src":"mrds","name":"Waif","status":"Producer","commodities":"gold","gold":true,"url":"https://mrdata.usgs.gov/mrds/show-mrds.php?dep_id=10109468"}},{"type":"Feature","geometry":{"type":"Point","coordinates":[-120.15539,38.06022]},"properties":{"src":"mrds","name":"Unidentified","status":"Prospect","commodities":"gold","gold":true,"url":"https://mrdata.usgs.gov/mrds/show-mrds.php?dep_id=10117462"}},{"type":"Feature","geometry":{"type":"Point","coordinates":[-120.2963,38.08961]},"properties":{"src":"mrds","name":"Sonnet","status":"Prospect","commodities":"gold","gold":true,"url":"https://mrdata.usgs.gov/mrds/show-mrds.php?dep_id=10117477"}},{"type":"Feature","geometry":{"type":"Point","coordinates":[-120.2743,38.17051]},"properties":{"src":"mrds","name":"Unamed","status":"Unknown","commodities":"gold","gold":true,"url":"https://mrdata.usgs.gov/mrds/show-mrds.php?dep_id=10117538"}},{"type":"Feature","geometry":{"type":"Point","coordinates":[-120.21159,37.85302]},"properties":{"src":"mrds","name":"Sargent","status":"Unknown","commodities":"gold","gold":true,"url":"https://mrdata.usgs.gov/mrds/show-mrds.php?dep_id=10117690"}},{"type":"Feature","geometry":{"type":"Point","coordinates":[-120.1643,38.07212]},"properties":{"src":"mrds","name":"Last Chance","status":"Unknown","commodities":"gold","gold":true,"url":"https://mrdata.usgs.gov/mrds/show-mrds.php?dep_id=10117755"}},{"type":"Feature","geometry":{"type":"Point","coordinates":[-120.2191,37.99272]},"properties":{"src":"mrds","name":"Dreisam","status":"Occurrence","commodities":"gold","gold":true,"url":"https://mrdata.usgs.gov/mrds/show-mrds.php?dep_id=10117817"}},{"type":"Feature","geometry":{"type":"Point","coordinates":[-120.2418,37.97712]},"properties":{"src":"mrds","name":"Carlotta","status":"Occurrence","commodities":"gold","gold":true,"url":"https://mrdata.usgs.gov/mrds/show-mrds.php?dep_id=10141569"}},{"type":"Feature","geometry":{"type":"Point","coordinates":[-120.14039,38.07992]},"properties":{"src":"mrds","name":"Sledge","status":"Past Producer","commodities":"gold","gold":true,"url":"https://mrdata.usgs.gov/mrds/show-mrds.php?dep_id=10141612"}},{"type":"Feature","geometry":{"type":"Point","coordinates":[-120.14909,37.88432]},"properties":{"src":"mrds","name":"Garner Mine","status":"Prospect","commodities":"gold","gold":true,"url":"https://mrdata.usgs.gov/mrds/show-mrds.php?dep_id=10141860"}},{"type":"Feature","geometry":{"type":"Point","coordinates":[-120.2907,37.95382]},"properties":{"src":"mrds","name":"Golden Gate Mines Incorporated","status":"Occurrence","commodities":"gold","gold":true,"url":"https://mrdata.usgs.gov/mrds/show-mrds.php?dep_id=10165586"}},{"type":"Feature","geometry":{"type":"Point","coordinates":[-120.2532,38.03851]},"properties":{"src":"mrds","name":"Op","status":"Occurrence","commodities":"gold","gold":true,"url":"https://mrdata.usgs.gov/mrds/show-mrds.php?dep_id=10165597"}},{"type":"Feature","geometry":{"type":"Point","coordinates":[-120.2982,38.08571]},"properties":{"src":"mrds","name":"Riverside Cons","status":"Unknown","commodities":"gold","gold":true,"url":"https://mrdata.usgs.gov/mrds/show-mrds.php?dep_id=10190200"}},{"type":"Feature","geometry":{"type":"Point","coordinates":[-120.18459,38.02322]},"properties":{"src":"mrds","name":"New Mamoth","status":"Occurrence","commodities":"lead, zinc","gold":false,"url":"https://mrdata.usgs.gov/mrds/show-mrds.php?dep_id=10190500"}},{"type":"Feature","geometry":{"type":"Point","coordinates":[-120.1716,38.13881]},"properties":{"src":"mrds","name":"Ratto","status":"Unknown","commodities":"gold","gold":true,"url":"https://mrdata.usgs.gov/mrds/show-mrds.php?dep_id=10211666"}},{"type":"Feature","geometry":{"type":"Point","coordinates":[-120.16989,38.05552]},"properties":{"src":"mrds","name":"Siedge","status":"Occurrence","commodities":"gold","gold":true,"url":"https://mrdata.usgs.gov/mrds/show-mrds.php?dep_id=10214174"}},{"type":"Feature","geometry":{"type":"Point","coordinates":[-120.2463,37.98492]},"properties":{"src":"mrds","name":"Prudhomme","status":"Past Producer","commodities":"gold, lead","gold":true,"url":"https://mrdata.usgs.gov/mrds/show-mrds.php?dep_id=10214319"}},{"type":"Feature","geometry":{"type":"Point","coordinates":[-120.16959,37.86912]},"properties":{"src":"mrds","name":"Hull Mine","status":"Past Producer","commodities":"gold","gold":true,"url":"https://mrdata.usgs.gov/mrds/show-mrds.php?dep_id=10214350"}},{"type":"Feature","geometry":{"type":"Point","coordinates":[-120.09539,37.96962]},"properties":{"src":"mrds","name":"Clavey River","status":"Occurrence","commodities":"BA","gold":false,"url":"https://mrdata.usgs.gov/mrds/show-mrds.php?dep_id=10238311"}},{"type":"Feature","geometry":{"type":"Point","coordinates":[-120.20739,37.92912]},"properties":{"src":"mrds","name":"Somerset","status":"Occurrence","commodities":"gold","gold":true,"url":"https://mrdata.usgs.gov/mrds/show-mrds.php?dep_id=10238327"}},{"type":"Feature","geometry":{"type":"Point","coordinates":[-120.24019,37.89462]},"properties":{"src":"mrds","name":"San Francisco Mine","status":"Past Producer","commodities":"gold, silver","gold":true,"url":"https://mrdata.usgs.gov/mrds/show-mrds.php?dep_id=10238424"}},{"type":"Feature","geometry":{"type":"Point","coordinates":[-120.19239,37.90412]},"properties":{"src":"mrds","name":"Chaparral Mine","status":"Past Producer","commodities":"gold","gold":true,"url":"https://mrdata.usgs.gov/mrds/show-mrds.php?dep_id=10238567"}},{"type":"Feature","geometry":{"type":"Point","coordinates":[-120.3174,38.09431]},"properties":{"src":"mrds","name":"Noonday","status":"Occurrence","commodities":"gold","gold":true,"url":"https://mrdata.usgs.gov/mrds/show-mrds.php?dep_id=10238867"}},{"type":"Feature","geometry":{"type":"Point","coordinates":[-120.2052,38.06931]},"properties":{"src":"mrds","name":"Temescal","status":"Occurrence","commodities":"gold","gold":true,"url":"https://mrdata.usgs.gov/mrds/show-mrds.php?dep_id=10238878"}},{"type":"Feature","geometry":{"type":"Point","coordinates":[-120.166,38.06772]},"properties":{"src":"mrds","name":"Sugar Pine","status":"Unknown","commodities":"gold","gold":true,"url":"https://mrdata.usgs.gov/mrds/show-mrds.php?dep_id=10239008"}},{"type":"Feature","geometry":{"type":"Point","coordinates":[-120.17569,37.96432]},"properties":{"src":"mrds","name":"Agus Celiente","status":"Unknown","commodities":"gold","gold":true,"url":"https://mrdata.usgs.gov/mrds/show-mrds.php?dep_id=10262954"}},{"type":"Feature","geometry":{"type":"Point","coordinates":[-120.2429,38.05021]},"properties":{"src":"mrds","name":"Thunderbolt","status":"Occurrence","commodities":"gold","gold":true,"url":"https://mrdata.usgs.gov/mrds/show-mrds.php?dep_id=10262982"}},{"type":"Feature","geometry":{"type":"Point","coordinates":[-120.3157,38.00242]},"properties":{"src":"mrds","name":"Open Pit Mine Otherwise Unidntified","status":"Occurrence","commodities":"gold","gold":true,"url":"https://mrdata.usgs.gov/mrds/show-mrds.php?dep_id=10263024"}},{"type":"Feature","geometry":{"type":"Point","coordinates":[-120.2554,37.98272]},"properties":{"src":"mrds","name":"Independent","status":"Occurrence","commodities":"gold","gold":true,"url":"https://mrdata.usgs.gov/mrds/show-mrds.php?dep_id=10263212"}},{"type":"Feature","geometry":{"type":"Point","coordinates":[-120.22819,37.89022]},"properties":{"src":"mrds","name":"La Preciosa Mine","status":"Past Producer","commodities":"gold","gold":true,"url":"https://mrdata.usgs.gov/mrds/show-mrds.php?dep_id=10263248"}},{"type":"Feature","geometry":{"type":"Point","coordinates":[-120.2557,37.97662]},"properties":{"src":"mrds","name":"Gibson","status":"Past Producer","commodities":"gold","gold":true,"url":"https://mrdata.usgs.gov/mrds/show-mrds.php?dep_id=10287120"}},{"type":"Feature","geometry":{"type":"Point","coordinates":[-120.281,37.97492]},"properties":{"src":"mrds","name":"Cornucopia No1,2","status":"Prospect","commodities":"gold","gold":true,"url":"https://mrdata.usgs.gov/mrds/show-mrds.php?dep_id=10287178"}},{"type":"Feature","geometry":{"type":"Point","coordinates":[-119.99209,37.88462]},"properties":{"src":"mrds","name":"Blue Eagle","status":"Occurrence","commodities":"gold","gold":true,"url":"https://mrdata.usgs.gov/mrds/show-mrds.php?dep_id=10287300"}},{"type":"Feature","geometry":{"type":"Point","coordinates":[-120.2968,38.11491]},"properties":{"src":"mrds","name":"Grigsby # 2","status":"Past Producer","commodities":"gold, silver","gold":true,"url":"https://mrdata.usgs.gov/mrds/show-mrds.php?dep_id=10287452"}},{"type":"Feature","geometry":{"type":"Point","coordinates":[-120.4785,37.96158]},"properties":{"src":"mrds","name":"Kahl Ranch","status":"Occurrence","commodities":"copper, chromium","gold":false,"url":"https://mrdata.usgs.gov/mrds/show-mrds.php?dep_id=10033953"}},{"type":"Feature","geometry":{"type":"Point","coordinates":[-120.46239,37.93964]},"properties":{"src":"mrds","name":"Shell Ranch","status":"Occurrence","commodities":"copper, gold","gold":true,"url":"https://mrdata.usgs.gov/mrds/show-mrds.php?dep_id=10033957"}},{"type":"Feature","geometry":{"type":"Point","coordinates":[-120.46239,37.98297]},"properties":{"src":"mrds","name":"Combination","status":"Past Producer","commodities":"gold","gold":true,"url":"https://mrdata.usgs.gov/mrds/show-mrds.php?dep_id=10034525"}},{"type":"Feature","geometry":{"type":"Point","coordinates":[-120.471,37.99797]},"properties":{"src":"mrds","name":"Grass Extention","status":"Producer","commodities":"gold","gold":true,"url":"https://mrdata.usgs.gov/mrds/show-mrds.php?dep_id=10034555"}},{"type":"Feature","geometry":{"type":"Point","coordinates":[-120.46989,37.99769]},"properties":{"src":"mrds","name":"Gross Consolidated","status":"Producer","commodities":"gold","gold":true,"url":"https://mrdata.usgs.gov/mrds/show-mrds.php?dep_id=10034556"}},{"type":"Feature","geometry":{"type":"Point","coordinates":[-120.47322,37.9888]},"properties":{"src":"mrds","name":"Lead & Tam O'Shanter","status":"Past Producer","commodities":"gold, lead","gold":true,"url":"https://mrdata.usgs.gov/mrds/show-mrds.php?dep_id=10034572"}},{"type":"Feature","geometry":{"type":"Point","coordinates":[-120.45961,37.99769]},"properties":{"src":"mrds","name":"New Grand Turk","status":"Producer","commodities":"gold","gold":true,"url":"https://mrdata.usgs.gov/mrds/show-mrds.php?dep_id=10034594"}},{"type":"Feature","geometry":{"type":"Point","coordinates":[-120.47267,37.96713]},"properties":{"src":"mrds","name":"Pena Blanco Mines Group","status":"Past Producer","commodities":"gold","gold":true,"url":"https://mrdata.usgs.gov/mrds/show-mrds.php?dep_id=10034605"}},{"type":"Feature","geometry":{"type":"Point","coordinates":[-120.46933,37.99769]},"properties":{"src":"mrds","name":"Relief & Surplus","status":"Producer","commodities":"gold","gold":true,"url":"https://mrdata.usgs.gov/mrds/show-mrds.php?dep_id=10034616"}},{"type":"Feature","geometry":{"type":"Point","coordinates":[-120.4785,37.99852]},"properties":{"src":"mrds","name":"Santissima","status":"Producer","commodities":"gold","gold":true,"url":"https://mrdata.usgs.gov/mrds/show-mrds.php?dep_id=10034624"}},{"type":"Feature","geometry":{"type":"Point","coordinates":[-120.46378,37.99519]},"properties":{"src":"mrds","name":"Street.","status":"Past Producer","commodities":"gold","gold":true,"url":"https://mrdata.usgs.gov/mrds/show-mrds.php?dep_id=10034633"}},{"type":"Feature","geometry":{"type":"Point","coordinates":[-120.46656,37.9838]},"properties":{"src":"mrds","name":"Tarantula","status":"Past Producer","commodities":"gold","gold":true,"url":"https://mrdata.usgs.gov/mrds/show-mrds.php?dep_id=10034636"}},{"type":"Feature","geometry":{"type":"Point","coordinates":[-120.46294,38.00408]},"properties":{"src":"mrds","name":"Valparaiso","status":"Past Producer","commodities":"gold","gold":true,"url":"https://mrdata.usgs.gov/mrds/show-mrds.php?dep_id=10034641"}},{"type":"Feature","geometry":{"type":"Point","coordinates":[-120.46739,37.98908]},"properties":{"src":"mrds","name":"Wise","status":"Past Producer","commodities":"gold","gold":true,"url":"https://mrdata.usgs.gov/mrds/show-mrds.php?dep_id=10034649"}},{"type":"Feature","geometry":{"type":"Point","coordinates":[-120.46294,38.00435]},"properties":{"src":"mrds","name":"Worcester","status":"Past Producer","commodities":"gold","gold":true,"url":"https://mrdata.usgs.gov/mrds/show-mrds.php?dep_id=10034650"}},{"type":"Feature","geometry":{"type":"Point","coordinates":[-120.46294,37.9888]},"properties":{"src":"mrds","name":"Maryatt","status":"Producer","commodities":"gold","gold":true,"url":"https://mrdata.usgs.gov/mrds/show-mrds.php?dep_id=10109450"}},{"type":"Feature","geometry":{"type":"Point","coordinates":[-120.46906,37.97797]},"properties":{"src":"mrds","name":"Mountain View Consolidated","status":"Producer","commodities":"gold","gold":true,"url":"https://mrdata.usgs.gov/mrds/show-mrds.php?dep_id=10109452"}},{"type":"Feature","geometry":{"type":"Point","coordinates":[-120.4624,37.99931]},"properties":{"src":"mrds","name":"New Grand Turk","status":"Unknown","commodities":"gold","gold":true,"url":"https://mrdata.usgs.gov/mrds/show-mrds.php?dep_id=10117123"}},{"type":"Feature","geometry":{"type":"Point","coordinates":[-120.4916,38.00271]},"properties":{"src":"mrds","name":"Bown","status":"Past Producer","commodities":"gold","gold":true,"url":"https://mrdata.usgs.gov/mrds/show-mrds.php?dep_id=10117640"}},{"type":"Feature","geometry":{"type":"Point","coordinates":[-120.4668,37.96491]},"properties":{"src":"mrds","name":"Rowe and Swerer","status":"Past Producer","commodities":"chromium","gold":false,"url":"https://mrdata.usgs.gov/mrds/show-mrds.php?dep_id=10117679"}},{"type":"Feature","geometry":{"type":"Point","coordinates":[-120.5171,37.96681]},"properties":{"src":"mrds","name":"Ruby","status":"Prospect","commodities":"gold","gold":true,"url":"https://mrdata.usgs.gov/mrds/show-mrds.php?dep_id=10117752"}},{"type":"Feature","geometry":{"type":"Point","coordinates":[-120.4785,38.00521]},"properties":{"src":"mrds","name":"John Moore","status":"Unknown","commodities":"gold","gold":true,"url":"https://mrdata.usgs.gov/mrds/show-mrds.php?dep_id=10165572"}},{"type":"Feature","geometry":{"type":"Point","coordinates":[-120.4818,38.00131]},"properties":{"src":"mrds","name":"Ritchie","status":"Unknown","commodities":"gold","gold":true,"url":"https://mrdata.usgs.gov/mrds/show-mrds.php?dep_id=10165983"}},{"type":"Feature","geometry":{"type":"Point","coordinates":[-120.5138,37.96051]},"properties":{"src":"mrds","name":"Bowery Bar","status":"Prospect","commodities":"magnesium","gold":false,"url":"https://mrdata.usgs.gov/mrds/show-mrds.php?dep_id=10166331"}},{"type":"Feature","geometry":{"type":"Point","coordinates":[-120.4632,37.98771]},"properties":{"src":"mrds","name":"Maryatt","status":"Unknown","commodities":"gold","gold":true,"url":"https://mrdata.usgs.gov/mrds/show-mrds.php?dep_id=10190246"}},{"type":"Feature","geometry":{"type":"Point","coordinates":[-120.5002,37.98631]},"properties":{"src":"mrds","name":"Beckwith and Saunders","status":"Unknown","commodities":"gold","gold":true,"url":"https://mrdata.usgs.gov/mrds/show-mrds.php?dep_id=10190748"}},{"type":"Feature","geometry":{"type":"Point","coordinates":[-120.4785,38.00101]},"properties":{"src":"mrds","name":"Nevada Wonder Mining Company","status":"Occurrence","commodities":"gold","gold":true,"url":"https://mrdata.usgs.gov/mrds/show-mrds.php?dep_id=10214618"}},{"type":"Feature","geometry":{"type":"Point","coordinates":[-120.4866,37.97961]},"properties":{"src":"mrds","name":"Mountain View Cons","status":"Unknown","commodities":"gold","gold":true,"url":"https://mrdata.usgs.gov/mrds/show-mrds.php?dep_id=10238740"}},{"type":"Feature","geometry":{"type":"Point","coordinates":[-120.4874,38.00631]},"properties":{"src":"mrds","name":"Norwegian","status":"Occurrence","commodities":"gold","gold":true,"url":"https://mrdata.usgs.gov/mrds/show-mrds.php?dep_id=10263327"}},{"type":"Feature","geometry":{"type":"Point","coordinates":[-120.4741,38.01131]},"properties":{"src":"mrds","name":"Royal","status":"Unknown","commodities":"gold","gold":true,"url":"https://mrdata.usgs.gov/mrds/show-mrds.php?dep_id=10287503"}},{"type":"Feature","geometry":{"type":"Point","coordinates":[-120.39044,38.12047]},"properties":{"src":"mrds","name":"Golden Sulphuret Cons","status":"Past Producer","commodities":"gold","gold":true,"url":"https://mrdata.usgs.gov/mrds/show-mrds.php?dep_id=10029426"}},{"type":"Feature","geometry":{"type":"Point","coordinates":[-120.35017,38.16741]},"properties":{"src":"mrds","name":"Lava Point","status":"Producer","commodities":"STN","gold":false,"url":"https://mrdata.usgs.gov/mrds/show-mrds.php?dep_id=10029516"}},{"type":"Feature","geometry":{"type":"Point","coordinates":[-120.33017,38.09908]},"properties":{"src":"mrds","name":"Flaming Arrow 2 and 3 Deposit","status":"Occurrence","commodities":"manganese","gold":false,"url":"https://mrdata.usgs.gov/mrds/show-mrds.php?dep_id=10033739"}},{"type":"Feature","geometry":{"type":"Point","coordinates":[-120.3663,38.12851]},"properties":{"src":"mrds","name":"Roosevelt","status":"Past Producer","commodities":"gold","gold":true,"url":"https://mrdata.usgs.gov/mrds/show-mrds.php?dep_id=10034623"}},{"type":"Feature","geometry":{"type":"Point","coordinates":[-120.34156,38.11963]},"properties":{"src":"mrds","name":"Contention","status":"Producer","commodities":"gold","gold":true,"url":"https://mrdata.usgs.gov/mrds/show-mrds.php?dep_id=10111241"}},{"type":"Feature","geometry":{"type":"Point","coordinates":[-120.3663,38.12851]},"properties":{"src":"mrds","name":"Roosevelt Et Al","status":"Prospect","commodities":"gold","gold":true,"url":"https://mrdata.usgs.gov/mrds/show-mrds.php?dep_id=10141660"}},{"type":"Feature","geometry":{"type":"Point","coordinates":[-120.3621,38.12131]},"properties":{"src":"mrds","name":"Black Jack and Ida Della","status":"Occurrence","commodities":"gold","gold":true,"url":"https://mrdata.usgs.gov/mrds/show-mrds.php?dep_id=10165948"}},{"type":"Feature","geometry":{"type":"Point","coordinates":[-120.4099,38.09271]},"properties":{"src":"mrds","name":"Duck Bar","status":"Unknown","commodities":"gold","gold":true,"url":"https://mrdata.usgs.gov/mrds/show-mrds.php?dep_id=10166239"}},{"type":"Feature","geometry":{"type":"Point","coordinates":[-120.3829,38.13211]},"properties":{"src":"mrds","name":"Golden Sulphuret Consolidated","status":"Occurrence","commodities":"gold","gold":true,"url":"https://mrdata.usgs.gov/mrds/show-mrds.php?dep_id=10235182"}},{"type":"Feature","geometry":{"type":"Point","coordinates":[-120.351,38.10601]},"properties":{"src":"mrds","name":"Glad Acres","status":"Unknown","commodities":"gold","gold":true,"url":"https://mrdata.usgs.gov/mrds/show-mrds.php?dep_id=10263060"}},{"type":"Feature","geometry":{"type":"Point","coordinates":[-120.3754,38.13551]},"properties":{"src":"mrds","name":"True Business","status":"Occurrence","commodities":"gold","gold":true,"url":"https://mrdata.usgs.gov/mrds/show-mrds.php?dep_id=10287516"}},{"type":"Feature","geometry":{"type":"Point","coordinates":[-120.49989,37.91964]},"properties":{"src":"mrds","name":"Phoenix Mine","status":"Past Producer","commodities":"chromium","gold":false,"url":"https://mrdata.usgs.gov/mrds/show-mrds.php?dep_id=10043705"}},{"type":"Feature","geometry":{"type":"Point","coordinates":[-120.4471,38.05381]},"properties":{"src":"mrds","name":"Sulphur Spring","status":"Past Producer","commodities":"gold","gold":true,"url":"https://mrdata.usgs.gov/mrds/show-mrds.php?dep_id=10029391"}},{"type":"Feature","geometry":{"type":"Point","coordinates":[-120.45267,38.05047]},"properties":{"src":"mrds","name":"Dutchess Consolidated","status":"Past Producer","commodities":"gold","gold":true,"url":"https://mrdata.usgs.gov/mrds/show-mrds.php?dep_id=10029394"}},{"type":"Feature","geometry":{"type":"Point","coordinates":[-120.47878,38.01824]},"properties":{"src":"mrds","name":"Our Flag Etal","status":"Past Producer","commodities":"gold","gold":true,"url":"https://mrdata.usgs.gov/mrds/show-mrds.php?dep_id=10029396"}},{"type":"Feature","geometry":{"type":"Point","coordinates":[-120.47961,38.01324]},"properties":{"src":"mrds","name":"Rising Star","status":"Past Producer","commodities":"gold","gold":true,"url":"https://mrdata.usgs.gov/mrds/show-mrds.php?dep_id=10029398"}},{"type":"Feature","geometry":{"type":"Point","coordinates":[-120.4211,38.08567]},"properties":{"src":"mrds","name":"Duck Bar Placer Claims","status":"Producer","commodities":"gold","gold":true,"url":"https://mrdata.usgs.gov/mrds/show-mrds.php?dep_id=10029454"}},{"type":"Feature","geometry":{"type":"Point","coordinates":[-120.4211,38.08567]},"properties":{"src":"mrds","name":"Consolidated River Alfred Gianelli","status":"Occurrence","commodities":"gold","gold":true,"url":"https://mrdata.usgs.gov/mrds/show-mrds.php?dep_id=10029455"}},{"type":"Feature","geometry":{"type":"Point","coordinates":[-120.4228,38.07052]},"properties":{"src":"mrds","name":"Angels Marble Quarry","status":"Producer","commodities":"marble","gold":false,"url":"https://mrdata.usgs.gov/mrds/show-mrds.php?dep_id=10029467"}},{"type":"Feature","geometry":{"type":"Point","coordinates":[-120.38711,38.0038]},"properties":{"src":"mrds","name":"Madrid Property","status":"Occurrence","commodities":"manganese","gold":false,"url":"https://mrdata.usgs.gov/mrds/show-mrds.php?dep_id=10033742"}},{"type":"Feature","geometry":{"type":"Point","coordinates":[-120.38128,38.00158]},"properties":{"src":"mrds","name":"Pedro Prospect","status":"Occurrence","commodities":"manganese","gold":false,"url":"https://mrdata.usgs.gov/mrds/show-mrds.php?dep_id=10033743"}},{"type":"Feature","geometry":{"type":"Point","coordinates":[-120.38961,38.06269]},"properties":{"src":"mrds","name":"Schoettgen Prospect","status":"Past Producer","commodities":"gold, manganese","gold":true,"url":"https://mrdata.usgs.gov/mrds/show-mrds.php?dep_id=10033744"}},{"type":"Feature","geometry":{"type":"Point","coordinates":[-120.34961,38.08602]},"properties":{"src":"mrds","name":"Windeler Claims","status":"Occurrence","commodities":"manganese","gold":false,"url":"https://mrdata.usgs.gov/mrds/show-mrds.php?dep_id=10033746"}},{"type":"Feature","geometry":{"type":"Point","coordinates":[-120.32294,38.04685]},"properties":{"src":"mrds","name":"Altadena and Kearsage","status":"Producer","commodities":"gold","gold":true,"url":"https://mrdata.usgs.gov/mrds/show-mrds.php?dep_id=10034506"}},{"type":"Feature","geometry":{"type":"Point","coordinates":[-120.35933,37.98464]},"properties":{"src":"mrds","name":"Anderson G. Mining Co.","status":"Producer","commodities":"gold","gold":true,"url":"https://mrdata.usgs.gov/mrds/show-mrds.php?dep_id=10034507"}},{"type":"Feature","geometry":{"type":"Point","coordinates":[-120.34267,38.08408]},"properties":{"src":"mrds","name":"Argentum","status":"Producer","commodities":"gold, lead, zinc","gold":true,"url":"https://mrdata.usgs.gov/mrds/show-mrds.php?dep_id=10034508"}},{"type":"Feature","geometry":{"type":"Point","coordinates":[-120.386,37.9402]},"properties":{"src":"mrds","name":"Badger","status":"Past Producer","commodities":"gold","gold":true,"url":"https://mrdata.usgs.gov/mrds/show-mrds.php?dep_id=10034509"}},{"type":"Feature","geometry":{"type":"Point","coordinates":[-120.40767,37.94159]},"properties":{"src":"mrds","name":"Carlin","status":"Past Producer","commodities":"gold","gold":true,"url":"https://mrdata.usgs.gov/mrds/show-mrds.php?dep_id=10034520"}},{"type":"Feature","geometry":{"type":"Point","coordinates":[-120.3685,37.99185]},"properties":{"src":"mrds","name":"Etna","status":"Producer","commodities":"gold","gold":true,"url":"https://mrdata.usgs.gov/mrds/show-mrds.php?dep_id=10034536"}},{"type":"Feature","geometry":{"type":"Point","coordinates":[-120.38711,37.98741]},"properties":{"src":"mrds","name":"Eureka","status":"Past Producer","commodities":"gold","gold":true,"url":"https://mrdata.usgs.gov/mrds/show-mrds.php?dep_id=10034537"}},{"type":"Feature","geometry":{"type":"Point","coordinates":[-120.3735,38.02102]},"properties":{"src":"mrds","name":"Fox, Hudson Calhoun & Ford Group.","status":"Past Producer","commodities":"gold","gold":true,"url":"https://mrdata.usgs.gov/mrds/show-mrds.php?dep_id=10034542"}},{"type":"Feature","geometry":{"type":"Point","coordinates":[-120.32239,38.04352]},"properties":{"src":"mrds","name":"Hard Rock","status":"Producer","commodities":"gold","gold":true,"url":"https://mrdata.usgs.gov/mrds/show-mrds.php?dep_id=10034557"}},{"type":"Feature","geometry":{"type":"Point","coordinates":[-120.46156,37.99713]},"properties":{"src":"mrds","name":"Jackson Flat","status":"Producer","commodities":"gold","gold":true,"url":"https://mrdata.usgs.gov/mrds/show-mrds.php?dep_id=10034566"}},{"type":"Feature","geometry":{"type":"Point","coordinates":[-120.37044,38.00824]},"properties":{"src":"mrds","name":"Lewis","status":"Past Producer","commodities":"gold","gold":true,"url":"https://mrdata.usgs.gov/mrds/show-mrds.php?dep_id=10034573"}},{"type":"Feature","geometry":{"type":"Point","coordinates":[-120.38794,38.01324]},"properties":{"src":"mrds","name":"Magruder","status":"Producer","commodities":"gold","gold":true,"url":"https://mrdata.usgs.gov/mrds/show-mrds.php?dep_id=10034579"}},{"type":"Feature","geometry":{"type":"Point","coordinates":[-120.42656,37.95548]},"properties":{"src":"mrds","name":"Mangante","status":"Past Producer","commodities":"gold","gold":true,"url":"https://mrdata.usgs.gov/mrds/show-mrds.php?dep_id=10034580"}},{"type":"Feature","geometry":{"type":"Point","coordinates":[-120.39517,37.96992]},"properties":{"src":"mrds","name":"Manzanita","status":"Past Producer","commodities":"gold","gold":true,"url":"https://mrdata.usgs.gov/mrds/show-mrds.php?dep_id=10034581"}},{"type":"Feature","geometry":{"type":"Point","coordinates":[-120.38628,38.01352]},"properties":{"src":"mrds","name":"Mcardle","status":"Producer","commodities":"gold","gold":true,"url":"https://mrdata.usgs.gov/mrds/show-mrds.php?dep_id=10034583"}},{"type":"Feature","geometry":{"type":"Point","coordinates":[-120.34156,38.00935]},"properties":{"src":"mrds","name":"Nubaumer","status":"Past Producer","commodities":"gold","gold":true,"url":"https://mrdata.usgs.gov/mrds/show-mrds.php?dep_id=10034598"}},{"type":"Feature","geometry":{"type":"Point","coordinates":[-120.4235,37.94103]},"properties":{"src":"mrds","name":"O'Donnell","status":"Past Producer","commodities":"gold","gold":true,"url":"https://mrdata.usgs.gov/mrds/show-mrds.php?dep_id=10034599"}},{"type":"Feature","geometry":{"type":"Point","coordinates":[-120.4635,37.97908]},"properties":{"src":"mrds","name":"O.K. & North Extent","status":"Past Producer","commodities":"gold","gold":true,"url":"https://mrdata.usgs.gov/mrds/show-mrds.php?dep_id=10034600"}},{"type":"Feature","geometry":{"type":"Point","coordinates":[-120.40239,38.05658]},"properties":{"src":"mrds","name":"Old Dominion","status":"Past Producer","commodities":"gold","gold":true,"url":"https://mrdata.usgs.gov/mrds/show-mrds.php?dep_id=10034601"}},{"type":"Feature","geometry":{"type":"Point","coordinates":[-120.376,38.06074]},"properties":{"src":"mrds","name":"Old Tuolumne Group","status":"Past Producer","commodities":"gold","gold":true,"url":"https://mrdata.usgs.gov/mrds/show-mrds.php?dep_id=10034602"}},{"type":"Feature","geometry":{"type":"Point","coordinates":[-120.38822,38.07047]},"properties":{"src":"mrds","name":"Pine Log","status":"Producer","commodities":"gold","gold":true,"url":"https://mrdata.usgs.gov/mrds/show-mrds.php?dep_id=10034607"}},{"type":"Feature","geometry":{"type":"Point","coordinates":[-120.47933,37.9738]},"properties":{"src":"mrds","name":"Prospect","status":"Producer","commodities":"gold","gold":true,"url":"https://mrdata.usgs.gov/mrds/show-mrds.php?dep_id=10034610"}},{"type":"Feature","geometry":{"type":"Point","coordinates":[-120.32739,37.95631]},"properties":{"src":"mrds","name":"Seminole Group","status":"Past Producer","commodities":"gold, lead","gold":true,"url":"https://mrdata.usgs.gov/mrds/show-mrds.php?dep_id=10034626"}},{"type":"Feature","geometry":{"type":"Point","coordinates":[-120.37989,37.98324]},"properties":{"src":"mrds","name":"Tanzy","status":"Past Producer","commodities":"gold","gold":true,"url":"https://mrdata.usgs.gov/mrds/show-mrds.php?dep_id=10034635"}},{"type":"Feature","geometry":{"type":"Point","coordinates":[-120.46767,38.01658]},"properties":{"src":"mrds","name":"Thompson Hill Group","status":"Producer","commodities":"gold","gold":true,"url":"https://mrdata.usgs.gov/mrds/show-mrds.php?dep_id=10034637"}},{"type":"Feature","geometry":{"type":"Point","coordinates":[-120.38711,38.07074]},"properties":{"src":"mrds","name":"United","status":"Producer","commodities":"gold","gold":true,"url":"https://mrdata.usgs.gov/mrds/show-mrds.php?dep_id=10034640"}},{"type":"Feature","geometry":{"type":"Point","coordinates":[-120.42406,38.0563]},"properties":{"src":"mrds","name":"Vine Spring","status":"Past Producer","commodities":"gold","gold":true,"url":"https://mrdata.usgs.gov/mrds/show-mrds.php?dep_id=10034643"}},{"type":"Feature","geometry":{"type":"Point","coordinates":[-120.44239,38.05658]},"properties":{"src":"mrds","name":"Volunteer","status":"Producer","commodities":"gold","gold":true,"url":"https://mrdata.usgs.gov/mrds/show-mrds.php?dep_id=10034644"}},{"type":"Feature","geometry":{"type":"Point","coordinates":[-120.36822,38.0563]},"properties":{"src":"mrds","name":"Wheal Rough","status":"Past Producer","commodities":"gold","gold":true,"url":"https://mrdata.usgs.gov/mrds/show-mrds.php?dep_id=10034647"}},{"type":"Feature","geometry":{"type":"Point","coordinates":[-120.48211,38.00491]},"properties":{"src":"mrds","name":"Norwegian","status":"Past Producer","commodities":"gold, silver, lead, copper, mercury","gold":true,"url":"https://mrdata.usgs.gov/mrds/show-mrds.php?dep_id=10040655"}},{"type":"Feature","geometry":{"type":"Point","coordinates":[-120.43989,37.92881]},"properties":{"src":"mrds","name":"Mackey Mine","status":"Past Producer","commodities":"chromium","gold":false,"url":"https://mrdata.usgs.gov/mrds/show-mrds.php?dep_id=10043703"}},{"type":"Feature","geometry":{"type":"Point","coordinates":[-120.50294,37.90853]},"properties":{"src":"mrds","name":"North End Claim, Ziehlke Claims Group 1948","status":"Past Producer","commodities":"chromium","gold":false,"url":"https://mrdata.usgs.gov/mrds/show-mrds.php?dep_id=10043704"}},{"type":"Feature","geometry":{"type":"Point","coordinates":[-120.4735,37.96185]},"properties":{"src":"mrds","name":"Quigg Mine","status":"Past Producer","commodities":"chromium","gold":false,"url":"https://mrdata.usgs.gov/mrds/show-mrds.php?dep_id=10043706"}},{"type":"Feature","geometry":{"type":"Point","coordinates":[-120.41767,38.03324]},"properties":{"src":"mrds","name":"Columbia Basin","status":"Producer","commodities":"gold, silver","gold":true,"url":"https://mrdata.usgs.gov/mrds/show-mrds.php?dep_id=10072396"}},{"type":"Feature","geometry":{"type":"Point","coordinates":[-120.41767,37.94992]},"properties":{"src":"mrds","name":"Jamestown Mine","status":"Producer","commodities":"gold, silver","gold":true,"url":"https://mrdata.usgs.gov/mrds/show-mrds.php?dep_id=10072448"}},{"type":"Feature","geometry":{"type":"Point","coordinates":[-120.49267,38.00185]},"properties":{"src":"mrds","name":"Bown","status":"Past Producer","commodities":"gold","gold":true,"url":"https://mrdata.usgs.gov/mrds/show-mrds.php?dep_id=10077875"}},{"type":"Feature","geometry":{"type":"Point","coordinates":[-120.44517,37.95824]},"properties":{"src":"mrds","name":"Red Cross","status":"Past Producer","commodities":"gold","gold":true,"url":"https://mrdata.usgs.gov/mrds/show-mrds.php?dep_id=10077895"}},{"type":"Feature","geometry":{"type":"Point","coordinates":[-120.44128,37.91853]},"properties":{"src":"mrds","name":"Ohio Diggings","status":"Past Producer","commodities":"copper","gold":false,"url":"https://mrdata.usgs.gov/mrds/show-mrds.php?dep_id=10077898"}},{"type":"Feature","geometry":{"type":"Point","coordinates":[-120.44239,38.01797]},"properties":{"src":"mrds","name":"Hidden Treasure","status":"Producer","commodities":"gold","gold":true,"url":"https://mrdata.usgs.gov/mrds/show-mrds.php?dep_id=10077906"}},{"type":"Feature","geometry":{"type":"Point","coordinates":[-120.48739,38.0063]},"properties":{"src":"mrds","name":"Norwegian","status":"Producer","commodities":"gold","gold":true,"url":"https://mrdata.usgs.gov/mrds/show-mrds.php?dep_id=10077911"}},{"type":"Feature","geometry":{"type":"Point","coordinates":[-120.38683,37.99463]},"properties":{"src":"mrds","name":"Page","status":"Producer","commodities":"gold","gold":true,"url":"https://mrdata.usgs.gov/mrds/show-mrds.php?dep_id=10077913"}},{"type":"Feature","geometry":{"type":"Point","coordinates":[-120.38878,38.00519]},"properties":{"src":"mrds","name":"Lazar","status":"Past Producer","commodities":"gold","gold":true,"url":"https://mrdata.usgs.gov/mrds/show-mrds.php?dep_id=10077914"}},{"type":"Feature","geometry":{"type":"Point","coordinates":[-120.38628,37.99685]},"properties":{"src":"mrds","name":"O'Hara","status":"Past Producer","commodities":"gold","gold":true,"url":"https://mrdata.usgs.gov/mrds/show-mrds.php?dep_id=10077915"}},{"type":"Feature","geometry":{"type":"Point","coordinates":[-120.38267,38.00574]},"properties":{"src":"mrds","name":"Stonewall","status":"Past Producer","commodities":"gold","gold":true,"url":"https://mrdata.usgs.gov/mrds/show-mrds.php?dep_id=10077916"}},{"type":"Feature","geometry":{"type":"Point","coordinates":[-120.466,37.99241]},"properties":{"src":"mrds","name":"Gross and Street","status":"Past Producer","commodities":"gold","gold":true,"url":"https://mrdata.usgs.gov/mrds/show-mrds.php?dep_id=10077919"}},{"type":"Feature","geometry":{"type":"Point","coordinates":[-120.33017,38.05713]},"properties":{"src":"mrds","name":"Ham and Birney","status":"Past Producer","commodities":"gold, silver","gold":true,"url":"https://mrdata.usgs.gov/mrds/show-mrds.php?dep_id=10077939"}},{"type":"Feature","geometry":{"type":"Point","coordinates":[-120.36156,38.05463]},"properties":{"src":"mrds","name":"Radium No 1","status":"Producer","commodities":"U","gold":false,"url":"https://mrdata.usgs.gov/mrds/show-mrds.php?dep_id=10077942"}},{"type":"Feature","geometry":{"type":"Point","coordinates":[-120.37072,38.00769]},"properties":{"src":"mrds","name":"Sugarman and Negro","status":"Past Producer","commodities":"gold, silver","gold":true,"url":"https://mrdata.usgs.gov/mrds/show-mrds.php?dep_id=10077943"}},{"type":"Feature","geometry":{"type":"Point","coordinates":[-120.336,38.07352]},"properties":{"src":"mrds","name":"Unamed","status":"Producer","commodities":"gold","gold":true,"url":"https://mrdata.usgs.gov/mrds/show-mrds.php?dep_id=10077951"}},{"type":"Feature","geometry":{"type":"Point","coordinates":[-120.40461,37.99685]},"properties":{"src":"mrds","name":"Don Pedro","status":"Producer","commodities":"gold","gold":true,"url":"https://mrdata.usgs.gov/mrds/show-mrds.php?dep_id=10109431"}},{"type":"Feature","geometry":{"type":"Point","coordinates":[-120.39656,38.07769]},"properties":{"src":"mrds","name":"Ella D. & Morning Star","status":"Producer","commodities":"gold","gold":true,"url":"https://mrdata.usgs.gov/mrds/show-mrds.php?dep_id=10109432"}},{"type":"Feature","geometry":{"type":"Point","coordinates":[-120.47906,38.01324]},"properties":{"src":"mrds","name":"Justice","status":"Producer","commodities":"gold","gold":true,"url":"https://mrdata.usgs.gov/mrds/show-mrds.php?dep_id=10109447"}},{"type":"Feature","geometry":{"type":"Point","coordinates":[-120.46322,37.99047]},"properties":{"src":"mrds","name":"Nut Pine","status":"Producer","commodities":"gold","gold":true,"url":"https://mrdata.usgs.gov/mrds/show-mrds.php?dep_id=10109454"}},{"type":"Feature","geometry":{"type":"Point","coordinates":[-120.3535,38.0538]},"properties":{"src":"mrds","name":"Riffle","status":"Producer","commodities":"gold","gold":true,"url":"https://mrdata.usgs.gov/mrds/show-mrds.php?dep_id=10109460"}},{"type":"Feature","geometry":{"type":"Point","coordinates":[-120.36544,38.00852]},"properties":{"src":"mrds","name":"Sievert Consolidated","status":"Producer","commodities":"gold","gold":true,"url":"https://mrdata.usgs.gov/mrds/show-mrds.php?dep_id=10109461"}},{"type":"Feature","geometry":{"type":"Point","coordinates":[-120.33989,38.04908]},"properties":{"src":"mrds","name":"Smooth Bore","status":"Producer","commodities":"gold","gold":true,"url":"https://mrdata.usgs.gov/mrds/show-mrds.php?dep_id=10109462"}},{"type":"Feature","geometry":{"type":"Point","coordinates":[-120.38156,38.01047]},"properties":{"src":"mrds","name":"Stuart & Morris","status":"Producer","commodities":"gold","gold":true,"url":"https://mrdata.usgs.gov/mrds/show-mrds.php?dep_id=10109463"}},{"type":"Feature","geometry":{"type":"Point","coordinates":[-120.46,38.01291]},"properties":{"src":"mrds","name":"Tin Can Group","status":"Producer","commodities":"gold","gold":true,"url":"https://mrdata.usgs.gov/mrds/show-mrds.php?dep_id=10109464"}},{"type":"Feature","geometry":{"type":"Point","coordinates":[-120.40461,37.99741]},"properties":{"src":"mrds","name":"Turner","status":"Producer","commodities":"gold","gold":true,"url":"https://mrdata.usgs.gov/mrds/show-mrds.php?dep_id=10109465"}},{"type":"Feature","geometry":{"type":"Point","coordinates":[-120.45239,37.97769]},"properties":{"src":"mrds","name":"Wickham","status":"Producer","commodities":"gold","gold":true,"url":"https://mrdata.usgs.gov/mrds/show-mrds.php?dep_id=10109469"}},{"type":"Feature","geometry":{"type":"Point","coordinates":[-120.33433,37.94992]},"properties":{"src":"mrds","name":"Pocket Belt","status":"Producer","commodities":"gold","gold":true,"url":"https://mrdata.usgs.gov/mrds/show-mrds.php?dep_id=10110482"}},{"type":"Feature","geometry":{"type":"Point","coordinates":[-120.38544,38.02852]},"properties":{"src":"mrds","name":"George Mullins Company","status":"Producer","commodities":"gold","gold":true,"url":"https://mrdata.usgs.gov/mrds/show-mrds.php?dep_id=10111235"}},{"type":"Feature","geometry":{"type":"Point","coordinates":[-120.4316,37.99661]},"properties":{"src":"mrds","name":"Brooks","status":"Unknown","commodities":"gold","gold":true,"url":"https://mrdata.usgs.gov/mrds/show-mrds.php?dep_id=10117160"}},{"type":"Feature","geometry":{"type":"Point","coordinates":[-120.4199,37.91492]},"properties":{"src":"mrds","name":"Erin Go Bragh and Cloudman","status":"Past Producer","commodities":"gold, copper, lead, silver","gold":true,"url":"https://mrdata.usgs.gov/mrds/show-mrds.php?dep_id=10117314"}},{"type":"Feature","geometry":{"type":"Point","coordinates":[-120.3502,38.02801]},"properties":{"src":"mrds","name":"Quartet","status":"Past Producer","commodities":"gold, silver","gold":true,"url":"https://mrdata.usgs.gov/mrds/show-mrds.php?dep_id=10117390"}},{"type":"Feature","geometry":{"type":"Point","coordinates":[-120.3935,37.97521]},"properties":{"src":"mrds","name":"Golden Gate","status":"Unknown","commodities":"gold","gold":true,"url":"https://mrdata.usgs.gov/mrds/show-mrds.php?dep_id=10117416"}},{"type":"Feature","geometry":{"type":"Point","coordinates":[-120.3893,38.03431]},"properties":{"src":"mrds","name":"Wolf and Company","status":"Unknown","commodities":"gold","gold":true,"url":"https://mrdata.usgs.gov/mrds/show-mrds.php?dep_id=10117484"}},{"type":"Feature","geometry":{"type":"Point","coordinates":[-120.3718,38.05021]},"properties":{"src":"mrds","name":"Crawford","status":"Unknown","commodities":"gold","gold":true,"url":"https://mrdata.usgs.gov/mrds/show-mrds.php?dep_id=10117600"}},{"type":"Feature","geometry":{"type":"Point","coordinates":[-120.4593,37.99911]},"properties":{"src":"mrds","name":"Grand Turk","status":"Past Producer","commodities":"gold","gold":true,"url":"https://mrdata.usgs.gov/mrds/show-mrds.php?dep_id=10117622"}},{"type":"Feature","geometry":{"type":"Point","coordinates":[-120.4452,37.95821]},"properties":{"src":"mrds","name":"Red Cross","status":"Past Producer","commodities":"gold","gold":true,"url":"https://mrdata.usgs.gov/mrds/show-mrds.php?dep_id=10117629"}},{"type":"Feature","geometry":{"type":"Point","coordinates":[-120.3807,38.00631]},"properties":{"src":"mrds","name":"Browns Flat","status":"Unknown","commodities":"gold","gold":true,"url":"https://mrdata.usgs.gov/mrds/show-mrds.php?dep_id=10117658"}},{"type":"Feature","geometry":{"type":"Point","coordinates":[-120.4849,38.00051]},"properties":{"src":"mrds","name":"Coughlin","status":"Unknown","commodities":"gold","gold":true,"url":"https://mrdata.usgs.gov/mrds/show-mrds.php?dep_id=10117695"}},{"type":"Feature","geometry":{"type":"Point","coordinates":[-120.4624,37.98931]},"properties":{"src":"mrds","name":"North Extension of Maryatt","status":"Unknown","commodities":"gold","gold":true,"url":"https://mrdata.usgs.gov/mrds/show-mrds.php?dep_id=10117766"}},{"type":"Feature","geometry":{"type":"Point","coordinates":[-120.3616,38.05461]},"properties":{"src":"mrds","name":"Radium No 1","status":"Past Producer","commodities":"U","gold":false,"url":"https://mrdata.usgs.gov/mrds/show-mrds.php?dep_id=10117785"}},{"type":"Feature","geometry":{"type":"Point","coordinates":[-120.3874,38.01521]},"properties":{"src":"mrds","name":"Squabbletown","status":"Unknown","commodities":"gold","gold":true,"url":"https://mrdata.usgs.gov/mrds/show-mrds.php?dep_id=10141329"}},{"type":"Feature","geometry":{"type":"Point","coordinates":[-120.4232,37.92552]},"properties":{"src":"mrds","name":"Heslep","status":"Occurrence","commodities":"gold, silver","gold":true,"url":"https://mrdata.usgs.gov/mrds/show-mrds.php?dep_id=10141425"}},{"type":"Feature","geometry":{"type":"Point","coordinates":[-120.3702,38.04241]},"properties":{"src":"mrds","name":"Harvey Lode","status":"Occurrence","commodities":"gold","gold":true,"url":"https://mrdata.usgs.gov/mrds/show-mrds.php?dep_id=10141551"}},{"type":"Feature","geometry":{"type":"Point","coordinates":[-120.4046,38.03461]},"properties":{"src":"mrds","name":"Bell Columbia Marble Quarry","status":"Past Producer","commodities":"crushed stone","gold":false,"url":"https://mrdata.usgs.gov/mrds/show-mrds.php?dep_id=10141622"}},{"type":"Feature","geometry":{"type":"Point","coordinates":[-120.4638,37.97661]},"properties":{"src":"mrds","name":"King Solomon","status":"Unknown","commodities":"gold","gold":true,"url":"https://mrdata.usgs.gov/mrds/show-mrds.php?dep_id=10141640"}},{"type":"Feature","geometry":{"type":"Point","coordinates":[-120.3785,37.98181]},"properties":{"src":"mrds","name":"May and Hunter","status":"Unknown","commodities":"gold","gold":true,"url":"https://mrdata.usgs.gov/mrds/show-mrds.php?dep_id=10141815"}},{"type":"Feature","geometry":{"type":"Point","coordinates":[-120.4235,37.92182]},"properties":{"src":"mrds","name":"Hitchcock","status":"Prospect","commodities":"gold, copper, silver","gold":true,"url":"https://mrdata.usgs.gov/mrds/show-mrds.php?dep_id=10141820"}},{"type":"Feature","geometry":{"type":"Point","coordinates":[-120.4246,38.02661]},"properties":{"src":"mrds","name":"Davis","status":"Unknown","commodities":"gold","gold":true,"url":"https://mrdata.usgs.gov/mrds/show-mrds.php?dep_id=10141861"}},{"type":"Feature","geometry":{"type":"Point","coordinates":[-120.3863,38.00161]},"properties":{"src":"mrds","name":"Protector","status":"Unknown","commodities":"gold","gold":true,"url":"https://mrdata.usgs.gov/mrds/show-mrds.php?dep_id=10141884"}},{"type":"Feature","geometry":{"type":"Point","coordinates":[-120.3666,37.95602]},"properties":{"src":"mrds","name":"Mccormick Estate","status":"Occurrence","commodities":"limestone","gold":false,"url":"https://mrdata.usgs.gov/mrds/show-mrds.php?dep_id=10142004"}},{"type":"Feature","geometry":{"type":"Point","coordinates":[-120.3952,38.00131]},"properties":{"src":"mrds","name":"Unidentified Workings","status":"Occurrence","commodities":"gold","gold":true,"url":"https://mrdata.usgs.gov/mrds/show-mrds.php?dep_id=10165673"}},{"type":"Feature","geometry":{"type":"Point","coordinates":[-120.3913,38.03571]},"properties":{"src":"mrds","name":"Three Pine Gulch","status":"Unknown","commodities":"gold","gold":true,"url":"https://mrdata.usgs.gov/mrds/show-mrds.php?dep_id=10165716"}},{"type":"Feature","geometry":{"type":"Point","coordinates":[-120.4229,38.05631]},"properties":{"src":"mrds","name":"Vine Spring","status":"Unknown","commodities":"gold","gold":true,"url":"https://mrdata.usgs.gov/mrds/show-mrds.php?dep_id=10165749"}},{"type":"Feature","geometry":{"type":"Point","coordinates":[-120.3718,37.98601]},"properties":{"src":"mrds","name":"Tanzy","status":"Unknown","commodities":"gold","gold":true,"url":"https://mrdata.usgs.gov/mrds/show-mrds.php?dep_id=10165886"}},{"type":"Feature","geometry":{"type":"Point","coordinates":[-120.4313,38.00381]},"properties":{"src":"mrds","name":"Bedrock Blue Gravel","status":"Past Producer","commodities":"gold","gold":true,"url":"https://mrdata.usgs.gov/mrds/show-mrds.php?dep_id=10165909"}},{"type":"Feature","geometry":{"type":"Point","coordinates":[-120.3799,37.96822]},"properties":{"src":"mrds","name":"Darkie","status":"Unknown","commodities":"gold","gold":true,"url":"https://mrdata.usgs.gov/mrds/show-mrds.php?dep_id=10165928"}},{"type":"Feature","geometry":{"type":"Point","coordinates":[-120.4299,38.00851]},"properties":{"src":"mrds","name":"Duchess Cons","status":"Unknown","commodities":"gold","gold":true,"url":"https://mrdata.usgs.gov/mrds/show-mrds.php?dep_id=10165993"}},{"type":"Feature","geometry":{"type":"Point","coordinates":[-120.3874,38.01271]},"properties":{"src":"mrds","name":"Good Hope","status":"Unknown","commodities":"gold","gold":true,"url":"https://mrdata.usgs.gov/mrds/show-mrds.php?dep_id=10166013"}},{"type":"Feature","geometry":{"type":"Point","coordinates":[-120.4191,37.96161]},"properties":{"src":"mrds","name":"Shore","status":"Unknown","commodities":"gold","gold":true,"url":"https://mrdata.usgs.gov/mrds/show-mrds.php?dep_id=10166032"}},{"type":"Feature","geometry":{"type":"Point","coordinates":[-120.3707,38.01431]},"properties":{"src":"mrds","name":"Wooten","status":"Unknown","commodities":"gold","gold":true,"url":"https://mrdata.usgs.gov/mrds/show-mrds.php?dep_id=10166047"}},{"type":"Feature","geometry":{"type":"Point","coordinates":[-120.3827,38.04431]},"properties":{"src":"mrds","name":"Wind Wheel","status":"Past Producer","commodities":"gold","gold":true,"url":"https://mrdata.usgs.gov/mrds/show-mrds.php?dep_id=10166191"}},{"type":"Feature","geometry":{"type":"Point","coordinates":[-120.3913,38.05681]},"properties":{"src":"mrds","name":"Marble","status":"Unknown","commodities":"gold","gold":true,"url":"https://mrdata.usgs.gov/mrds/show-mrds.php?dep_id=10166292"}},{"type":"Feature","geometry":{"type":"Point","coordinates":[-120.4788,38.01681]},"properties":{"src":"mrds","name":"Our Flag","status":"Unknown","commodities":"gold","gold":true,"url":"https://mrdata.usgs.gov/mrds/show-mrds.php?dep_id=10187468"}},{"type":"Feature","geometry":{"type":"Point","coordinates":[-120.3302,38.05711]},"properties":{"src":"mrds","name":"Ham and Birney","status":"Occurrence","commodities":"gold","gold":true,"url":"https://mrdata.usgs.gov/mrds/show-mrds.php?dep_id=10190240"}},{"type":"Feature","geometry":{"type":"Point","coordinates":[-120.4129,38.06101]},"properties":{"src":"mrds","name":"Elton","status":"Unknown","commodities":"gold","gold":true,"url":"https://mrdata.usgs.gov/mrds/show-mrds.php?dep_id=10190425"}},{"type":"Feature","geometry":{"type":"Point","coordinates":[-120.3754,37.99241]},"properties":{"src":"mrds","name":"Scorpion","status":"Occurrence","commodities":"gold","gold":true,"url":"https://mrdata.usgs.gov/mrds/show-mrds.php?dep_id=10190644"}},{"type":"Feature","geometry":{"type":"Point","coordinates":[-120.441,37.97711]},"properties":{"src":"mrds","name":"New York Group","status":"Unknown","commodities":"gold","gold":true,"url":"https://mrdata.usgs.gov/mrds/show-mrds.php?dep_id=10190675"}},{"type":"Feature","geometry":{"type":"Point","coordinates":[-120.3738,37.96462]},"properties":{"src":"mrds","name":"Stockton","status":"Occurrence","commodities":"gold","gold":true,"url":"https://mrdata.usgs.gov/mrds/show-mrds.php?dep_id=10190678"}},{"type":"Feature","geometry":{"type":"Point","coordinates":[-120.4654,37.98021]},"properties":{"src":"mrds","name":"Combination","status":"Unknown","commodities":"gold","gold":true,"url":"https://mrdata.usgs.gov/mrds/show-mrds.php?dep_id=10190800"}},{"type":"Feature","geometry":{"type":"Point","coordinates":[-120.4171,38.06601]},"properties":{"src":"mrds","name":"Gold Springs","status":"Unknown","commodities":"gold","gold":true,"url":"https://mrdata.usgs.gov/mrds/show-mrds.php?dep_id=10214175"}},{"type":"Feature","geometry":{"type":"Point","coordinates":[-120.4377,37.98461]},"properties":{"src":"mrds","name":"Boston","status":"Unknown","commodities":"gold","gold":true,"url":"https://mrdata.usgs.gov/mrds/show-mrds.php?dep_id=10214262"}},{"type":"Feature","geometry":{"type":"Point","coordinates":[-120.426,38.06991]},"properties":{"src":"mrds","name":"Yellow Quarry","status":"Producer","commodities":"crushed stone","gold":false,"url":"https://mrdata.usgs.gov/mrds/show-mrds.php?dep_id=10214281"}},{"type":"Feature","geometry":{"type":"Point","coordinates":[-120.4593,37.93022]},"properties":{"src":"mrds","name":"Punch Bowl","status":"Prospect","commodities":"gold","gold":true,"url":"https://mrdata.usgs.gov/mrds/show-mrds.php?dep_id=10214295"}},{"type":"Feature","geometry":{"type":"Point","coordinates":[-120.3785,38.04741]},"properties":{"src":"mrds","name":"Colorado","status":"Occurrence","commodities":"gold","gold":true,"url":"https://mrdata.usgs.gov/mrds/show-mrds.php?dep_id=10214297"}},{"type":"Feature","geometry":{"type":"Point","coordinates":[-120.3724,38.04911]},"properties":{"src":"mrds","name":"Brown Geovanatte","status":"Occurrence","commodities":"gold","gold":true,"url":"https://mrdata.usgs.gov/mrds/show-mrds.php?dep_id=10214308"}},{"type":"Feature","geometry":{"type":"Point","coordinates":[-120.3602,37.97132]},"properties":{"src":"mrds","name":"Us Lime Products","status":"Prospect","commodities":"LST","gold":false,"url":"https://mrdata.usgs.gov/mrds/show-mrds.php?dep_id=10214311"}},{"type":"Feature","geometry":{"type":"Point","coordinates":[-120.3527,37.96822]},"properties":{"src":"mrds","name":"Julia","status":"Unknown","commodities":"gold","gold":true,"url":"https://mrdata.usgs.gov/mrds/show-mrds.php?dep_id=10214363"}},{"type":"Feature","geometry":{"type":"Point","coordinates":[-120.3904,38.00411]},"properties":{"src":"mrds","name":"Pedro Prospect","status":"Prospect","commodities":"manganese","gold":false,"url":"https://mrdata.usgs.gov/mrds/show-mrds.php?dep_id=10214405"}},{"type":"Feature","geometry":{"type":"Point","coordinates":[-120.4729,37.95521]},"properties":{"src":"mrds","name":"Chantreau","status":"Unknown","commodities":"gold","gold":true,"url":"https://mrdata.usgs.gov/mrds/show-mrds.php?dep_id=10214490"}},{"type":"Feature","geometry":{"type":"Point","coordinates":[-120.3879,38.05161]},"properties":{"src":"mrds","name":"John Royal","status":"Unknown","commodities":"gold","gold":true,"url":"https://mrdata.usgs.gov/mrds/show-mrds.php?dep_id=10214574"}},{"type":"Feature","geometry":{"type":"Point","coordinates":[-120.3504,38.05551]},"properties":{"src":"mrds","name":"Gray Squirrel","status":"Unknown","commodities":"gold, silver","gold":true,"url":"https://mrdata.usgs.gov/mrds/show-mrds.php?dep_id=10214644"}},{"type":"Feature","geometry":{"type":"Point","coordinates":[-120.4668,37.92662]},"properties":{"src":"mrds","name":"Habacker","status":"Unknown","commodities":"gold","gold":true,"url":"https://mrdata.usgs.gov/mrds/show-mrds.php?dep_id=10214703"}},{"type":"Feature","geometry":{"type":"Point","coordinates":[-120.4054,38.08851]},"properties":{"src":"mrds","name":"Ella D and Morning Star","status":"Unknown","commodities":"gold","gold":true,"url":"https://mrdata.usgs.gov/mrds/show-mrds.php?dep_id=10214720"}},{"type":"Feature","geometry":{"type":"Point","coordinates":[-120.4254,37.94602]},"properties":{"src":"mrds","name":"Carlin","status":"Unknown","commodities":"gold","gold":true,"url":"https://mrdata.usgs.gov/mrds/show-mrds.php?dep_id=10214736"}},{"type":"Feature","geometry":{"type":"Point","coordinates":[-120.3829,38.00461]},"properties":{"src":"mrds","name":"West Extension of Austrian","status":"Unknown","commodities":"gold","gold":true,"url":"https://mrdata.usgs.gov/mrds/show-mrds.php?dep_id=10214753"}},{"type":"Feature","geometry":{"type":"Point","coordinates":[-120.4324,37.99271]},"properties":{"src":"mrds","name":"Buckeye Gravel","status":"Unknown","commodities":"gold","gold":true,"url":"https://mrdata.usgs.gov/mrds/show-mrds.php?dep_id=10214829"}},{"type":"Feature","geometry":{"type":"Point","coordinates":[-120.4554,37.99411]},"properties":{"src":"mrds","name":"Neubauer","status":"Unknown","commodities":"gold","gold":true,"url":"https://mrdata.usgs.gov/mrds/show-mrds.php?dep_id=10214889"}},{"type":"Feature","geometry":{"type":"Point","coordinates":[-120.3979,38.02551]},"properties":{"src":"mrds","name":"Blue Rock","status":"Unknown","commodities":"gold","gold":true,"url":"https://mrdata.usgs.gov/mrds/show-mrds.php?dep_id=10231943"}},{"type":"Feature","geometry":{"type":"Point","coordinates":[-120.4791,38.01381]},"properties":{"src":"mrds","name":"Gopher","status":"Occurrence","commodities":"gold","gold":true,"url":"https://mrdata.usgs.gov/mrds/show-mrds.php?dep_id=10235187"}},{"type":"Feature","geometry":{"type":"Point","coordinates":[-120.4471,38.05381]},"properties":{"src":"mrds","name":"Sulpher Spring","status":"Occurrence","commodities":"gold","gold":true,"url":"https://mrdata.usgs.gov/mrds/show-mrds.php?dep_id=10235220"}},{"type":"Feature","geometry":{"type":"Point","coordinates":[-120.4177,38.08521]},"properties":{"src":"mrds","name":"Duck Bar","status":"Unknown","commodities":"gold","gold":true,"url":"https://mrdata.usgs.gov/mrds/show-mrds.php?dep_id=10235473"}},{"type":"Feature","geometry":{"type":"Point","coordinates":[-120.3752,38.06301]},"properties":{"src":"mrds","name":"Unidentified Workings","status":"Occurrence","commodities":"gold","gold":true,"url":"https://mrdata.usgs.gov/mrds/show-mrds.php?dep_id=10238261"}},{"type":"Feature","geometry":{"type":"Point","coordinates":[-120.3896,38.00351]},"properties":{"src":"mrds","name":"Belmont","status":"Unknown","commodities":"gold","gold":true,"url":"https://mrdata.usgs.gov/mrds/show-mrds.php?dep_id=10238339"}},{"type":"Feature","geometry":{"type":"Point","coordinates":[-120.4832,37.92662]},"properties":{"src":"mrds","name":"Ventura Grubstake Co","status":"Unknown","commodities":"gold","gold":true,"url":"https://mrdata.usgs.gov/mrds/show-mrds.php?dep_id=10238348"}},{"type":"Feature","geometry":{"type":"Point","coordinates":[-120.3843,38.06301]},"properties":{"src":"mrds","name":"Marble Quarry","status":"Occurrence","commodities":"crushed stone","gold":false,"url":"https://mrdata.usgs.gov/mrds/show-mrds.php?dep_id=10238353"}},{"type":"Feature","geometry":{"type":"Point","coordinates":[-120.4232,38.00821]},"properties":{"src":"mrds","name":"Crystal Springs","status":"Occurrence","commodities":"gold","gold":true,"url":"https://mrdata.usgs.gov/mrds/show-mrds.php?dep_id=10238422"}},{"type":"Feature","geometry":{"type":"Point","coordinates":[-120.3977,38.05301]},"properties":{"src":"mrds","name":"Unidentified Workings","status":"Occurrence","commodities":"gold","gold":true,"url":"https://mrdata.usgs.gov/mrds/show-mrds.php?dep_id=10238430"}},{"type":"Feature","geometry":{"type":"Point","coordinates":[-120.4729,37.99101]},"properties":{"src":"mrds","name":"Mullins","status":"Unknown","commodities":"gold","gold":true,"url":"https://mrdata.usgs.gov/mrds/show-mrds.php?dep_id=10238520"}},{"type":"Feature","geometry":{"type":"Point","coordinates":[-120.3907,38.00071]},"properties":{"src":"mrds","name":"Vandelier","status":"Unknown","commodities":"gold","gold":true,"url":"https://mrdata.usgs.gov/mrds/show-mrds.php?dep_id=10238526"}},{"type":"Feature","geometry":{"type":"Point","coordinates":[-120.3888,38.00521]},"properties":{"src":"mrds","name":"Lazer","status":"Past Producer","commodities":"gold","gold":true,"url":"https://mrdata.usgs.gov/mrds/show-mrds.php?dep_id=10238581"}},{"type":"Feature","geometry":{"type":"Point","coordinates":[-120.4035,38.01631]},"properties":{"src":"mrds","name":"Engler Lime Company","status":"Past Producer","commodities":"crushed stone","gold":false,"url":"https://mrdata.usgs.gov/mrds/show-mrds.php?dep_id=10238607"}},{"type":"Feature","geometry":{"type":"Point","coordinates":[-120.4521,37.93382]},"properties":{"src":"mrds","name":"McKinley","status":"Unknown","commodities":"gold, silver","gold":true,"url":"https://mrdata.usgs.gov/mrds/show-mrds.php?dep_id=10238619"}},{"type":"Feature","geometry":{"type":"Point","coordinates":[-120.4596,37.97181]},"properties":{"src":"mrds","name":"Alameda","status":"Occurrence","commodities":"gold","gold":true,"url":"https://mrdata.usgs.gov/mrds/show-mrds.php?dep_id=10238648"}},{"type":"Feature","geometry":{"type":"Point","coordinates":[-120.426,38.00071]},"properties":{"src":"mrds","name":"Empire Gravel Mine","status":"Unknown","commodities":"gold","gold":true,"url":"https://mrdata.usgs.gov/mrds/show-mrds.php?dep_id=10238789"}},{"type":"Feature","geometry":{"type":"Point","coordinates":[-120.3263,38.03821]},"properties":{"src":"mrds","name":"Powhattan","status":"Unknown","commodities":"gold","gold":true,"url":"https://mrdata.usgs.gov/mrds/show-mrds.php?dep_id=10238822"}},{"type":"Feature","geometry":{"type":"Point","coordinates":[-120.4527,37.99271]},"properties":{"src":"mrds","name":"Madrid","status":"Unknown","commodities":"gold","gold":true,"url":"https://mrdata.usgs.gov/mrds/show-mrds.php?dep_id=10238827"}},{"type":"Feature","geometry":{"type":"Point","coordinates":[-120.3943,37.99491]},"properties":{"src":"mrds","name":"Kaiser","status":"Unknown","commodities":"gold","gold":true,"url":"https://mrdata.usgs.gov/mrds/show-mrds.php?dep_id=10238830"}},{"type":"Feature","geometry":{"type":"Point","coordinates":[-120.3888,37.92632]},"properties":{"src":"mrds","name":"Rize Cam","status":"Unknown","commodities":"gold","gold":true,"url":"https://mrdata.usgs.gov/mrds/show-mrds.php?dep_id=10238947"}},{"type":"Feature","geometry":{"type":"Point","coordinates":[-120.3743,37.92322]},"properties":{"src":"mrds","name":"Unidentified Workings","status":"Unknown","commodities":"gold","gold":true,"url":"https://mrdata.usgs.gov/mrds/show-mrds.php?dep_id=10239041"}},{"type":"Feature","geometry":{"type":"Point","coordinates":[-120.476,37.98821]},"properties":{"src":"mrds","name":"Black Slate","status":"Unknown","commodities":"gold","gold":true,"url":"https://mrdata.usgs.gov/mrds/show-mrds.php?dep_id=10239062"}},{"type":"Feature","geometry":{"type":"Point","coordinates":[-120.4588,37.97021]},"properties":{"src":"mrds","name":"Isabella and Gem","status":"Unknown","commodities":"gold","gold":true,"url":"https://mrdata.usgs.gov/mrds/show-mrds.php?dep_id=10256653"}},{"type":"Feature","geometry":{"type":"Point","coordinates":[-120.4163,37.91382]},"properties":{"src":"mrds","name":"Julian","status":"Unknown","commodities":"gold","gold":true,"url":"https://mrdata.usgs.gov/mrds/show-mrds.php?dep_id=10262888"}},{"type":"Feature","geometry":{"type":"Point","coordinates":[-120.3277,38.03741]},"properties":{"src":"mrds","name":"Maitryeau","status":"Occurrence","commodities":"gold","gold":true,"url":"https://mrdata.usgs.gov/mrds/show-mrds.php?dep_id=10262898"}},{"type":"Feature","geometry":{"type":"Point","coordinates":[-120.4838,37.98101]},"properties":{"src":"mrds","name":"Toledo","status":"Unknown","commodities":"gold","gold":true,"url":"https://mrdata.usgs.gov/mrds/show-mrds.php?dep_id=10262910"}},{"type":"Feature","geometry":{"type":"Point","coordinates":[-120.3913,38.01991]},"properties":{"src":"mrds","name":"Trolese","status":"Unknown","commodities":"gold","gold":true,"url":"https://mrdata.usgs.gov/mrds/show-mrds.php?dep_id=10262931"}},{"type":"Feature","geometry":{"type":"Point","coordinates":[-120.4429,38.04131]},"properties":{"src":"mrds","name":"Republic","status":"Unknown","commodities":"gold","gold":true,"url":"https://mrdata.usgs.gov/mrds/show-mrds.php?dep_id=10262948"}},{"type":"Feature","geometry":{"type":"Point","coordinates":[-120.4454,38.02241]},"properties":{"src":"mrds","name":"Hard To Find","status":"Past Producer","commodities":"gold, copper, silver","gold":true,"url":"https://mrdata.usgs.gov/mrds/show-mrds.php?dep_id=10263054"}},{"type":"Feature","geometry":{"type":"Point","coordinates":[-120.4191,37.94882]},"properties":{"src":"mrds","name":"Farmington","status":"Past Producer","commodities":"gold","gold":true,"url":"https://mrdata.usgs.gov/mrds/show-mrds.php?dep_id=10263180"}},{"type":"Feature","geometry":{"type":"Point","coordinates":[-120.4277,38.00711]},"properties":{"src":"mrds","name":"Saratoga","status":"Unknown","commodities":"gold","gold":true,"url":"https://mrdata.usgs.gov/mrds/show-mrds.php?dep_id=10263235"}},{"type":"Feature","geometry":{"type":"Point","coordinates":[-120.381,37.99271]},"properties":{"src":"mrds","name":"Franklin","status":"Occurrence","commodities":"gold","gold":true,"url":"https://mrdata.usgs.gov/mrds/show-mrds.php?dep_id=10263262"}},{"type":"Feature","geometry":{"type":"Point","coordinates":[-120.3893,37.98571]},"properties":{"src":"mrds","name":"Mansfield","status":"Past Producer","commodities":"gold, silver","gold":true,"url":"https://mrdata.usgs.gov/mrds/show-mrds.php?dep_id=10263330"}},{"type":"Feature","geometry":{"type":"Point","coordinates":[-120.4777,37.99711]},"properties":{"src":"mrds","name":"Chileno","status":"Occurrence","commodities":"gold","gold":true,"url":"https://mrdata.usgs.gov/mrds/show-mrds.php?dep_id=10263359"}},{"type":"Feature","geometry":{"type":"Point","coordinates":[-120.3841,38.03961]},"properties":{"src":"mrds","name":"Yours Truly","status":"Unknown","commodities":"gold","gold":true,"url":"https://mrdata.usgs.gov/mrds/show-mrds.php?dep_id=10263366"}},{"type":"Feature","geometry":{"type":"Point","coordinates":[-120.4179,38.06571]},"properties":{"src":"mrds","name":"Blue Mountian Quarry","status":"Producer","commodities":"LST","gold":false,"url":"https://mrdata.usgs.gov/mrds/show-mrds.php?dep_id=10263424"}},{"type":"Feature","geometry":{"type":"Point","coordinates":[-120.4229,38.01181]},"properties":{"src":"mrds","name":"Jefferson","status":"Unknown","commodities":"gold","gold":true,"url":"https://mrdata.usgs.gov/mrds/show-mrds.php?dep_id=10263478"}},{"type":"Feature","geometry":{"type":"Point","coordinates":[-120.4149,38.01431]},"properties":{"src":"mrds","name":"Raging Canal","status":"Unknown","commodities":"gold","gold":true,"url":"https://mrdata.usgs.gov/mrds/show-mrds.php?dep_id=10263559"}},{"type":"Feature","geometry":{"type":"Point","coordinates":[-120.351,38.05551]},"properties":{"src":"mrds","name":"Jolly Travelers Sady","status":"Occurrence","commodities":"gold, silver","gold":true,"url":"https://mrdata.usgs.gov/mrds/show-mrds.php?dep_id=10281570"}},{"type":"Feature","geometry":{"type":"Point","coordinates":[-120.4618,37.99021]},"properties":{"src":"mrds","name":"East Lode","status":"Unknown","commodities":"gold","gold":true,"url":"https://mrdata.usgs.gov/mrds/show-mrds.php?dep_id=10287240"}},{"type":"Feature","geometry":{"type":"Point","coordinates":[-120.4532,37.98551]},"properties":{"src":"mrds","name":"Anti-Chinese","status":"Unknown","commodities":"gold","gold":true,"url":"https://mrdata.usgs.gov/mrds/show-mrds.php?dep_id=10287296"}},{"type":"Feature","geometry":{"type":"Point","coordinates":[-120.4718,37.99241]},"properties":{"src":"mrds","name":"Lead","status":"Unknown","commodities":"gold, lead","gold":true,"url":"https://mrdata.usgs.gov/mrds/show-mrds.php?dep_id=10287407"}},{"type":"Feature","geometry":{"type":"Point","coordinates":[-120.4066,37.96022]},"properties":{"src":"mrds","name":"Valponi","status":"Unknown","commodities":"gold","gold":true,"url":"https://mrdata.usgs.gov/mrds/show-mrds.php?dep_id=10287468"}},{"type":"Feature","geometry":{"type":"Point","coordinates":[-120.4357,38.00661]},"properties":{"src":"mrds","name":"Rising Sun","status":"Unknown","commodities":"gold","gold":true,"url":"https://mrdata.usgs.gov/mrds/show-mrds.php?dep_id=10287470"}},{"type":"Feature","geometry":{"type":"Point","coordinates":[-120.4321,37.94022]},"properties":{"src":"mrds","name":"Vulture","status":"Unknown","commodities":"gold","gold":true,"url":"https://mrdata.usgs.gov/mrds/show-mrds.php?dep_id=10287541"}},{"type":"Feature","geometry":{"type":"Point","coordinates":[-120.4335,37.97771]},"properties":{"src":"mrds","name":"Florence","status":"Unknown","commodities":"gold","gold":true,"url":"https://mrdata.usgs.gov/mrds/show-mrds.php?dep_id=10287616"}},{"type":"Feature","geometry":{"type":"Point","coordinates":[-120.4352,38.04161]},"properties":{"src":"mrds","name":"Morgan","status":"Past Producer","commodities":"GRF","gold":false,"url":"https://mrdata.usgs.gov/mrds/show-mrds.php?dep_id=10287656"}},{"type":"Feature","geometry":{"type":"Point","coordinates":[-120.4277,38.07301]},"properties":{"src":"mrds","name":"White Lead Gravel","status":"Occurrence","commodities":"SN, gold","gold":true,"url":"https://mrdata.usgs.gov/mrds/show-mrds.php?dep_id=10287704"}},{"type":"Feature","geometry":{"type":"Point","coordinates":[-120.3488,38.07161]},"properties":{"src":"mrds","name":"Five Mile # 2","status":"Past Producer","commodities":"gold","gold":true,"url":"https://mrdata.usgs.gov/mrds/show-mrds.php?dep_id=10287714"}},{"type":"Feature","geometry":{"type":"Point","coordinates":[-120.4402,37.95521]},"properties":{"src":"mrds","name":"Little Alabama","status":"Unknown","commodities":"gold","gold":true,"url":"https://mrdata.usgs.gov/mrds/show-mrds.php?dep_id=10287751"}},{"type":"Feature","geometry":{"type":"Point","coordinates":[-120.4071,38.04801]},"properties":{"src":"mrds","name":"Gold Springs Placer","status":"Unknown","commodities":"gold","gold":true,"url":"https://mrdata.usgs.gov/mrds/show-mrds.php?dep_id=10287794"}},{"type":"Feature","geometry":{"type":"Point","coordinates":[-120.3907,38.05461]},"properties":{"src":"mrds","name":"Reservoir","status":"Occurrence","commodities":"gold","gold":true,"url":"https://mrdata.usgs.gov/mrds/show-mrds.php?dep_id=10287840"}},{"type":"Feature","geometry":{"type":"Point","coordinates":[-120.4246,38.03571]},"properties":{"src":"mrds","name":"Springfield Drift Mine","status":"Past Producer","commodities":"gold","gold":true,"url":"https://mrdata.usgs.gov/mrds/show-mrds.php?dep_id=10287881"}},{"type":"Feature","geometry":{"type":"Point","coordinates":[-120.4182,38.06301]},"properties":{"src":"mrds","name":"Bell","status":"Unknown","commodities":"gold","gold":true,"url":"https://mrdata.usgs.gov/mrds/show-mrds.php?dep_id=10287886"}},{"type":"Feature","geometry":{"type":"Point","coordinates":[-120.4224,38.00631]},"properties":{"src":"mrds","name":"Slip Up","status":"Unknown","commodities":"gold","gold":true,"url":"https://mrdata.usgs.gov/mrds/show-mrds.php?dep_id=10304502"}},{"type":"Feature","geometry":{"type":"Point","coordinates":[-120.2646,37.82548]},"properties":{"src":"mrds","name":"Golden Star","status":"Past Producer","commodities":"gold","gold":true,"url":"https://mrdata.usgs.gov/mrds/show-mrds.php?dep_id=10077924"}},{"type":"Feature","geometry":{"type":"Point","coordinates":[-120.26683,37.88659]},"properties":{"src":"mrds","name":"Russell Telegraph","status":"Producer","commodities":"gold","gold":true,"url":"https://mrdata.usgs.gov/mrds/show-mrds.php?dep_id=10077952"}},{"type":"Feature","geometry":{"type":"Point","coordinates":[-120.2296,37.84242]},"properties":{"src":"mrds","name":"La Guria","status":"Past Producer","commodities":"gold","gold":true,"url":"https://mrdata.usgs.gov/mrds/show-mrds.php?dep_id=10077956"}},{"type":"Feature","geometry":{"type":"Point","coordinates":[-120.20405,37.93075]},"properties":{"src":"mrds","name":"Spring Gulch","status":"Past Producer","commodities":"gold","gold":true,"url":"https://mrdata.usgs.gov/mrds/show-mrds.php?dep_id=10077970"}},{"type":"Feature","geometry":{"type":"Point","coordinates":[-120.19182,37.9152]},"properties":{"src":"mrds","name":"Buchanan","status":"Past Producer","commodities":"gold","gold":true,"url":"https://mrdata.usgs.gov/mrds/show-mrds.php?dep_id=10077971"}},{"type":"Feature","geometry":{"type":"Point","coordinates":[-120.26155,37.82631]},"properties":{"src":"mrds","name":"Abbie L.","status":"Past Producer","commodities":"gold","gold":true,"url":"https://mrdata.usgs.gov/mrds/show-mrds.php?dep_id=10103051"}},{"type":"Feature","geometry":{"type":"Point","coordinates":[-120.25016,37.81853]},"properties":{"src":"mrds","name":"Banner","status":"Past Producer","commodities":"gold","gold":true,"url":"https://mrdata.usgs.gov/mrds/show-mrds.php?dep_id=10103052"}},{"type":"Feature","geometry":{"type":"Point","coordinates":[-120.296,37.89853]},"properties":{"src":"mrds","name":"Fitzgerald","status":"Producer","commodities":"gold","gold":true,"url":"https://mrdata.usgs.gov/mrds/show-mrds.php?dep_id=10109433"}},{"type":"Feature","geometry":{"type":"Point","coordinates":[-120.31183,37.82409]},"properties":{"src":"mrds","name":"Union","status":"Producer","commodities":"gold","gold":true,"url":"https://mrdata.usgs.gov/mrds/show-mrds.php?dep_id=10109466"}},{"type":"Feature","geometry":{"type":"Point","coordinates":[-120.2982,37.81742]},"properties":{"src":"mrds","name":"D:Albergaria","status":"Unknown","commodities":"gold","gold":true,"url":"https://mrdata.usgs.gov/mrds/show-mrds.php?dep_id=10117110"}},{"type":"Feature","geometry":{"type":"Point","coordinates":[-120.18629,37.88522]},"properties":{"src":"mrds","name":"Duleek Mine","status":"Past Producer","commodities":"gold, copper, silver","gold":true,"url":"https://mrdata.usgs.gov/mrds/show-mrds.php?dep_id=10117461"}},{"type":"Feature","geometry":{"type":"Point","coordinates":[-120.2882,37.88712]},"properties":{"src":"mrds","name":"Free Lance","status":"Unknown","commodities":"gold","gold":true,"url":"https://mrdata.usgs.gov/mrds/show-mrds.php?dep_id=10117810"}},{"type":"Feature","geometry":{"type":"Point","coordinates":[-120.19349,37.91382]},"properties":{"src":"mrds","name":"Elk","status":"Occurrence","commodities":"gold","gold":true,"url":"https://mrdata.usgs.gov/mrds/show-mrds.php?dep_id=10117828"}},{"type":"Feature","geometry":{"type":"Point","coordinates":[-120.29019,37.79852]},"properties":{"src":"mrds","name":"Little Comstock","status":"Unknown","commodities":"gold","gold":true,"url":"https://mrdata.usgs.gov/mrds/show-mrds.php?dep_id=10117840"}},{"type":"Feature","geometry":{"type":"Point","coordinates":[-120.21709,37.84132]},"properties":{"src":"mrds","name":"Reported Occurance","status":"Occurrence","commodities":"GYP","gold":false,"url":"https://mrdata.usgs.gov/mrds/show-mrds.php?dep_id=10117881"}},{"type":"Feature","geometry":{"type":"Point","coordinates":[-120.26039,37.79772]},"properties":{"src":"mrds","name":"Contact","status":"Occurrence","commodities":"gold","gold":true,"url":"https://mrdata.usgs.gov/mrds/show-mrds.php?dep_id=10141237"}},{"type":"Feature","geometry":{"type":"Point","coordinates":[-120.27039,37.83182]},"properties":{"src":"mrds","name":"Silken","status":"Unknown","commodities":"gold","gold":true,"url":"https://mrdata.usgs.gov/mrds/show-mrds.php?dep_id=10141265"}},{"type":"Feature","geometry":{"type":"Point","coordinates":[-120.24769,37.75962]},"properties":{"src":"mrds","name":"Fleming","status":"Occurrence","commodities":"gold","gold":true,"url":"https://mrdata.usgs.gov/mrds/show-mrds.php?dep_id=10141269"}},{"type":"Feature","geometry":{"type":"Point","coordinates":[-120.2693,37.91822]},"properties":{"src":"mrds","name":"Poison Oak","status":"Unknown","commodities":"gold","gold":true,"url":"https://mrdata.usgs.gov/mrds/show-mrds.php?dep_id=10141358"}},{"type":"Feature","geometry":{"type":"Point","coordinates":[-120.2621,37.90052]},"properties":{"src":"mrds","name":"Sunnyside Mine","status":"Prospect","commodities":"gold","gold":true,"url":"https://mrdata.usgs.gov/mrds/show-mrds.php?dep_id=10141668"}},{"type":"Feature","geometry":{"type":"Point","coordinates":[-120.25099,37.81712]},"properties":{"src":"mrds","name":"Four Oaks","status":"Occurrence","commodities":"gold","gold":true,"url":"https://mrdata.usgs.gov/mrds/show-mrds.php?dep_id=10141763"}},{"type":"Feature","geometry":{"type":"Point","coordinates":[-120.2904,37.94412]},"properties":{"src":"mrds","name":"Sonora Granite Company","status":"Occurrence","commodities":"STN","gold":false,"url":"https://mrdata.usgs.gov/mrds/show-mrds.php?dep_id=10141772"}},{"type":"Feature","geometry":{"type":"Point","coordinates":[-120.21489,37.94242]},"properties":{"src":"mrds","name":"New Year","status":"Occurrence","commodities":"gold","gold":true,"url":"https://mrdata.usgs.gov/mrds/show-mrds.php?dep_id=10141954"}},{"type":"Feature","geometry":{"type":"Point","coordinates":[-120.2699,37.90052]},"properties":{"src":"mrds","name":"Pine Nut Prospect","status":"Prospect","commodities":"gold","gold":true,"url":"https://mrdata.usgs.gov/mrds/show-mrds.php?dep_id=10141971"}},{"type":"Feature","geometry":{"type":"Point","coordinates":[-120.2891,37.88772]},"properties":{"src":"mrds","name":"Free Lance Extension 4","status":"Unknown","commodities":"gold","gold":true,"url":"https://mrdata.usgs.gov/mrds/show-mrds.php?dep_id=10165631"}},{"type":"Feature","geometry":{"type":"Point","coordinates":[-120.24129,37.83992]},"properties":{"src":"mrds","name":"Nonsma","status":"Occurrence","commodities":"gold","gold":true,"url":"https://mrdata.usgs.gov/mrds/show-mrds.php?dep_id=10165691"}},{"type":"Feature","geometry":{"type":"Point","coordinates":[-120.29379,37.79572]},"properties":{"src":"mrds","name":"Unidentified Pit","status":"Unknown","commodities":"sand and gravel","gold":false,"url":"https://mrdata.usgs.gov/mrds/show-mrds.php?dep_id=10165843"}},{"type":"Feature","geometry":{"type":"Point","coordinates":[-120.26269,37.83052]},"properties":{"src":"mrds","name":"Champion","status":"Occurrence","commodities":"gold","gold":true,"url":"https://mrdata.usgs.gov/mrds/show-mrds.php?dep_id=10166011"}},{"type":"Feature","geometry":{"type":"Point","coordinates":[-120.26209,37.82242]},"properties":{"src":"mrds","name":"Moody","status":"Occurrence","commodities":"gold","gold":true,"url":"https://mrdata.usgs.gov/mrds/show-mrds.php?dep_id=10166211"}},{"type":"Feature","geometry":{"type":"Point","coordinates":[-120.21599,37.92322]},"properties":{"src":"mrds","name":"Anderson","status":"Occurrence","commodities":"gold","gold":true,"url":"https://mrdata.usgs.gov/mrds/show-mrds.php?dep_id=10190034"}},{"type":"Feature","geometry":{"type":"Point","coordinates":[-120.2849,37.87882]},"properties":{"src":"mrds","name":"Oversight","status":"Unknown","commodities":"gold","gold":true,"url":"https://mrdata.usgs.gov/mrds/show-mrds.php?dep_id=10190051"}},{"type":"Feature","geometry":{"type":"Point","coordinates":[-120.26769,37.81802]},"properties":{"src":"mrds","name":"Abbie L","status":"Occurrence","commodities":"gold","gold":true,"url":"https://mrdata.usgs.gov/mrds/show-mrds.php?dep_id=10190125"}},{"type":"Feature","geometry":{"type":"Point","coordinates":[-120.22769,37.93602]},"properties":{"src":"mrds","name":"Goldwin Cons","status":"Occurrence","commodities":"gold","gold":true,"url":"https://mrdata.usgs.gov/mrds/show-mrds.php?dep_id=10190276"}},{"type":"Feature","geometry":{"type":"Point","coordinates":[-120.21239,37.89852]},"properties":{"src":"mrds","name":"River Bend Mine","status":"Prospect","commodities":"gold, silver","gold":true,"url":"https://mrdata.usgs.gov/mrds/show-mrds.php?dep_id=10190501"}},{"type":"Feature","geometry":{"type":"Point","coordinates":[-120.21989,37.90022]},"properties":{"src":"mrds","name":"Alpine Mine","status":"Prospect","commodities":"gold","gold":true,"url":"https://mrdata.usgs.gov/mrds/show-mrds.php?dep_id=10190557"}},{"type":"Feature","geometry":{"type":"Point","coordinates":[-120.2582,37.88602]},"properties":{"src":"mrds","name":"Goodnov Quarzt Vein","status":"Occurrence","commodities":"gold","gold":true,"url":"https://mrdata.usgs.gov/mrds/show-mrds.php?dep_id=10190663"}},{"type":"Feature","geometry":{"type":"Point","coordinates":[-120.26159,37.77992]},"properties":{"src":"mrds","name":"Golden Key Cons","status":"Occurrence","commodities":"gold","gold":true,"url":"https://mrdata.usgs.gov/mrds/show-mrds.php?dep_id=10214849"}},{"type":"Feature","geometry":{"type":"Point","coordinates":[-120.25679,37.81992]},"properties":{"src":"mrds","name":"Mack","status":"Occurrence","commodities":"gold","gold":true,"url":"https://mrdata.usgs.gov/mrds/show-mrds.php?dep_id=10238277"}},{"type":"Feature","geometry":{"type":"Point","coordinates":[-120.21819,37.83632]},"properties":{"src":"mrds","name":"Mt Zion","status":"Occurrence","commodities":"gold","gold":true,"url":"https://mrdata.usgs.gov/mrds/show-mrds.php?dep_id=10238408"}},{"type":"Feature","geometry":{"type":"Point","coordinates":[-120.2324,37.94802]},"properties":{"src":"mrds","name":"Worchester","status":"Occurrence","commodities":"gold","gold":true,"url":"https://mrdata.usgs.gov/mrds/show-mrds.php?dep_id=10238438"}},{"type":"Feature","geometry":{"type":"Point","coordinates":[-120.24209,37.91462]},"properties":{"src":"mrds","name":"Rough and Ready Prospect","status":"Prospect","commodities":"gold, silver","gold":true,"url":"https://mrdata.usgs.gov/mrds/show-mrds.php?dep_id=10238535"}},{"type":"Feature","geometry":{"type":"Point","coordinates":[-120.26539,37.81022]},"properties":{"src":"mrds","name":"Unidentified","status":"Unknown","commodities":"sand and gravel","gold":false,"url":"https://mrdata.usgs.gov/mrds/show-mrds.php?dep_id=10238560"}},{"type":"Feature","geometry":{"type":"Point","coordinates":[-120.26959,37.82852]},"properties":{"src":"mrds","name":"Paupers Dream","status":"Unknown","commodities":"gold","gold":true,"url":"https://mrdata.usgs.gov/mrds/show-mrds.php?dep_id=10239056"}},{"type":"Feature","geometry":{"type":"Point","coordinates":[-120.21459,37.89682]},"properties":{"src":"mrds","name":"Ellen Winton Mine","status":"Past Producer","commodities":"gold, silver","gold":true,"url":"https://mrdata.usgs.gov/mrds/show-mrds.php?dep_id=10262786"}},{"type":"Feature","geometry":{"type":"Point","coordinates":[-120.22489,37.86882]},"properties":{"src":"mrds","name":"Pine Mountain Quarry","status":"Producer","commodities":"crushed stone","gold":false,"url":"https://mrdata.usgs.gov/mrds/show-mrds.php?dep_id=10263094"}},{"type":"Feature","geometry":{"type":"Point","coordinates":[-120.22769,37.83602]},"properties":{"src":"mrds","name":"Del Monte","status":"Occurrence","commodities":"gold","gold":true,"url":"https://mrdata.usgs.gov/mrds/show-mrds.php?dep_id=10263254"}},{"type":"Feature","geometry":{"type":"Point","coordinates":[-120.25769,37.77242]},"properties":{"src":"mrds","name":"Moccasin","status":"Occurrence","commodities":"gold","gold":true,"url":"https://mrdata.usgs.gov/mrds/show-mrds.php?dep_id=10263311"}},{"type":"Feature","geometry":{"type":"Point","coordinates":[-120.22769,37.90992]},"properties":{"src":"mrds","name":"Cave Diggins Mine","status":"Prospect","commodities":"gold","gold":true,"url":"https://mrdata.usgs.gov/mrds/show-mrds.php?dep_id=10263529"}},{"type":"Feature","geometry":{"type":"Point","coordinates":[-120.24409,37.82162]},"properties":{"src":"mrds","name":"Benner","status":"Occurrence","commodities":"gold","gold":true,"url":"https://mrdata.usgs.gov/mrds/show-mrds.php?dep_id=10287245"}},{"type":"Feature","geometry":{"type":"Point","coordinates":[-120.25069,37.81712]},"properties":{"src":"mrds","name":"Brecknell","status":"Occurrence","commodities":"gold","gold":true,"url":"https://mrdata.usgs.gov/mrds/show-mrds.php?dep_id=10287349"}},{"type":"Feature","geometry":{"type":"Point","coordinates":[-120.25629,37.82072]},"properties":{"src":"mrds","name":"Morhman","status":"Occurrence","commodities":"gold","gold":true,"url":"https://mrdata.usgs.gov/mrds/show-mrds.php?dep_id=10287553"}},{"type":"Feature","geometry":{"type":"Point","coordinates":[-120.24039,37.89492]},"properties":{"src":"mrds","name":"Mary Ellen Mine","status":"Prospect","commodities":"gold","gold":true,"url":"https://mrdata.usgs.gov/mrds/show-mrds.php?dep_id=10287587"}},{"type":"Feature","geometry":{"type":"Point","coordinates":[-120.20789,37.94522]},"properties":{"src":"mrds","name":"Starr King","status":"Occurrence","commodities":"gold","gold":true,"url":"https://mrdata.usgs.gov/mrds/show-mrds.php?dep_id=10287593"}},{"type":"Feature","geometry":{"type":"Point","coordinates":[-120.25679,37.83432]},"properties":{"src":"mrds","name":"Golden Eagle","status":"Occurrence","commodities":"gold","gold":true,"url":"https://mrdata.usgs.gov/mrds/show-mrds.php?dep_id=10287621"}},{"type":"Feature","geometry":{"type":"Point","coordinates":[-120.24989,37.81712]},"properties":{"src":"mrds","name":"Quinn Claims","status":"Occurrence","commodities":"gold","gold":true,"url":"https://mrdata.usgs.gov/mrds/show-mrds.php?dep_id=10287780"}},{"type":"Feature","geometry":{"type":"Point","coordinates":[-120.34322,37.76048]},"properties":{"src":"mrds","name":"Hughes","status":"Producer","commodities":"manganese","gold":false,"url":"https://mrdata.usgs.gov/mrds/show-mrds.php?dep_id=10077861"}},{"type":"Feature","geometry":{"type":"Point","coordinates":[-120.51211,37.88186]},"properties":{"src":"mrds","name":"Mccormick Mine","status":"Producer","commodities":"chromium","gold":false,"url":"https://mrdata.usgs.gov/mrds/show-mrds.php?dep_id=10077864"}},{"type":"Feature","geometry":{"type":"Point","coordinates":[-120.49989,37.91964]},"properties":{"src":"mrds","name":"Phoenix Mine","status":"Producer","commodities":"chromium","gold":false,"url":"https://mrdata.usgs.gov/mrds/show-mrds.php?dep_id=10077865"}},{"type":"Feature","geometry":{"type":"Point","coordinates":[-120.50433,37.90631]},"properties":{"src":"mrds","name":"West End Claim, Ziehlke Claims Group 1948","status":"Past Producer","commodities":"chromium","gold":false,"url":"https://mrdata.usgs.gov/mrds/show-mrds.php?dep_id=10077871"}},{"type":"Feature","geometry":{"type":"Point","coordinates":[-120.41961,37.88825]},"properties":{"src":"mrds","name":"Tarantula Hawk","status":"Past Producer","commodities":"gold","gold":true,"url":"https://mrdata.usgs.gov/mrds/show-mrds.php?dep_id=10077876"}},{"type":"Feature","geometry":{"type":"Point","coordinates":[-120.46544,37.87909]},"properties":{"src":"mrds","name":"Perconi Ranch Deposits","status":"Past Producer","commodities":"chromium","gold":false,"url":"https://mrdata.usgs.gov/mrds/show-mrds.php?dep_id=10077878"}},{"type":"Feature","geometry":{"type":"Point","coordinates":[-120.38544,37.85381]},"properties":{"src":"mrds","name":"Mammoth","status":"Past Producer","commodities":"gold","gold":true,"url":"https://mrdata.usgs.gov/mrds/show-mrds.php?dep_id=10077882"}},{"type":"Feature","geometry":{"type":"Point","coordinates":[-120.37878,37.80131]},"properties":{"src":"mrds","name":"Ace of Spades","status":"Producer","commodities":"chromium, iron","gold":false,"url":"https://mrdata.usgs.gov/mrds/show-mrds.php?dep_id=10077884"}},{"type":"Feature","geometry":{"type":"Point","coordinates":[-120.45489,37.72131]},"properties":{"src":"mrds","name":"Oak Hill","status":"Past Producer","commodities":"copper, silver, gold","gold":true,"url":"https://mrdata.usgs.gov/mrds/show-mrds.php?dep_id=10077887"}},{"type":"Feature","geometry":{"type":"Point","coordinates":[-120.39211,37.93464]},"properties":{"src":"mrds","name":"Mullin and Co","status":"Producer","commodities":"gold","gold":true,"url":"https://mrdata.usgs.gov/mrds/show-mrds.php?dep_id=10077888"}},{"type":"Feature","geometry":{"type":"Point","coordinates":[-120.41989,37.91492]},"properties":{"src":"mrds","name":"Erin Go Bragh and Cloudman","status":"Past Producer","commodities":"gold","gold":true,"url":"https://mrdata.usgs.gov/mrds/show-mrds.php?dep_id=10077902"}},{"type":"Feature","geometry":{"type":"Point","coordinates":[-120.43239,37.91242]},"properties":{"src":"mrds","name":"Mann","status":"Past Producer","commodities":"copper, gold","gold":true,"url":"https://mrdata.usgs.gov/mrds/show-mrds.php?dep_id=10077903"}},{"type":"Feature","geometry":{"type":"Point","coordinates":[-120.33544,37.85714]},"properties":{"src":"mrds","name":"Mc Cormick","status":"Past Producer","commodities":"gold","gold":true,"url":"https://mrdata.usgs.gov/mrds/show-mrds.php?dep_id=10077926"}},{"type":"Feature","geometry":{"type":"Point","coordinates":[-120.35489,37.85436]},"properties":{"src":"mrds","name":"Kelly and Mother Lode","status":"Past Producer","commodities":"gold","gold":true,"url":"https://mrdata.usgs.gov/mrds/show-mrds.php?dep_id=10077929"}},{"type":"Feature","geometry":{"type":"Point","coordinates":[-120.49044,37.87798]},"properties":{"src":"mrds","name":"Fagan Lease Occurrence","status":"Past Producer","commodities":"chromium","gold":false,"url":"https://mrdata.usgs.gov/mrds/show-mrds.php?dep_id=10098548"}},{"type":"Feature","geometry":{"type":"Point","coordinates":[-120.43211,37.9402]},"properties":{"src":"mrds","name":"Vulture","status":"Past Producer","commodities":"gold","gold":true,"url":"https://mrdata.usgs.gov/mrds/show-mrds.php?dep_id=10103058"}},{"type":"Feature","geometry":{"type":"Point","coordinates":[-120.38044,37.84186]},"properties":{"src":"mrds","name":"J. G. Huston","status":"Producer","commodities":"gold","gold":true,"url":"https://mrdata.usgs.gov/mrds/show-mrds.php?dep_id=10109445"}},{"type":"Feature","geometry":{"type":"Point","coordinates":[-120.33822,37.83325]},"properties":{"src":"mrds","name":"Pet Cossey","status":"Producer","commodities":"gold","gold":true,"url":"https://mrdata.usgs.gov/mrds/show-mrds.php?dep_id=10109455"}},{"type":"Feature","geometry":{"type":"Point","coordinates":[-120.50322,37.8727]},"properties":{"src":"mrds","name":"Booker Lease","status":"Producer","commodities":"chromium","gold":false,"url":"https://mrdata.usgs.gov/mrds/show-mrds.php?dep_id=10111218"}},{"type":"Feature","geometry":{"type":"Point","coordinates":[-120.52628,37.93074]},"properties":{"src":"mrds","name":"Stanislaus River Chrome Mine","status":"Producer","commodities":"chromium","gold":false,"url":"https://mrdata.usgs.gov/mrds/show-mrds.php?dep_id=10111219"}},{"type":"Feature","geometry":{"type":"Point","coordinates":[-120.50517,37.90825]},"properties":{"src":"mrds","name":"Sullivan and Kahl Lease","status":"Producer","commodities":"chromium","gold":false,"url":"https://mrdata.usgs.gov/mrds/show-mrds.php?dep_id=10111222"}},{"type":"Feature","geometry":{"type":"Point","coordinates":[-120.4882,37.90822]},"properties":{"src":"mrds","name":"Blackbird No 1 & No 2","status":"Prospect","commodities":"chromium","gold":false,"url":"https://mrdata.usgs.gov/mrds/show-mrds.php?dep_id=10117438"}},{"type":"Feature","geometry":{"type":"Point","coordinates":[-120.3785,37.81522]},"properties":{"src":"mrds","name":"Buckhorn","status":"Prospect","commodities":"chromium","gold":false,"url":"https://mrdata.usgs.gov/mrds/show-mrds.php?dep_id=10117671"}},{"type":"Feature","geometry":{"type":"Point","coordinates":[-120.3366,37.84522]},"properties":{"src":"mrds","name":"Golden Poppy Mining Company","status":"Unknown","commodities":"gold","gold":true,"url":"https://mrdata.usgs.gov/mrds/show-mrds.php?dep_id=10141397"}},{"type":"Feature","geometry":{"type":"Point","coordinates":[-120.4238,37.87712]},"properties":{"src":"mrds","name":"Mountain View","status":"Unknown","commodities":"gold","gold":true,"url":"https://mrdata.usgs.gov/mrds/show-mrds.php?dep_id=10141441"}},{"type":"Feature","geometry":{"type":"Point","coordinates":[-120.5596,37.76302]},"properties":{"src":"mrds","name":"Clay Pit","status":"Occurrence","commodities":"CLY","gold":false,"url":"https://mrdata.usgs.gov/mrds/show-mrds.php?dep_id=10141526"}},{"type":"Feature","geometry":{"type":"Point","coordinates":[-120.3957,37.87352]},"properties":{"src":"mrds","name":"Unidentified Workings","status":"Occurrence","commodities":"gold","gold":true,"url":"https://mrdata.usgs.gov/mrds/show-mrds.php?dep_id=10141650"}},{"type":"Feature","geometry":{"type":"Point","coordinates":[-120.5032,37.84182]},"properties":{"src":"mrds","name":"Jasper Prospect","status":"Prospect","commodities":"manganese","gold":false,"url":"https://mrdata.usgs.gov/mrds/show-mrds.php?dep_id=10141730"}},{"type":"Feature","geometry":{"type":"Point","coordinates":[-120.4338,37.85212]},"properties":{"src":"mrds","name":"Gem","status":"Unknown","commodities":"gold","gold":true,"url":"https://mrdata.usgs.gov/mrds/show-mrds.php?dep_id=10141736"}},{"type":"Feature","geometry":{"type":"Point","coordinates":[-120.4316,37.93412]},"properties":{"src":"mrds","name":"Sweeney Claim","status":"Unknown","commodities":"gold, silver","gold":true,"url":"https://mrdata.usgs.gov/mrds/show-mrds.php?dep_id=10165533"}},{"type":"Feature","geometry":{"type":"Point","coordinates":[-120.3643,37.80602]},"properties":{"src":"mrds","name":"Bluepoint Claim","status":"Prospect","commodities":"chromium","gold":false,"url":"https://mrdata.usgs.gov/mrds/show-mrds.php?dep_id=10165540"}},{"type":"Feature","geometry":{"type":"Point","coordinates":[-120.3446,37.82882]},"properties":{"src":"mrds","name":"Roosevelt Butter Cup Cons","status":"Unknown","commodities":"gold","gold":true,"url":"https://mrdata.usgs.gov/mrds/show-mrds.php?dep_id=10165603"}},{"type":"Feature","geometry":{"type":"Point","coordinates":[-120.4552,37.86772]},"properties":{"src":"mrds","name":"Burns and Tursich","status":"Prospect","commodities":"chromium","gold":false,"url":"https://mrdata.usgs.gov/mrds/show-mrds.php?dep_id=10165835"}},{"type":"Feature","geometry":{"type":"Point","coordinates":[-120.4729,37.87462]},"properties":{"src":"mrds","name":"Peter Maki Deposit","status":"Prospect","commodities":"magnesium","gold":false,"url":"https://mrdata.usgs.gov/mrds/show-mrds.php?dep_id=10165981"}},{"type":"Feature","geometry":{"type":"Point","coordinates":[-120.5054,37.90682]},"properties":{"src":"mrds","name":"Spotted Fawn","status":"Prospect","commodities":"chromium","gold":false,"url":"https://mrdata.usgs.gov/mrds/show-mrds.php?dep_id=10165998"}},{"type":"Feature","geometry":{"type":"Point","coordinates":[-120.4002,37.74382]},"properties":{"src":"mrds","name":"Donahue Ranch","status":"Past Producer","commodities":"copper","gold":false,"url":"https://mrdata.usgs.gov/mrds/show-mrds.php?dep_id=10166029"}},{"type":"Feature","geometry":{"type":"Point","coordinates":[-120.3966,37.86182]},"properties":{"src":"mrds","name":"Woods Creek","status":"Unknown","commodities":"gold","gold":true,"url":"https://mrdata.usgs.gov/mrds/show-mrds.php?dep_id=10166030"}},{"type":"Feature","geometry":{"type":"Point","coordinates":[-120.4468,37.91772]},"properties":{"src":"mrds","name":"Mann","status":"Occurrence","commodities":"gold, copper","gold":true,"url":"https://mrdata.usgs.gov/mrds/show-mrds.php?dep_id=10166070"}},{"type":"Feature","geometry":{"type":"Point","coordinates":[-120.4588,37.91072]},"properties":{"src":"mrds","name":"Oak Shade","status":"Unknown","commodities":"gold","gold":true,"url":"https://mrdata.usgs.gov/mrds/show-mrds.php?dep_id=10166096"}},{"type":"Feature","geometry":{"type":"Point","coordinates":[-120.4449,37.92022]},"properties":{"src":"mrds","name":"Mackey Ranch","status":"Past Producer","commodities":"copper, gold, silver, tungsten","gold":true,"url":"https://mrdata.usgs.gov/mrds/show-mrds.php?dep_id=10166104"}},{"type":"Feature","geometry":{"type":"Point","coordinates":[-120.3754,37.85382]},"properties":{"src":"mrds","name":"Blackfoot","status":"Unknown","commodities":"gold","gold":true,"url":"https://mrdata.usgs.gov/mrds/show-mrds.php?dep_id=10190686"}},{"type":"Feature","geometry":{"type":"Point","coordinates":[-120.3957,37.86712]},"properties":{"src":"mrds","name":"Rosenfeld Cons","status":"Unknown","commodities":"gold","gold":true,"url":"https://mrdata.usgs.gov/mrds/show-mrds.php?dep_id=10214283"}},{"type":"Feature","geometry":{"type":"Point","coordinates":[-120.5568,37.76412]},"properties":{"src":"mrds","name":"Clay Pit","status":"Occurrence","commodities":"CLY","gold":false,"url":"https://mrdata.usgs.gov/mrds/show-mrds.php?dep_id=10214377"}},{"type":"Feature","geometry":{"type":"Point","coordinates":[-120.3802,37.85182]},"properties":{"src":"mrds","name":"Republican","status":"Unknown","commodities":"gold","gold":true,"url":"https://mrdata.usgs.gov/mrds/show-mrds.php?dep_id=10214549"}},{"type":"Feature","geometry":{"type":"Point","coordinates":[-120.5827,37.88991]},"properties":{"src":"mrds","name":"Valencia Mine","status":"Unknown","commodities":"gold, chromium","gold":true,"url":"https://mrdata.usgs.gov/mrds/show-mrds.php?dep_id=10214769"}},{"type":"Feature","geometry":{"type":"Point","coordinates":[-120.5263,37.93071]},"properties":{"src":"mrds","name":"Stanislaus River Chromo","status":"Prospect","commodities":"chromium","gold":false,"url":"https://mrdata.usgs.gov/mrds/show-mrds.php?dep_id=10214823"}},{"type":"Feature","geometry":{"type":"Point","coordinates":[-120.3399,37.84382]},"properties":{"src":"mrds","name":"Riverside","status":"Occurrence","commodities":"gold","gold":true,"url":"https://mrdata.usgs.gov/mrds/show-mrds.php?dep_id=10214850"}},{"type":"Feature","geometry":{"type":"Point","coordinates":[-120.4054,37.88022]},"properties":{"src":"mrds","name":"Stein","status":"Past Producer","commodities":"gold, silver","gold":true,"url":"https://mrdata.usgs.gov/mrds/show-mrds.php?dep_id=10214862"}},{"type":"Feature","geometry":{"type":"Point","coordinates":[-120.5029,37.90852]},"properties":{"src":"mrds","name":"North End Claim","status":"Past Producer","commodities":"chromium, iron","gold":false,"url":"https://mrdata.usgs.gov/mrds/show-mrds.php?dep_id=10238310"}},{"type":"Feature","geometry":{"type":"Point","coordinates":[-120.4399,37.92882]},"properties":{"src":"mrds","name":"Mackey Mine","status":"Past Producer","commodities":"chromium, iron","gold":false,"url":"https://mrdata.usgs.gov/mrds/show-mrds.php?dep_id=10238618"}},{"type":"Feature","geometry":{"type":"Point","coordinates":[-120.4652,37.91552]},"properties":{"src":"mrds","name":"Hoseg, Dick and Kent","status":"Unknown","commodities":"gold","gold":true,"url":"https://mrdata.usgs.gov/mrds/show-mrds.php?dep_id=10238657"}},{"type":"Feature","geometry":{"type":"Point","coordinates":[-120.3899,37.94162]},"properties":{"src":"mrds","name":"Badger","status":"Unknown","commodities":"gold","gold":true,"url":"https://mrdata.usgs.gov/mrds/show-mrds.php?dep_id=10238671"}},{"type":"Feature","geometry":{"type":"Point","coordinates":[-120.3879,37.87992]},"properties":{"src":"mrds","name":"Menke-Hess","status":"Past Producer","commodities":"gold, silver","gold":true,"url":"https://mrdata.usgs.gov/mrds/show-mrds.php?dep_id=10238750"}},{"type":"Feature","geometry":{"type":"Point","coordinates":[-120.4399,37.92772]},"properties":{"src":"mrds","name":"Woods Creek Quarry","status":"Producer","commodities":"crushed stone","gold":false,"url":"https://mrdata.usgs.gov/mrds/show-mrds.php?dep_id=10238787"}},{"type":"Feature","geometry":{"type":"Point","coordinates":[-120.3691,37.84602]},"properties":{"src":"mrds","name":"Imperial","status":"Past Producer","commodities":"gold","gold":true,"url":"https://mrdata.usgs.gov/mrds/show-mrds.php?dep_id=10238959"}},{"type":"Feature","geometry":{"type":"Point","coordinates":[-120.3529,37.72322]},"properties":{"src":"mrds","name":"Solambo","status":"Prospect","commodities":"copper","gold":false,"url":"https://mrdata.usgs.gov/mrds/show-mrds.php?dep_id=10239005"}},{"type":"Feature","geometry":{"type":"Point","coordinates":[-120.4482,37.83962]},"properties":{"src":"mrds","name":"Unidentified Placer Area","status":"Occurrence","commodities":"gold","gold":true,"url":"https://mrdata.usgs.gov/mrds/show-mrds.php?dep_id=10239006"}},{"type":"Feature","geometry":{"type":"Point","coordinates":[-120.4129,37.87072]},"properties":{"src":"mrds","name":"Tuttle","status":"Unknown","commodities":"gold","gold":true,"url":"https://mrdata.usgs.gov/mrds/show-mrds.php?dep_id=10256432"}},{"type":"Feature","geometry":{"type":"Point","coordinates":[-120.3635,37.84522]},"properties":{"src":"mrds","name":"Madelon","status":"Occurrence","commodities":"gold","gold":true,"url":"https://mrdata.usgs.gov/mrds/show-mrds.php?dep_id=10262769"}},{"type":"Feature","geometry":{"type":"Point","coordinates":[-120.4954,37.90182]},"properties":{"src":"mrds","name":"Shafer Mine","status":"Past Producer","commodities":"chromium","gold":false,"url":"https://mrdata.usgs.gov/mrds/show-mrds.php?dep_id=10262770"}},{"type":"Feature","geometry":{"type":"Point","coordinates":[-120.341,37.76712]},"properties":{"src":"mrds","name":"Reported Occurence","status":"Occurrence","commodities":"chromium","gold":false,"url":"https://mrdata.usgs.gov/mrds/show-mrds.php?dep_id=10262960"}},{"type":"Feature","geometry":{"type":"Point","coordinates":[-120.3432,37.83662]},"properties":{"src":"mrds","name":"Kss","status":"Unknown","commodities":"gold","gold":true,"url":"https://mrdata.usgs.gov/mrds/show-mrds.php?dep_id=10263099"}},{"type":"Feature","geometry":{"type":"Point","coordinates":[-120.3785,37.87242]},"properties":{"src":"mrds","name":"Lucky Strike","status":"Unknown","commodities":"gold","gold":true,"url":"https://mrdata.usgs.gov/mrds/show-mrds.php?dep_id=10263130"}},{"type":"Feature","geometry":{"type":"Point","coordinates":[-120.4663,37.73552]},"properties":{"src":"mrds","name":"Peck","status":"Unknown","commodities":"gold, copper","gold":true,"url":"https://mrdata.usgs.gov/mrds/show-mrds.php?dep_id=10263258"}},{"type":"Feature","geometry":{"type":"Point","coordinates":[-120.4204,37.90742]},"properties":{"src":"mrds","name":"Gandolfo & Roccaa","status":"Unknown","commodities":"gold","gold":true,"url":"https://mrdata.usgs.gov/mrds/show-mrds.php?dep_id=10263259"}},{"type":"Feature","geometry":{"type":"Point","coordinates":[-120.401,37.81022]},"properties":{"src":"mrds","name":"Gold Dredge","status":"Unknown","commodities":"gold","gold":true,"url":"https://mrdata.usgs.gov/mrds/show-mrds.php?dep_id=10263500"}},{"type":"Feature","geometry":{"type":"Point","coordinates":[-120.4999,37.91962]},"properties":{"src":"mrds","name":"Phoenix Mine","status":"Prospect","commodities":"chromium","gold":false,"url":"https://mrdata.usgs.gov/mrds/show-mrds.php?dep_id=10287109"}},{"type":"Feature","geometry":{"type":"Point","coordinates":[-120.4616,37.89522]},"properties":{"src":"mrds","name":"Dick and Kent","status":"Past Producer","commodities":"gold","gold":true,"url":"https://mrdata.usgs.gov/mrds/show-mrds.php?dep_id=10287149"}},{"type":"Feature","geometry":{"type":"Point","coordinates":[-120.5121,37.88182]},"properties":{"src":"mrds","name":"Mccormick Mine","status":"Prospect","commodities":"chromium","gold":false,"url":"https://mrdata.usgs.gov/mrds/show-mrds.php?dep_id=10287418"}},{"type":"Feature","geometry":{"type":"Point","coordinates":[-120.3424,37.84912]},"properties":{"src":"mrds","name":"Buck Horn and Back Bone","status":"Unknown","commodities":"gold","gold":true,"url":"https://mrdata.usgs.gov/mrds/show-mrds.php?dep_id=10287448"}},{"type":"Feature","geometry":{"type":"Point","coordinates":[-120.43301,37.87078]},"properties":{"src":"mrds","name":"Chinese Camp District","status":"Past Producer","commodities":"gold","gold":true,"url":"https://mrdata.usgs.gov/mrds/show-mrds.php?dep_id=10310603"}},{"type":"Feature","geometry":{"type":"Point","coordinates":[-120.49961,37.8377]},"properties":{"src":"mrds","name":"Jasper Prospect","status":"Occurrence","commodities":"manganese","gold":false,"url":"https://mrdata.usgs.gov/mrds/show-mrds.php?dep_id=10033741"}},{"type":"Feature","geometry":{"type":"Point","coordinates":[-120.46267,37.72853]},"properties":{"src":"mrds","name":"Mitchell","status":"Occurrence","commodities":"gold, silver, copper, zinc","gold":true,"url":"https://mrdata.usgs.gov/mrds/show-mrds.php?dep_id=10033955"}},{"type":"Feature","geometry":{"type":"Point","coordinates":[-120.47211,37.72798]},"properties":{"src":"mrds","name":"Mitchell","status":"Producer","commodities":"gold","gold":true,"url":"https://mrdata.usgs.gov/mrds/show-mrds.php?dep_id=10034587"}},{"type":"Feature","geometry":{"type":"Point","coordinates":[-120.50517,37.90436]},"properties":{"src":"mrds","name":"Grassely Group","status":"Past Producer","commodities":"chromium","gold":false,"url":"https://mrdata.usgs.gov/mrds/show-mrds.php?dep_id=10043702"}},{"type":"Feature","geometry":{"type":"Point","coordinates":[-120.49239,37.90825]},"properties":{"src":"mrds","name":"Richards Mine","status":"Past Producer","commodities":"chromium","gold":false,"url":"https://mrdata.usgs.gov/mrds/show-mrds.php?dep_id=10043707"}},{"type":"Feature","geometry":{"type":"Point","coordinates":[-120.48906,37.90409]},"properties":{"src":"mrds","name":"Moyle and Seco Lease","status":"Producer","commodities":"chromium","gold":false,"url":"https://mrdata.usgs.gov/mrds/show-mrds.php?dep_id=10077872"}},{"type":"Feature","geometry":{"type":"Point","coordinates":[-120.49156,37.90298]},"properties":{"src":"mrds","name":"Rough and Ready","status":"Producer","commodities":"gold, chromium","gold":true,"url":"https://mrdata.usgs.gov/mrds/show-mrds.php?dep_id=10077873"}},{"type":"Feature","geometry":{"type":"Point","coordinates":[-120.49544,37.90186]},"properties":{"src":"mrds","name":"Shafer Mine","status":"Producer","commodities":"chromium","gold":false,"url":"https://mrdata.usgs.gov/mrds/show-mrds.php?dep_id=10077874"}},{"type":"Feature","geometry":{"type":"Point","coordinates":[-120.48989,37.8827]},"properties":{"src":"mrds","name":"Mapes-O:Hara Lease Occurrence, Beckwith Ranch Mines","status":"Producer","commodities":"chromium","gold":false,"url":"https://mrdata.usgs.gov/mrds/show-mrds.php?dep_id=10077962"}},{"type":"Feature","geometry":{"type":"Point","coordinates":[-120.50517,37.90436]},"properties":{"src":"mrds","name":"Horseshoe Claim, Grassely Group","status":"Past Producer","commodities":"chromium","gold":false,"url":"https://mrdata.usgs.gov/mrds/show-mrds.php?dep_id=10098575"}},{"type":"Feature","geometry":{"type":"Point","coordinates":[-120.46239,37.71909]},"properties":{"src":"mrds","name":"Olsen","status":"Producer","commodities":"gold, copper","gold":true,"url":"https://mrdata.usgs.gov/mrds/show-mrds.php?dep_id=10109411"}},{"type":"Feature","geometry":{"type":"Point","coordinates":[-120.49822,37.91242]},"properties":{"src":"mrds","name":"Last Chance Claim of Grassely Group","status":"Producer","commodities":"chromium","gold":false,"url":"https://mrdata.usgs.gov/mrds/show-mrds.php?dep_id=10111220"}},{"type":"Feature","geometry":{"type":"Point","coordinates":[-120.50378,37.9127]},"properties":{"src":"mrds","name":"Morning Glory Claim-Grassely Group","status":"Producer","commodities":"chromium","gold":false,"url":"https://mrdata.usgs.gov/mrds/show-mrds.php?dep_id=10111221"}},{"type":"Feature","geometry":{"type":"Point","coordinates":[-120.5674,37.89461]},"properties":{"src":"mrds","name":"Bryne","status":"Unknown","commodities":"gold","gold":true,"url":"https://mrdata.usgs.gov/mrds/show-mrds.php?dep_id=10141248"}},{"type":"Feature","geometry":{"type":"Point","coordinates":[-120.4579,37.87132]},"properties":{"src":"mrds","name":"Gass Ranch Deposits","status":"Unknown","commodities":"gold","gold":true,"url":"https://mrdata.usgs.gov/mrds/show-mrds.php?dep_id=10141347"}},{"type":"Feature","geometry":{"type":"Point","coordinates":[-120.4899,37.88272]},"properties":{"src":"mrds","name":"Mapes-O:Hara Lease","status":"Past Producer","commodities":"chromium","gold":false,"url":"https://mrdata.usgs.gov/mrds/show-mrds.php?dep_id=10190057"}},{"type":"Feature","geometry":{"type":"Point","coordinates":[-120.5002,37.88132]},"properties":{"src":"mrds","name":"Unidentified Prospect","status":"Occurrence","commodities":"gold","gold":true,"url":"https://mrdata.usgs.gov/mrds/show-mrds.php?dep_id=10190091"}},{"type":"Feature","geometry":{"type":"Point","coordinates":[-120.4654,37.87912]},"properties":{"src":"mrds","name":"Perconi Ranch Deposits","status":"Prospect","commodities":"chromium, iron","gold":false,"url":"https://mrdata.usgs.gov/mrds/show-mrds.php?dep_id=10190293"}},{"type":"Feature","geometry":{"type":"Point","coordinates":[-120.5771,37.89241]},"properties":{"src":"mrds","name":"Derrick","status":"Unknown","commodities":"gold","gold":true,"url":"https://mrdata.usgs.gov/mrds/show-mrds.php?dep_id=10190305"}},{"type":"Feature","geometry":{"type":"Point","coordinates":[-120.4577,37.88302]},"properties":{"src":"mrds","name":"Reported Mines","status":"Occurrence","commodities":"gold, chromium","gold":true,"url":"https://mrdata.usgs.gov/mrds/show-mrds.php?dep_id=10190780"}},{"type":"Feature","geometry":{"type":"Point","coordinates":[-120.5793,37.88742]},"properties":{"src":"mrds","name":"Gracian Bend","status":"Unknown","commodities":"gold","gold":true,"url":"https://mrdata.usgs.gov/mrds/show-mrds.php?dep_id=10214134"}},{"type":"Feature","geometry":{"type":"Point","coordinates":[-120.4832,37.87522]},"properties":{"src":"mrds","name":"Rose A","status":"Past Producer","commodities":"chromium","gold":false,"url":"https://mrdata.usgs.gov/mrds/show-mrds.php?dep_id=10262795"}},{"type":"Feature","geometry":{"type":"Point","coordinates":[-120.4924,37.90822]},"properties":{"src":"mrds","name":"Richards Mine","status":"Past Producer","commodities":"chromium, iron","gold":false,"url":"https://mrdata.usgs.gov/mrds/show-mrds.php?dep_id=10263108"}},{"type":"Feature","geometry":{"type":"Point","coordinates":[-120.5043,37.90632]},"properties":{"src":"mrds","name":"West End","status":"Prospect","commodities":"chromium","gold":false,"url":"https://mrdata.usgs.gov/mrds/show-mrds.php?dep_id=10263126"}},{"type":"Feature","geometry":{"type":"Point","coordinates":[-120.5052,37.90822]},"properties":{"src":"mrds","name":"Sullivan and Kahl Lease","status":"Prospect","commodities":"chromium","gold":false,"url":"https://mrdata.usgs.gov/mrds/show-mrds.php?dep_id=10287790"}},{"type":"Feature","geometry":{"type":"Point","coordinates":[-120.49767,37.87075]},"properties":{"src":"mrds","name":"Pagan Lease","status":"Producer","commodities":"chromium","gold":false,"url":"https://mrdata.usgs.gov/mrds/show-mrds.php?dep_id=10077862"}},{"type":"Feature","geometry":{"type":"Point","coordinates":[-120.39656,37.86714]},"properties":{"src":"mrds","name":"Eagle - Shawmut","status":"Past Producer","commodities":"gold","gold":true,"url":"https://mrdata.usgs.gov/mrds/show-mrds.php?dep_id=10077877"}},{"type":"Feature","geometry":{"type":"Point","coordinates":[-120.47933,37.87159]},"properties":{"src":"mrds","name":"White Rock","status":"Producer","commodities":"magnesium","gold":false,"url":"https://mrdata.usgs.gov/mrds/show-mrds.php?dep_id=10077880"}},{"type":"Feature","geometry":{"type":"Point","coordinates":[-120.3785,37.80242]},"properties":{"src":"mrds","name":"Williamson, Rosenthal, and Mertz Claims","status":"Occurrence","commodities":"chromium","gold":false,"url":"https://mrdata.usgs.gov/mrds/show-mrds.php?dep_id=10077885"}},{"type":"Feature","geometry":{"type":"Point","coordinates":[-120.42406,37.92575]},"properties":{"src":"mrds","name":"Dutch-App Group","status":"Past Producer","commodities":"gold","gold":true,"url":"https://mrdata.usgs.gov/mrds/show-mrds.php?dep_id=10077899"}},{"type":"Feature","geometry":{"type":"Point","coordinates":[-120.38267,38.04435]},"properties":{"src":"mrds","name":"Wind Wheel","status":"Producer","commodities":"gold","gold":true,"url":"https://mrdata.usgs.gov/mrds/show-mrds.php?dep_id=10077910"}},{"type":"Feature","geometry":{"type":"Point","coordinates":[-120.47767,37.99519]},"properties":{"src":"mrds","name":"Atlas and Soldiers Gulch","status":"Past Producer","commodities":"gold","gold":true,"url":"https://mrdata.usgs.gov/mrds/show-mrds.php?dep_id=10077920"}},{"type":"Feature","geometry":{"type":"Point","coordinates":[-120.22571,37.84492]},"properties":{"src":"mrds","name":"Philadelphia Group","status":"Past Producer","commodities":"gold","gold":true,"url":"https://mrdata.usgs.gov/mrds/show-mrds.php?dep_id=10077958"}},{"type":"Feature","geometry":{"type":"Point","coordinates":[-120.21988,37.95242]},"properties":{"src":"mrds","name":"Garfield","status":"Past Producer","commodities":"gold","gold":true,"url":"https://mrdata.usgs.gov/mrds/show-mrds.php?dep_id=10077967"}},{"type":"Feature","geometry":{"type":"Point","coordinates":[-120.16543,38.06103]},"properties":{"src":"mrds","name":"Ryan Group","status":"Past Producer","commodities":"gold, silver","gold":true,"url":"https://mrdata.usgs.gov/mrds/show-mrds.php?dep_id=10077974"}},{"type":"Feature","geometry":{"type":"Point","coordinates":[-120.479,38.01491]},"properties":{"src":"mrds","name":"Gopher","status":"Past Producer","commodities":"gold","gold":true,"url":"https://mrdata.usgs.gov/mrds/show-mrds.php?dep_id=10102808"}},{"type":"Feature","geometry":{"type":"Point","coordinates":[-120.28989,38.02047]},"properties":{"src":"mrds","name":"Belleview","status":"Past Producer","commodities":"gold, lead, copper","gold":true,"url":"https://mrdata.usgs.gov/mrds/show-mrds.php?dep_id=10103053"}},{"type":"Feature","geometry":{"type":"Point","coordinates":[-120.456,37.98797]},"properties":{"src":"mrds","name":"Anti - Chinese","status":"Producer","commodities":"gold","gold":true,"url":"https://mrdata.usgs.gov/mrds/show-mrds.php?dep_id=10109426"}},{"type":"Feature","geometry":{"type":"Point","coordinates":[-120.25238,37.83159]},"properties":{"src":"mrds","name":"Champion","status":"Producer","commodities":"gold","gold":true,"url":"https://mrdata.usgs.gov/mrds/show-mrds.php?dep_id=10109429"}},{"type":"Feature","geometry":{"type":"Point","coordinates":[-120.24849,37.75909]},"properties":{"src":"mrds","name":"Unidentified Workings","status":"Producer","commodities":"gold","gold":true,"url":"https://mrdata.usgs.gov/mrds/show-mrds.php?dep_id=10110791"}},{"type":"Feature","geometry":{"type":"Point","coordinates":[-120.3732,38.01931]},"properties":{"src":"mrds","name":"Lewis","status":"Occurrence","commodities":"gold","gold":true,"url":"https://mrdata.usgs.gov/mrds/show-mrds.php?dep_id=10117122"}},{"type":"Feature","geometry":{"type":"Point","coordinates":[-120.17209,38.03212]},"properties":{"src":"mrds","name":"Hunch","status":"Occurrence","commodities":"tungsten","gold":false,"url":"https://mrdata.usgs.gov/mrds/show-mrds.php?dep_id=10117189"}},{"type":"Feature","geometry":{"type":"Point","coordinates":[-120.3963,38.02101]},"properties":{"src":"mrds","name":"Douglasville","status":"Unknown","commodities":"gold","gold":true,"url":"https://mrdata.usgs.gov/mrds/show-mrds.php?dep_id=10117194"}},{"type":"Feature","geometry":{"type":"Point","coordinates":[-120.4104,38.03431]},"properties":{"src":"mrds","name":"Finn","status":"Unknown","commodities":"gold","gold":true,"url":"https://mrdata.usgs.gov/mrds/show-mrds.php?dep_id=10117275"}},{"type":"Feature","geometry":{"type":"Point","coordinates":[-120.2482,37.98802]},"properties":{"src":"mrds","name":"Washington","status":"Unknown","commodities":"gold","gold":true,"url":"https://mrdata.usgs.gov/mrds/show-mrds.php?dep_id=10117460"}},{"type":"Feature","geometry":{"type":"Point","coordinates":[-120.2766,37.97742]},"properties":{"src":"mrds","name":"Black Oak","status":"Occurrence","commodities":"gold, silver","gold":true,"url":"https://mrdata.usgs.gov/mrds/show-mrds.php?dep_id=10117478"}},{"type":"Feature","geometry":{"type":"Point","coordinates":[-120.4768,37.86382]},"properties":{"src":"mrds","name":"Monarch Prospect","status":"Occurrence","commodities":"magnesium","gold":false,"url":"https://mrdata.usgs.gov/mrds/show-mrds.php?dep_id=10117592"}},{"type":"Feature","geometry":{"type":"Point","coordinates":[-119.63428,38.16302]},"properties":{"src":"mrds","name":"Buckskin","status":"Past Producer","commodities":"tungsten","gold":false,"url":"https://mrdata.usgs.gov/mrds/show-mrds.php?dep_id=10117641"}},{"type":"Feature","geometry":{"type":"Point","coordinates":[-120.501,37.89992]},"properties":{"src":"mrds","name":"Grassely Claims","status":"Unknown","commodities":"chromium, iron","gold":false,"url":"https://mrdata.usgs.gov/mrds/show-mrds.php?dep_id=10117710"}},{"type":"Feature","geometry":{"type":"Point","coordinates":[-120.4146,38.0824]},"properties":{"src":"mrds","name":"Consolidated River","status":"Occurrence","commodities":"gold","gold":true,"url":"https://mrdata.usgs.gov/mrds/show-mrds.php?dep_id=10138474"}},{"type":"Feature","geometry":{"type":"Point","coordinates":[-120.4038,37.87712]},"properties":{"src":"mrds","name":"Albion Cons Group","status":"Prospect","commodities":"gold","gold":true,"url":"https://mrdata.usgs.gov/mrds/show-mrds.php?dep_id=10141274"}},{"type":"Feature","geometry":{"type":"Point","coordinates":[-120.3599,37.95052]},"properties":{"src":"mrds","name":"Independent","status":"Unknown","commodities":"gold","gold":true,"url":"https://mrdata.usgs.gov/mrds/show-mrds.php?dep_id=10141402"}},{"type":"Feature","geometry":{"type":"Point","coordinates":[-120.3185,38.10381]},"properties":{"src":"mrds","name":"Kamoi","status":"Unknown","commodities":"gold","gold":true,"url":"https://mrdata.usgs.gov/mrds/show-mrds.php?dep_id=10141539"}},{"type":"Feature","geometry":{"type":"Point","coordinates":[-120.3754,38.01911]},"properties":{"src":"mrds","name":"Hilton and Mcpherson","status":"Unknown","commodities":"gold","gold":true,"url":"https://mrdata.usgs.gov/mrds/show-mrds.php?dep_id=10141550"}},{"type":"Feature","geometry":{"type":"Point","coordinates":[-120.3854,37.99051]},"properties":{"src":"mrds","name":"Bonanza","status":"Occurrence","commodities":"gold","gold":true,"url":"https://mrdata.usgs.gov/mrds/show-mrds.php?dep_id=10141573"}},{"type":"Feature","geometry":{"type":"Point","coordinates":[-120.4677,37.99521]},"properties":{"src":"mrds","name":"Grass Extension","status":"Unknown","commodities":"gold","gold":true,"url":"https://mrdata.usgs.gov/mrds/show-mrds.php?dep_id=10141742"}},{"type":"Feature","geometry":{"type":"Point","coordinates":[-120.4027,37.88302]},"properties":{"src":"mrds","name":"Climax","status":"Unknown","commodities":"gold","gold":true,"url":"https://mrdata.usgs.gov/mrds/show-mrds.php?dep_id=10141919"}},{"type":"Feature","geometry":{"type":"Point","coordinates":[-120.21769,37.83632]},"properties":{"src":"mrds","name":"Muller","status":"Occurrence","commodities":"gold","gold":true,"url":"https://mrdata.usgs.gov/mrds/show-mrds.php?dep_id=10141945"}},{"type":"Feature","geometry":{"type":"Point","coordinates":[-120.17959,38.01022]},"properties":{"src":"mrds","name":"Riverside","status":"Prospect","commodities":"gold, silver","gold":true,"url":"https://mrdata.usgs.gov/mrds/show-mrds.php?dep_id=10141990"}},{"type":"Feature","geometry":{"type":"Point","coordinates":[-120.3574,38.14931]},"properties":{"src":"mrds","name":"Amazon","status":"Occurrence","commodities":"gold","gold":true,"url":"https://mrdata.usgs.gov/mrds/show-mrds.php?dep_id=10165576"}},{"type":"Feature","geometry":{"type":"Point","coordinates":[-120.24679,37.76322]},"properties":{"src":"mrds","name":"Raggio","status":"Unknown","commodities":"gold","gold":true,"url":"https://mrdata.usgs.gov/mrds/show-mrds.php?dep_id=10165729"}},{"type":"Feature","geometry":{"type":"Point","coordinates":[-120.2268,37.96302]},"properties":{"src":"mrds","name":"United Mines","status":"Occurrence","commodities":"gold","gold":true,"url":"https://mrdata.usgs.gov/mrds/show-mrds.php?dep_id=10165858"}},{"type":"Feature","geometry":{"type":"Point","coordinates":[-120.4352,37.86912]},"properties":{"src":"mrds","name":"Chinese Camp","status":"Prospect","commodities":"copper","gold":false,"url":"https://mrdata.usgs.gov/mrds/show-mrds.php?dep_id=10165937"}},{"type":"Feature","geometry":{"type":"Point","coordinates":[-120.3957,38.02271]},"properties":{"src":"mrds","name":"Nelson","status":"Unknown","commodities":"gold","gold":true,"url":"https://mrdata.usgs.gov/mrds/show-mrds.php?dep_id=10165946"}},{"type":"Feature","geometry":{"type":"Point","coordinates":[-120.4616,37.89522]},"properties":{"src":"mrds","name":"Lone Star","status":"Past Producer","commodities":"gold, silver","gold":true,"url":"https://mrdata.usgs.gov/mrds/show-mrds.php?dep_id=10166216"}},{"type":"Feature","geometry":{"type":"Point","coordinates":[-120.2154,37.98932]},"properties":{"src":"mrds","name":"Fair Maiden","status":"Occurrence","commodities":"gold","gold":true,"url":"https://mrdata.usgs.gov/mrds/show-mrds.php?dep_id=10190030"}},{"type":"Feature","geometry":{"type":"Point","coordinates":[-120.3041,37.98272]},"properties":{"src":"mrds","name":"Denton","status":"Unknown","commodities":"gold","gold":true,"url":"https://mrdata.usgs.gov/mrds/show-mrds.php?dep_id=10190298"}},{"type":"Feature","geometry":{"type":"Point","coordinates":[-120.2602,37.97632]},"properties":{"src":"mrds","name":"Unidentified","status":"Occurrence","commodities":"gold","gold":true,"url":"https://mrdata.usgs.gov/mrds/show-mrds.php?dep_id=10190392"}},{"type":"Feature","geometry":{"type":"Point","coordinates":[-120.386,37.91552]},"properties":{"src":"mrds","name":"Mexican Quartz Mine","status":"Occurrence","commodities":"gold","gold":true,"url":"https://mrdata.usgs.gov/mrds/show-mrds.php?dep_id=10190470"}},{"type":"Feature","geometry":{"type":"Point","coordinates":[-120.271,38.12101]},"properties":{"src":"mrds","name":"Stockton","status":"Occurrence","commodities":"gold","gold":true,"url":"https://mrdata.usgs.gov/mrds/show-mrds.php?dep_id=10190494"}},{"type":"Feature","geometry":{"type":"Point","coordinates":[-120.3293,38.05851]},"properties":{"src":"mrds","name":"Volunteer","status":"Unknown","commodities":"gold","gold":true,"url":"https://mrdata.usgs.gov/mrds/show-mrds.php?dep_id=10190676"}},{"type":"Feature","geometry":{"type":"Point","coordinates":[-120.4357,38.01381]},"properties":{"src":"mrds","name":"Our Flag","status":"Unknown","commodities":"gold","gold":true,"url":"https://mrdata.usgs.gov/mrds/show-mrds.php?dep_id=10190747"}},{"type":"Feature","geometry":{"type":"Point","coordinates":[-120.3893,38.04241]},"properties":{"src":"mrds","name":"Page","status":"Past Producer","commodities":"gold","gold":true,"url":"https://mrdata.usgs.gov/mrds/show-mrds.php?dep_id=10214190"}},{"type":"Feature","geometry":{"type":"Point","coordinates":[-120.3752,37.95212]},"properties":{"src":"mrds","name":"Dickey Boy","status":"Unknown","commodities":"gold","gold":true,"url":"https://mrdata.usgs.gov/mrds/show-mrds.php?dep_id=10214264"}},{"type":"Feature","geometry":{"type":"Point","coordinates":[-120.3485,37.83822]},"properties":{"src":"mrds","name":"Verdun","status":"Past Producer","commodities":"gold","gold":true,"url":"https://mrdata.usgs.gov/mrds/show-mrds.php?dep_id=10214366"}},{"type":"Feature","geometry":{"type":"Point","coordinates":[-120.3949,37.97801]},"properties":{"src":"mrds","name":"B Brown We Finch Ad Hunter","status":"Occurrence","commodities":"talc","gold":false,"url":"https://mrdata.usgs.gov/mrds/show-mrds.php?dep_id=10214425"}},{"type":"Feature","geometry":{"type":"Point","coordinates":[-120.3918,37.99431]},"properties":{"src":"mrds","name":"Bald Mountain","status":"Unknown","commodities":"gold","gold":true,"url":"https://mrdata.usgs.gov/mrds/show-mrds.php?dep_id=10214500"}},{"type":"Feature","geometry":{"type":"Point","coordinates":[-120.4013,38.02021]},"properties":{"src":"mrds","name":"Placer Mines","status":"Unknown","commodities":"gold","gold":true,"url":"https://mrdata.usgs.gov/mrds/show-mrds.php?dep_id=10214752"}},{"type":"Feature","geometry":{"type":"Point","coordinates":[-120.12129,37.83492]},"properties":{"src":"mrds","name":"Gold Queen","status":"Unknown","commodities":"gold","gold":true,"url":"https://mrdata.usgs.gov/mrds/show-mrds.php?dep_id=10214766"}},{"type":"Feature","geometry":{"type":"Point","coordinates":[-120.2199,37.99802]},"properties":{"src":"mrds","name":"Cardova","status":"Occurrence","commodities":"gold","gold":true,"url":"https://mrdata.usgs.gov/mrds/show-mrds.php?dep_id=10238418"}},{"type":"Feature","geometry":{"type":"Point","coordinates":[-120.3038,37.89912]},"properties":{"src":"mrds","name":"Fitzgerald","status":"Occurrence","commodities":"gold","gold":true,"url":"https://mrdata.usgs.gov/mrds/show-mrds.php?dep_id=10238472"}},{"type":"Feature","geometry":{"type":"Point","coordinates":[-120.4441,37.95631]},"properties":{"src":"mrds","name":"Alabama","status":"Past Producer","commodities":"gold","gold":true,"url":"https://mrdata.usgs.gov/mrds/show-mrds.php?dep_id=10238513"}},{"type":"Feature","geometry":{"type":"Point","coordinates":[-120.4249,37.93492]},"properties":{"src":"mrds","name":"O:Donnell","status":"Unknown","commodities":"gold","gold":true,"url":"https://mrdata.usgs.gov/mrds/show-mrds.php?dep_id=10238551"}},{"type":"Feature","geometry":{"type":"Point","coordinates":[-120.4249,38.06571]},"properties":{"src":"mrds","name":"Columbia Quarry","status":"Producer","commodities":"magnesium","gold":false,"url":"https://mrdata.usgs.gov/mrds/show-mrds.php?dep_id=10238695"}},{"type":"Feature","geometry":{"type":"Point","coordinates":[-120.3816,38.13271]},"properties":{"src":"mrds","name":"Louise","status":"Occurrence","commodities":"gold","gold":true,"url":"https://mrdata.usgs.gov/mrds/show-mrds.php?dep_id=10260088"}},{"type":"Feature","geometry":{"type":"Point","coordinates":[-120.5038,37.91272]},"properties":{"src":"mrds","name":"Morning Glory Claim","status":"Prospect","commodities":"chromium","gold":false,"url":"https://mrdata.usgs.gov/mrds/show-mrds.php?dep_id=10263013"}},{"type":"Feature","geometry":{"type":"Point","coordinates":[-120.17929,37.89852]},"properties":{"src":"mrds","name":"Garfield-Virginia","status":"Prospect","commodities":"gold","gold":true,"url":"https://mrdata.usgs.gov/mrds/show-mrds.php?dep_id=10263127"}},{"type":"Feature","geometry":{"type":"Point","coordinates":[-120.2666,37.99322]},"properties":{"src":"mrds","name":"Wheel","status":"Occurrence","commodities":"gold","gold":true,"url":"https://mrdata.usgs.gov/mrds/show-mrds.php?dep_id=10263216"}},{"type":"Feature","geometry":{"type":"Point","coordinates":[-120.4557,37.98661]},"properties":{"src":"mrds","name":"Arborn","status":"Past Producer","commodities":"gold","gold":true,"url":"https://mrdata.usgs.gov/mrds/show-mrds.php?dep_id=10263280"}},{"type":"Feature","geometry":{"type":"Point","coordinates":[-120.3696,38.12771]},"properties":{"src":"mrds","name":"Snell","status":"Occurrence","commodities":"gold","gold":true,"url":"https://mrdata.usgs.gov/mrds/show-mrds.php?dep_id=10263518"}},{"type":"Feature","geometry":{"type":"Point","coordinates":[-120.22159,37.89742]},"properties":{"src":"mrds","name":"Back Track","status":"Past Producer","commodities":"gold","gold":true,"url":"https://mrdata.usgs.gov/mrds/show-mrds.php?dep_id=10287464"}},{"type":"Feature","geometry":{"type":"Point","coordinates":[-120.23659,37.91102]},"properties":{"src":"mrds","name":"Florida","status":"Prospect","commodities":"gold","gold":true,"url":"https://mrdata.usgs.gov/mrds/show-mrds.php?dep_id=10287577"}},{"type":"Feature","geometry":{"type":"Point","coordinates":[-120.4085,38.04051]},"properties":{"src":"mrds","name":"White Land","status":"Unknown","commodities":"gold","gold":true,"url":"https://mrdata.usgs.gov/mrds/show-mrds.php?dep_id=10287610"}},{"type":"Feature","geometry":{"type":"Point","coordinates":[-120.4046,38.02851]},"properties":{"src":"mrds","name":"Springfield","status":"Past Producer","commodities":"gold, silver","gold":true,"url":"https://mrdata.usgs.gov/mrds/show-mrds.php?dep_id=10287628"}},{"type":"Feature","geometry":{"type":"Point","coordinates":[-120.2849,38.06411]},"properties":{"src":"mrds","name":"Hazel Dell","status":"Occurrence","commodities":"gold, copper, lead, silver","gold":true,"url":"https://mrdata.usgs.gov/mrds/show-mrds.php?dep_id=10287781"}},{"type":"Feature","geometry":{"type":"Point","coordinates":[-120.4108,37.99136]},"properties":{"src":"mrds","name":"Pocket Belt Region","status":"Producer","commodities":"gold, silver","gold":true,"url":"https://mrdata.usgs.gov/mrds/show-mrds.php?dep_id=10310669"}},{"type":"Feature","geometry":{"type":"Point","coordinates":[-119.68099,38.31181]},"properties":{"src":"mrds","name":"McKittrick Pit","status":"Past Producer","commodities":"CLY_BN","gold":false,"url":"https://mrdata.usgs.gov/mrds/show-mrds.php?dep_id=10284868"}},{"type":"Feature","geometry":{"type":"Point","coordinates":[-120.2479,38.24411]},"properties":{"src":"mrds","name":"Cuds Chrome Claim","status":"Occurrence","commodities":"chromium","gold":false,"url":"https://mrdata.usgs.gov/mrds/show-mrds.php?dep_id=10287761"}}]}